timestamp,open,high,low,close,volume,rsi_14,macd,macd_signal,macd_histogram,atr_14,ema_20,ema_50,ema_150,bollinger_upper_20,bollinger_lower_20,return_5,volatility_20,session
2014-07-21,68.38999938964844,68.7699966430664,68.38999938964844,68.5199966430664,3,6.47299848946497,-2.8706264279829696,-2.3052479761804614,-0.5653784518025082,1.0618164337164195,72.61212720801592,75.75352433742235,77.89511252444778,,,-0.0011662074757169405,,Tokyo
2014-07-22,68.6500015258789,69.55999755859375,68.6500015258789,68.80000305175781,33,10.643415495175176,-2.8122047594514044,-2.40663933283465,-0.40556542661675454,1.059572654405775,72.24906776456277,75.4808372281806,77.77464749831944,,,0.008058652773008212,,Tokyo
2014-07-23,68.80000305175781,68.87999725341797,68.80000305175781,68.7699966430664,5,10.588924460543652,-2.7367785530678503,-2.47266717688129,-0.26411137618656033,0.9618901801848718,71.9177276577536,75.21766700915653,77.65538059957437,,,0.005556327779050685,,Tokyo
2014-07-24,68.87999725341797,68.87999725341797,66.0999984741211,66.4000015258789,56,7.376605247058194,-2.8355550268955056,-2.5452447468841335,-0.29031028001137216,1.1382020302406803,71.39222993090839,74.87187620589074,77.5063027310486,,,-0.029948802246307804,,Tokyo
2014-07-25,66.54000091552734,66.70999908447266,64.4000015258789,65.16000366210938,50,6.299769056073018,-2.9795471932219044,-2.632105236151688,-0.3474419570702163,1.2490066869194452,70.79868457197514,74.49101845907579,77.34277559106266,,,-0.05056088780676404,,Tokyo
2014-07-28,65.36000061035156,65.5199966430664,65.08999633789062,65.36000061035156,20,8.61687671359715,-3.0424524422706014,-2.714174677375471,-0.3282777648951303,1.1733125650043184,70.28071467086814,74.13293932775328,77.18406333966252,79.49081850833565,62.206181613734664,-0.04611786613440538,,Tokyo
2014-07-29,65.30000305175781,65.30000305175781,63.970001220703125,64.44000244140625,17,7.676470646586239,-3.130455526173094,-2.797430847134996,-0.3330246790380982,1.1929273915817322,69.72445636330033,73.75282415573966,77.01526783107634,78.25374124775345,61.966259210010215,-0.06337209908365204,0.020535721980015888,Tokyo
2014-07-30,64.76000213623047,64.76000213623047,63.06999969482422,63.34000015258789,29,6.73064031970145,-3.2514785747640076,-2.8882403926607982,-0.36323818210320935,1.2370803820896465,69.11641291466105,73.34447811640037,76.83413845785132,77.40765721974441,61.43834307017258,-0.07895880115657938,0.02022008617053986,Tokyo
2014-07-31,63.29999923706055,63.29999923706055,61.900001525878906,62.09000015258789,28,5.848747826573941,-3.4089584154006047,-2.99238399720876,-0.41657441819184493,1.2547965093060551,68.44723074684457,72.90312603938811,76.6388518577816,76.5488140896985,60.83718597133666,-0.06490965774467983,0.02030940933211249,Tokyo
2014-08-01,62.33000183105469,62.970001220703125,61.34000015258789,62.4900016784668,24,9.916377647947783,-3.461582574343197,-3.0862237126356478,-0.3753588617075492,1.2870423852925221,67.87987559747526,72.49476822131277,76.45144986865161,75.48329103822941,60.52970906858211,-0.04097608707157252,0.020644814228684225,Tokyo
2014-08-04,62.5099983215332,64.20999908447266,62.5099983215332,63.91999816894531,19,22.763247753021673,-3.349290299922785,-3.1388370300930752,-0.2104532698297099,1.323719148465436,67.50274441380574,72.15850272906307,76.28547037594026,74.41535221356479,60.50664752703581,-0.022031860892886668,0.021766586896898442,Tokyo
2014-08-05,64.31999969482422,64.37000274658203,63.34000015258789,63.459999084472656,13,21.691605407238782,-3.2598385554781544,-3.1630373351700913,-0.09680122030806304,1.2991638379252985,67.11772104910736,71.81738493907913,76.1155965840003,73.0780076541476,60.68999199490026,-0.015207996893306874,0.02163675673558435,Tokyo
2014-08-06,63.869998931884766,64.16999816894531,63.810001373291016,63.970001220703125,20,25.85908329239254,-3.11192219149342,-3.152814306434757,0.04089211494133682,1.2505008464123377,66.81793820830696,71.5096444011036,75.95472777124141,71.34546459627519,61.322535052772665,0.00994633827908964,0.021879619043607,Tokyo
2014-08-07,63.95000076293945,63.95000076293945,63.40999984741211,63.56999969482422,12,24.74669471592145,-2.992478755205198,-3.1207471961888453,0.1282684409836472,1.1940978627901921,66.50861073083242,71.19828578517108,75.79069163777892,71.07128960218799,61.06370986375438,0.023836359133502683,0.012441408436403829,Tokyo
2014-08-08,63.75,64.1500015258789,63.529998779296875,63.810001373291016,6,26.781858704393187,-2.8456499603415324,-3.065727749019383,0.22007778867785044,1.1476793474028533,66.25160031582847,70.90854914156795,75.63200699851419,70.75570826814628,60.88629154874825,0.021123374289795827,0.012559294822815313,Tokyo
2014-08-11,63.91999816894531,64.8499984741211,63.91999816894531,64.12999725341797,19,29.51877833153607,-2.672657358995579,-2.9871136710146224,0.31445631201904334,1.1390539961639456,66.04954288131319,70.64272357732678,75.47966249857915,70.40553057971691,60.789469115107316,0.003285342466963437,0.012706752714276483,Tokyo
2014-08-12,64.12999725341797,64.4000015258789,63.0099983215332,63.029998779296875,12,25.93049642935864,-2.594413377426548,-2.9085736122970074,0.3141602348704593,1.1589822285505873,65.76196725254972,70.34418534995305,75.31476629037674,70.10482492036658,60.56817465238732,-0.006775926747231709,0.013081542382587897,Tokyo
2014-08-13,63.279998779296875,64.66000366210938,63.279998779296875,64.0199966430664,59,33.73747543250542,-2.4245709596865623,-2.8117730817749185,0.38720212208835614,1.196090575058814,65.59606528974179,70.096177949683,75.16516669239913,69.69379101046368,60.54220828763201,0.0007815448086485599,0.013743187970592069,Tokyo
2014-08-14,64.37000274658203,64.4000015258789,63.54999923706055,63.88999938964844,7,33.242007644338656,-2.274243251363089,-2.7042671156925526,0.4300238643294638,1.1690239180327926,65.43358282306623,69.85279839830909,75.01582672812428,69.21425123707068,60.56574830516565,0.005033816208280806,0.01371199336203788,Tokyo
2014-08-15,63.88999938964844,64.33000183105469,63.630001068115234,63.599998474121094,9,32.109134406593014,-2.1536818064638226,-2.594150053846807,0.4404682473829844,1.1325898270040182,65.25895574221431,69.60759055814485,74.86462370489245,68.61824972673934,60.65874993756729,-0.003291065579851593,0.013638399621676067,Tokyo
2014-08-18,63.54999923706055,63.72999954223633,63.16999816894531,63.34000015258789,17,31.08626890667199,-2.055422058400495,-2.486404454757545,0.4309823963570496,1.0883870668503801,65.0761980670118,69.3618026991034,74.71197968433212,67.9486930331585,60.81030698210027,-0.012318682904480793,0.013628606188914854,Tokyo
2014-08-19,63.43000030517578,63.5,63.33000183105469,63.470001220703125,12,32.24844058548882,-1.9446438565251611,-2.378052335111068,0.4334084785859069,1.0178958611020787,64.92322693879193,69.13075166073476,74.56307930733043,67.02854101267845,61.197458819474875,0.00698084166155466,0.013573320409356382,Tokyo
2014-08-20,63.59000015258789,65.4800033569336,63.59000015258789,65.31999969482422,26,46.16261935489135,-1.688112408612895,-2.2400643498114334,0.5519519411985385,1.0936417882811595,64.96101482031881,68.98131040716964,74.44065441180054,65.96928816747653,61.91171196985256,0.020306203060362238,0.015421100531949655,Tokyo
2014-08-21,65.63999938964844,67.63999938964844,65.63999938964844,66.5,112,52.818499119453,-1.3737574047517995,-2.0668029607995066,0.6930455560477071,1.1868140894700567,65.1075848374313,68.88400411669241,74.33548018118067,66.00013802978029,61.89086195496093,0.04085147339623285,0.014032558651800784,Tokyo
2014-08-22,66.5999984741211,67.5,66.55000305175781,67.45999908447266,22,57.42958118408336,-1.035231393224592,-1.860488647284524,0.8252572540599319,1.1726851590971503,65.33162428953048,68.82816078209557,74.24441420638983,66.60130314721536,61.519696379762166,0.06069183495220054,0.013633067784405014,Tokyo
2014-08-25,67.45999908447266,67.93000030517578,66.93000030517578,67.66000366210938,28,58.34300604358892,-0.7422521712396843,-1.636841352075556,0.8945891808358717,1.1596794684676353,65.55337470596658,68.78235069895885,74.157203470704,67.13728152351915,61.21371830863418,0.06820340225946442,0.013632552505543034,Tokyo
2014-08-26,67.66000366210938,68.30999755859375,67.52999877929688,68.26000213623047,12,61.043479759885756,-0.4563882054100361,-1.4007507227424523,0.9443625173324162,1.1311947087106586,65.81114874694408,68.76186644159695,74.07909484375733,67.84731319947426,60.885686602161485,0.07546873835516643,0.013183030477875418,Tokyo
2014-08-27,68.26000213623047,68.4800033569336,67.68000030517578,68.30000305175781,10,61.2239559839088,-0.22402874939990625,-1.165406328073943,0.9413775786740368,1.106436727668995,66.04818249025968,68.74375415179934,74.00255058161164,68.47359605835264,60.755404033200094,0.04562160702474283,0.012327922944026678,Tokyo
2014-08-28,68.30000305175781,68.44000244140625,66.58000183105469,67.13999938964844,41,53.485567017778955,-0.13196361304287052,-0.9587177850677285,0.826754172024858,1.162582103009484,66.15216505210623,68.68086180818558,73.9116558638373,68.6912956709768,61.042704344282,0.009624050972157017,0.012057316830204333,Tokyo
2014-08-29,67.31999969482422,68.02999877929688,66.56999969482422,67.5999984741211,33,55.86771049846287,-0.02163386570499881,-0.7713010011951826,0.7496671354901838,1.1846735935862645,66.29005394944097,68.63847501077129,73.82805775271524,68.96090503903831,61.28409465578592,0.002075294864340771,0.012062113773599129,Tokyo
2014-09-02,66.55000305175781,66.55000305175781,66.05000305175781,66.33999633789062,21,48.53544476309325,-0.03545963161303689,-0.6241327272787535,0.5886730956657166,1.2117318133588892,66.29481036738856,68.54833859222695,73.72887813132684,69.07486343592686,61.41213607579189,-0.019509418456593597,0.012239584978572252,Tokyo
2014-09-03,66.26000213623047,66.36000061035156,66.05000305175781,66.69999694824219,19,50.53304746723421,-0.017169688617059364,-0.5027401195464146,0.48557043092935526,1.145118980377072,66.3333995655651,68.47585460618834,73.63578036731246,69.19308411609103,61.61791518200467,-0.022853869603972288,0.012071135529587234,Tokyo
2014-09-04,66.91999816894531,66.9800033569336,66.75,66.7699966430664,15,50.931868457166765,0.002939726008136745,-0.40160415043550435,0.4045438764436411,1.0813672283278817,66.37498023961285,68.40895821547768,73.544842834541,69.31662877891058,61.774370061421436,-0.02240126413364818,0.012003900464398799,Tokyo
2014-09-05,66.81999969482422,66.81999969482422,65.55000305175781,66.08000183105469,11,46.916522005796764,-0.036380856950373186,-0.32855949173847815,0.29217863478810496,1.0952362905621247,66.34688705784541,68.31762659255914,73.44597076826966,69.33073253904152,62.011266514913565,-0.015787869648941077,0.012189554236144364,Tokyo
2014-09-08,66.30000305175781,66.98999786376953,65.75,66.55999755859375,11,49.87690257445988,-0.028482727362614924,-0.26854413886330547,0.24006141150069055,1.105857678353007,66.36718329601192,68.24869996377618,73.35476582509516,69.37939621869586,62.23760245378949,-0.015384629275183803,0.012241572349420535,Tokyo
2014-09-09,66.55999755859375,68.55000305175781,66.55999755859375,67.77999877929688,57,56.51488866877195,0.07535189008973475,-0.19976493307269744,0.2751168231624322,1.1706032131691548,66.50173715156286,68.23031952516914,73.28092785097863,69.57376552545057,62.40823329962268,0.021706399169391988,0.012748496541116396,Tokyo
2014-09-10,67.77999877929688,70.4800033569336,67.77999877929688,70.13999938964844,41,65.91780425287249,0.3441072443030748,-0.090990497597543,0.43509774190061784,1.2823989056272285,66.84823831709483,68.3052089316193,73.23932614950405,70.09914293153646,62.59385595457193,0.05157425185604758,0.013653724356055,Tokyo
2014-09-11,70.13999938964844,71.1500015258789,69.9800033569336,70.79000091552734,89,67.97198617296505,0.6026010795055328,0.04772781782307216,0.5548732616824607,1.2741963634158686,67.2236442788503,68.40265175451766,73.20688475567655,70.76141512631911,62.60858418703539,0.06020674666123993,0.013475562938782864,Tokyo
2014-09-12,71.1500015258789,71.48999786376953,69.80000305175781,70.61000061035156,28,66.77180176603277,0.7838984920916516,0.19496195267678806,0.5889365394148636,1.304492741679115,67.54615440565995,68.48921445474645,73.17248893918219,71.23294288243953,62.809056552985275,0.06855324839243537,0.013490196277748574,Tokyo
2014-09-15,70.86000061035156,70.86000061035156,68.20999908447266,68.18000030517578,88,53.132402475088256,0.7231611301198484,0.3006017881654002,0.4225593419544482,1.402390288922073,67.60652068180431,68.47708840966526,73.10636326191059,71.16645421608179,63.333545402448486,0.024338984465195113,0.016094745659355765,Tokyo
2014-09-16,68.29000091552734,68.30000305175781,67.76000213623047,68.27999877929688,6,53.5528702896328,0.6753108116374165,0.37554359285980343,0.29976721877761303,1.3397272631765944,67.67066145299408,68.46935940455278,73.04243790452497,70.9735692253129,64.02043025588827,0.0073768074506475045,0.016004801243250894,Tokyo
2014-09-17,68.87000274658203,70.30000305175781,68.5999984741211,69.9000015258789,21,59.83885365663333,0.7593563845008902,0.4523061511880208,0.30705023331286935,1.389096722704109,67.88297955517359,68.52546301715381,73.00081623063562,70.89306428195077,64.74393522976798,-0.003421697545736624,0.016589414406363117,Tokyo
2014-09-18,69.19000244140625,69.19000244140625,66.9000015258789,66.9000015258789,44,47.12087988346612,0.5772341822201241,0.47729175739444146,0.09994242482568266,1.5058705434772484,67.78936260000266,68.46171942926068,72.9200107378574,70.77674735595542,65.01825233886879,-0.054951254970180274,0.01886910619503512,Tokyo
2014-09-19,65.51000213623047,65.80999755859375,65.37999725341797,65.98999786376953,17,44.06171670980571,0.3553747950544448,0.45290836492644215,-0.09753356987199735,1.506894006618641,67.61799452988522,68.36478917179043,72.82822248786948,70.81175867839183,64.93224080280935,-0.06542986413605456,0.018718766419431366,Tokyo
2014-09-22,65.0,65.0,63.25,64.86000061035156,29,40.54195792918424,0.08736125161718178,0.3797989422645901,-0.2924376906474083,1.596098732100272,67.3553284423106,68.22734648310656,72.72268312525335,70.97390530096183,64.51009433282724,-0.048694627162859994,0.01874492208215781,Tokyo
2014-09-23,64.8499984741211,64.8499984741211,62.93000030517578,62.93000030517578,105,35.3481816515573,-0.27757657743308073,0.24832383832505595,-0.5259004157581366,1.620231676966778,66.93386861972633,68.01960741730535,72.59297871704041,71.38919651425208,63.62180278384362,-0.07835381619460813,0.019727703932152875,Tokyo
2014-09-24,60.58000183105469,62.939998626708984,60.58000183105469,61.65999984741211,3,32.40621334507078,-0.6616438409557901,0.06633030246888674,-0.7279741434246768,1.6736534121686146,66.43159540331544,67.77021104201543,72.44817104989302,71.83365195320933,62.51734711600453,-0.11788271099559444,0.019838496993694443,Tokyo
2014-09-25,61.4900016784668,61.4900016784668,61.4900016784668,61.4900016784668,3,32.022024503791755,-0.9685722478942296,-0.14065020760373653,-0.827922040290493,1.565153036316002,65.96096742952034,67.52392832187627,72.30302973371519,72.1027543170261,61.56724461485867,-0.08086696149505113,0.01980223337232536,Tokyo
2014-09-26,63.68000030517578,63.68000030517578,63.599998474121094,62.47999954223633,3,36.72651819520817,-1.1190311730536138,-0.336326400693712,-0.7827047723599018,1.6102076341064815,65.62944667835043,67.32612719326293,72.17292337356317,72.21394378465695,60.99005516248662,-0.05318985354082417,0.02013769703394799,Tokyo
2014-09-29,62.060001373291016,62.060001373291016,62.060001373291016,62.060001373291016,3,35.60086894758108,-1.2576637327604203,-0.5205938671070537,-0.7370698656533666,1.5244454044077327,65.28949950644001,67.11961245522482,72.03897738680459,72.26673924257838,60.38325999448217,-0.043169892240390584,0.01999610012736257,Tokyo
2014-09-30,61.959999084472656,61.959999084472656,61.959999084472656,61.959999084472656,3,35.32326134931844,-1.3599240264220782,-0.6884598989700585,-0.6714641274520197,1.4218695389035185,64.9724042281574,66.91727467597964,71.9054809854492,72.36007745425835,59.85192205746039,-0.015413971333213983,0.019705633836265744,Tokyo
2014-10-01,62.7599983215332,62.7599983215332,62.7599983215332,62.7599983215332,3,39.39468046939508,-1.360727177457889,-0.8229133546676246,-0.5378138227902645,1.3771139850820606,64.761698903717,66.75424423070723,71.78434876473509,72.33027664129627,59.4877230077516,0.017839741758728822,0.01994878982648749,Tokyo
2014-10-02,62.45000076293945,62.45000076293945,62.45000076293945,62.45000076293945,3,38.38629341360989,-1.3705787143970412,-0.932446426613508,-0.4381322877835332,1.300355894407758,64.54153717602391,66.58545036922614,71.66071501636694,72.28080409824231,59.10519596279285,0.01561227936685583,0.019929101555521404,Tokyo
2014-10-03,63.06999969482422,63.06999969482422,63.06999969482422,63.06999969482422,3,41.60571165958004,-1.3132194201175764,-1.0086010253143216,-0.3046183948032548,1.2514421045542574,64.40139074924298,66.44758955846528,71.54693070747233,72.22985446775162,58.8551453796605,0.009443024278338097,0.02006689441514334,Tokyo
2014-10-06,64.9800033569336,64.9800033569336,64.9800033569336,64.9800033569336,3,50.23291798452417,-1.1009493741164675,-1.0270706950747508,-0.07387867904171674,1.298766888288537,64.45649671188018,66.39003715840522,71.45995153726652,72.13756089117251,58.78943953607359,0.04705127165690448,0.021236077583648042,Tokyo
2014-10-07,65.83000183105469,65.83000183105469,65.83000183105469,65.83000183105469,3,53.52370619395682,-0.8542883558197047,-0.9925142272237417,0.13822587140403697,1.2665319491190334,64.58730672323013,66.3680749887052,71.38538266698556,71.95399090054185,58.77800983188003,0.06245969663921236,0.021018400404680903,Tokyo
2014-10-08,66.62000274658203,66.62000274658203,66.62000274658203,65.51000213623047,1,52.12627464329065,-0.6768269826008861,-0.9293767782991706,0.2525497956982845,1.232316554652548,64.67518247684922,66.33442507292189,71.30756305730668,71.32983860973286,58.93916239734722,0.04381778024607952,0.01927015376302284,Tokyo
2014-10-09,64.55000305175781,64.55000305175781,64.55000305175781,64.55000305175781,15056,48.071403080069594,-0.606658289722418,-0.8648330805838202,0.25817479086140227,1.212771172685897,64.66326062684051,66.26444773875859,71.21805895127292,70.41809269852561,59.22690852217752,0.03362693776081738,0.019188405889525743,Tokyo
2014-10-10,63.939998626708984,65.5,63.599998474121094,64.0999984741211,18229,46.255009390978806,-0.580667134375858,-0.8079998913422278,0.2273327569663698,1.262079570497753,64.60961661229581,66.17956737543948,71.12378000455567,69.38809742233661,59.60590358474346,0.016331041450463157,0.019188964565658398,Tokyo
2014-10-13,64.25,65.41000366210938,64.13999938964844,65.0199966430664,8549,50.382734143792135,-0.4802962369733734,-0.742459160468457,0.2621629234950835,1.265517104029855,64.64870042475015,66.13409401338563,71.04293519182072,68.92371621805339,59.75428442281574,0.0006154706689245337,0.018249666483747772,Tokyo
2014-10-14,65.30000305175781,65.6500015258789,64.01000213623047,64.16000366210938,13406,46.76693518543303,-0.464788036783105,-0.6869249357313867,0.2221368989482817,1.2923693839028065,64.60215787592722,66.05667870549244,70.95177053579806,68.32560174953444,59.94039937961596,-0.025368344561666256,0.01838481557705787,Tokyo
2014-10-15,64.37999725341797,64.45999908447266,63.290000915527344,63.709999084472656,12354,44.949117109890935,-0.4832388087898636,-0.6461877103430821,0.1629489015532185,1.283597172456969,64.51719037197917,65.96465205368776,70.85585303313151,67.01888760988216,60.6281132751276,-0.027476766799894747,0.017298471241491212,Tokyo
2014-10-16,63.709999084472656,64.19000244140625,63.459999084472656,63.560001373291016,9211,44.3305778308741,-0.504153176253638,-0.6177808035251933,0.11362762727155529,1.243922843645879,64.42602951496124,65.87035202700554,70.75921923631243,66.50519963025526,60.807801239495724,-0.015336973379737717,0.014627869966975343,Tokyo
2014-10-17,63.72999954223633,64.13999938964844,62.959999084472656,63.0,12984,42.00649446942628,-0.5594662155689392,-0.6061178859339424,0.046651670365003284,1.239342807579003,64.29021718020303,65.75778920241709,70.65644812059969,66.14619666975393,60.86780441362009,-0.017160663031297818,0.0144730296761996,Tokyo
2014-10-20,63.150001525878906,63.400001525878906,62.22999954223633,62.290000915527344,11724,39.20046089806868,-0.6530650626192696,-0.6155073212710079,-0.03755774134826162,1.2343756513262725,64.09972039309106,65.621797504892,70.54563425033383,65.99044381191548,60.76655730197612,-0.04198701735599342,0.014208606786680846,Tokyo
2014-10-21,62.290000915527344,63.630001068115234,62.099998474121094,62.790000915527344,11975,42.132103456695745,-0.6790691158624753,-0.6282196801893014,-0.050849435673173904,1.2555482251508343,63.97498520475166,65.51074665825026,70.44291063000527,65.98924872800706,60.753752446919705,-0.021352909419971033,0.012708630946771353,Tokyo
2014-10-22,63.0,63.40999984741211,62.43000030517578,62.68000030517578,8770,41.6562202650169,-0.7004789599316368,-0.6426715361377685,-0.05780742379386827,1.2358174026562019,63.85165330955395,65.39973699734537,70.3400906257029,65.9375832443518,60.90741797635133,-0.016166987821349732,0.011794035496821351,Tokyo
2014-10-23,62.540000915527344,63.29999923706055,61.97999954223633,63.040000915527344,11940,43.88990092939616,-0.6805523906708046,-0.6502477070443757,-0.030304683626428908,1.241844257491046,63.77435308155142,65.30719832747016,70.2434006957668,65.85476828354867,61.14523286086051,-0.00818125309201434,0.01181108914297127,Tokyo
2014-10-24,63.040000915527344,64.66000366210938,62.72999954223633,63.810001373291016,14930,48.437026114375186,-0.5957602854662625,-0.6393502227287531,0.04358993726249061,1.2911035261081771,63.777748156955184,65.24848472142392,70.15819010871414,65.87464073432011,61.25836059319453,0.012857164655412978,0.011588624899480881,Tokyo
2014-10-27,63.79999923706055,64.26000213623047,63.310001373291016,63.66999816894531,8910,47.68042381285524,-0.5337067801915225,-0.618221534221307,0.08451475402978448,1.266690725553115,63.7674862533352,65.18658328799339,70.07225379163111,65.84351652083737,61.450484486242715,0.022154394495665697,0.011471579318386984,Tokyo
2014-10-28,63.529998779296875,64.5,63.209999084472656,64.47000122070312,9377,52.26852891480909,-0.41518932571705136,-0.577615092520456,0.1624257668034046,1.26835880474452,63.834392440703574,65.15848203045259,69.99805177082413,65.84658091504362,61.69842030565951,0.02675585731294894,0.011715057125016996,Tokyo
2014-10-29,64.4000015258789,65.98999786376953,64.16999816894531,65.3499984741211,21599,56.760380145703735,-0.24740305683087627,-0.51157268538254,0.2641696285516637,1.3078290831910098,63.97873587245763,65.1659924792239,69.93648815100026,66.03255660471034,61.77144463125159,0.042597290299069,0.011751621609844715,Tokyo
2014-10-30,65.33999633789062,66.05000305175781,64.33000183105469,64.5,20783,51.699475077740466,-0.1809333163874811,-0.4454448115835282,0.2645114951960471,1.3373166775856515,64.0283800750807,65.13987512709747,69.86448168542411,66.0358704416217,61.97313071804628,0.023159883617848154,0.012140417024671227,Tokyo
2014-10-31,64.44000244140625,64.81999969482422,63.2599983215332,64.44999694824219,20546,51.40908231067861,-0.13078281371436162,-0.38251241200969494,0.2517295982953333,1.3532461668529228,64.06853406300085,65.11282108086785,69.79276665579256,66.06456771447955,62.0824331705302,0.010029706334077293,0.011991552517260673,Tokyo
2014-11-03,64.44999694824219,64.87999725341797,63.66999816894531,64.25,15511,50.19466277820869,-0.10595487941468207,-0.32720090549069236,0.2212460260760103,1.3430002328259432,64.08581653319125,65.0789849600495,69.71935252790128,65.9843826744388,62.08961787487759,0.009109499728831238,0.009917452388486576,Tokyo
2014-11-04,64.04000091552734,64.33999633789062,62.7400016784668,62.79999923706055,19665,42.37834162455982,-0.20096490765466513,-0.3019537059234869,0.10098879826882179,1.361380297420978,63.96335774308356,64.98961297091267,69.62770546444645,65.713336812885,62.057663477032,-0.0259035512955178,0.01055383065357017,Tokyo
2014-11-05,63.09000015258789,63.119998931884766,62.02000045776367,62.709999084472656,17564,41.941774176344936,-0.2802922649419557,-0.2976214177271807,0.01732915278522501,1.342688145369845,63.84399025178729,64.90021634791503,69.53608021438058,65.47575600451951,62.015243980221705,-0.04039784929289458,0.010538669947850283,Tokyo
2014-11-06,62.810001373291016,63.349998474121094,62.52000045776367,63.189998626708984,12322,45.185083780605,-0.3009585527243459,-0.29828884472661377,-0.0026697079977321403,1.306027315677811,63.781705335113166,64.83314898629912,69.45202615361671,65.38132573603072,61.97367380620561,-0.02031009881071344,0.010318984567216404,Tokyo
2014-11-07,63.189998626708984,64.37999725341797,62.630001068115234,63.959999084472656,22369,50.009522319049246,-0.2522958236983541,-0.2890902405209619,0.036794416822607756,1.3377716248688263,63.79868569219502,64.79890781367848,69.3792840732307,65.36815636478545,61.97284323848604,-0.007602760077134452,0.010621069780624342,Tokyo
2014-11-10,63.97999954223633,65.7699966430664,62.279998779296875,62.43000030517578,37777,42.083663270868705,-0.33334577253987163,-0.29794134692474383,-0.0354044256151278,1.4916472179855482,63.6683347029551,64.70600948001172,69.28724057961409,65.1999135673765,61.88208640210592,-0.028326843499209664,0.011341814149448471,Tokyo
2014-11-11,62.29999923706055,64.5,62.29999923706055,63.29999923706055,22427,47.20731613620016,-0.32364600829053813,-0.3030822791979027,-0.02056372909263543,1.542288256309957,63.633255134774664,64.65087182342539,69.20793936977896,65.13377791289325,61.8622216140843,0.007961783536215794,0.011543631484294024,Tokyo
2014-11-12,63.189998626708984,63.650001525878906,61.900001525878906,61.939998626708984,23406,41.08805159946517,-0.42084828147604725,-0.3266354796535316,-0.09421280182251562,1.5571368863671964,63.471992610196985,64.54456307061298,69.11167525397671,65.18273270721171,61.63626677398946,-0.01227875090105568,0.012404259790553785,Tokyo
2014-11-13,61.939998626708984,62.529998779296875,59.5099983215332,59.72999954223633,20229,33.49084841913343,-0.6685041400667799,-0.3950092117361813,-0.27349492833059863,1.6617061164649236,63.11561231801025,64.35575665773547,68.9874146485232,65.6336639795087,60.80233531858701,-0.05475548598936342,0.014661889963737153,Tokyo
2014-11-14,59.7599983215332,60.369998931884766,59.599998474121094,59.79999923706055,16487,33.90769651170886,-0.8493342058704982,-0.48587421056304475,-0.3634599953074535,1.5979681559865804,62.79983964363409,64.17709950398351,68.86572702717932,65.9175731887234,60.19842603307836,-0.06504064895182304,0.014626515113967157,Tokyo
2014-11-17,59.560001373291016,59.65999984741211,58.65999984741211,58.810001373291016,9178,30.952943649366787,-1.0603053496257289,-0.6007604383755816,-0.4595449112501473,1.56523478518115,62.41985504645856,63.966625067485765,68.73253860792252,66.30811418435385,59.45988508322426,-0.05798492574385983,0.014842349955375136,Tokyo
2014-11-18,58.84000015258789,60.099998474121094,58.560001373291016,59.970001220703125,7155,37.79315339907581,-1.1209772795591917,-0.7048038066123036,-0.4161734729468881,1.5634310027153906,62.18653563448185,63.80989472055312,68.61647851007857,66.40723916206501,59.07876013603069,-0.05260660436797904,0.015496833449108233,Tokyo
2014-11-19,59.959999084472656,59.97999954223633,58.9900016784668,59.11000061035156,5192,35.02300421581579,-1.224341634839277,-0.8087113722576983,-0.41563026258157876,1.5224484812522452,61.893532298850396,63.62558514760404,68.49056489551265,66.57328111581714,58.55571821279614,-0.04568934580403927,0.01573142995895177,Tokyo
2014-11-20,58.900001525878906,59.97999954223633,57.84000015258789,58.540000915527344,3937,33.281770772133,-1.3368425539781512,-0.9143376086017889,-0.4225049453763623,1.566582271318945,61.574148357581535,63.42615047183633,68.35876934610887,66.72349088086028,57.955508447753004,-0.019922963934856708,0.0156623612889159,Tokyo
2014-11-21,58.61000061035156,59.790000915527344,58.5099983215332,59.7599983215332,233,40.14137851814461,-1.3124278963687956,-0.9939556661551904,-0.31847223021360527,1.546102379080392,61.40137216367217,63.282379799275425,68.24487833916086,66.60827334063981,57.665725682797685,-0.0006689116394261729,0.016219182066641347,Tokyo
2014-11-24,59.36000061035156,59.689998626708984,59.0099983215332,59.15999984741211,106,38.06839766730024,-1.3262062862472632,-1.060405790173605,-0.2658004960736582,1.489212347639094,61.18790813355216,63.12071784037883,68.12454882271386,66.51032813590238,57.312671055381806,0.005951342729946685,0.016287377083312016,Tokyo
2014-11-25,59.25,59.959999084472656,59.25,59.65999984741211,11,40.811517347492746,-1.2820018192147487,-1.104724995981834,-0.17727682323291472,1.4399622801209666,61.04239305868168,62.9850034092821,68.01243559125291,66.20914959334577,57.1328494606093,-0.005169274086724518,0.016099164700343418,Tokyo
2014-11-26,59.689998626708984,62.0,59.689998626708984,61.40999984741211,180,49.27931175640526,-1.0931578428307063,-1.1024115653516084,0.009253722520902175,1.5042756297214301,61.07740322903696,62.92323856371858,67.92498611120205,65.66878926451507,57.27920992676911,0.03891049252768508,0.017295844512856286,Tokyo
2014-11-28,61.43000030517578,61.7400016784668,61.43000030517578,60.959999084472656,7,47.40136268561201,-0.9686430180027017,-1.0756578558818273,0.10701483787912558,1.4203687277566983,61.066221881935604,62.84624878021874,67.8327346274043,65.2457015216163,57.34829757811515,0.04133922328490125,0.01716866472878617,Tokyo
2014-12-01,61.2599983215332,61.279998779296875,60.040000915527344,60.18000030517578,26,44.25338917127875,-0.9222721260385995,-1.0449807099131818,0.12270858387458228,1.4074807869913604,60.9818198270061,62.74169001649157,67.7313739079046,64.76725711428986,57.39974232113494,0.007028145840680899,0.017305455976052094,Tokyo
2014-12-02,61.029998779296875,61.029998779296875,60.08000183105469,60.75,22,47.02223793443656,-0.8299613703424171,-1.001976841999029,0.1720154716566118,1.3747932249380392,60.959741748243616,62.663584525648766,67.63890537932309,64.27801705528536,57.53898238013945,0.026876270397039992,0.017542994973130097,Tokyo
2014-12-03,61.0,61.0,60.75,61.0099983215332,22,48.284025045077065,-0.7274392726194776,-0.9470693281231187,0.21963005550364112,1.2944276908690917,60.96452808855691,62.59873800784031,67.55110528584244,64.06998009215184,57.56801925172023,0.022628201099126333,0.01695137071122665,Tokyo
2014-12-04,61.81999969482422,61.84000015258789,61.400001525878906,61.52000045776367,49,50.76135962475631,-0.5981418544464319,-0.8772838333877814,0.2791419789413495,1.261245535336245,61.01743021895756,62.556434574503974,67.47122310268908,63.906657807873835,57.61234167332734,0.0017912491552660725,0.01709159556114216,Tokyo
2014-12-05,62.189998626708984,62.20000076293945,60.900001525878906,60.540000915527344,15,46.18328056364277,-0.5682006287120913,-0.8154671924526433,0.247266563740552,1.2640143449198453,60.97196076148801,62.47735874474019,67.37941883530945,63.55909445509093,57.69490525499208,-0.006889733846014656,0.01728496343682029,Tokyo
2014-12-08,60.79999923706055,60.79999923706055,60.79999923706055,60.209999084472656,10525,44.72065435199903,-0.5645921149734505,-0.7652921769568048,0.20070006198335433,1.1922823629396928,60.89939298272464,62.38844267963165,67.28445963331161,62.91882403339721,57.9601756766858,0.0004984841998130207,0.01696599357566817,Tokyo
2014-12-09,59.310001373291016,60.400001525878906,59.15999984741211,59.880001068115234,14304,43.24572434353429,-0.5816554617540461,-0.7285648339162532,0.146909372162207,1.1956916159522952,60.80230803847613,62.2900724203565,67.18638733443484,62.61642592546853,58.00757386090842,-0.014320970072177253,0.016236098809831432,Tokyo
2014-12-10,59.72999954223633,60.79999923706055,59.40999984741211,59.56999969482422,17971,41.84939016724829,-0.6131250827506065,-0.7054768836831238,0.09235180093251727,1.209573504557706,60.684945339080706,62.18340290170818,67.08550802794993,61.96947053137088,58.281529300782445,-0.023602666223984214,0.01580564870585676,Tokyo
2014-12-11,59.56999969482422,61.08000183105469,59.56999969482422,60.47999954223633,20552,47.235220915375805,-0.5582010078660318,-0.6760217085197053,0.11782070065367356,1.2310366577814202,60.66542669176219,62.11660276996418,66.9980178493312,61.69904440021019,58.40595552349587,-0.016905086277451353,0.015661975196888975,Tokyo
2014-12-12,60.47999954223633,61.25,60.41999816894531,60.540000915527344,10354,47.57996773319406,-0.5040216258806467,-0.6416216919918937,0.13760006611124698,1.2023863980481935,60.65348137973983,62.05477524626078,66.91248120120135,61.74597892607471,58.440021134960446,0.0,0.013300210131278727,Tokyo
2014-12-15,60.599998474121094,61.130001068115234,60.5099983215332,60.650001525878906,7299,48.24755129345805,-0.4470545784750968,-0.6027082692885343,0.1556536908134375,1.1607809381792522,60.65314996508641,61.99968608075561,66.82953445053482,61.80042545352916,58.47057483638784,0.007307796845984704,0.01330225843939018,Tokyo
2014-12-16,60.56999969482422,60.790000915527344,59.709999084472656,59.779998779296875,12673,43.526170583586456,-0.466729565808059,-0.5755125285924393,0.10878296278438027,1.1550101483491304,60.56999270929694,61.91263951991409,66.73616311714095,61.73924762280715,58.62875240771043,-0.0016700448736566287,0.01315636784634405,Tokyo
2014-12-17,59.849998474121094,60.900001525878906,59.4900016784668,60.650001525878906,11354,48.910258394655074,-0.40742365797056124,-0.5418947544680637,0.13447109649750244,1.1732262003106977,60.57761259659046,61.86312430446173,66.65555170533615,61.78324887414767,58.65275118688749,0.018129962004155065,0.012820574008458888,Tokyo
2014-12-18,60.720001220703125,60.9900016784668,60.18000030517578,60.81999969482422,10048,49.91506008517004,-0.34275480321938545,-0.5020667642183281,0.15931196099894263,1.147278260356455,60.600697082136534,61.82221745702496,66.57825962572672,61.79918182285474,58.807818146627675,0.005621695687190842,0.012328533690999368,Tokyo
2014-12-19,60.619998931884766,60.959999084472656,60.310001373291016,60.88999938964844,7914,50.348091282265685,-0.28259826269366073,-0.45817306391339463,0.1755748012197339,1.1117540139263409,60.62824968285196,61.785659885755294,66.50291843054687,61.68457734510273,59.1574224717918,0.005781276326861207,0.012049246947521111,Tokyo
2014-12-22,60.5099983215332,62.16999816894531,60.459999084472656,62.040000915527344,17240,56.93554973945641,-0.1405085634915011,-0.3946401638290159,0.2541316003375148,1.1544905045167086,60.762702181201995,61.79563404378557,66.4438069402817,61.94983149763609,59.12016857865786,0.022918373531372938,0.011899796627677072,Tokyo
2014-12-23,62.040000915527344,62.84000015258789,61.560001373291016,61.81999969482422,14889,55.42071443385648,-0.04513344282234755,-0.32473881962768225,0.2796053768053347,1.1634562968490962,60.86339718249935,61.796589559512576,66.38256446020942,62.03798826810357,59.29801179293158,0.03412514147179668,0.011640836733302903,Tokyo
2014-12-24,61.65999984741211,62.150001525878906,61.529998779296875,61.779998779296875,4163,55.1334863636629,0.026914039572353943,-0.25440824778767507,0.281322287360029,1.124634504909437,60.95069257267054,61.795938940680585,66.3216033253629,62.14366217038012,59.40433778384351,0.018631446413662545,0.011562222514254207,Tokyo
2014-12-26,61.779998779296875,61.95000076293945,61.56999969482422,61.630001068115234,3386,54.00323785181156,0.07108915520531411,-0.18930876718907724,0.26039792239439136,1.071441718650681,61.01538861985575,61.78943157312901,66.25946289811459,62.17947794409542,59.390522132198534,0.013318010150531912,0.009652942989282527,Tokyo
2014-12-29,61.54999923706055,62.290000915527344,61.36000061035156,62.0099983215332,8121,56.43954162483798,0.13520232692595613,-0.12440654836607057,0.2596088752920267,1.0613379344517007,61.110113353348844,61.79808124953701,66.20317859908702,62.334976628517396,59.3400233714826,0.018393807572860243,0.00957011438306514,Tokyo
2014-12-30,62.0,62.15999984741211,61.810001373291016,61.97999954223633,8429,56.18652784202048,0.18149961209734755,-0.06322531627338694,0.2447249283707345,1.0105241151759006,61.19295965705241,61.805215300231104,66.14724245263868,62.4741480655504,59.38085185815566,-0.0009671401096965626,0.009019581306650823,Tokyo
2014-12-31,61.9900016784668,62.08000183105469,60.220001220703125,60.27000045776367,20112,44.061188804080004,0.0792938588452401,-0.03472148124966153,0.11401534009490163,1.0712052855802283,61.105058780929674,61.74501079660493,66.06939818780589,62.476418899075036,59.33058107040738,-0.025072779759174213,0.010954081025175397,Tokyo
2015-01-02,60.27000045776367,60.369998931884766,59.470001220703125,59.58000183105469,15585,40.283502022776126,-0.056728132971173295,-0.039122811593963885,-0.01760532137720941,1.0589753725251303,60.959815261893965,61.660108484230406,65.98344591818005,62.5109667625942,59.15303355784037,-0.035610181154283715,0.011166704655631141,Tokyo
2015-01-05,59.61000061035156,61.13999938964844,59.61000061035156,60.709999084472656,14335,48.127237795749814,-0.07250936408777164,-0.04580012209272544,-0.026709241995046207,1.0947648470436198,60.9360232449967,61.622849292083046,65.91359894025015,62.43937890597373,59.143621277131736,-0.014927826832677904,0.011859397074415714,Tokyo
2015-01-06,60.54999923706055,61.25,60.099998474121094,60.20000076293945,12978,45.23909554231301,-0.1247308857505729,-0.061586274824294934,-0.06314461092627796,1.0987105468164184,60.86592586575315,61.567051310548,65.83792214319969,62.44022176430562,59.108778403541066,-0.029188801928498376,0.011454176820343193,Tokyo
2015-01-07,60.099998474121094,60.52000045776367,59.84000015258789,60.43000030517578,9853,46.789926322905565,-0.14587620692336856,-0.07844426124410966,-0.06743194567925889,1.0688011047768131,60.824409145698155,61.52246107504321,65.7662940393848,62.4383818451654,59.13261844475159,-0.02500805499368064,0.011421013548530414,Tokyo
2015-01-08,60.43000030517578,60.63999938964844,60.20000076293945,60.560001373291016,8747,47.69164179395051,-0.1504101915034255,-0.09283744729597285,-0.05757274420745265,1.0238844560092768,60.79922745308795,61.48471755732744,65.6973365206286,62.4211365729154,59.217863747519175,0.004811695923755188,0.011348671614235339,Tokyo
2015-01-09,60.5,60.86000061035156,60.310001373291016,60.7599983215332,10366,49.1201496006399,-0.13629420985874674,-0.10152879980852764,-0.0347654100502191,0.9900339820062524,60.79549134532083,61.456297195139435,65.63194131269357,62.369769614633334,59.38823056847213,0.019805244280195256,0.011280625455737256,Tokyo
2015-01-12,60.70000076293945,60.75,59.5099983215332,59.72999954223633,16287,42.658865271962945,-0.2058466144986184,-0.1223923627465458,-0.0834542517520726,1.008603762564886,60.69401593550326,61.38859924796676,65.55376989851534,62.410223758874125,59.27277642423134,-0.0161423086314455,0.011452521864396058,Tokyo
2015-01-13,59.720001220703125,60.2599983215332,59.540000915527344,60.150001525878906,10849,45.79024633238605,-0.2244889771082299,-0.14281168561888263,-0.08167729148934727,0.9879882194822007,60.64220503934855,61.34002678827704,65.48219680748706,62.415996078808,59.22800416533263,-0.0008305521001144012,0.011575513275756991,Tokyo
2015-01-14,60.04999923706055,60.04999923706055,58.65999984741211,58.97999954223633,23748,39.34449492725421,-0.32987002939086096,-0.1802233543732783,-0.14964667501758266,1.0238476212233742,60.48389975390929,61.24747670019701,65.39607498940427,62.532809569655974,58.94419047612039,-0.023994717120914277,0.012336341334130576,Tokyo
2015-01-15,59.04999923706055,60.27000045776367,58.84000015258789,59.4900016784668,17320,43.1041763095111,-0.3679903981820516,-0.21777676313503297,-0.15021363504701862,1.0528595019961262,60.389242794343346,61.17855611110956,65.31784885283555,62.55523016155595,58.89277017413742,-0.017668422565395137,0.012128019778574315,Tokyo
2015-01-16,59.40999984741211,59.849998474121094,59.15999984741211,59.22999954223633,0,41.685588069194374,-0.41440407236809307,-0.25710222498164503,-0.15730184738644803,1.0269400593795508,60.27883867509506,61.10214212801649,65.23721508713226,62.602596918513555,58.70340321881555,-0.025181020763041184,0.011648880306358947,Tokyo
2015-01-20,59.20000076293945,59.38999938964844,57.77000045776367,57.790000915527344,25648,34.845607205077854,-0.5609171939052544,-0.3178652187663669,-0.2430519751388875,1.069302634690951,60.04180650751718,60.972254237330645,65.13857648883285,62.830459149974644,58.17254110942477,-0.032479468300299796,0.012718938169308667,Tokyo
2015-01-21,57.79999923706055,58.22999954223633,57.66999816894531,58.0099983215332,14441,36.558317129701344,-0.6517648072355513,-0.3846451364602038,-0.2671196707753475,1.0329229944989533,59.848300965994895,60.85608733867192,65.04415823496134,62.92884694182115,57.78615321076674,-0.035577774730811806,0.012773241542035475,Tokyo
2015-01-22,58.0,58.400001525878906,57.58000183105469,57.7599983215332,12728,35.418901094109316,-0.7354572130386501,-0.45480755177589305,-0.28064966126275703,1.0177138074557233,59.649414999855686,60.734672083097855,64.94767929571064,62.83486831389083,57.45213157929765,-0.020684998816072664,0.011766207840383241,Tokyo
2015-01-23,57.77000045776367,58.66999816894531,57.04999923706055,57.29999923706055,22252,33.35871216336545,-0.8293419911267819,-0.5297144396460709,-0.29962755148071096,1.060735171392681,59.425661117684726,60.59997903031208,64.84638552009937,62.7703757467345,57.064624100677605,-0.036812949733012856,0.011807653942095849,Tokyo
2015-01-26,57.400001525878906,58.790000915527344,57.2599983215332,58.619998931884766,18519,43.51245607156024,-0.7881481294591168,-0.5814011776086802,-0.20674695185043668,1.0942549949828624,59.34893138570378,60.52233275194238,64.76391682356673,62.52679403350794,56.992205829162955,-0.010298845434171922,0.013214220620029837,Tokyo
2015-01-27,58.380001068115234,58.88999938964844,58.040000915527344,58.779998779296875,13861,44.614028415749885,-0.7341284707583071,-0.6119466362386056,-0.12218183451970155,1.07680775168572,59.294747327950745,60.45400592948569,64.6846596309274,62.26988807130906,56.96411156248001,0.017130954284230393,0.01326840700916089,Tokyo
2015-01-28,58.40999984741211,59.47999954223633,58.11000061035156,59.439998626708984,17413,49.029603686645025,-0.6307896794383865,-0.6157152448785618,-0.015074434559824712,1.0977503677826748,59.308580784975334,60.41424093721994,64.61519392226225,61.89044067396851,57.08655899033813,0.024650928228780344,0.013483626077045587,Tokyo
2015-01-29,59.11000061035156,59.779998779296875,59.099998474121094,59.56999969482422,18780,49.87724135523547,-0.5322672969940498,-0.5990256553016594,0.06675835830760957,1.0679105630046952,59.33347782400856,60.381133437518145,64.54837015766043,61.466266570358684,57.26973310920674,0.03133658978338705,0.013513801369823808,Tokyo
2015-01-30,59.540000915527344,59.68000030517578,59.04999923706055,59.36000061035156,14353,48.47486679011994,-0.46576373575492624,-0.5723732713923129,0.10660953563738662,1.0366308124761618,59.336003803660276,60.34108901292338,64.479650031206,61.37742919345162,57.2675705013726,0.03595115882582145,0.012067025019702252,Tokyo
2015-02-02,59.099998474121094,60.08000183105469,58.880001068115234,59.88999938964844,22069,52.132846988968836,-0.36607285226747877,-0.531113187567346,0.16504033529986728,1.0483002681715337,59.388765288040105,60.32339922377535,64.41885995648339,61.40574362510614,57.27025582557745,0.021664968968003295,0.011972126956281776,Tokyo
2015-02-03,59.900001525878906,61.5099983215332,59.88999938964844,61.45000076293945,35393,60.926004353903494,-0.1593511348308283,-0.45676077702004253,0.29740964218921423,1.089136450850876,59.58507342850671,60.36757967629159,64.3795373181583,61.56875741154732,57.18124220698295,0.04542364816419475,0.012618976044255619,Tokyo
2015-02-04,61.47999954223633,61.70000076293945,61.02000045776367,61.22999954223633,23836,59.272352042603906,-0.013123662880069276,-0.3680333541920479,0.35490969131197864,1.0599120657542982,59.74173305838572,60.40140006319139,64.33782158602689,61.74653021740167,57.10646927905829,0.03011441717502028,0.01248194082043273,Tokyo
2015-02-05,61.0,61.91999816894531,60.54999923706055,61.790000915527344,32951,62.09276255961288,0.14626405190661274,-0.2651738729723158,0.41143792487892855,1.0820613913170083,59.9368061876373,60.45585499857712,64.3040756168812,62.00987213213871,56.97912742535641,0.03726710142817091,0.012603569098983658,Tokyo
2015-02-06,61.790000915527344,61.97999954223633,60.90999984741211,61.59000015258789,25927,60.48183793860109,0.2535191630074891,-0.16143526577635484,0.4149544287838439,1.0811998320429852,60.09425323191831,60.50033127912656,64.2681275974866,62.19200958985432,56.89998984557049,0.037567377346816366,0.012637843883967785,Tokyo
2015-02-09,61.630001068115234,62.810001373291016,61.25,62.29999923706055,23707,64.0477537549877,0.3912999415429397,-0.05088822431249593,0.44218816585543563,1.1154002932120897,60.304324280027096,60.570906493163186,64.24205967218295,62.49752085890602,56.74847866807152,0.04024043867044447,0.01285135311383869,Tokyo
2015-02-10,62.54999923706055,63.439998626708984,62.130001068115234,62.5099983215332,24613,65.05222649863623,0.5115406500794464,0.06159755056589254,0.4499430995135538,1.1293002303780446,60.51438847445625,60.64694930996201,64.21911846224057,62.91379223566217,56.61020716924506,0.017249756638457736,0.01210664020161134,Tokyo
2015-02-11,62.4900016784668,62.56999969482422,61.709999084472656,62.02000045776367,18817,60.78477669627453,0.560828661651172,0.16144377278294844,0.39938488886822354,1.1100643729718724,60.6577800919141,60.70079445301306,64.1899910714528,63.1628665143983,56.5481327836974,0.012902187186566882,0.01225665635164996,Tokyo
2015-02-12,62.20000076293945,62.560001373291016,61.529998779296875,62.47999954223633,18555,63.22382434618139,0.6297484989755446,0.25510471802146767,0.37464378095407697,1.1043456274709804,60.8313248014686,60.77056720161005,64.16734217702609,63.50878441287843,56.55221488521728,0.011166833087642658,0.01124778937905413,Tokyo
2015-02-13,62.540000915527344,62.93000030517578,62.43000030517578,62.70000076293945,14659,64.36536329667345,0.6941188563772087,0.3429075456926159,0.3512113106845928,1.0611777531966975,61.0092939406563,60.84623126283866,64.14790719140905,63.85552661954252,56.52647258700045,0.018022416100041516,0.011168661503884505,Tokyo
2015-02-17,62.61000061035156,64.0,62.310001373291016,63.79999923706055,14182,69.46836694962073,0.8243904522043906,0.4392041269949708,0.38518632520941976,1.1060938481878833,61.2750753974567,60.96206530104344,64.14329913903357,64.38895438500546,56.45004479101993,0.024077046843809402,0.011505626009503826,Tokyo
2015-02-18,63.689998626708984,64.7300033569336,63.54999923706055,64.62000274658203,9019,72.61648526166375,0.9824737151965834,0.5478580446352934,0.43461567056129,1.1113731880495148,61.59363990689721,61.10551382831946,64.14961309410045,64.94722348595056,56.57477587318031,0.03375467095992524,0.009527817890805576,Tokyo
2015-02-19,64.62999725341797,65.33000183105469,64.19999694824219,64.44000244140625,7138,70.88858165095975,1.0807728431656614,0.6544410043413671,0.42633183882429426,1.112704031521932,61.86472205304093,61.2362780876562,64.15345931062106,65.36566242956052,56.799337341557646,0.0390197027697643,0.009705084707786285,Tokyo
2015-02-20,64.4000015258789,64.73999786376953,63.970001220703125,64.66999816894531,6167,71.81154976489172,1.1638185673534807,0.7563165169437899,0.4075020504096908,1.0882247934490126,62.13189120693659,61.37093377711852,64.1603008849035,65.6974694355873,57.158530320272085,0.03505119466635964,0.009452560854765668,Tokyo
2015-02-23,65.5,67.55000305175781,63.900001525878906,64.75,145,72.14240031974519,1.2220019039682057,0.8494535943486731,0.37254830961953267,1.2712098098773625,62.381234901514055,61.503446178015835,64.16811146920942,65.84771933568118,57.75328049647214,0.03269536223470437,0.00896389247286896,Tokyo
2015-02-24,64.75,65.48999786376953,64.75,64.76000213623047,220,72.1863540876816,1.2544590827933675,0.930454692037612,0.3240043907557555,1.2332659138021123,62.60778416196324,61.631154254808564,64.17595108069314,66.06950418925166,58.14549596333624,0.015047067565045813,0.008139900793572647,Tokyo
2015-02-25,64.5,65.41999816894531,64.2699966430664,65.5199966430664,163,75.36671962609182,1.3262190088251344,1.0096075553951165,0.31661145343001795,1.2273184305024776,62.88513773159211,61.7836578778775,64.19375300867159,66.36111782258052,58.527882116384326,0.01392748155727963,0.008254282701112748,Tokyo
2015-02-26,65.5999984741211,66.25,65.2699966430664,65.16999816894531,45,71.32204768715437,1.339407459959169,1.0755675363079271,0.26383992365124187,1.2096529935830849,63.10274348753051,61.91645553635075,64.20668340814542,66.55954015384596,58.90245973934252,0.011328300743048914,0.00847363804222255,Tokyo
2015-02-27,65.0999984741211,65.3499984741211,64.0,64.7300033569336,190,66.49109003985775,1.299377088123542,1.12032944667105,0.17904764145249197,1.2196777100329597,63.25772061794986,62.026790745001065,64.2136147981956,66.6104851614247,59.3675150979747,0.0009278674762216443,0.008837142342632418,Tokyo
2015-03-02,64.86000061035156,64.97000122070312,64.8499984741211,64.62999725341797,3,65.40667598145049,1.245228850215483,1.1453093273799366,0.09991952283554628,1.149700323622751,63.38841363085158,62.128877274742905,64.21912979760252,66.51090032929248,59.99409959441357,-0.0018533242715371712,0.008757061296714802,Tokyo
2015-03-03,63.900001525878906,64.19999694824219,63.709999084472656,63.72999954223633,41,56.47935772221418,1.1168196857178572,1.1396113990475207,-0.022791713329663565,1.133292971443164,63.420945622412034,62.191666383272064,64.21265125117382,66.29575591533514,60.5932440236297,-0.01590491908612679,0.00957879543257686,Tokyo
2015-03-04,63.06999969482422,63.4900016784668,63.0,63.61000061035156,28,55.39373175784227,0.9939143607250074,1.110471991383018,-0.11655763065801072,1.104486207581415,63.438950859358656,62.24728733335361,64.20466912348081,66.24486619317013,60.86013373053593,-0.02915134509423034,0.008010094103619799,Tokyo
2015-03-05,63.77000045776367,63.83000183105469,63.560001373291016,63.209999084472656,21,51.818191479210924,0.854385401920041,1.0592546734904227,-0.2048692715703817,1.0448799090036696,63.41714592841713,62.28504073535829,64.19149468587806,66.1206463663477,61.182353511581994,-0.030075174766640234,0.008127381332543872,Tokyo
2015-03-06,62.5,62.84000015258789,62.11000061035156,62.95000076293945,3,49.57810614010673,0.7145906489799358,0.9903218685883254,-0.27573121960838953,1.048816960016042,63.37265591265735,62.311117599184996,64.17505105775966,66.04543846138145,61.37356140128945,-0.027498879988911318,0.008021282315868431,Tokyo
2015-03-09,61.91999816894531,61.91999816894531,61.91999816894531,61.91999816894531,12695,41.85815049949618,0.5147559131215687,0.8952086774949741,-0.38045276437340547,1.047473073354121,63.23430755611334,62.29577958231285,64.14518280757669,66.00281590024747,61.44918376405918,-0.041930979415743974,0.008885252044991502,Tokyo
2015-03-10,62.20000076293945,62.36000061035156,60.810001373291016,60.869998931884766,25517,35.747278292311876,0.2685634497277505,0.7698796319415294,-0.5013161822137789,1.0833678830305702,63.00913530618681,62.239866615629396,64.10180288869336,66.19447505876164,61.11452457502742,-0.04487683400116971,0.009278167223453973,Tokyo
2015-03-11,61.04999923706055,61.119998931884766,60.279998779296875,60.33000183105469,19557,33.07312939872983,0.029540372646685853,0.6218117800825608,-0.5922714074358749,1.0659844360747952,62.753979737126606,62.16496995741078,64.05184525879086,66.45281514155474,60.63818484318649,-0.05156419977715121,0.00936859955332413,Tokyo
2015-03-12,60.34000015258789,61.58000183105469,60.2599983215332,61.220001220703125,18740,40.917919810475375,-0.0870679600533748,0.4800358320553737,-0.5671037921087485,1.0841286920863134,62.607886545086274,62.12791235989284,64.01433739073673,66.52118123338072,60.489818827654446,-0.031482327046234215,0.009933317830632813,Tokyo
2015-03-13,61.150001525878906,61.58000183105469,60.41999816894531,60.5,13189,37.12656995812563,-0.2348715322242967,0.33705435919943966,-0.5719258914237364,1.089548342920316,62.407135445554246,62.06407265950489,63.96778987562763,66.68268016476452,60.13031994204701,-0.03891978924934092,0.010043793617365494,Tokyo
2015-03-16,60.70000076293945,61.220001220703125,60.310001373291016,60.4900016784668,10494,37.07519608358822,-0.34879303997653466,0.19988487936424482,-0.5486779193407795,1.076723428151113,62.224551277260204,62.002344385738695,63.92172645579769,66.81275872357719,59.779241474787064,-0.02309425925008668,0.009978454823247948,Tokyo
2015-03-17,60.40999984741211,60.869998931884766,60.189998626708984,60.209999084472656,10646,35.58992999281472,-0.45640932232352327,0.0686260390266912,-0.5250353613502144,1.0483860166083068,62.03268916366139,61.93205633470866,63.872564503859614,66.88258252860635,59.350417654499125,-0.010842777377911061,0.00890756953923082,Tokyo
2015-03-18,60.20000076293945,62.650001525878906,59.83000183105469,62.47999954223633,25261,52.28033197305039,-0.3544401700122606,-0.015987202781099157,-0.3384529672311614,1.1749300399198972,62.0752901520971,61.95354430363132,63.854119934831495,66.71686592529699,59.30213393737391,0.03563728900924601,0.012193723467359958,Tokyo
2015-03-19,62.529998779296875,63.40999984741211,61.720001220703125,62.95000076293945,26628,54.88692472357531,-0.23301762942726612,-0.05939328811033255,-0.17362434131693355,1.211720704327201,62.15859592455828,61.99262102752576,63.84214484646207,66.58070012328852,59.28929957153569,0.028258730933368392,0.012360334423374334,Tokyo
2015-03-20,62.63999938964844,63.2599983215332,62.29999923706055,62.81999969482422,13394,54.00816964785673,-0.1456009933265392,-0.07663482915357388,-0.06896616417296532,1.1937405654495727,62.2215867598217,62.02506724977275,63.82860650008276,66.39554905231317,59.289450795098944,0.03834710239378869,0.012310893489915296,Tokyo
2015-03-23,62.59000015258789,64.55000305175781,62.36000061035156,64.05000305175781,17662,60.458681206029276,0.022667020619749678,-0.056774459198909166,0.07944147981865884,1.2649022131835155,62.395721644767995,62.10447649690943,63.83153890474071,66.29461194115382,59.32038821143408,0.05885272399584518,0.013159511570022384,Tokyo
2015-03-24,64.0,64.4000015258789,63.61000061035156,63.90999984741211,16722,59.436835081030274,0.14307427426952302,-0.016804712505222728,0.15987898677474574,1.2309806542251354,62.53993861644838,62.17528133418404,63.83257812252444,66.17170773383312,59.35829218987294,0.06145159972097769,0.01316339787686142,Tokyo
2015-03-25,63.95000076293945,64.08999633789062,62.7599983215332,63.15999984741211,13549,54.15623511306817,0.17595090576983807,0.021746411149789435,0.15420449462004865,1.238053330247354,62.598992067016354,62.2138977464675,63.823669800999774,65.80642757552316,59.48757266861746,0.010883487678582604,0.013052310256524445,Tokyo
2015-03-26,63.0,63.47999954223633,62.65999984741211,63.08000183105469,10715,53.60913222359823,0.19332220372283615,0.056061569664398785,0.13726063405843736,1.2081923276752162,62.644802520734295,62.247862612529744,63.81381989411309,65.48109935594374,59.60390125440782,0.002065147999041228,0.013026237460814943,Tokyo
2015-03-27,62.83000183105469,63.939998626708984,62.79999923706055,63.54999923706055,8316,56.39618961555017,0.24222176352438396,0.09329360843639582,0.14892815508798812,1.2033213991964224,62.73101173181299,62.29892679388389,63.810325580774645,65.28117751261414,59.68582268575012,0.01162049579405644,0.013117655683270328,Tokyo
2015-03-30,63.54999923706055,64.18000030517578,62.369998931884766,62.52000045776367,16678,49.39287476364701,0.1956078776868253,0.11375646228648172,0.08185141540034359,1.2466557188639327,62.71091541999877,62.30759634933016,63.79323518179437,64.98767951938042,59.76832099941841,-0.023887627183370563,0.013564356232646792,Tokyo
2015-03-31,62.59000015258789,63.939998626708984,62.16999816894531,63.099998474121094,22154,52.93699179496876,0.20312552538463535,0.13163027490611245,0.0714952504785229,1.2840375146076168,62.7479709489628,62.33867094245922,63.784053238646386,64.90211557256687,59.79088483942042,-0.012674094433186234,0.013445041875868265,Tokyo
2015-04-01,62.95000076293945,63.2599983215332,62.439998626708984,62.58000183105469,11977,49.584259096188596,0.16521938581055906,0.1383480970870018,0.026871288723557263,1.2508919324386618,62.73197389011441,62.34813489887473,63.768105537883585,64.78405427869397,59.80594625536365,-0.009182995847983433,0.013555241220070227,Tokyo
2015-04-02,62.58000183105469,63.88999938964844,62.58000183105469,63.689998626708984,14596,55.9916423465536,0.2221847543353732,0.1551154285366761,0.06706932579869712,1.255113765671124,62.82321434121865,62.40075700584863,63.76707100925876,64.85403390970116,59.7839665785801,0.009670208908491018,0.014087949055787771,Tokyo
2015-04-06,63.84000015258789,65.45999908447266,63.75,65.33999633789062,19375,63.43154794168633,0.3959074701190417,0.20327383685314923,0.19263363326589247,1.2918914091261142,63.06290786471122,62.516021293379694,63.78790445732011,65.30272698050682,59.574273065269544,0.02816675251486389,0.015116308836169073,Tokyo
2015-04-07,65.33999633789062,66.66000366210938,65.16999816894531,66.41999816894531,24149,67.3253113118223,0.6136572371548397,0.28535051691348734,0.3283067202413523,1.3060424232004129,63.38263075082875,62.66911842575482,63.822766625686015,66.02078635255744,59.306213693218936,0.06238000132159849,0.014799508657580278,Tokyo
2015-04-08,66.41999816894531,67.19000244140625,66.16999816894531,66.7300033569336,27518,68.36652306291674,0.8019954202029709,0.3886794975713841,0.4133159226315868,1.2856111158976355,63.70142814188636,62.82836881521281,63.86127307245751,66.65975159599681,59.25324889228445,0.057527812529207134,0.013981823333841212,Tokyo
2015-04-09,66.75,67.12999725341797,66.11000061035156,66.22000122070312,32619,64.71303981874506,0.8997303456815189,0.4908896671934111,0.4088406784881078,1.2666386442215956,63.94129224463081,62.961374007584986,63.8925145048846,67.01115629383669,59.4908441334094,0.05816553664340307,0.013921454100070351,Tokyo
2015-04-10,66.44000244140625,66.61000061035156,64.80999755859375,65.05999755859375,34976,57.22266187869166,0.873514051051373,0.5674145439650036,0.30609950708636946,1.3047361193013245,64.04783560786538,63.04367297036964,63.90797785658936,67.1583851473999,59.727614913635264,0.02151042489283772,0.014562060332592266,Tokyo
2015-04-13,65.11000061035156,65.69999694824219,64.58000183105469,65.12999725341797,20680,57.54203077555404,0.8486036642353554,0.623652368019074,0.2249512962162814,1.2915403278401747,64.15089862172753,63.12548960892056,63.924163543964575,67.1893489328211,60.15965085355585,-0.003213943927800278,0.014148403953230661,Tokyo
2015-04-14,65.12999725341797,65.41000366210938,64.43000030517578,64.69000244140625,20713,54.77388777462492,0.7843169811365698,0.6557852906425732,0.1285316904939966,1.2692876782985987,64.20224184264931,63.18684305333176,63.9343071055201,67.08616049191689,60.68283937075402,-0.0260463079679506,0.014319423293127857,Tokyo
2015-04-15,64.63999938964844,65.12000274658203,64.3499984741211,64.58999633789062,16634,54.13642251182926,0.7170341416062271,0.668035060835304,0.04899908077092319,1.233624564841473,64.2391708421961,63.24186867233407,63.94299173111442,66.80737786851876,61.39962171949395,-0.032069637515170446,0.014245038099878466,Tokyo
2015-04-16,64.72000122070312,64.93000030517578,63.470001220703125,64.01000213623047,14093,50.46798795590883,0.6098809932194769,0.6564042473121386,-0.04652325409266178,1.2497941788766327,64.21734525115176,63.27199155327119,63.94387928614907,66.77485261788506,61.58514722952704,-0.033373588700293166,0.01210600924332026,Tokyo
2015-04-17,64.36000061035156,64.4000015258789,63.15999984741211,63.290000915527344,9602,46.27581171375698,0.4615428907723924,0.6174319760041894,-0.155889085231797,1.2490947143411186,64.12902674299704,63.27269780277143,63.935218645478585,66.76220876412708,61.63179109854382,-0.02720560574064468,0.012320639321376316,Tokyo
2015-04-20,63.29999923706055,63.709999084472656,62.720001220703125,63.040000915527344,3481,44.88174133488364,0.3201208117523535,0.5579697431538222,-0.23784893140146868,1.230587791025092,64.02530999752373,63.26357243464422,63.923361457002414,66.75012942443824,61.66587056030297,-0.03208961194576043,0.0123467358617557,Tokyo
2015-04-21,63.099998474121094,63.11000061035156,62.5099983215332,62.630001068115234,2937,42.61440745330273,0.17296539663821875,0.48096887385070153,-0.3080034772124828,1.185545957194408,63.89242343281816,63.23872649870191,63.9062308558251,66.77521308534821,61.49878670102874,-0.03184419996207122,0.011558674681454805,Tokyo
2015-04-22,62.810001373291016,63.2400016784668,62.20000076293945,62.4900016784668,2480,41.83720252218347,0.04453353437868657,0.39368180595629854,-0.34914827157761197,1.1751498801653424,63.75885945621327,63.20936474104563,63.887472853475984,66.80446118856892,61.3275387809135,-0.032512692034198265,0.011558921079574375,Tokyo
2015-04-23,62.5099983215332,65.48999786376953,62.349998474121094,64.58999633789062,1937,55.073309119286876,0.11092371729885997,0.33713018822481083,-0.22620647092595086,1.315496306596871,63.83801534970635,63.26350715660818,63.89677780028943,66.85091862048989,61.424080998040374,0.009060993318290578,0.013556693987563151,Tokyo
2015-04-24,64.9000015258789,66.88999938964844,64.9000015258789,66.5,191,63.26225741714018,0.31403969442966684,0.3325120894657821,-0.018472395036115252,1.3858182322714951,64.09153769735336,63.39042844458433,63.93125756452401,67.16841630161883,61.44858313380599,0.05071889774116167,0.014912460669148257,Tokyo
2015-04-27,67.08999633789062,67.5999984741211,66.70999908447266,66.38999938964844,14,62.55507440255767,0.4608223663482107,0.35817414484226784,0.10264822150594288,1.3654025311345535,64.31043881090527,63.5080586777241,63.96382368141308,67.43131104123606,61.46968840944754,0.05314083796746827,0.014897364393735983,Tokyo
2015-04-28,66.0,67.12000274658203,65.11000061035156,66.62000274658203,36,63.47448033718177,0.5889193444289731,0.4043231847596089,0.1845961596693642,1.4114453687109612,64.53039728096972,63.63009570003226,63.999004861084195,67.64123034118298,61.669769338382466,0.06370751413731157,0.014245013917258293,Tokyo
2015-04-29,67.31999969482422,67.31999969482422,67.31999969482422,67.31999969482422,1,66.19494235570673,0.738409105526614,0.4711403689130099,0.26726873661360406,1.3606276155358785,64.79607370133682,63.77479781747508,64.0429915476238,67.9829702707621,61.750029530873654,0.0772923329592703,0.014274856691974968,Tokyo
2015-04-30,68.0999984741211,68.0999984741211,68.0999984741211,68.12000274658203,8,69.03362482084285,0.9109337019054493,0.5590990355114979,0.35183466639395145,1.3191541205218578,65.11263837231256,63.945198010773396,64.09699169595437,68.3865156899119,61.90048420327656,0.05465252529547815,0.014128209508026308,Tokyo
2015-05-01,66.98999786376953,67.02999877929688,64.63999938964844,66.8499984741211,9,60.367297467105445,0.9344106522406292,0.6341613588573242,0.3002492933833051,1.4735005177435567,65.27810123915147,64.0591117544341,64.13345536189036,68.55424481918172,62.048755058747965,0.005263134949189396,0.01465408345606205,Tokyo
2015-05-04,66.91000366210938,66.91000366210938,66.91000366210938,66.91000366210938,1,60.61885138897003,0.9469424584995494,0.6967175787857692,0.25022487971378016,1.372536551530845,65.43352051752841,64.17091143708804,64.17023083606544,68.71148377653383,62.04851683381775,0.007832569321306826,0.013602992514270123,Tokyo
2015-05-05,67.36000061035156,67.36000061035156,67.36000061035156,66.98999786376953,13173,60.974466855381316,0.9523507620143477,0.7478442154314849,0.2045065465828627,1.306640857044075,65.58175645526566,64.28146384597751,64.20757874371716,68.78686696688115,62.03013361295283,0.005553814198941742,0.013124895261339552,Tokyo
2015-05-07,65.95999908447266,66.01000213623047,64.95999908447266,65.52999877929688,15823,51.783478051315775,0.8292678732772458,0.7641289470006372,0.06513892627660867,1.3583092862782369,65.57682715279245,64.33042600022533,64.22509424087717,68.67019454448541,62.026805577584895,-0.026589437368416458,0.014000097008341192,Tokyo
2015-05-08,65.52999877929688,66.22000122070312,65.27999877929688,66.16000366210938,10415,54.93981399437877,0.7736418642257803,0.7660315304456659,0.007610333780114442,1.328430222592322,65.63236777272739,64.40217414382863,64.25072218023124,68.66398752032072,62.02701284589022,-0.028772739363563837,0.014092106835415636,Tokyo
2015-05-11,66.16000366210938,66.30999755859375,64.6500015258789,65.38999938964844,16368,50.58155143948497,0.6598189594538013,0.744789016247293,-0.08497005679349168,1.352113497200706,65.60928506957701,64.44091238876274,64.26581194459438,68.67779103863752,62.04620951067888,-0.02183992696780468,0.013758535342350876,Tokyo
2015-05-12,65.38999938964844,65.56999969482422,64.56999969482422,65.0199966430664,13573,48.58701083152121,0.5336062769626153,0.7025524683903575,-0.16894619142774214,1.3269625306922745,65.55316236229028,64.46362157520602,64.27580114589864,68.67427568561607,62.038724802665165,-0.02824700217604781,0.013819949085982447,Tokyo
2015-05-13,65.19000244140625,65.80000305175781,64.8499984741211,65.7699966430664,13012,52.661785597632516,0.48846977327906416,0.6597359293680989,-0.17126615608903473,1.3000369602085298,65.57381324617373,64.51485197002408,64.2955918147353,68.71773927067595,62.10326063777132,-0.018211692187005468,0.013956419889664383,Tokyo
2015-05-14,65.88999938964844,66.7300033569336,65.58999633789062,66.52999877929688,13462,56.43016723884626,0.5081667596276702,0.6294220954200132,-0.12125533579234293,1.2886062491758894,65.6648785350426,64.59387733509361,64.32518660896791,68.82718847221814,62.18781168036976,0.015260186458540437,0.014142838854318865,Tokyo
2015-05-15,66.63999938964844,66.87000274658203,66.11000061035156,66.83999633789062,9234,57.90224282335804,0.5425369472287542,0.6120450657817614,-0.0695081185530072,1.2508488096249566,65.77679451626622,64.68196043324251,64.35849534709934,68.94106921444396,62.35693035830994,0.010278002390297525,0.013937514064242524,Tokyo
2015-05-18,66.83999633789062,66.93000030517578,64.87000274658203,64.91999816894531,19854,47.25335824387265,0.4101201525590028,0.5716600831372097,-0.16153993057820693,1.308645152976063,65.69519486414042,64.69129524640732,64.3659324705675,68.85301208042524,62.60798721767047,-0.007187662105675563,0.015344477869405751,Tokyo
2015-05-19,64.87999725341797,65.23999786376953,64.05000305175781,64.3499984741211,24167,44.629221075720196,0.2562310055518964,0.5085742676201471,-0.25234326206825075,1.3001701280578857,65.56708092223381,64.67791105925885,64.36572142425695,68.73015748305384,62.861841570901234,-0.010304494056241342,0.01546965192898581,Tokyo
2015-05-20,64.16999816894531,64.80999755859375,63.709999084472656,64.1500015258789,21417,43.71197117349908,0.11678840156345416,0.4302170944088085,-0.31342869284535435,1.2858721518937986,65.43212097972382,64.6572087246165,64.36286420705989,68.52626471477137,63.21773438496007,-0.024631217878559597,0.015400624468370547,Tokyo
2015-05-21,64.16000366210938,64.93000030517578,63.619998931884766,63.72999954223633,19732,41.77041562739683,-0.027296855545003496,0.3387143044180461,-0.3660111599630496,1.2875956678067093,65.27001417615358,64.62084758020943,64.35448189361851,68.29765903347885,63.57033985262956,-0.042086266172183695,0.015481726014709091,Tokyo
2015-05-22,63.70000076293945,64.12000274658203,63.279998779296875,63.29999923706055,16455,39.820318410105585,-0.17417510861500318,0.2361364218114363,-0.4103115304264395,1.2556248303529502,65.08239370576376,64.5690496059683,64.34051523591576,68.44820263798336,63.290796538042045,-0.05296225755211936,0.013584592439749181,Tokyo
2015-05-26,63.33000183105469,64.66000366210938,63.27000045776367,63.310001373291016,18285,39.89061567543118,-0.2864678702826211,0.13161556339262484,-0.4180834336752459,1.2652232861126929,64.91359443600446,64.51967516547116,64.32686604568232,68.50965435434732,62.91034495900716,-0.02479970488391736,0.011599792502454508,Tokyo
2015-05-27,63.31999969482422,63.88999938964844,63.029998779296875,63.04999923706055,17617,38.62746942653317,-0.39192284974677705,0.026907880764744457,-0.41883073051152153,1.2362788079438172,64.73610917896218,64.46204081533742,64.30995390252177,68.5617563840366,62.52424291405912,-0.020202008824962925,0.011603876168161931,Tokyo
2015-05-28,63.040000915527344,64.54000091552734,63.029998779296875,64.33000183105469,15804,47.44967060259032,-0.3679694461052492,-0.05206758460925427,-0.3159018614959949,1.2558304750834792,64.69743228868528,64.45686281595378,64.31021943799904,68.44897223598595,62.408026970557025,0.0028059283070034358,0.012612373709001454,Tokyo
2015-05-29,64.75,66.58999633789062,64.2699966430664,64.3499984741211,38272,47.57645337759303,-0.3434139766132063,-0.11033686301004467,-0.2330771136031616,1.3318425652167023,64.66434335396488,64.45267205745054,64.31074631264966,68.19925711260827,62.36074197186438,0.009728525597648474,0.012295896585354398,Tokyo
2015-06-01,64.3499984741211,65.1500015258789,63.689998626708984,63.75,21056,44.135707207026755,-0.3681249374640032,-0.1618944779008364,-0.20623045956316682,1.3409968751212729,64.57726303453965,64.4251162904917,64.30331920917085,67.7290526626449,62.39394614716954,0.0071090168777756535,0.011926935629616563,Tokyo
2015-06-02,63.599998474121094,64.29000091552734,63.33000183105469,63.599998474121094,14801,43.292749179640694,-0.3952561545828672,-0.20856681323724258,-0.18668934134562465,1.3137827462889453,64.48419021926169,64.3927587290654,64.29400370274635,67.50301949007219,62.29497931974226,0.004580589078180264,0.011354945636559354,Tokyo
2015-06-03,63.7400016784668,65.38999938964844,63.439998626708984,65.23999786376953,21577,53.70378694258401,-0.2811823003925582,-0.2230899106683057,-0.05809238972425251,1.3592268917756893,64.55617189969101,64.42598379317145,64.30653342673342,67.24955869679195,62.38143953318851,0.03473431646644198,0.012956159385510055,Tokyo
2015-06-04,65.44000244140625,65.94999694824219,64.94000244140625,65.12000274658203,19018,52.937965979423474,-0.19817610146760956,-0.21810714882816645,0.019931047360556897,1.334281720688724,64.60987007558539,64.45320022271696,64.31730785481089,66.93827894880636,62.50571976945537,0.012280442919962331,0.012943616136460345,Tokyo
2015-06-05,65.12000274658203,65.19999694824219,63.93000030517578,64.01000213623047,20682,46.35311978473214,-0.2194313948568265,-0.21837199803389848,-0.0010593968229280215,1.329689929304505,64.55273979564683,64.43581990559984,64.31323758039261,66.8498268096283,62.44217224432678,-0.005283548499653179,0.012577695502428765,Tokyo
2015-06-08,64.41000366210938,65.05000305175781,64.16999816894531,64.80000305175781,18740,51.022547309904226,-0.1705637437680565,-0.2088103471807301,0.03824660341267361,1.308997856366779,64.57628867718121,64.45010159760604,64.31968480517891,66.66601483554864,62.489984157371296,0.016470636106004966,0.01271272142614088,Tokyo
2015-06-09,64.80000305175781,65.2699966430664,64.4800033569336,64.55000305175781,20357,49.55266263798238,-0.15027639611994914,-0.1971035569685739,0.04682716084862476,1.2719261004765463,64.57378528428374,64.45401930169042,64.32273537798129,66.5887384687662,62.483260890364676,0.014937179252028976,0.012485271923866384,Tokyo
2015-06-10,64.72000122070312,65.16000366210938,64.51000213623047,64.88999938964844,27759,51.59501254484296,-0.10554698401554674,-0.17879224237796848,0.07324525836242174,1.22750291560474,64.60390091336609,64.47111656004172,64.33024880859939,66.57660130148659,62.48239833230246,-0.005364783653916461,0.012492764899787064,Tokyo
2015-06-11,64.95999908447266,64.95999908447266,63.4900016784668,63.529998779296875,26151,43.93315848417044,-0.17778983536902615,-0.17859176097618001,0.0008019256071538639,1.2448239509853036,64.50162451964522,64.43420998040467,64.31964947046293,66.42353065999636,62.41146918741576,-0.024416521809323966,0.013023440861092174,Tokyo
2015-06-12,63.88999938964844,64.94000244140625,63.52000045776367,64.06999969482422,20084,47.28077170063485,-0.18928726883331137,-0.18073086254760629,-0.008556406285705087,1.257336667839743,64.46051739347179,64.4199272241074,64.31634285091805,66.0398867892472,62.549113149717634,0.0009373153662151079,0.012878557779323972,Tokyo
2015-06-15,64.30000305175781,64.31999969482422,62.599998474121094,63.209999084472656,21035,42.888777145056395,-0.264742146944954,-0.19753311942707583,-0.06720902751787819,1.2903841364803479,64.34142041166236,64.37247906176879,64.30168929109757,65.45134380984673,62.77465640377631,-0.024537097104998074,0.013033104687076382,Tokyo
2015-06-16,63.310001373291016,65.01000213623047,62.72999954223633,64.43000030517578,12558,49.98638030177634,-0.2235201774669946,-0.2027305310350596,-0.020789646431934983,1.3610711703097682,64.34985659199697,64.37473479680436,64.30338877472775,65.38182450873535,62.79517591851075,-0.0018590664741845453,0.012346689449206048,Tokyo
2015-06-17,64.66000366210938,64.70999908447266,63.529998779296875,63.880001068115234,9991,47.142017910186404,-0.2325511071575619,-0.20869464625956008,-0.023856460898001808,1.3481375368905488,64.30510844686538,64.35533347411067,64.2977809905342,65.35539501195043,62.774605674695074,-0.015564776252630419,0.012337966127537929,Tokyo
2015-06-18,64.19999694824219,64.43000030517578,63.810001373291016,64.08000183105469,4186,48.29421460919077,-0.2210219899893957,-0.21116011500552723,-0.00986187498386848,1.2961276358034963,64.28366972155007,64.34453615477514,64.29489649835567,65.3513038727603,62.77169684440278,0.008657375449801608,0.0123437440883742,Tokyo
2015-06-19,64.0,64.0,62.79999923706055,63.31999969482422,3856,44.339002240559616,-0.27009738780490977,-0.22294756956540376,-0.04714981823950601,1.2949758470878268,64.19189162376665,64.30435825438491,64.28198395791155,65.36555333540973,62.71644739701214,-0.01170594667664071,0.012549213258843834,Tokyo
2015-06-22,63.59000015258789,64.12999725341797,63.099998474121094,64.02999877929688,5194,48.57608994841045,-0.2488306370436817,-0.22812418306105936,-0.02070645398262233,1.2760489134452861,64.17647325762667,64.29359905928342,64.27864640587693,65.35549104372075,62.79950964292476,0.012972626272757637,0.01270346047901916,Tokyo
2015-06-23,64.0,64.05000305175781,62.97999954223633,63.58000183105469,3434,46.17683135751103,-0.265230168506001,-0.2355453801500477,-0.029684788355953312,1.261331384428307,64.11966645509601,64.26561485425485,64.26939283534948,65.3402351789362,62.84176555348567,-0.013192588391976345,0.012817678005103902,Tokyo
2015-06-24,63.25,64.33999633789062,62.5,63.7599983215332,159,47.29812591909159,-0.26069754384707267,-0.2405758128894527,-0.02012173095761996,1.3026645958209215,64.08541234713765,64.24578675493244,64.26264588814661,65.28848276889188,62.96451787197727,-0.0018785651937305303,0.012788269691173946,Tokyo
2015-06-25,64.27999877929688,65.08999633789062,64.27999877929688,64.87999725341797,26,53.75410216719445,-0.164830785871672,-0.22542680748589658,0.06059602161422459,1.3046169830210053,64.16108710011673,64.27065775487306,64.27082272742173,65.36140577185665,62.94659441124882,0.01248432271385469,0.012584861110084564,Tokyo
2015-06-26,65.56999969482422,67.0,65.56999969482422,67.16000366210938,21,63.54453068844643,0.0940377640715866,-0.16153389317439995,0.2555716572459865,1.3628588237990422,64.44669820125888,64.38396543750977,64.30909002456991,66.10252462345734,62.48647607844695,0.060644409124958276,0.014715356807828196,Tokyo
2015-06-29,67.0999984741211,67.37999725341797,66.9000015258789,66.80000305175781,33,61.3365283470315,0.26706535121765285,-0.0758140442959894,0.3428793955136422,1.2997971735396725,64.67082247273497,64.47871201061754,64.34208225009559,66.55180493891712,62.342196068162956,0.04326103897032363,0.014577493528519768,Tokyo
2015-06-30,64.94999694824219,65.8499984741211,64.94999694824219,67.51000213623047,14,63.99381095696162,0.45622289943852934,0.030593344450914356,0.425629554987615,1.3390978116997885,64.94122053592501,64.5975861331906,64.38404145388546,67.1109806476639,62.174020725627116,0.06181189355134986,0.014644951895766013,Tokyo
2015-07-01,67.01000213623047,67.01000213623047,67.01000213623047,66.08999633789062,1,55.74221205349226,0.48594732054813505,0.12166413967035851,0.36428318087777656,1.2791622532897533,65.05062775515984,64.656112023571,64.40663688281268,67.2250268917598,62.144974328943334,0.0365432571783888,0.014596974541856577,Tokyo
2015-07-02,67.5199966430664,67.52999877929688,67.5199966430664,66.36000061035156,3,56.880721970826976,0.5252366258240642,0.20237863690109964,0.3228579889229645,1.2906508382320168,65.17532993184477,64.7229311838369,64.43250925006485,67.39017453568712,62.10382647139295,0.022811396726063027,0.014603862372115407,Tokyo
2015-07-06,66.94999694824219,66.94999694824219,66.94000244140625,66.43000030517578,4,57.18820471486291,0.5556172637234056,0.2730263622655608,0.28259090145784477,1.2406040878969744,65.29482234835248,64.78987507094824,64.45896608523188,67.58952300293889,62.14647782103574,-0.010869614608812972,0.013967349878949637,Tokyo
2015-07-07,65.37999725341797,65.47000122070312,65.0,65.52999877929688,10,52.04902668481831,0.5012929436174574,0.31867967853594015,0.1826132650815172,1.2541323892091514,65.31722010368051,64.81889953009917,64.47315194872944,67.64171846634692,62.16728193038161,-0.019012039138335268,0.01415113663176837,Tokyo
2015-07-08,64.58999633789062,64.58999633789062,64.58999633789062,64.58999633789062,2,47.270961655791695,0.37803246452064343,0.33055023573288084,0.04748222878776259,1.2316945356745654,65.24796069741481,64.8099229343263,64.4746995565329,67.64268594242341,62.17031378291839,-0.043252935949364635,0.014518429474209848,Tokyo
2015-07-09,64.83000183105469,64.83000183105469,64.83000183105469,64.83000183105469,24,48.56915677480109,0.29629853916135573,0.3236998964185758,-0.027401357257220094,1.1608596037146266,65.2081550910948,64.81071034204113,64.47940554692391,67.6398937870899,62.16710618239253,-0.01906482942432175,0.01449327615779108,Tokyo
2015-07-10,66.16999816894531,67.0,65.55999755859375,65.51000213623047,16,52.162750153812944,0.28313040501456044,0.31558599813777277,-0.032455593123212334,1.2329409301351846,65.23690242872676,64.8381335496564,64.493055832875,67.67211913115746,62.332881174018304,-0.012808897925002505,0.013773011583247742,Tokyo
2015-07-13,65.51000213623047,65.75,65.30000305175781,65.7300033569336,11,53.299659925140446,0.2871368884027703,0.3098961761907723,-0.022759287788002014,1.1770163597603163,65.28386442188932,64.87310883621629,64.50943924378969,67.73620170391959,62.43479896746712,-0.010537361809821455,0.013684802662420151,Tokyo
2015-07-14,65.51000213623047,66.0999984741211,65.5,66.16999816894531,61,55.573744704360735,0.32210295710497405,0.31233753237361267,0.009765424731361383,1.135800796336366,65.36825811208513,64.92396724142135,64.53143340173877,67.77142671909817,62.6955738607358,0.009766510019387331,0.013274605083143686,Tokyo
2015-07-15,65.9800033569336,66.16999816894531,65.0,65.31999969482422,29,50.46160256282561,0.2780211901229137,0.3054742639234729,-0.02745307380055917,1.1382434658174594,65.36366207234599,64.93949792586852,64.54187798840215,67.7876594996608,62.76834101913803,0.011302111756048339,0.013068844569776422,Tokyo
2015-07-16,65.51000213623047,65.51000213623047,64.87000274658203,65.30000305175781,18,50.34427313144736,0.2387206867427949,0.2921235484873373,-0.053402861744542396,1.1026546031118505,65.35759930848045,64.95363538178574,64.55191937996977,67.77094443364335,62.927056283519754,0.007249748687774726,0.012890098137583865,Tokyo
2015-07-17,65.30000305175781,65.91000366210938,65.30000305175781,65.87000274658203,33,53.65235188532675,0.25067929152505997,0.28383469709488185,-0.03315540556982188,1.067465032088288,65.40639963591869,64.9895713568758,64.5693774378057,67.79438858415051,63.0826122245653,0.005495353359978861,0.012995782666908621,Tokyo
2015-07-20,65.56999969482422,66.72000122070312,65.08999633789062,65.8499984741211,41,53.5175996605219,0.25559604229462707,0.2781869661348309,-0.022590923840203836,1.1076464501160335,65.44864714431891,65.02331359676778,64.58633930583638,67.7036046109148,63.42639607573071,0.0018255760088112805,0.0126238370059089,Tokyo
2015-07-21,65.69000244140625,65.69000244140625,65.69000244140625,65.4000015258789,3,50.4481273465123,0.2206382295928222,0.26667721882642914,-0.04603898923360694,1.0399571344014278,65.44401422827701,65.0380856724192,64.5971162888833,67.64932646757518,63.617674493728536,-0.011636642955625498,0.01257584949221957,Tokyo
2015-07-22,65.33999633789062,65.72000122070312,65.04000091552734,65.63999938964844,10,52.028406213819565,0.20988036285260137,0.2553178476316636,-0.04543748477906223,1.0142459322482955,65.46267948174096,65.06169013191838,64.6109293100855,67.50600159548948,63.966999121673595,0.004898954322095195,0.012439616873938407,Tokyo
2015-07-23,65.5999984741211,66.25,65.4000015258789,65.91999816894531,17,53.87652190798682,0.22139612073107173,0.24853350225154525,-0.027137381520473514,1.0025139709257063,65.50623364242709,65.09534927062532,64.62826797046775,67.35004943121635,64.33895127068794,0.009494564903711922,0.012451174761467076,Tokyo
2015-07-24,66.08000183105469,66.08000183105469,65.62999725341797,65.83999633789062,6,53.24533922043016,0.2215134929935232,0.24312950039994086,-0.02161600740641767,0.9630490141754048,65.53802056580457,65.12455111640043,64.64431735281772,67.32816591688217,64.4568346934694,-0.0004555398123611276,0.01189551688062589,Tokyo
2015-07-27,65.83999633789062,65.83999633789062,64.02999877929688,64.30999755859375,62,42.895317633066064,0.09702989635503911,0.21390957959096052,-0.1168796832359214,1.0235453389002713,65.42106599368925,65.0926078396237,64.63988927607303,67.22127000274337,64.27872999725663,-0.023386498879457984,0.010170279707714724,Tokyo
2015-07-28,64.12999725341797,64.58999633789062,63.29999923706055,64.37999725341797,88,43.437045886348514,0.003978280383734045,0.17192331974951525,-0.1679450393657812,1.0425776076456377,65.3219165898539,65.06466232643916,64.63644699762727,67.13433044579037,64.12366897437565,-0.01559639523949119,0.010165701255713075,Tokyo
2015-07-29,64.12999725341797,64.19999694824219,63.709999084472656,63.88999938964844,19,40.538001754099675,-0.10805889254842782,0.11592687728992662,-0.22398576983835444,1.0159647905487486,65.18554352316767,65.01859711323168,64.6265602743428,66.86921691280503,64.02678223270277,-0.026660573069352878,0.009804103501745749,Tokyo
2015-07-30,63.88999938964844,64.20999908447266,63.88999938964844,63.65999984741211,5,39.21498876402689,-0.21295340584975975,0.050150820661989344,-0.2631042265117491,0.9662529979157057,65.04025364928619,64.96531878908189,64.61375814948279,66.92148319843832,63.73151629802163,-0.03428395607264867,0.00879318467710107,Tokyo
2015-07-31,63.5099983215332,64.33999633789062,63.40999984741211,64.01000213623047,16,42.3010077614521,-0.2647884868969328,-0.012837040849795082,-0.2519514460471377,0.9636632473805455,64.9421344575666,64.92785539093086,64.60576138109535,66.82944714870119,63.588552500346665,-0.027794567184795005,0.00884869742902337,Tokyo
2015-08-03,64.05999755859375,65.5,63.310001373291016,65.36000061035156,311,52.34980059567975,-0.19469029904790602,-0.04920769248941727,-0.14548260655848877,1.0512586317417987,64.98193123402231,64.94480226228069,64.61575130466166,66.67363577196575,63.63736390759969,0.016327213366804205,0.01019286499614109,Tokyo
2015-08-04,65.25,65.48999786376953,65.01000213623047,64.91000366210938,10,49.26955544205644,-0.1734485659883802,-0.07405586718920987,-0.09939269879917034,1.0104541385310366,64.97508098907822,64.94343761129358,64.61964868687951,66.63574206782566,63.61325810002102,0.008232470197305997,0.009852388931407708,Tokyo
2015-08-05,65.0199966430664,65.0199966430664,64.81999969482422,64.75,6,48.18393612291119,-0.16759338560017056,-0.09276337087140202,-0.07483001472876855,0.9525643391543109,64.95364470440411,64.9358518226154,64.62137519433807,66.63348763229763,63.63151290175998,0.013460645148963613,0.00930723138300076,Tokyo
2015-08-06,64.75,64.75,63.5099983215332,63.5,49,40.64850256949364,-0.26081119714103806,-0.12637293612532924,-0.13443826101570883,0.9730955776998091,64.81520235160372,64.87954390800303,64.60652254275743,66.73217645732058,63.399823893631584,-0.0025133497925795556,0.010236520526363107,Tokyo
2015-08-07,63.40999984741211,63.40999984741211,62.689998626708984,62.77000045776367,36,37.008476946281114,-0.3891064694139459,-0.17891964278305258,-0.2101868266308933,0.9614459916583976,64.62042121885705,64.796816713876,64.58219774692971,66.86947087886949,62.98852930423598,-0.019371998704635907,0.010120250239107719,Tokyo
2015-08-10,62.77000045776367,63.5,62.400001525878906,63.119998931884766,32,39.79229109078283,-0.4572683404168032,-0.23458938230980272,-0.22267895810700047,0.9713425975582235,64.47752385819302,64.73105915379791,64.56283087520725,66.85946798581917,62.73753175478142,-0.03427175118648995,0.010195036367519965,Tokyo
2015-08-11,63.119998931884766,63.119998931884766,62.72999954223633,62.709999084472656,9,37.69094593752292,-0.5381670210198166,-0.29530491005180554,-0.24286211096801108,0.9298180826699919,64.30918816545775,64.65180189617732,64.53829005678693,66.78045986141785,62.47053997073548,-0.03389315134056836,0.010028013723683912,Tokyo
2015-08-12,62.709999084472656,65.70999908447266,61.77000045776367,65.70999908447266,103,56.000222092221506,-0.3560999813666825,-0.307463924314781,-0.04863605705190155,1.1448309788532383,64.44259872917345,64.69329982513008,64.55380938165695,66.83322205584365,62.45677771527452,0.014826240686836467,0.014635323729930797,Tokyo
2015-08-13,65.8499984741211,67.9000015258789,65.70999908447266,67.1500015258789,86,61.802303844950956,-0.09452475575571384,-0.2648760906029676,0.17035133484725373,1.2194860833794932,64.70044661457398,64.7896410682967,64.58819603257379,67.18352264423002,62.29147697430023,0.05748033899021898,0.015393513090985272,Tokyo
2015-08-14,67.41000366210938,67.68000030517578,66.91999816894531,67.16000366210938,15,61.83994444846322,0.11228819547076796,-0.18944323338822047,0.3017314288589884,1.1866658014165257,64.93469014291068,64.88259646413249,64.62225970978619,67.43467464114053,62.16932506894248,0.06993791894743762,0.01529868915936506,Tokyo
2015-08-17,67.37999725341797,68.30000305175781,67.29000091552734,67.9800033569336,21,64.8941904207145,0.33845457797924894,-0.0838636711147266,0.42231824909397553,1.1833324862879935,65.22471997281762,65.00406340110509,64.66673313557622,67.8713116240641,61.94568857430017,0.07699626912689661,0.015495785603442109,Tokyo
2015-08-18,67.69000244140625,68.0,67.31999969482422,67.93000030517578,15,64.5548843558667,0.5078045820496158,0.03446997951814186,0.4733346025314739,1.1473801876146872,65.4823657187565,65.11880602479413,64.70995521729277,68.28800003905585,61.78200003723811,0.08324033323093483,0.015380146449966534,Tokyo
2015-08-19,67.76000213623047,67.88999938964844,66.75,67.36000061035156,21,60.66120965144082,0.5892292012406983,0.14542182386265315,0.4438073773780452,1.1497101960132583,65.66118808938461,65.20669600854147,64.7450551562737,68.52861466886083,61.71338552950343,0.025110356853875082,0.015543815766903795,Tokyo
2015-08-20,67.44000244140625,67.72000122070312,67.0,67.66000366210938,9,61.961642835088796,0.6702404232401449,0.2503855437381515,0.4198548795019934,1.119016697760306,65.85155147726316,65.30290415181865,64.78366374575496,68.78609119775369,61.62990954992698,0.007594968349091014,0.015545750728657659,Tokyo
2015-08-21,67.11000061035156,67.11000061035156,67.0199966430664,67.63999938964844,3,61.81490502958339,0.7244769039466519,0.3452038157798516,0.3792730881668003,1.0848017206919736,66.02187984987128,65.39455494545903,64.82149600593898,69.03025498832969,61.56574606452676,0.007147047369949311,0.015539278119919649,Tokyo
2015-08-24,66.70999908447266,66.70999908447266,64.63999938964844,64.63999938964844,18,44.71323948922381,0.5193974867913909,0.38004254998215947,0.1393549368092314,1.2216015978488681,65.89027218699292,65.36496453150568,64.8190920772464,69.03124952475277,61.59775171120914,-0.04913215360917589,0.01795935443632367,Tokyo
2015-08-25,64.44999694824219,64.63999938964844,63.209999084472656,63.7599983215332,11,41.11955278499242,0.28260415467717337,0.3605548709211623,-0.07795071624398892,1.2364872198072028,65.68738896171104,65.30202468013421,64.80506434538265,69.04316239996801,61.523838942805426,-0.061386750550696756,0.01822601772361956,Tokyo
2015-08-26,63.209999084472656,63.209999084472656,62.310001373291016,62.560001373291016,13,36.77863724418567,-0.0018644991715603965,0.2880709969026177,-0.2899354960741781,1.2517379147015164,65.38954252471865,65.19449435437566,64.77532841197747,69.12458247949803,61.309419061639666,-0.07125889539144248,0.0186332270074444,Tokyo
2015-08-27,63.060001373291016,63.189998626708984,63.060001373291016,63.83000183105469,4,43.56852750749115,-0.12340697493887376,0.20577540253431945,-0.32918237747319323,1.2073278674504817,65.2410148396078,65.1409848436572,64.76280753011095,69.1195379983978,61.33146374110414,-0.0566065862216254,0.019207192915358186,Tokyo
2015-08-28,63.83000183105469,64.23999786376953,63.7400016784668,63.75,8,43.253390222770214,-0.22360812652232198,0.11989869672299118,-0.3435068232453132,1.1568041758510739,65.09901342631183,65.08643641841573,64.74939286083796,69.12531453301078,61.29968699286813,-0.05751034040138914,0.019167470441927462,Tokyo
2015-08-31,64.0999984741211,64.0999984741211,64.0999984741211,63.7400016784668,1,43.211323727339014,-0.3003626484091768,0.03584642769655759,-0.3362090761057344,1.0991751971376185,64.96958373604087,65.0336350560648,64.73602344120391,69.09815942923616,61.164842203454256,-0.013923232049500411,0.018516281063043698,Tokyo
2015-09-01,63.650001525878906,63.72999954223633,63.36000061035156,63.58000183105469,5,42.49900865891112,-0.3698385420068604,-0.04529056624412601,-0.32454797576273436,1.0478056164778853,64.83724260223266,64.9766298315546,64.72071189669863,69.09143836897418,61.038563080610786,-0.002823031606287385,0.01847167514335302,Tokyo
2015-09-02,62.83000183105469,63.0,62.779998779296875,63.18000030517578,3,40.69299520555181,-0.45196549156796095,-0.126625551308893,-0.325339940259068,1.0301054332787063,64.67941000251295,64.90617377169661,64.70030512065198,69.099092614822,60.873908865280534,0.009910468642500225,0.018507321177126806,Tokyo
2015-09-03,62.900001525878906,63.279998779296875,62.900001525878906,63.119998931884766,5,40.41555147437193,-0.515945798163898,-0.204489600679894,-0.311456197484004,0.9836691347053175,64.53089466245312,64.83612769954713,64.67937391285373,69.11239307098074,60.82260830231027,-0.011123341356767624,0.018001631878112108,Tokyo
2015-09-04,62.5,63.0,62.5,63.06999969482422,9,40.169774314537364,-0.5641816379329185,-0.27642800813049895,-0.2877536298024196,0.9576926916405214,64.39176180839323,64.7668677777933,64.6580576980454,69.09596081188988,60.86904048510717,-0.010666671453737786,0.017807027162792602,Tokyo
2015-09-08,62.5,62.5,62.5,63.290000915527344,2,41.84557429056654,-0.5779938749843794,-0.3367411815012751,-0.2412526934831043,0.9300003347189483,64.28683219954885,64.70895143025345,64.63993774066105,69.08892914905059,60.89307234631074,-0.007059942753209536,0.01778037991983281,Tokyo
2015-09-09,63.150001525878906,63.939998626708984,63.150001525878906,63.31999969482422,3,42.083786968512854,-0.5798355384285401,-0.3853600528867281,-0.194475485541812,0.920000103724833,64.1947529133846,64.65448273474642,64.62245511753738,69.0565447031386,60.986456853257884,-0.004089369750591487,0.01771132423590607,Tokyo
2015-09-10,63.720001220703125,63.720001220703125,63.25,63.47999954223633,4,43.4151094003995,-0.5619071041433301,-0.42066946313804854,-0.14123764100528158,0.8878573263600117,64.12668116375143,64.60842457033426,64.60732325561287,68.98795317056513,60.83204843160772,0.004748325983087609,0.014007270849962195,Tokyo
2015-09-11,63.34000015258789,65.02999877929688,62.380001068115234,64.08999633789062,19,48.294981702722104,-0.4927963972392675,-0.4350948499582924,-0.057701547280975096,1.0137244967266956,64.1231873708123,64.5880940514149,64.6004712434576,68.70875368339684,60.805247399977176,0.015367513029469704,0.013179398728372338,Tokyo
2015-09-14,64.23999786376953,64.44000244140625,63.5099983215332,63.5099983215332,6,44.37627749313337,-0.47930156667070634,-0.44393619330077516,-0.035365373369931175,1.0077444698075948,64.0647884137381,64.54581578749797,64.58602789349834,68.3939006087644,60.75509994055201,0.006976353715522521,0.013249614299184719,Tokyo
2015-09-15,63.45000076293945,63.45000076293945,62.45000076293945,62.81999969482422,11,40.1975289714582,-0.5183091930946802,-0.45881079325955615,-0.059498399835124005,1.0114768332928898,63.94623710717487,64.47813672504017,64.56263679152914,67.85401866831363,60.77898151479186,-0.007426152850438905,0.012880224185999222,Tokyo
2015-09-16,63.349998474121094,63.349998474121094,62.290000915527344,62.380001068115234,15,37.755961765962155,-0.5780636718469978,-0.4826613689770445,-0.09540230286995333,1.0149425993862997,63.797071770121576,64.39585689535684,64.53372770909982,67.2374931657126,60.840507093686796,-0.014845208958297218,0.012874513421786518,Tokyo
2015-09-17,62.310001373291016,62.310001373291016,61.310001373291016,61.83000183105469,13,34.90220083059168,-0.6621668217250516,-0.5185624595266459,-0.14360436219840567,1.0188752490609543,63.60973177592473,64.2952351281293,64.49791677031777,66.69743618206533,60.82756419940439,-0.025992402695022343,0.012882184215054203,Tokyo
2015-09-18,61.79999923706055,61.79999923706055,59.529998779296875,59.849998474121094,20,26.992448918923046,-0.878462528060389,-0.5905424732333946,-0.28792005482699445,1.1103843778361993,63.251661937657715,64.12091212208976,64.43635493858007,66.19979845646859,60.54420140620232,-0.06615693721397209,0.01415580400342374,Tokyo
2015-09-21,59.2599983215332,60.40999984741211,59.15999984741211,59.75,19,26.66379101908727,-1.0458910933178416,-0.681612197250284,-0.3642788960675576,1.1203569222776024,62.918170324547454,63.94950380357644,64.37428401224126,65.4811213800575,60.47387854364855,-0.05920325021105166,0.014129252260415273,Tokyo
2015-09-22,60.0,60.68000030517578,58.56999969482422,58.72999954223633,66,23.518230105453583,-1.246515890725,-0.7945929359452273,-0.45192295477977273,1.191045757147477,62.5192969167083,63.744817361955256,64.29952527753922,65.7013941762185,59.66260576274634,-0.06510665667712301,0.011099963134577236,Tokyo
2015-09-23,58.75,59.58000183105469,58.47999954223633,58.70000076293945,14,23.430681542105546,-1.3918883167773615,-0.9140520121116542,-0.47783630466570726,1.1845426522661895,62.15555442587317,63.54698141689582,64.22535938992863,65.88453965650983,58.97346052659565,-0.058993270954860066,0.010933210732591327,Tokyo
2015-09-24,59.040000915527344,59.040000915527344,59.040000915527344,59.040000915527344,14,26.758516161082298,-1.4627995977597905,-1.0238015292412814,-0.4389980685185091,1.1242181879979727,61.85883504393547,63.37023708350882,64.15667914523458,66.0245616305538,58.481438506775284,-0.04512373981729434,0.010557347444572766,Tokyo
2015-09-25,60.209999084472656,60.209999084472656,60.209999084472656,59.63999938964844,1,32.34647384307688,-1.4538236621579017,-1.1098059558246056,-0.3440177063332961,1.1274881866373443,61.6475173625748,63.223953252377044,64.0968555723129,65.9105060206256,58.176493872562865,-0.003508756722248818,0.009605971233519367,Tokyo
2015-09-28,60.29999923706055,60.310001373291016,60.29999923706055,59.79999923706055,8,33.79700714272602,-1.4174599223667599,-1.1713367491330366,-0.24612317323372324,1.0948106007065865,61.47156325538297,63.08968054589405,64.03994356787247,65.74933919650012,57.94266062039442,0.000836807314820831,0.009691983814813714,Tokyo
2015-09-29,60.04999923706055,60.04999923706055,60.04999923706055,60.04999923706055,8,36.10230774065672,-1.3528734034720884,-1.207644080000847,-0.1452293234712414,1.0344669863660119,61.336176206018926,62.97047735731234,63.98709662309351,65.53662541136333,57.78637416139056,0.022475731399843157,0.009811077869218213,Tokyo
2015-09-30,59.4900016784668,59.4900016784668,59.4900016784668,59.4900016784668,8,33.30470324971202,-1.3315262391720921,-1.232420511835096,-0.09910572733699619,1.000576312951418,61.160350060537766,62.83398811500468,63.927532451641504,65.33750957351445,57.57648998398066,0.013458277772734117,0.009913092825580498,Tokyo
2015-10-01,59.650001525878906,59.650001525878906,59.650001525878906,59.650001525878906,8,34.85791660097506,-1.2868636441101842,-1.2433091382901136,-0.04355450582007059,0.9405351368377012,61.01650734295121,62.70912589582328,63.870876412889686,65.15214193862599,57.40885774093944,0.010331988497499056,0.00997437992810738,Tokyo
2015-10-02,59.20000076293945,59.20000076293945,59.20000076293945,59.20000076293945,0,32.561164120367806,-1.2731039664573132,-1.2492681039235536,-0.023835862533759578,0.9054969672714998,60.84350671628342,62.5715131455141,63.809010510241336,64.9609350758021,57.208064786868796,-0.007377575976054707,0.010016961267611675,Tokyo
2015-10-05,60.93000030517578,60.93000030517578,60.93000030517578,60.93000030517578,1,47.01500022730155,-1.1098096234288661,-1.221376407824616,0.11156678439574996,0.9643900083436013,60.851744200939834,62.50714009295182,63.770877924743786,64.73963095773263,57.21536896597342,0.01889633917277589,0.012314868169091728,Tokyo
2015-10-06,61.13999938964844,61.13999938964844,61.13999938964844,61.13999938964844,7,48.45904810511999,-0.9524729932528686,-1.1675957249102666,0.21512273165739804,0.9105049423501134,60.879197076054936,62.453526732037965,63.736031851431264,64.47342985445422,57.26656991666395,0.018151543154644845,0.012313947895980054,Tokyo
2015-10-07,61.90999984741211,61.93000030517578,61.90999984741211,61.939998626708984,7,53.642354491197125,-0.7545315576143921,-1.0849828914510917,0.33045133383669967,0.9018975118623712,60.98022579516485,62.43338837496624,63.71224333189852,64.25672091348278,57.34527875082387,0.04118333970612409,0.012742903993989552,Tokyo
2015-10-08,61.61000061035156,61.61000061035156,61.61000061035156,61.61000061035156,12617,51.34838481466635,-0.6171752141014863,-0.9914213559811706,0.3742461418796843,0.8610475478959629,61.04020434899215,62.40109865870684,63.68439905744095,63.952808626819305,57.462191144298856,0.03285832412967027,0.012746501444198265,Tokyo
2015-10-09,61.58000183105469,62.2400016784668,60.970001220703125,61.61000061035156,11195,51.34838481466636,-0.5025265094791038,-0.8936423866807574,0.39111587720165353,0.8902584700305453,61.0944706595978,62.37007520583017,63.65692358132056,63.4523103529196,57.71468984544466,0.040709456357318485,0.012486552584999705,Tokyo
2015-10-12,61.81999969482422,62.189998626708984,61.5099983215332,61.689998626708984,34360,51.926379608274964,-0.4005936198293014,-0.7950326333104663,0.39443901348116484,0.8752400296832156,61.151187608846485,62.343405536060715,63.63087159516677,63.07124605581774,57.91375417306409,0.012473302440942913,0.012390586187296595,Tokyo
2015-10-13,61.650001525878906,64.16000366210938,61.529998779296875,63.86000061035156,17317,64.3119302295166,-0.14306092844752527,-0.6646382923378781,0.5215773638903528,1.000580376339653,61.409169799466014,62.40287985269957,63.633906416559945,63.35260481006489,57.736395510369675,0.04448808059955023,0.01454872796245542,Tokyo
2015-10-14,63.86000061035156,64.08000183105469,63.40999984741211,63.7599983215332,13481,63.5000037000086,0.052362632113343466,-0.5212381074476338,0.5736007395609772,0.9769676340033875,61.63305823013908,62.456100184810694,63.63557650801655,63.66847149877932,57.558528546997046,0.029383269860768557,0.014444517518562018,Tokyo
2015-10-15,63.75,63.7599983215332,63.150001525878906,63.439998626708984,13481,60.85255056543154,0.1793484929985567,-0.3811207873583957,0.5604692803569524,0.9507554312633831,61.80514779171716,62.49468443743415,63.63298607250254,63.96140360061406,57.42659612472774,0.029702937806008523,0.014330725464238006,Tokyo
2015-10-16,63.54999923706055,63.95000076293945,62.869998931884766,63.849998474121094,13521,62.9820879281403,0.30950152291017474,-0.24299632530468168,0.5524978482148564,0.9599873169630183,61.999895475755636,62.547834007500306,63.63586040894782,64.42308631158436,57.364913413757435,0.03635769910044728,0.011938356506961605,Tokyo
2015-10-19,63.95000076293945,64.06999969482422,62.959999084472656,63.2400016784668,9200,57.93274955313169,0.35928547406610534,-0.1225399654305243,0.48182543949662965,0.9707025522053333,62.1180008283948,62.57497783773429,63.6306172469547,64.7029730866269,57.43402680656157,0.0251256781692768,0.012237691872816488,Tokyo
2015-10-20,63.470001220703125,63.869998931884766,63.15999984741211,63.779998779296875,21090,60.91967348748554,0.43727226464974933,-0.010577519414469577,0.44784978406421894,0.9520808759382678,62.276286347528334,62.62223356093283,63.632595810296976,64.973054656424,57.668945160470535,-0.0012527690305365047,0.011337374849029764,Tokyo
2015-10-21,63.650001525878906,64.66000366210938,63.650001525878906,64.2300033569336,23118,63.260774837393924,0.5292876678569627,0.09739551803981689,0.4318921498171458,0.9562181088163743,62.46235463413836,62.68528335685443,63.64050849303389,65.25138799046982,57.94361208582412,0.007371471891047143,0.011300446288526774,Tokyo
2015-10-22,64.2300033569336,64.69000244140625,62.369998931884766,62.52000045776367,23118,50.80586748300017,0.45893725199883306,0.16970386483162014,0.2892333871672129,1.0536313517258926,62.46784471257886,62.67880167453714,63.625667327003825,65.23929005837556,58.30370997214202,-0.01450186300221612,0.013302857735562536,Tokyo
2015-10-23,62.75,63.06999969482422,62.41999816894531,62.7599983215332,14207,52.22747402186768,0.4177344793964579,0.2193099877445877,0.1984244916518702,1.024800649879127,62.495668865812604,62.68198585677228,63.61420151236184,65.27000331894136,58.5849966047647,-0.017071263565177297,0.013196470549085751,Tokyo
2015-10-26,62.68000030517578,62.75,61.90999984741211,62.130001068115234,11875,48.28310734398013,0.33043640680688213,0.2415352715570466,0.08890113524983553,1.0123147801819024,62.46084336127,62.660339394472004,63.594543228332086,65.23318781421678,58.854812292594744,-0.017552191348684243,0.013495327295500435,Tokyo
2015-10-27,62.36000061035156,63.18000030517578,62.18000030517578,62.34000015258789,9990,49.64818334745052,0.27502688764982963,0.24823359477560322,0.02679329287422641,1.01500652710185,62.44933448425266,62.64777707126086,63.5779267637527,65.2076150637366,59.10938513462765,-0.02257758943664967,0.013489472301648396,Tokyo
2015-10-28,62.34000015258789,62.900001525878906,62.20000076293945,62.66999816894531,13095,51.80116136023749,0.2548052897558648,0.24954793377165557,0.005257355984209233,0.9925061153756193,62.47035007327101,62.64864848685633,63.565901219450616,65.10077184864099,59.53422799877111,-0.02428779552320981,0.013242451721685826,Tokyo
2015-10-29,62.689998626708984,62.91999816894531,62.15999984741211,62.31999969482422,13095,49.389064435315326,0.20813828731923678,0.24126600448117183,-0.03312771716193505,0.9758984158152101,62.4560309896094,62.635760298933505,63.549399212501925,64.93566337705434,59.96633628725231,-0.0031989885072788438,0.013368770454624802,Tokyo
2015-10-30,62.36000061035156,63.439998626708984,62.36000061035156,63.31999969482422,17159,55.73166010470562,0.24897595450057963,0.2428079944850534,0.006167960015526219,0.9861913098203146,62.53831372343939,62.66259321641942,63.546360808294274,64.63912106014591,60.67487849734922,0.008922902936070898,0.013497297640775313,Tokyo
2015-11-02,63.34000015258789,63.439998626708984,62.13999938964844,63.290000915527344,19523,55.5069316073684,0.27574087996084984,0.24939457158021272,0.026346308380637118,1.008606161766321,62.60990297982872,62.687197439913845,63.54296531302584,64.59890572735604,60.95109389117424,0.018670526757924355,0.012109223785595353,Tokyo
2015-11-03,63.369998931884766,63.849998474121094,62.52000045776367,62.56999969482422,28525,50.26778829157727,0.2361322098812053,0.24674209924041127,-0.010609889359205954,1.0315627228088042,62.60610266697115,62.68260144991033,63.53007835119536,64.50516507242708,61.18783457662077,0.003689437627099279,0.01246169196727138,Tokyo
2015-11-04,62.63999938964844,62.88999938964844,61.79999923706055,61.939998626708984,16099,46.1620533111417,0.15215231524116035,0.2278241424405611,-0.07567182719940074,1.035736824935926,62.542664186946176,62.653479770569106,63.50901769259289,64.50516507242708,61.18783457662077,-0.01164830961488783,0.012377231245572547,Tokyo
2015-11-05,62.130001068115234,62.29999923706055,61.7599983215332,61.95000076293945,16099,46.23713252603141,0.08542006318268847,0.19934332658898657,-0.1139232634062981,1.000327117120679,62.48622005132649,62.6258923585052,63.488368461736556,64.47510639753052,61.251893266776115,-0.005937081734541438,0.012313228879198406,Tokyo
2015-11-06,62.130001068115234,62.20000076293945,61.650001525878906,61.65999984741211,24812,44.30781863723378,0.009029535537180777,0.16128056837862542,-0.15225103284144464,0.9681608399732329,62.40753241285846,62.588014220815275,63.464151658897826,64.46955417464902,61.26244541336367,-0.026216043199820183,0.012363347195072953,Tokyo
2015-11-09,61.869998931884766,62.06999969482422,61.61000061035156,61.900001525878906,27620,46.304680498271445,-0.031778060609816805,0.12266884258093697,-0.15444690319075377,0.9318635717228838,62.35919613790803,62.56103333081777,63.443434438592945,64.45010160347641,61.30289827445327,-0.021962385361688597,0.012390696676854883,Tokyo
2015-11-10,61.939998626708984,62.90999984741211,61.61000061035156,61.93000030517578,18490,46.562593450897644,-0.06099461581685972,0.08593615090137764,-0.14693076671823735,0.9581589763900668,62.31832034431448,62.53628693765534,63.42338895338212,64.33627065988578,61.22372918752633,-0.010228534325874006,0.009390927769231632,Tokyo
2015-11-11,61.939998626708984,62.59000015258789,61.869998931884766,62.18000030517578,23749,48.77097408372373,-0.06324696401819807,0.0560995279174625,-0.11934649193566058,0.9411477081265893,62.30514700725365,62.522314912852224,63.406920229564825,64.20742006400218,61.19457998177418,0.0038747446526954388,0.009472904374912326,Tokyo
2015-11-12,62.18000030517578,62.470001220703125,61.720001220703125,61.84000015258789,23749,45.987470008617564,-0.09141338046194392,0.026596946241581213,-0.11801032670352513,0.9274943004031688,62.260847306809296,62.49555747127323,63.386166321260504,64.13210868148224,61.10989151688202,-0.0017756353348968856,0.009482912561261122,Tokyo
2015-11-13,61.84000015258789,62.02000045776367,61.36000061035156,61.68000030517578,21637,44.694727975260456,-0.12520285831870837,-0.0037630146704767005,-0.12143984364823167,0.9083875537608298,62.20552854474896,62.46357483730863,63.3635680958819,63.96243539470888,61.06256498676084,0.00032436681500436215,0.009309436364669889,Tokyo
2015-11-16,61.58000183105469,62.849998474121094,61.2599983215332,61.7400016784668,11525,45.31554348464205,-0.1454628484189442,-0.0321029814201702,-0.11335986699877398,0.9570741679630478,62.161192652722086,62.435199419314834,63.34206390492277,63.8841644475313,60.990835933938435,-0.0025848116876898697,0.009137565525987304,Tokyo
2015-11-17,61.880001068115234,62.25,61.439998626708984,61.529998779296875,6027,43.476063677638464,-0.1764307317826237,-0.0609685314926609,-0.11546220028996279,0.9465689683435597,62.101078950491114,62.3997013550004,63.318063042331694,63.679066918699476,60.97093346277025,-0.006458929822506065,0.0088556853197383,Tokyo
2015-11-18,61.599998474121094,61.95000076293945,61.4900016784668,61.52000045776367,6009,43.385764959990105,-0.1994802987364963,-0.08867088494142798,-0.11080941379506833,0.9118139766383198,62.04573814165993,62.36520328059896,63.2942476438606,63.25185998717187,61.12714010438087,-0.010614342942632193,0.008621309337947374,Tokyo
2015-11-19,61.54999923706055,62.220001220703125,61.52000045776367,61.58000183105469,6009,44.13563330608802,-0.21047936217017593,-0.11303258038717758,-0.09744678178299836,0.8966844613740441,62.00138230255467,62.33441106689135,63.27154240130688,63.226252731838635,61.05874749704321,-0.004204371295143394,0.006351421941477002,Tokyo
2015-11-20,61.790000915527344,61.97999954223633,59.81999969482422,60.040000915527344,627,32.307679583694295,-0.3395473126839761,-0.1583355268465373,-0.1812117858374388,0.9869212746628702,61.81458407521873,62.244434198210406,63.228740527323055,63.40184953418938,60.61115095409187,-0.026588835627985863,0.008292435205503743,Tokyo
2015-11-23,59.9900016784668,60.95000076293945,59.720001220703125,60.15999984741211,69,33.79649990961232,-0.42722687692268835,-0.2121137968617675,-0.21511308006092084,1.0042840080610445,61.65700462495143,62.16269167464969,63.188094955403706,63.526870114944195,60.28913025126675,-0.02559121781828111,0.008127179330627666,Tokyo
2015-11-24,60.4900016784668,60.88999938964844,60.400001525878906,60.599998474121094,69,39.08671727584408,-0.45595340430190134,-0.2608817183497943,-0.19507168595210705,0.9846922605020626,61.556337372491406,62.10140958835446,63.153815531810565,63.52680310638239,60.11519709198187,-0.015114583514158952,0.008298793299513246,Tokyo
2015-11-25,60.75,62.34000015258789,60.75,61.97999954223633,23,52.033066229349586,-0.36317833736414684,-0.2813410421526648,-0.08183729521148203,1.0386429332140175,61.59668615056235,62.09664841007532,63.13826830016058,63.44732157002666,60.125678765666706,0.007477228235530875,0.009791525072107333,Tokyo
2015-11-27,62.75,62.75,62.4900016784668,62.630001068115234,26,56.70107879757701,-0.23450056106229766,-0.27197294593459137,0.03747238487229371,1.019454184967502,61.69509709509119,62.117564200586685,63.1315362838421,63.489360285950475,60.11464018707199,0.017050977684950785,0.010010463834336443,Tokyo
2015-11-30,62.45000076293945,62.45000076293945,61.470001220703125,61.29999923706055,7,46.68894460024145,-0.2371092805559556,-0.2650002128588642,0.027890932302908622,1.0294931608564328,61.657468727659705,62.08550282946801,63.10727751501056,63.24118381536798,60.16081661187811,0.020985981051298452,0.010412470071123614,Tokyo
2015-12-01,60.040000915527344,62.209999084472656,60.040000915527344,62.20000076293945,14,52.76689964797179,-0.16465605552439655,-0.2449313813919707,0.08027532586757416,1.11095780429158,61.7091384453054,62.08999294450611,63.09526060438711,63.017819935657265,60.27518047633004,0.03390958977229941,0.011025448861611999,Tokyo
2015-12-02,62.209999084472656,62.209999084472656,62.0099983215332,62.11000061035156,6,52.12688973703348,-0.11319378534400926,-0.21858386218237844,0.10539007683836918,1.0458894441948308,61.74731579435741,62.09077755885299,63.08221080314161,62.94409508709521,60.30290541644483,0.024917527627914104,0.010743928127522666,Tokyo
2015-12-03,61.0,62.650001525878906,60.43000030517578,61.86000061035156,6,50.301776190710235,-0.09152740517027524,-0.1931725707799578,0.10164516560968256,1.129754571088482,61.758047681594945,62.08172748244117,63.066022588667565,62.9365386655293,60.302462036375005,-0.0019360912031467503,0.010537411951166397,Tokyo
2015-12-04,62.779998779296875,62.79999923706055,62.779998779296875,63.22999954223633,23,58.812368680342765,0.03577839044577047,-0.14738237853481215,0.18316076898058262,1.1162005750613448,61.8982335730846,62.12675775929588,63.06819446884729,63.18029401468222,60.186706565151766,0.009580048920461381,0.011627285512099612,Tokyo
2015-12-07,63.25,63.4900016784668,61.29999923706055,62.400001525878906,23,52.90178018469377,0.06890099949027473,-0.10412570292979478,0.1730267024200695,1.1929007083718544,61.94602099716025,62.13747320112267,63.059344231192085,63.25105246102217,60.18994828665849,0.017944572634730482,0.01199793781168429,Tokyo
2015-12-08,62.27000045776367,62.27000045776367,62.27000045776367,62.27000045776367,21955,52.019946860169064,0.08369610941065275,-0.06656134046170528,0.15025744987235803,1.1169793054962351,61.97687618388438,62.142670348441925,63.048889346775816,63.28752666595477,60.19047397491437,0.0011253970090934207,0.011986083726500348,Tokyo
2015-12-09,64.44000244140625,65.2300033569336,64.02999877929688,64.80999755859375,19836,64.47873132192242,0.29695476927875575,0.006141881486386926,0.2908128877923688,1.248623847901734,62.24669726719003,62.2472714155067,63.07221528335619,63.9538509915661,59.81214937464483,0.04347121110464447,0.014914314303781382,Tokyo
2015-12-10,64.80999755859375,64.83999633789062,63.58000183105469,63.77000045776367,19836,57.85449734815243,0.37769093327695913,0.08045169184450138,0.2972392414324577,1.2494360378256069,62.391773761530374,62.306986279908934,63.08145747109669,64.19697483882622,59.7280255426435,0.030876169229983708,0.01546336191819744,Tokyo
2015-12-11,63.77000045776367,63.90999984741211,63.43000030517578,63.709999084472656,15514,57.487547504786505,0.431855158103879,0.15073238509637693,0.28112277300750205,1.1944762881405737,62.51731903038202,62.362006389891825,63.08978252557849,64.42154522197467,59.69045505268353,0.007591326043197233,0.01539227372203973,Tokyo
2015-12-14,63.810001373291016,63.90999984741211,62.97999954223633,63.380001068115234,12648,55.40611605871608,0.443045462197837,0.20919500051666895,0.23385046168116808,1.175585146500204,62.599479224451855,62.40192774982216,63.09362647978428,64.57095227861355,59.7110480723386,0.01570512048513173,0.015439510787080215,Tokyo
2015-12-15,63.380001068115234,64.0,63.029998779296875,63.310001373291016,11373,54.95161147904882,0.441179822089488,0.2555919648312328,0.18558785725825522,1.160900580371822,62.667148000531775,62.437538480154274,63.096492372413515,64.6959019797351,59.743098340699476,0.01670147595763627,0.015449236795841786,Tokyo
2015-12-16,63.279998779296875,63.619998931884766,63.060001373291016,63.25,13021,54.538626288618715,0.4299040136270875,0.2904543745904038,0.13944963903668373,1.1179789359590495,62.72265771476685,62.46939971622666,63.09852558602393,64.80047563179127,59.810524810713616,-0.024070322748945938,0.015419932769882287,Tokyo
2015-12-17,63.25,63.45000076293945,62.869998931884766,62.9900016784668,13021,52.690710659092154,0.3954298928732456,0.31144947824697217,0.08398041462627343,1.079551999894408,62.74811904464303,62.489815479451764,63.097088183274835,64.86312982837192,59.89487073620327,-0.012231437567786885,0.015466055652321512,Tokyo
2015-12-18,62.9900016784668,63.93000030517578,62.95000076293945,63.689998626708984,10939,56.922630252927284,0.4197541429358793,0.3331104111847536,0.08664373175112572,1.0724411100616806,62.83782186198265,62.53688148522656,63.10494130173092,65.0047125992586,59.964287644882035,-0.0003139296507782552,0.015622340558021896,Tokyo
2015-12-21,63.81999969482422,64.16000366210938,63.16999816894531,63.31999969482422,7117,54.16462112033703,0.404512496504843,0.3473908282487715,0.05712166825607151,1.066552851711845,62.883743560348506,62.56759200325,63.107789757268584,64.91282524151369,60.384174880556635,-0.0009466925257153314,0.014409275413582867,Tokyo
2015-12-22,63.31999969482422,63.70000076293945,63.060001373291016,63.15999984741211,11440,52.969423369847036,0.37519768601455183,0.3529521998019276,0.022245486212624233,1.0360847472787165,62.91005368292599,62.59082368341323,63.108481281641346,64.74369923645578,60.85330088561453,-0.00236931800071305,0.014455712185076538,Tokyo
2015-12-23,63.15999984741211,63.369998931884766,62.75,62.77000045776367,11440,50.069248577714596,0.3168434223705461,0.3457304443156513,-0.02888702194510523,1.006364331893409,62.896715280529584,62.59785022358383,63.10399809192111,64.55528518740508,61.2587151330295,-0.007588925568953853,0.014531568344407577,Tokyo
2015-12-24,62.81999969482422,63.939998626708984,62.72999954223633,63.65999984741211,12204,55.99100865765521,0.3385106209989601,0.3442864796523131,-0.005775858653353005,1.0209096713633667,62.96940904880411,62.63950315000847,63.111362353583246,64.61136823655316,61.37063211439899,0.010636579633150678,0.014010338728458084,Tokyo
2015-12-28,63.65999984741211,64.44000244140625,63.38999938964844,63.970001220703125,9168,57.86548224784691,0.3763581298051264,0.35070080968287576,0.025657320122250638,1.0229877699629715,63.064703541365915,62.69167954493768,63.12273505381,64.72564319514044,61.390357171070505,0.004396335374966087,0.013874656757941915,Tokyo
2015-12-29,64.0999984741211,64.25,63.81999969482422,63.869998931884766,6365,57.02174079136378,0.39374436432240145,0.3593095206107809,0.03443484371162053,0.9806315224781433,63.14139834046295,62.737888148347366,63.13263258861894,64.66962897257379,61.70337136311958,0.00868602715905431,0.012850161528086362,Tokyo
2015-12-30,63.869998931884766,64.13999938964844,63.779998779296875,63.970001220703125,6365,57.686182224433594,0.41085633333058524,0.36961888315474184,0.041237450175843404,0.9363007430405023,63.22031290048582,62.786206308047596,63.14372356387833,64.72104635998576,61.82895402148396,0.012824594288282087,0.01250765868476775,Tokyo
2015-12-31,63.90999984741211,63.90999984741211,63.04999923706055,63.279998779296875,22710,51.74219208934694,0.3645380934005402,0.3686027252039015,-0.004064631803361307,0.9351365459406499,63.225997269896396,62.80557071868483,63.14552853361897,64.67175044276338,61.99524975560089,0.008124873630937168,0.012793618800953453,Tokyo
2016-01-04,63.279998779296875,63.54999923706055,62.5099983215332,62.61000061035156,11960,46.70930319736065,0.27064744643519845,0.34901166945016093,-0.07836422301496249,0.9426268580539893,63.16733092136832,62.79790130267176,63.13843544854258,64.57020748493474,62.17179271342951,-0.016493861758990147,0.013012227372133256,Tokyo
2016-01-05,62.59000015258789,62.86000061035156,62.5099983215332,62.68000030517578,24620,47.28620778622899,0.1995861180986509,0.319126559179859,-0.1195404410812081,0.9002965316799942,63.12091848173093,62.79327773414251,63.13236345988872,64.58093736864963,62.10606290600858,-0.02016571660014055,0.012012940905885757,Tokyo
2016-01-06,62.61000061035156,62.68000030517578,61.86000061035156,62.0,29785,42.4757013752789,0.087391763939479,0.272779600131783,-0.18538783619230398,0.8945610433331503,63.0141643406137,62.76216880339182,63.11736526836702,64.63580977336328,62.01119034870703,-0.029278205153550396,0.011894358793330532,Tokyo
2016-01-07,61.90999984741211,62.189998626708984,61.209999084472656,61.43000030517578,29785,38.903053596941334,-0.046975774250284985,0.2088285252553694,-0.2558042995056544,0.9006637932548085,62.8632915753339,62.709926901501,63.09501606355654,64.77678700763823,61.7862130991733,-0.039706125794246594,0.012056533876000747,Tokyo
2016-01-08,61.52000045776367,61.900001525878906,61.310001373291016,61.400001525878906,21495,38.718474919961785,-0.15410721506366087,0.13624137719156335,-0.29034859225522425,0.8784735332071625,62.72393061824295,62.65855727892759,63.072565539878696,64.64947338734285,61.5725271161972,-0.02970918599374317,0.007351416190708482,Tokyo
2016-01-11,61.400001525878906,62.279998779296875,61.150001525878906,61.5,19567,39.74475794651161,-0.22830881075606868,0.06333133960203693,-0.29164015035810564,0.8964395132222268,62.60736579745791,62.613123660146115,63.0517368572313,64.66111509340628,61.333885364357386,-0.01772880689236156,0.006681310785765799,Tokyo
2016-01-12,61.5,62.279998779296875,61.45000076293945,61.59000015258789,15722,40.70719892277866,-0.2766626549154054,-0.004667459301451536,-0.2719951956139539,0.8916936920175962,62.51047383127981,62.573001169653644,63.032376106176415,64.6323319380415,61.150668626533694,-0.017389919388655195,0.0067193129177887355,Tokyo
2016-01-13,61.5,62.43000030517578,61.5,62.13999938964844,14959,46.3471529820477,-0.26751928707056294,-0.057237824855273824,-0.21028146221528912,0.8944298786717532,62.47519055112444,62.55602070769265,63.0205565470171,64.58533803530217,61.073662361426344,0.002258054671748999,0.007062310013937167,Tokyo
2016-01-14,62.02000045776367,62.459999084472656,61.75,61.900001525878906,14959,44.3640959385463,-0.2764521556743631,-0.10108069101909167,-0.17537146465527143,0.8812562505146708,62.420410643958206,62.53029446526858,63.00571475865766,64.54654614770838,60.97145426427892,0.00765100469425728,0.007091718398175843,Tokyo
2016-01-15,61.90999984741211,62.02000045776367,61.34000015258789,61.40999984741211,26376,40.54930746286332,-0.3193888429690048,-0.1447423214090743,-0.17464652155993052,0.8668808258476033,62.32418104428715,62.48636134299971,62.984579461819976,64.53570160431894,60.79829879240957,0.0001628391088719372,0.007253335767838352,Tokyo
2016-01-19,61.400001525878906,62.93000030517578,61.29999923706055,62.470001220703125,17131,50.47111733436016,-0.26483042468409934,-0.16875994206407932,-0.09607048262002002,0.9213894145810198,62.33806868013629,62.48571976957631,62.97776385597737,64.50524389707236,60.77675645387979,0.01577237757240857,0.00832138584790173,Tokyo
2016-01-20,62.45000076293945,62.459999084472656,61.52000045776367,61.970001220703125,13073,46.52668631943308,-0.2589532545214652,-0.18679860455555652,-0.0721546499659087,0.9234330823209084,62.303014636380745,62.46549551275776,62.96441600650354,64.37362294170518,60.736377668646384,0.006169850092121898,0.00802648872355754,Tokyo
2016-01-21,61.970001220703125,62.45000076293945,61.75,62.09000015258789,13073,47.58541733832388,-0.24182503541724287,-0.19780389072789378,-0.04402114468934909,0.9074736309365151,62.28272754268618,62.450770204515806,62.95283433956427,64.28620193701593,60.700798719111994,-0.0008046224260001011,0.007987153568687996,Tokyo
2016-01-22,62.09000015258789,62.75,62.04999923706055,62.45000076293945,17642,50.736667403112975,-0.19693165226859577,-0.1976294430360342,0.0006977907674384221,0.8926541403652933,62.298658325567445,62.45074003033634,62.94617429219176,64.22303600472488,60.69296474295579,0.0088852863247606,0.008117460024692427,Tokyo
2016-01-25,62.369998931884766,62.4900016784668,61.40999984741211,61.599998474121094,23330,44.00887551656077,-0.22732098876991813,-0.203567752182811,-0.023753236587107124,0.9060361182716812,62.232119292096364,62.41737761636712,62.92834414890606,64.19823048012941,60.60077006918699,0.003093936283684817,0.008553561909199864,Tokyo
2016-01-26,61.45000076293945,61.75,60.959999084472656,61.40999984741211,18450,42.64755679367972,-0.2636963310224374,-0.2155934679507363,-0.048102863071701085,0.897747889504227,62.153822202126435,62.37787260581987,62.90823362835648,64.0345050277553,60.53949552156111,-0.0169681663611001,0.007794683439083938,Tokyo
2016-01-27,61.349998474121094,61.470001220703125,60.70000076293945,60.86000061035156,19927,38.89671474397757,-0.3330650274128857,-0.2390877798431662,-0.09397724756971948,0.8886230729513287,62.030601098147876,62.318348213840714,62.88110471421072,63.80013673526511,60.46286375301614,-0.017911902347691577,0.00778755262860293,Tokyo
2016-01-28,60.86000061035156,61.52000045776367,60.66999816894531,61.36000061035156,19927,43.74089237311957,-0.34373206843203263,-0.2600166375609395,-0.08371543087109312,0.885864445513259,61.96673438502442,62.28076595488036,62.860957639987426,63.49161423141031,60.520386424717614,-0.011757119350013445,0.0081453772281899,Tokyo
2016-01-29,61.34000015258789,61.88999938964844,60.7599983215332,61.130001068115234,23581,42.08796021992788,-0.36651980401367723,-0.28131727085148706,-0.08520253316219017,0.903302775699117,61.88704549769974,62.235637920105255,62.83803106287654,63.077110836112794,60.650889804756346,-0.021136904382674793,0.008109475594825576,Tokyo
2016-02-01,60.849998474121094,62.0,60.849998474121094,61.790000915527344,26371,48.143740664801335,-0.32754701866142,-0.29056322041347366,-0.03698379824794634,0.9209241149976757,61.877803156540466,62.21816195914142,62.82414986887192,62.80306069005677,60.775940164435426,0.003084455294038335,0.008341208146966433,Tokyo
2016-02-02,61.61000061035156,62.5,61.4900016784668,62.29999923706055,22309,52.294955059309494,-0.252596428776954,-0.2829698620861697,0.030373433309215714,0.9272865583216428,61.91801230706619,62.22137126415785,62.8172074763976,62.74324090467726,60.804759812485834,0.014492743720238677,0.008282387227156239,Tokyo
2016-02-03,62.13999938964844,62.59000015258789,61.77000045776367,61.939998626708984,32085,49.29512193132337,-0.2197138622712771,-0.27031866212319117,0.05060479985191407,0.9196232109289687,61.920106242270265,62.21033704308143,62.805588816136826,62.61258955226274,60.86141099705366,0.01774561297282884,0.008366212964997288,Tokyo
2016-02-04,61.88999938964844,61.88999938964844,59.9900016784668,60.22999954223633,32085,38.111735084586,-0.3278574894139794,-0.28182642758134885,-0.04603106183263056,0.993221335022778,61.75914369940989,62.13267674893064,62.7714750509196,62.742681612709646,60.55431889083039,-0.01841592335194009,0.010156024768309258,Tokyo
2016-02-05,60.25,60.59000015258789,59.83000183105469,59.970001220703125,31368,36.74669005237763,-0.4295897415778427,-0.3113790903806476,-0.1182106511971951,0.9765625483449496,61.588749177628294,62.04786594390212,62.734369437274346,62.90134802594539,60.24965256914738,-0.018975950059604285,0.010016244569051517,Tokyo
2016-02-08,59.95000076293945,60.119998931884766,58.75,59.599998474121094,31771,34.8345589699977,-0.5339147765722885,-0.3558862276189758,-0.17802854895331266,1.0046651471692247,61.39934434872285,61.95187114116561,62.692854590080266,63.07888779931146,59.89211249060553,-0.03544266724320311,0.010075779752428344,Tokyo
2016-02-09,59.56999969482422,59.75,58.25,58.63999938964844,27184,30.412699288276116,-0.6861475397700545,-0.42193849004919154,-0.26420904972086295,1.0400462080857118,61.13654959071577,61.821993817576704,62.63917438875004,63.381456718562035,59.3035435103198,-0.05874799184965118,0.01056515701093147,Tokyo
2016-02-10,58.619998931884766,58.939998626708984,58.349998474121094,58.880001068115234,33682,32.712330891548945,-0.7784534449644482,-0.49324148103224286,-0.2852119639322054,1.0079000612644362,60.921640207610956,61.706621552891946,62.5893840136423,63.518655966478576,58.89534435395599,-0.0494026094032598,0.010631421253108134,Tokyo
2016-02-11,58.880001068115234,59.029998779296875,57.849998474121094,58.41999816894531,33682,30.62345139513856,-0.8785970099939746,-0.5703125868245893,-0.3082844231693853,1.0201929358295332,60.683388584880895,61.57773436136463,62.53416036007016,63.599771604930524,58.44222859343374,-0.03005149239660465,0.010363636249693208,Tokyo
2016-02-12,58.349998474121094,59.15999984741211,58.150001525878906,58.900001525878906,25941,35.268457027142915,-0.9087537004469723,-0.6380008095490659,-0.27075289089790644,1.019464749094081,60.51354219830928,61.47272523056127,62.48602580597492,63.58019645368333,58.161803744680924,-0.01784224900857312,0.010661830173619515,Tokyo
2016-02-16,59.0,60.439998626708984,58.959999084472656,59.849998474121094,11154,43.352309544220965,-0.8462413372618016,-0.6796489150916131,-0.16659242217018855,1.0566456313609403,60.450347557910405,61.40908888717146,62.451111536678845,63.526574193248145,58.059425867787006,0.004194630979874159,0.011339172228934206,Tokyo
2016-02-17,59.72999954223633,60.29999923706055,59.54999923706055,59.869998931884766,11134,43.51225028588947,-0.786025160502966,-0.7009241641738837,-0.0851009963290823,1.0347423719780147,60.395076260193676,61.34873241833668,62.416924614761044,63.30658715318871,58.019412678964606,0.02097543579533956,0.010495452666502193,Tokyo
2016-02-18,59.790000915527344,60.84000015258789,59.689998626708984,59.90999984741211,11134,43.85368903215954,-0.7266987363278687,-0.7060790786046808,-0.020619657723187967,1.0429751686852216,60.348878506595426,61.29231153320239,62.38372031320676,63.149135262596424,57.97086443222779,0.01749318547235279,0.010417640571694765,Tokyo
2016-02-19,60.099998474121094,60.41999816894531,59.79999923706055,60.0099983215332,6224,44.752725914289854,-0.6639593663311416,-0.697655136149973,0.03369576981883138,1.0127625803423304,60.31660420325617,61.24202474058791,62.35228028682698,62.95178507916107,57.96021443255768,0.027216710072289985,0.01041292467140622,Tokyo
2016-02-22,60.040000915527344,60.650001525878906,57.400001525878906,57.7400016784668,265,32.16272744032082,-0.7883204540560342,-0.7157881997311852,-0.072532254324849,1.1725652531750286,60.07121348660956,61.10469050285767,62.2911905039348,62.811126093579105,57.62987350969237,-0.019694394182696917,0.013107399032679013,Tokyo
2016-02-23,58.75,60.0,58.0,58.16999816894531,15,35.84456013748665,-0.842468931476887,-0.7411243460803256,-0.10134458539656133,1.2502390437720445,59.890145361117725,60.98960452897876,62.236605174994544,62.70833021377938,57.38966935897453,-0.028070181253257775,0.01312860958442806,Tokyo
2016-02-24,58.189998626708984,58.209999084472656,57.15999984741211,57.70000076293945,15,33.69208197651109,-0.9127848372688803,-0.7754564443180365,-0.13732839295084376,1.2359362004355083,59.68156016129122,60.86060045972232,62.176517699338184,62.63817677363854,57.088822890668105,-0.03624516799163735,0.013181079082186116,Tokyo
2016-02-25,58.0099983215332,58.06999969482422,57.970001220703125,58.15999984741211,15,37.63914233473367,-0.9207784565808126,-0.8045208467705918,-0.11625760981022082,1.1740835383961672,59.5366496552075,60.75469455335721,62.12331878739215,62.561160838128544,56.89583874988415,-0.029210482464649745,0.013326652708199204,Tokyo
2016-02-26,58.060001373291016,58.310001373291016,58.040000915527344,57.91999816894531,11,36.42098860070991,-0.935693494989728,-0.8307553764144191,-0.10493811857530888,1.1095061754938438,59.382682846992054,60.643529989262625,62.06764566661802,62.389799893120674,56.7231994507514,-0.0348275322620355,0.013100962156821603,Tokyo
2016-02-29,58.36000061035156,58.36000061035156,56.970001220703125,58.0099983215332,12,37.24124635052555,-0.9295363933089078,-0.8505115797933169,-0.07902481351559087,1.1295414050763155,59.25195098742455,60.540254237586964,62.013901993173185,62.212507324783616,56.58849174443026,0.004676076120847972,0.013136115425574958,Tokyo
2016-03-01,58.2599983215332,58.400001525878906,56.97999954223633,58.25,14,39.483407158048,-0.89497401287435,-0.8594040664095236,-0.03556994646482636,1.1502885892596204,59.15652708386031,60.45044034591689,61.96404898664109,61.841149866059425,56.605849111601714,0.0013753108745566678,0.012862643795276782,Tokyo
2016-03-02,58.84000015258789,59.31999969482422,58.84000015258789,58.040000915527344,14,38.197484021224376,-0.8744481544533613,-0.8624128840182912,-0.012035270435070133,1.14455366822852,59.05019125830479,60.355913309431024,61.912074840003825,61.238355894297904,56.78264325120991,0.005892550226901827,0.012591100221355508,Tokyo
2016-03-03,58.65999984741211,58.75,58.65999984741211,58.41999816894531,6,41.88581813772132,-0.8180882490992687,-0.8535479570344867,0.03545970793521802,1.1135140551031004,58.99017286884199,60.27999506862766,61.86582216886398,60.59506704446865,57.0739320552628,0.004470397562161832,0.012775099333320444,Tokyo
2016-03-04,58.93000030517578,58.93000030517578,58.93000030517578,58.93000030517578,6,46.5005809792904,-0.7239247539903602,-0.8276233164256614,0.10369856243530129,1.0704060608979113,58.984442148492825,60.2270540975119,61.82693711106679,60.404658701740836,57.13434047428455,0.017437882737572297,0.01156221356684789,Tokyo
2016-03-07,59.27000045776367,60.380001068115234,59.20000076293945,58.91999816894531,43,46.42272296499453,-0.6426979723480244,-0.7906382476101341,0.14794027526210973,1.0975199681865935,58.97830462663116,60.175797002273995,61.78843460852214,60.254366332466894,57.17963253838271,0.015686948349286967,0.01153833436450154,Tokyo
2016-03-08,58.209999084472656,58.209999084472656,58.209999084472656,58.209999084472656,12235,41.15506096933448,-0.6283726661491613,-0.7581851313179396,0.1298124651687783,1.0698399050641687,58.90513267023511,60.09870688785041,61.74103811151487,60.14186557164806,57.1531333602367,-0.0006867109961775641,0.011756210150672325,Tokyo
2016-03-09,56.84000015258789,56.900001525878906,56.0,56.59000015258789,16081,32.18197860566609,-0.7392188776121031,-0.7543918805767724,0.01517300296466928,1.1512798464504908,58.684643859030615,59.96111054529109,61.67281244318471,60.30002177743135,56.78997723074736,-0.024982783254083984,0.012821537989491205,Tokyo
2016-03-10,56.630001068115234,56.9900016784668,55.65999984741211,56.83000183105469,19997,34.46178134861778,-0.7984946201898495,-0.7632124284993879,-0.03528219169046165,1.164045702493648,58.50801128493767,59.838321968262214,61.60866925626908,60.3481341916886,56.53686489278405,-0.027216644774491483,0.012825133891648145,Tokyo
2016-03-11,56.560001373291016,57.45000076293945,56.4900016784668,57.150001525878906,14839,37.479604872081886,-0.8103090340731569,-0.7726317496141417,-0.03767728445901519,1.1494709440635766,58.37867702217017,59.73289763718836,61.54961405454206,60.37049512643856,56.38750429372745,-0.030205307484794663,0.012842866963540029,Tokyo
2016-03-14,57.150001525878906,58.369998931884766,57.150001525878906,58.290000915527344,16431,46.86623187719222,-0.7193909280089485,-0.7619835852931032,0.04259265728415462,1.1545085484880255,58.37023167868038,59.676313452025184,61.50644037058161,60.32502663490495,56.371972724225905,-0.010692418075294863,0.013525276196015542,Tokyo
2016-03-15,58.29999923706055,58.4900016784668,58.0,58.2400016784668,14671,46.53622541590926,-0.6439491495417187,-0.7383766981428264,0.09442754860110769,1.1070437720579371,58.35782882151719,59.619987500120935,61.46317628194433,60.11386566296771,56.422134016597724,0.0005154199358532452,0.0129547696450013,Tokyo
2016-03-16,58.0,58.5099983215332,57.52000045776367,58.31999969482422,13075,47.17711767425245,-0.5711222830611931,-0.7049258151264997,0.1338035320653066,1.0986833500373365,58.354226047546426,59.56900758618773,61.42154480396923,59.87638406192679,56.504615693932585,0.03057076404968373,0.01296401018341035,Tokyo
2016-03-17,58.369998931884766,58.88999938964844,58.220001220703125,58.36000061035156,13033,47.515906056615485,-0.5043647245165985,-0.6648135970045195,0.16044887248792095,1.0680629799593344,58.354776005908825,59.52159554791965,61.38099454974913,59.59641003506399,56.62958979708933,0.02692237779342821,0.012964153392521527,Tokyo
2016-03-18,58.36000061035156,58.54999923706055,56.81999969482422,57.15999984741211,16803,39.360224579937686,-0.542040604472362,-0.640258998498088,0.09821839402572596,1.1153441629791203,58.240987800337706,59.428983951821316,61.325087335148645,59.21493037364515,56.72606961109606,0.00017494875356516282,0.013646232953001465,Tokyo
2016-03-21,57.099998474121094,58.58000183105469,57.060001373291016,58.16999816894531,15255,47.524239592249906,-0.4848119764581682,-0.6091695940901041,0.12435761763193587,1.1442481840351602,58.23422688306224,59.379611960335986,61.28329807466913,59.23451918676485,56.74948044702422,-0.0020587192433902946,0.011410140125514699,Tokyo
2016-03-22,58.029998779296875,58.439998626708984,57.619998931884766,58.369998931884766,9404,48.988800474582575,-0.41849533266316996,-0.5710347418047172,0.1525394091415473,1.1210875776629499,58.24715755437867,59.340019292553585,61.244711331056095,59.253736184157,56.75026352592601,0.0022320956330952324,0.011314940151570203,Tokyo
2016-03-23,58.369998931884766,58.58000183105469,57.95000076293945,58.38999938964844,10193,49.14166397607692,-0.360173192516001,-0.528862431946974,0.16868923943097303,1.0860099698381127,58.260761538690076,59.302763610086714,61.206900576865266,59.29122085084656,56.781778721907344,0.0012002691219223927,0.011145820745284645,Tokyo
2016-03-24,58.2599983215332,58.310001373291016,57.33000183105469,57.720001220703125,14117,44.34737159959384,-0.3638218176440091,-0.49585430908638106,0.13203249144237195,1.0841519404635154,58.209260556024645,59.24069449677755,61.16071647943266,59.27551720941394,56.75348250066907,-0.01096640477990185,0.011319933889674536,Tokyo
2016-03-28,57.63999938964844,57.9900016784668,57.20000076293945,57.79999923706055,9276,45.036874919038134,-0.3561527013523218,-0.46791398753956925,0.11176128618724746,1.0631411529680743,58.170283287551875,59.184196643455316,61.11620366827542,59.27254875888501,56.74445105800952,0.011196630359638027,0.011290808263485512,Tokyo
2016-03-29,57.939998626708984,57.939998626708984,57.220001220703125,57.380001068115234,9398,42.08859971344228,-0.3795895416510291,-0.4502490983618613,0.07065955671083218,1.0386308853279158,58.095018314272195,59.11344387579492,61.06671754112098,59.271913684634804,56.682086406917925,-0.013580834204870662,0.011395276071772778,Tokyo
2016-03-30,57.290000915527344,57.91999816894531,57.279998779296875,57.66999816894531,15717,44.776744877752094,-0.37049225986270784,-0.4342977306620306,0.06380547079932275,1.0101572070650957,58.05454020519344,59.05683816180082,61.021727880562366,59.243149398854214,56.65285050959305,-0.01199247517130031,0.011416785278421212,Tokyo
2016-03-31,57.5099983215332,58.59000015258789,57.0099983215332,58.439998626708984,23174,51.247665581792035,-0.29771808792931154,-0.4069818021154868,0.10926371418617525,1.050860394492924,58.09125053105206,59.03264837611094,60.987532791107355,59.28135680869878,56.654642870866645,0.000856297954841434,0.01179215014610121,Tokyo
2016-04-01,58.2599983215332,59.38999938964844,58.150001525878906,59.20000076293945,24099,56.64734844789185,-0.17668153679582588,-0.3609217490515546,0.18424021225572873,1.0643702137269675,58.19684579123181,59.039211214810095,60.96385687020447,59.419456552126825,56.59454338683802,0.025641017167987945,0.012052450669686503,Tokyo
2016-04-04,59.290000915527344,59.47999954223633,58.72999954223633,58.959999084472656,18583,54.59108519412704,-0.09898429830061417,-0.30853425890136654,0.20954996060075237,1.0419151984607555,58.26952705725474,59.036104856757646,60.93731570747955,59.425141027578064,56.59185878931646,0.020069201777226597,0.011942192999376045,Tokyo
2016-04-05,58.959999084472656,59.18000030517578,58.540000915527344,58.900001525878906,12698,54.06275999584907,-0.04176849733548238,-0.2551811065881897,0.21341260925270733,1.0132069264027326,58.329572244742764,59.03076747123299,60.91033141368352,59.42145818991931,56.593541962668574,0.02649007370981571,0.011944429301089228,Tokyo
2016-04-06,58.849998474121094,59.279998779296875,58.650001525878906,58.75,12425,52.68981526463544,-0.008431242263831962,-0.20583113372331815,0.1973998914594862,0.9858348069038209,58.36961298333869,59.019756982165035,60.881717752575135,59.48489306974202,56.5841071743986,0.018727273545090073,0.011621182962194632,Tokyo
2016-04-07,58.779998779296875,59.369998931884766,58.560001373291016,59.029998779296875,25924,54.98771485237693,0.040119857263434255,-0.1566409355259677,0.19676079278940195,0.9732750034531015,58.43250686866804,59.02015862126825,60.857191673458864,59.50198344041456,56.81101666639697,0.010095827625811182,0.009478825607147679,Tokyo
2016-04-08,59.220001220703125,60.58000183105469,59.04999923706055,60.06999969482422,32550,62.310256524892246,0.16066429765007229,-0.0931798888907597,0.25384418654083196,1.0144698640462952,58.58845856639721,59.061328859446924,60.84676528963589,59.76771391672838,56.86928597646009,0.014695927714065249,0.010077612967556725,Tokyo
2016-04-11,60.439998626708984,60.83000183105469,60.279998779296875,60.709999084472656,26295,65.97816923758359,0.3043310977238036,-0.013677691567847032,0.31800878929165066,0.9962935977737362,58.79051004430916,59.12598259376166,60.84495381671982,60.194563787720185,56.79843586132766,0.02968114021665369,0.010212284413864625,Tokyo
2016-04-12,60.900001525878906,61.849998474121094,60.16999816894531,61.5099983215332,32962,69.9189598194602,0.4772399987696119,0.08450584649964475,0.3927341522699671,1.0451297911595967,59.049508927854305,59.21947340661545,60.85376235320742,60.82016681216749,56.49483257748094,0.044312338336825796,0.009735518443437547,Tokyo
2016-04-13,61.61000061035156,62.369998931884766,61.310001373291016,61.630001068115234,29080,70.47148687942763,0.6168441716950142,0.19097351153871864,0.4258706601562955,1.0461917745477505,59.29527008406963,59.31400390314485,60.864043660689646,61.35279159075143,56.30120773786185,0.04902129477642947,0.009701873013600358,Tokyo
2016-04-14,61.709999084472656,61.91999816894531,59.93000030517578,60.63999938964844,22590,60.58474070955724,0.6402166043748849,0.2808221301059519,0.359394474268933,1.1136064952064493,59.4233395417438,59.366003726144996,60.86107618690102,61.58134112051817,56.30465817757753,0.02727427822539985,0.010594735814938654,Tokyo
2016-04-15,60.099998474121094,60.560001373291016,59.16999816894531,60.029998779296875,19734,55.42503482826474,0.6025714063111209,0.34517198534698573,0.2573994209641352,1.1390632613133547,59.48111661198695,59.39204274783723,60.85006853911819,61.69271120883268,56.36028790615755,-0.0006659050396298216,0.010932220583244192,Tokyo
2016-04-18,59.79999923706055,62.16999816894531,59.61000061035156,62.150001525878906,14895,66.19912249983632,0.7353274228681528,0.42320307285121916,0.3121243500169336,1.2405585682619544,59.7352961275957,59.50019799403494,60.86728619457198,62.133812174307835,56.41818710852908,0.023719361935792715,0.011993811566569899,Tokyo
2016-04-19,62.15999984741211,63.11000061035156,61.5,62.689998626708984,7123,68.30085177342885,0.874035439064599,0.5133695460938952,0.36066589297070384,1.2669472855540693,60.01669636560649,59.625288214924126,60.89142808109035,62.68763581014553,56.316363518467746,0.019183878025935464,0.011633648698335466,Tokyo
2016-04-20,62.75,64.37999725341797,61.81999969482422,63.79999923706055,4732,72.13620631711694,1.0612963501404025,0.6229549069031967,0.4383414432372058,1.3593080193426181,60.37701092479259,59.78900237265497,60.929952202361484,63.44189810705788,56.105101252072984,0.03521009461847924,0.012035336722746894,Tokyo
2016-04-21,63.9900016784668,64.2699966430664,62.75,63.4900016784668,3787,69.60336546367176,1.1711870438858725,0.7326013342997318,0.4385857095861406,1.3707857781800314,60.67348623466633,59.93413960033387,60.96386014244235,63.98934131136574,56.06765827664696,0.04699871895620222,0.012184455624783678,Tokyo
2016-04-22,63.68000030517578,64.41999816894531,62.20000076293945,63.08000183105469,3961,66.28823107476438,1.2112303398315234,0.8283271354060902,0.38290320442543324,1.4314437515961622,60.90267819622713,60.05750674663665,60.991888509178935,64.3244359537097,56.26856369533815,0.05080798123903496,0.011889553066186158,Tokyo
2016-04-25,63.88999938964844,65.94000244140625,63.150001525878906,64.7699966430664,262,72.17181710457821,1.3636144986977783,0.9353846080644278,0.4282298906333505,1.5334835272215481,61.27099423878325,60.24231027198683,61.041929676515196,64.95937945384847,56.33061993579997,0.042155994414522224,0.012833125150556072,Tokyo
2016-04-26,64.98999786376953,64.98999786376953,63.45000076293945,63.459999084472656,92,62.99418164505857,1.3629628008425172,1.0209002466200459,0.34206255422247134,1.5339487824793003,61.479470890753674,60.36849414698628,61.07395708589212,65.15004162393353,56.74795756735065,0.01228266828252278,0.013830496855771835,Tokyo
2016-04-27,63.790000915527344,63.83000183105469,63.43000030517578,64.06999969482422,46,65.21253350023194,1.3955808890940204,1.0958363751148408,0.29974451397917967,1.4529525498649865,61.72618791971278,60.51365122729365,61.11363976945414,65.39267642614567,57.145322917726396,0.00423198214721654,0.013867557973226615,Tokyo
2016-04-28,63.45000076293945,63.70000076293945,63.43000030517578,63.689998626708984,7,62.691334287544834,1.3749188401070072,1.151652868113274,0.2232659719937331,1.394884466992376,61.913217510855276,60.63821387040798,61.14776372782838,65.56431862588612,57.498680717985955,0.0031500542283025013,0.013949293201041272,Tokyo
2016-04-29,63.5099983215332,63.5099983215332,63.2599983215332,63.7599983215332,17,62.97529853791948,1.3486460555577793,1.191051505602175,0.15759454995560418,1.325964169719762,62.089101397586504,60.76063679005995,61.182362861519834,65.75272741133706,57.76627168839438,0.010779906004120487,0.013814646036842756,Tokyo
2016-05-02,64.36000061035156,64.36000061035156,64.36000061035156,64.36000061035156,17,65.40581463964347,1.3605562097277186,1.2249524464272838,0.13560376330043478,1.274109749655376,62.30537751308794,60.90178831242433,61.224450778722904,65.95539955425195,58.103599698067384,-0.006330030167737144,0.013743145755080644,Tokyo
2016-05-03,62.619998931884766,62.619998931884766,62.5,63.04999923706055,48,56.66023086808884,1.2498810789746528,1.2299381729367576,0.01994290603789528,1.3159590968479606,62.376293867752,60.98603187809634,61.248630228502215,65.89607088403729,58.577928139400214,-0.0064607603738908725,0.014801576431100812,Tokyo
2016-05-04,62.5,62.5,62.5,62.16999816894531,5,51.662802919037546,1.078726619771757,1.1996958623037575,-0.12096924253200037,1.2612476782917168,62.35664665834184,61.03246192871787,61.26083377738225,65.68012475308612,59.1358740872459,-0.029655088729966028,0.015261614364830079,Tokyo
2016-05-05,62.5,62.5,61.810001373291016,61.630001068115234,9,48.817449611079894,0.8892613730961827,1.1376089644622425,-0.24834759136605977,1.220444174607236,62.28744231641549,61.05589483614523,61.2657234103721,65.42950114537462,59.64649792383924,-0.03234412942395437,0.015468299191366932,Tokyo
2016-05-06,62.0,62.0,62.0,61.630001068115234,13453,48.817449611079894,0.7306859077737684,1.0562243531245477,-0.32553844535077925,1.1596980858413453,62.22482886419642,61.0784088060264,61.270548280011084,65.30419877453616,59.927800432006805,-0.03340648226928544,0.015045731114147507,Tokyo
2016-05-09,61.810001373291016,62.060001373291016,61.18000030517578,61.33000183105469,17289,47.14448326542509,0.5741874028379925,0.9598169630672366,-0.3856295602292441,1.1397197274323374,62.139607241992444,61.08827519916477,61.27133574426332,65.25577853730103,60.03822094390015,-0.04707891159978539,0.014939009987679022,Tokyo
2016-05-10,61.540000915527344,61.970001220703125,60.599998474121094,60.900001525878906,25523,44.77589439432952,0.4107291492379588,0.8499994003013811,-0.4392702510634223,1.1561685145144585,62.02154955474354,61.08089191785944,61.26641741024498,65.29459144749353,59.93840835414221,-0.03409988480884674,0.014723099795321418,Tokyo
2016-05-11,61.060001373291016,61.75,60.54999923706055,60.599998474121094,21782,43.14715152825794,0.25405102449101236,0.7308097251393073,-0.47675870064829495,1.1592993894019579,61.8861637375414,61.06203335143833,61.25759066936917,65.3600284732982,59.769971068938126,-0.025253333457687877,0.014743376558616343,Tokyo
2016-05-12,60.650001525878906,61.369998931884766,60.54999923706055,60.72999954223633,18753,44.096129358444074,0.1387727951572586,0.6124023391428977,-0.47362954398563906,1.1350636969321195,61.77605286179806,61.04901241774414,61.2506027074204,65.35173951409571,59.78726004339941,-0.014603302130145934,0.014302030625768397,Tokyo
2016-05-13,60.65999984741211,61.040000915527344,60.25,60.619998931884766,15887,43.43546456146668,0.038098660293272246,0.4975416033729726,-0.45944294307970035,1.110416355403207,61.6659524875206,61.03218835947514,61.24225033953252,65.27847964380484,59.919519928949065,-0.01638815704569252,0.01411011017454083,Tokyo
2016-05-16,60.68000030517578,61.52000045776367,60.619998931884766,60.9900016784668,14579,46.34729992146691,-0.011695370545666606,0.3956942085892448,-0.4073895791349114,1.0953867247228999,61.601576219991664,61.03053397982776,61.2389092976641,65.31012102821335,59.77187855979935,-0.005543781875703924,0.011703205115521882,Tokyo
2016-05-17,61.0,62.5,61.0,62.20000076293945,20819,54.58147977186194,0.04594963619709347,0.32574529411081454,-0.2797956579137211,1.1250018387807788,61.658569033605744,61.076395422302724,61.2516389859459,65.28873930484765,59.74426049678809,0.021346456559744542,0.012414111167361543,Tokyo
2016-05-18,62.09000015258789,62.880001068115234,61.400001525878906,62.04999923706055,16864,53.48560483209711,0.07862352675225281,0.27632094063910223,-0.19769741388684942,1.1503588175990325,61.69584810060144,61.114575964057934,61.262213293907685,65.14047089646476,59.71752890517098,0.023927405931514434,0.011676061271326765,Tokyo
2016-05-19,62.099998474121094,62.150001525878906,60.599998474121094,61.06999969482422,19268,46.865246790135735,0.02515013248741127,0.22608677900876403,-0.20093664652135276,1.1789048343246595,61.63624349052742,61.11282787506838,61.25966741842314,65.03604874273043,59.57995086054106,0.005598553518042282,0.012102974796325305,Tokyo
2016-05-20,61.220001220703125,62.06999969482422,61.06999969482422,61.66999816894531,12922,50.87447457240218,0.030831537964928657,0.18703573079999697,-0.1562041928350683,1.166125917587184,61.63945822180531,61.134677690514536,61.265102262800916,64.95439977950387,59.52059945755667,0.01732100388586888,0.012326118472970993,Tokyo
2016-05-23,61.66999816894531,61.83000183105469,61.099998474121094,61.45000076293945,10702,49.402556675145085,0.017381774393122384,0.15310493951862206,-0.13572316512549967,1.1349743061119277,61.62141465429428,61.14704330119787,61.26755124955772,64.5303331138958,59.61266653515205,0.007542204817401421,0.01048209968538091,Tokyo
2016-05-24,61.380001068115234,63.20000076293945,61.150001525878906,63.0099983215332,26363,58.558621940816124,0.13109037713045524,0.1487020270409887,-0.01761164991053346,1.200333229751115,61.753660717840845,61.22010036081886,61.290630018722965,64.46214643876013,59.63585313399377,0.013022468627948536,0.011319534640721473,Tokyo
2016-05-25,63.04999923706055,63.41999816894531,62.369998931884766,62.900001525878906,14261,57.764869809443724,0.20990973315873873,0.1609435682645387,0.048966164894200026,1.1895950874160741,61.86283603289209,61.28597883788004,61.311946197625694,64.2491386474445,59.731861108414876,0.013698667192096892,0.011077691892455653,Tokyo
2016-05-26,62.88999938964844,64.55000305175781,62.849998474121094,64.33000183105469,25673,64.50152778537631,0.383344754583419,0.20542380552831477,0.17792094905510422,1.2260529081461202,62.09780420414567,61.405352288592766,61.35192044442608,64.39765106357154,59.64734901272241,0.05338140089276533,0.012168844663116381,Tokyo
2016-05-27,64.33000183105469,64.58999633789062,63.58000183105469,64.27999877929688,0,64.11641762718456,0.510869445250755,0.2665129334728028,0.24435651177795215,1.2106201651953927,62.305632258921975,61.51808352352234,61.390702938927674,64.5134226765474,59.58357744552291,0.04232204780031701,0.012171218555114702,Tokyo
2016-05-31,64.27999877929688,64.45999908447266,62.900001525878906,63.939998626708984,18683,61.43065632052877,0.5778375588691418,0.3287778585520706,0.2490597003170712,1.2355756932952753,62.461286198711214,61.61306058639241,61.4244684447261,64.41545960968037,59.63954031402568,0.04052071330927065,0.012044186539907265,Tokyo
2016-06-01,64.08000183105469,64.08000183105469,62.939998626708984,63.16999816894531,21251,55.73644020600445,0.5622958728070273,0.37548146140306193,0.18681441140396537,1.2287490869417343,62.528782576828746,61.6741169621788,61.447588043722384,64.43285271489418,59.63414710200036,0.002539277125443551,0.011429527557701708,Tokyo
2016-06-02,63.16999816894531,63.66999816894531,62.810001373291016,62.869998931884766,16995,53.64987780117637,0.5197798448981743,0.40434113810208444,0.11543870679608986,1.20240963756406,62.56127937254836,61.72101429432413,61.466427923035795,64.49648784061849,59.64051205256999,-0.00047698876417034963,0.0110049377834701,Tokyo
2016-06-03,63.22999954223633,64.11000061035156,63.060001373291016,63.91999816894531,20000,59.381407388346226,0.5643067724855513,0.43633426497877786,0.12797250750677341,1.205094783342827,62.6906811626814,61.80724895607398,61.49892554218691,64.7366516688174,59.629347934454096,-0.006373443967655046,0.011330015061772128,Tokyo
2016-06-06,63.849998474121094,65.9000015258789,63.810001373291016,65.55000305175781,30604,66.33995964137551,0.7227905750933417,0.49362552700169066,0.229165048091651,1.2683023097174742,62.96299753306963,61.954023626492955,61.55258219794282,65.32546923630478,59.432530565330964,0.019757378602657694,0.012459459355169058,Tokyo
2016-06-07,65.55999755859375,66.16000366210938,65.19999694824219,65.8499984741211,30693,67.44535439504318,0.8626531256430354,0.5674310467299596,0.29522207891307584,1.2462811957281679,63.23795000364596,62.10680695385092,61.60950161881935,65.88697291998837,59.32302654595402,0.02987175302525369,0.012319977919944705,Tokyo
2016-06-08,65.86000061035156,66.5,65.5,65.77999877929688,29558,66.89333817628247,0.9568172209237034,0.6453082815687083,0.311508939354995,1.2286896817475843,63.48004988704129,62.25085369210371,61.66473999180582,66.31755865941659,59.3804405318676,0.04131709175249987,0.012120510608701,Tokyo
2016-06-09,65.66999816894531,65.66999816894531,64.45999908447266,64.95999908447266,19792,60.632826388289764,0.9542755282268658,0.7071017309003398,0.247173797326526,1.2352118255387725,63.620997429653805,62.357094687882885,61.70838580760273,66.48812953894907,59.645869713370274,0.03324320324630925,0.012523519472272378,Tokyo
2016-06-10,65.05000305175781,65.51000213623047,64.4800033569336,64.75,22770,59.107174120240956,0.9246571750366357,0.750612819727599,0.17404435530903672,1.2205537508072086,63.728521483972486,62.45093411188748,61.748672088296736,66.58168793006887,59.95431136802684,0.012985010244539241,0.012611109948041002,Tokyo
2016-06-13,65.02999877929688,66.25,63.709999084472656,63.790000915527344,21498,52.59227354570537,0.8143333853138657,0.7633569328448524,0.05097645246901328,1.314799976858647,63.73437666793009,62.50344653555963,61.775709556207076,66.50154872544309,60.35145077101687,-0.026849764367528506,0.013213042597037558,Tokyo
2016-06-14,63.790000915527344,63.790000915527344,62.58000183105469,63.040000915527344,19664,48.12903708230032,0.6587881553565538,0.7424431773471928,-0.08365502199063901,1.3073141988310761,63.66824564389174,62.52448788379366,61.79245513712523,66.39140146820802,60.666597951958,-0.042672704991756016,0.013563133944424122,Tokyo
2016-06-15,63.220001220703125,63.4900016784668,62.52000045776367,62.599998474121094,13954,45.67980093853546,0.494314767268051,0.6928174953313644,-0.19850272806331337,1.2832204146790795,63.5665078181993,62.527449083414346,61.80315107536359,66.377694230603,60.720304960681176,-0.04834296692289741,0.012999869774347033,Tokyo
2016-06-16,62.720001220703125,63.77000045776367,62.29999923706055,63.29999923706055,10404,50.03600996421604,0.4156611506552039,0.6373862263961323,-0.22172507574092837,1.2965619008236542,63.54112604856704,62.55774516787106,61.82297687882977,66.3546849303777,60.86831426090647,-0.02555418520331998,0.013200730400372068,Tokyo
2016-06-17,63.27000045776367,65.0999984741211,63.11000061035156,64.56999969482422,8268,56.80428599601876,0.4506116453738116,0.6000313101916682,-0.14941966481785662,1.346093041034074,63.639114014877244,62.63665711010452,61.85936128698864,66.28243579390904,61.29056339737513,-0.0027799274930622175,0.013212219758505572,Tokyo
2016-06-20,64.55000305175781,65.3499984741211,63.939998626708984,64.38999938964844,4391,55.65357032588641,0.4585003374570036,0.5717251156447353,-0.11322477818773169,1.3506578129182194,63.710626907712594,62.70541563087095,61.89287967245433,66.22150523267688,61.62349408067762,0.009405838932587951,0.013161033643434046,Tokyo
2016-06-21,64.55999755859375,64.69000244140625,62.45000076293945,62.849998474121094,5816,46.89988177275008,0.3366067857142312,0.5247014496586345,-0.18809466394440333,1.414182374743118,63.628662294989596,62.71108554629253,61.90555674267508,66.04675237658304,61.93824670788961,-0.0030139980749818163,0.014385739192613881,Tokyo
2016-06-22,62.83000183105469,63.45000076293945,62.529998779296875,62.939998626708984,3682,47.42038379590324,0.2444496643476768,0.468651092596443,-0.2242014282487662,1.3788837753787937,63.56307527896287,62.72006252983827,61.919257959682156,66.0505262983708,61.927472816619435,0.0054313124740481555,0.013240520660374962,Tokyo
2016-06-23,62.939998626708984,65.44999694824219,62.91999816894531,64.87999725341797,3490,57.166898025062615,0.3242187655290394,0.4397646271829623,-0.11554586165392289,1.4611062756586568,63.688496419387164,62.8047658523316,61.958473049665415,66.1192774179771,62.056721269767046,0.02496047449290284,0.014870447788995307,Tokyo
2016-06-24,63.900001525878906,64.94000244140625,63.70000076293945,64.5,358,55.0156910356246,0.35270795261467214,0.4223532922693043,-0.06964533965463215,1.4453130901449527,63.76578247468362,62.871245622828404,61.99213565827912,66.13345594958737,62.059542555051294,-0.0010840900597035574,0.0141017229997371,Tokyo
2016-06-27,65.48999786376953,65.48999786376953,63.290000915527344,63.47999954223633,487,49.6182981772639,0.28964151905542934,0.39581093762652936,-0.10616941857110002,1.4992190800090408,63.73856505254578,62.895118325550285,62.01184246468915,66.10963884596895,62.00335973496367,-0.014132627054480151,0.014553547328282523,Tokyo
2016-06-28,64.36000061035156,65.0,64.36000061035156,64.66000366210938,10,55.105584474182976,0.331061120341559,0.3828609741695353,-0.051799853827976305,1.5007034641343715,63.82632111059946,62.96432951521927,62.04691744743644,66.16222057213598,62.02277851233668,0.028798810372820727,0.015108338892776107,Tokyo
2016-06-29,64.76000213623047,64.76000213623047,64.76000213623047,64.5,1,54.242886728505326,0.3469757737126571,0.3756839340781597,-0.02870816036550261,1.4006531077048516,63.890481004828075,63.024551887171455,62.07940860707305,66.1890057016289,62.12899356594924,0.024785532369379748,0.01483397386849009,Tokyo
2016-06-30,63.08000183105469,63.08000183105469,63.08000183105469,62.81999969482422,1,46.08485489364726,0.2214732609983585,0.3448417994621995,-0.123368538463841,1.402034897793456,63.78853040387533,63.0165302325696,62.0892177605532,66.19330134687016,62.11969799700191,-0.031750888498769614,0.016020424364132167,Tokyo
2016-07-01,63.619998931884766,63.619998931884766,63.619998931884766,63.619998931884766,1,49.94542361408147,0.18443877267149134,0.3127611941040579,-0.12832242143256656,1.3590323505982482,63.77247978749527,63.04019567175843,62.109493007855605,66.1900198514413,62.092979568724715,-0.013643427412639242,0.015829926988366192,Tokyo
2016-07-05,62.91999816894531,62.91999816894531,62.91999816894531,63.75,47,50.56489042247862,0.16369173713488294,0.2829473027102229,-0.11925556557533995,1.3119586657654771,63.77033885535286,63.068031135611044,62.13122157728798,65.99493411710365,62.10806499788659,0.004253315370363664,0.01467825485095,Tokyo
2016-07-06,63.400001525878906,63.540000915527344,63.400001525878906,63.779998779296875,2,50.71646189696429,0.14796456932635493,0.2559507560334493,-0.10798618670709437,1.243247223505164,63.77125884810943,63.09595143536343,62.15305968592386,65.69910895634398,62.19689018916383,-0.01360972522381998,0.014619203237724674,Tokyo
2016-07-07,63.66999816894531,63.66999816894531,63.66999816894531,63.66999816894531,13,50.109752905988316,0.12518153082352512,0.2297969109914645,-0.10461538016793936,1.1623010368513353,63.76161497390333,63.11846307197449,62.17315158636123,65.3686769415353,62.31632214293735,-0.01286824544270837,0.014618681594789209,Tokyo
2016-07-08,64.8499984741211,66.69999694824219,64.8499984741211,65.91999816894531,19,60.514683972312746,0.2853921812179081,0.24091596503675322,0.04447621618115488,1.2957080184545882,63.96717527819304,63.22832719342432,62.22277869341533,65.61248722867938,62.168511764240534,0.049347317560978876,0.01646607669105697,Tokyo
2016-07-11,66.37000274658203,68.1500015258789,66.37000274658203,68.13999938964844,71,67.6775010575391,0.5847551279793635,0.3096837976252753,0.27507133035408815,1.3624433997745171,64.36458709833164,63.42094178935468,62.301152477471405,66.6076424114955,61.51235652038926,0.07104684900424219,0.017945347612552103,Tokyo
2016-07-12,68.26000213623047,71.13999938964844,67.9000015258789,71.13999938964844,54,74.42836633987734,1.0519511104508297,0.4581372601903862,0.5938138502604435,1.4965544329170182,65.00986445940943,63.72364993054267,62.41822329750024,68.4845187147351,60.37048006456177,0.11592155905330892,0.01958446805108597,Tokyo
2016-07-13,71.5,75.13999938964844,71.5,73.37999725341797,156,78.1054359142469,1.584689090289558,0.6834476262102207,0.9012414640793374,1.6753719734229455,65.80701996360071,64.10233021771425,62.563412356519024,70.58380613188194,59.30519228120401,0.1505173825314854,0.019934002379222646,Tokyo
2016-07-14,73.13999938964844,74.62000274658203,72.38999938964844,73.81999969482422,53,78.7517717872033,2.019117171354708,0.9505815352391181,1.0685356361155898,1.7149885008165633,66.5701608903839,64.48341529524798,62.71250622854956,72.28071526654107,58.730283268615196,0.15941576594593831,0.01964286076560332,Tokyo
2016-07-15,73.33999633789062,74.51000213623047,73.33999633789062,73.86000061035156,70,78.81300553478098,2.3396621264608655,1.2283976534834677,1.1112644729773977,1.676061164925369,67.26443133990463,64.85112452329126,62.86015516075886,73.67548381337487,58.391514859110465,0.12044906950781376,0.019703645656060125,Tokyo
2016-07-18,73.66999816894531,74.44000244140625,73.55000305175781,73.62999725341797,31,77.43124343128196,2.545790673908755,1.4918762575685252,1.0539144163402296,1.619913895262731,67.87067571262018,65.19539404211976,63.00280207589342,74.80718268399433,58.16581574435041,0.08056938527950086,0.01962779509322505,Tokyo
2016-07-19,73.54000091552734,73.94000244140625,72.47000122070312,72.95999908447266,13,73.3945715283307,2.624828392205245,1.7184666844958691,0.906361707709376,1.609205847079902,68.35537317660614,65.49988835750615,63.13468547998056,75.6532884207559,58.17670997707125,0.025583352691018524,0.019837339808474064,Tokyo
2016-07-20,72.91999816894531,72.91999816894531,71.16999816894531,71.94999694824219,33,67.66764464784424,2.576269985220236,1.8900273446407425,0.6862426405794935,1.6221197805404335,68.69771829771433,65.75283379243697,63.25144457227542,76.16456132797575,58.57543691726351,-0.019487603689017252,0.019127876350038785,Tokyo
2016-07-21,71.87999725341797,73.47000122070312,71.77999877929688,72.66000366210938,30,69.47105415072392,2.565505159369863,2.0251229075865664,0.5403822517832966,1.626968542030849,69.0750788086091,66.02370319909079,63.37606124896197,76.69396603221637,59.01803271656294,-0.015713844994721282,0.019096795962832213,Tokyo
2016-07-22,72.75,72.75,71.72000122070312,72.5199966430664,24,68.65781361700203,2.5166660018783062,2.1234315264449144,0.39323447543339185,1.584327844692708,69.40316622141457,66.2784598047369,63.497172976036204,77.19401657344082,59.28198211430333,-0.01814248519106232,0.01838584565088704,Tokyo
2016-07-25,72.4800033569336,72.58999633789062,71.69999694824219,72.12000274658203,17,66.27095552527891,2.4178134052422706,2.1823079022043856,0.23550550303788498,1.5347329550466886,69.6619125571448,66.50753992010338,63.61138264187125,77.55376600727693,59.68423295512541,-0.020507871291083668,0.01837476167530019,Tokyo
2016-07-26,72.4800033569336,74.41999816894531,72.4800033569336,73.62999725341797,24,70.44767216140595,2.4332667627793825,2.232499674319385,0.20076708845999747,1.5893945598550168,70.0398253853613,66.78685197239024,63.7440795241434,77.98494650146478,60.268052232055744,0.009183089053627747,0.01793803245643271,Tokyo
2016-07-27,74.52999877929688,75.0,73.31999969482422,73.83000183105469,71,70.96061345592081,2.4335993395469586,2.2727196073648996,0.16087973218205898,1.5958663988064998,70.40079457066543,67.06305392763198,63.87766789906939,78.41927838395235,60.750720166462706,0.02612932540031787,0.017774086736793347,Tokyo
2016-07-28,73.8499984741211,73.8499984741211,71.37000274658203,73.0199966430664,46,65.96678270768142,2.3415107811116798,2.2864778421142558,0.05503293899742401,1.6590184937159687,70.65024238708457,67.29665952431569,63.99875834600975,78.6319501742208,61.39004804050088,0.004954486138359027,0.018104663228646404,Tokyo
2016-07-29,72.69000244140625,74.0,71.76000213623047,74.16000366210938,20,69.24703917863451,2.3336184729608505,2.295905968283575,0.037712504677275493,1.700517020148366,70.98450536565836,67.56581027481741,64.13334437668657,78.68384864148902,62.47214996996117,0.02261454902038751,0.016485903219569005,Tokyo
2016-08-01,74.16000366210938,74.91000366210938,73.9800033569336,74.16999816894531,72,69.274999053712,2.3016383805337455,2.297052450733609,0.004585929800136501,1.6454801119360385,71.28788563263808,67.82479803537144,64.26628018850457,78.65911577809692,63.55188275705933,0.028424782921412595,0.016549332657157714,Tokyo
2016-08-02,74.23999786376953,74.23999786376953,72.94000244140625,73.66999816894531,69,66.04018095252272,2.2104672154636944,2.2797354036796262,-0.06926818821593184,1.6208026341094128,71.51475349323877,68.0540215700214,64.3908327445369,78.38498218604155,64.81801616600922,0.0005432692790909854,0.016821884421599265,Tokyo
2016-08-03,73.66999816894531,73.81999969482422,73.19999694824219,73.83999633789062,17,66.61104809290175,2.1274074133962984,2.2492698056229607,-0.1218623922266624,1.549316927857457,71.73620519272943,68.2809225413104,64.51598722921707,77.86002951728125,66.34896859062891,0.0001353718893142286,0.016788047381533916,Tokyo
2016-08-04,73.52999877929688,76.16000366210938,73.52999877929688,75.86000061035156,67,72.52188910020017,2.1992280527318684,2.2392614550447423,-0.04003340231287389,1.62650892463996,72.12894761345535,68.57814128911593,64.66623906207978,77.1360087365284,68.2919896155224,0.03889350996779073,0.017196336203117127,Tokyo
2016-08-05,76.16000366210938,77.80000305175781,75.61000061035156,76.63999938964844,82,74.40601823655449,2.29265748129788,2.24994066029537,0.04271682100250995,1.6667584615518378,72.55857159214041,68.89429258717603,64.82483191410057,76.69555800504237,69.80444046907873,0.03344114893573247,0.01608578919109027,Tokyo
2016-08-08,77.01000213623047,77.0999984741211,75.98999786376953,76.05999755859375,28,70.53311215542274,2.2934620729244557,2.258644942821187,0.03481713010326848,1.6269900436089608,72.89204073180262,69.17530062527084,64.97364205508724,76.36199778471544,70.93000050630019,0.025481993208943843,0.015230766896815013,Tokyo
2016-08-09,74.5,74.5,73.05999755859375,73.05999755859375,58,54.67944963299472,2.0286398917438646,2.212643932605723,-0.18400404086185818,1.725062183351178,72.90803662006844,69.32764168147958,65.0807461014913,76.20939163995631,71.27460646795386,-0.00828017680891846,0.015794162435896368,Tokyo
2016-08-10,72.0,72.27999877929688,71.0199966430664,71.16000366210938,53,47.41115197606875,1.6464732578600945,2.0994097976565973,-0.45293653979650284,1.7475578070780469,72.74155729073901,69.39949901405329,65.16126606918161,76.35351217061117,70.90848657816812,-0.036294593833911426,0.015323108210729854,Tokyo
2016-08-11,71.16000366210938,71.7699966430664,70.75,71.2699966430664,56,47.84338250473784,1.3370660958011769,1.9469410572855133,-0.6098749614843364,1.6955891525057867,72.60140865762733,69.47285186224988,65.24217640790856,76.42063002718116,70.58636841642236,-0.060506247434156,0.015240522243567589,Tokyo
2016-08-12,71.30999755859375,71.88999938964844,69.80000305175781,69.87999725341797,45,43.03022854278616,0.9685327144349003,1.7512593887153907,-0.7827266742804904,1.7237610943189896,72.34222661913121,69.48881834817804,65.30360449857757,76.63320987073577,69.9757882371744,-0.08820462147790054,0.015743357684885745,Tokyo
2016-08-15,70.4800033569336,70.5199966430664,68.01000213623047,68.08999633789062,51,37.761770210940234,0.525966229055328,1.5062007567833782,-0.9802345277280502,1.779920623784486,71.9372523066321,69.43396258306873,65.3405103507539,77.08451394851707,68.97048406784035,-0.10478571491621913,0.016575697278626893,Tokyo
2016-08-16,68.08999633789062,68.08999633789062,66.2300033569336,68.01000213623047,51,37.54056232294999,0.16685088420608452,1.2383307822679195,-1.071479898061835,1.7856400778682393,71.56322848087957,69.37812099691821,65.3758678578463,77.41686751650298,68.14313080503024,-0.06912120984281733,0.016539073814895503,Tokyo
2016-08-17,68.61000061035156,68.95999908447266,68.2300033569336,68.36000061035156,59,39.218260057402986,-0.08848862033801197,0.9729669017467333,-1.0614555220847453,1.7259512828949497,71.25815915987691,69.33819470724893,65.41539279496557,77.63366688335945,67.5673318043847,-0.039347989146447104,0.016455868113390327,Tokyo
2016-08-18,68.37000274658203,69.55000305175781,68.37000274658203,68.5,23,39.91350398032496,-0.27636447890816385,0.723100625615754,-0.9994651045239178,1.687669222788614,70.99547733512672,69.3053243265725,65.45624851953556,77.74877351627227,67.03622480526094,-0.03886623787761734,0.016238461484536223,Tokyo
2016-08-19,68.61000061035156,68.61000061035156,67.29000091552734,67.56999969482422,47,36.894476552682654,-0.4945992701790374,0.47956064645679564,-0.974159916635833,1.6614071136483,70.66924136938363,69.23727238022943,65.48424522384403,77.91773155191436,66.37226707479462,-0.033056634936841855,0.016410988946042527,Tokyo
2016-08-22,67.1500015258789,68.56999969482422,67.1500015258789,67.91999816894531,27,38.77149525410778,-0.632024379134549,0.25724364133852673,-0.8892680204730757,1.6441636175980865,70.4074086836276,69.18561456802222,65.51650685225596,78.00926033104783,65.86073783789747,-0.0024966687926036846,0.016516496070995302,Tokyo
2016-08-23,68.56999969482422,68.68000030517578,68.18000030517578,68.12000274658203,13,39.872110824113605,-0.7165362858935111,0.06248765589211916,-0.7790239417856303,1.5810092260718283,70.18956049914706,69.1438258691422,65.55099024158478,77.90740026688732,65.4115984513744,0.0016174181281631839,0.01562704725434659,Tokyo
2016-08-24,68.08000183105469,68.08000183105469,67.30000305175781,67.41000366210938,15,37.30827780254465,-0.8312217661794961,-0.1162542285222039,-0.7149675376572922,1.5266514024112847,69.92484080038157,69.07583284141543,65.57561293589637,77.77374084723292,64.90325805413428,-0.01389697103218479,0.015612094387159369,Tokyo
2016-08-25,67.08000183105469,68.08000183105469,67.08000183105469,67.75,5,39.32044484479997,-0.8844802349914289,-0.2698994298160489,-0.61458080517538,1.489033445096193,69.71771310510714,69.02383939665404,65.60441276456001,77.65038959647892,64.49960964058162,-0.010948905109489093,0.015674061623231754,Tokyo
2016-08-26,67.87000274658203,68.44999694824219,67.87000274658203,67.70999908447266,13,39.161190937300056,-0.9193183649574621,-0.3997832168443316,-0.5195351481131305,1.432673695320907,69.5265022459991,68.97231624715674,65.63230132508866,77.32349913995064,64.18149963934623,0.0020719163871649737,0.01503470321480985,Tokyo
2016-08-29,67.0,67.08999633789062,66.45999908447266,66.69000244140625,19,35.24159966124988,-1.0175038871417712,-0.5233273509038195,-0.49417653623795166,1.4196255742265564,69.25635940746645,68.88281374497045,65.64631061139751,76.98189180818393,63.775107398359026,-0.018109478219942687,0.015172892622088567,Tokyo
2016-08-30,66.2699966430664,66.2699966430664,65.72000122070312,65.97000122070312,11,32.749802159439014,-1.1402703749816538,-0.6467159557193864,-0.4935544192622674,1.3875095489748828,68.94337291348899,68.76858580284231,65.65059790423601,76.68613739870626,63.30086211301249,-0.03156197062817623,0.015220950157308373,Tokyo
2016-08-31,65.22000122070312,65.69999694824219,65.22000122070312,65.31999969482422,10,30.64331550407887,-1.2753123846131587,-0.7724352414981409,-0.5028771431150177,1.341973152619534,68.59828974980663,68.63334713193964,65.64621912000538,76.31365973835403,62.82134010905807,-0.031004359201065146,0.015135173103930815,Tokyo
2016-09-01,66.0,68.08000183105469,65.98999786376953,68.01000213623047,28,46.09572537167318,-1.1519939650998623,-0.8483469862184853,-0.30364697888137704,1.4432609371631722,68.54226235803748,68.60890223014714,65.67752750432624,75.26078678608535,63.089213213914654,0.0038376699074607057,0.016870392305713213,Tokyo
2016-09-02,67.9000015258789,68.02999877929688,67.0999984741211,67.51000213623047,0,44.12774117889344,-1.0821348732863214,-0.8951045636320525,-0.18703030965426892,1.4065994634497871,68.44395186072252,68.56580810881708,65.70179869150377,73.71961503057909,63.717385244079104,-0.002953728414509027,0.016462953489634148,Tokyo
2016-09-06,67.52999877929688,69.12999725341797,67.52999877929688,69.05999755859375,33,51.09777192257881,-0.8914235867676865,-0.8943683682591794,0.0029447814914929094,1.4218420101453382,68.5026228795674,68.5851880872397,65.74627814669702,71.99797014172528,64.73903013293294,0.0355374873358234,0.017689606327278888,Tokyo
2016-09-07,69.0199966430664,69.08000183105469,68.7300033569336,69.52999877929688,22,53.0119364566738,-0.6943542639204452,-0.8543655473914327,0.16001128347098748,1.3452817575721778,68.60046820335116,68.62223948692822,65.79639365176457,71.14025163048721,65.2437487662413,0.05396388498893234,0.01575401047944303,Tokyo
2016-09-08,69.19999694824219,69.29000091552734,68.91000366210938,69.25,18,51.71327924366515,-0.5543784376573058,-0.7943681254446073,0.23998968778730156,1.2934755689732724,68.66232837446057,68.64685754626437,65.84213678220479,70.74883956755934,65.44416046295822,0.060165344818383204,0.014731198283571568,Tokyo
2016-09-09,68.98999786376953,68.98999786376953,68.0199966430664,68.87999725341797,19,49.97117585542987,-0.4679089531311007,-0.7290762909819061,0.26116733785080537,1.2889418395418668,68.68305874388508,68.65600027987824,65.88237334473742,70.20943942196439,65.74456066958834,0.012792164238501602,0.014740404706966477,Tokyo
2016-09-12,68.9000015258789,69.12000274658203,66.87000274658203,66.97000122070312,179,42.08890009650385,-0.5471942661190923,-0.6926998860093434,0.14550561989025113,1.3575888510031622,68.51991040834395,68.58988266971451,65.89677901196876,69.91614212253909,65.74685836574217,-0.007998828298622418,0.015387769630216937,Tokyo
2016-09-13,67.25,67.27999877929688,66.47000122070312,67.19999694824219,32,43.24973887246005,-0.5847293192134657,-0.6711057726501679,0.0863764534367022,1.3184751872596328,68.39420436452473,68.53537734730384,65.9140401766876,69.88635341323447,65.68764713608192,-0.026933111440866297,0.014362022824465394,Tokyo
2016-09-14,67.79000091552734,67.79000091552734,67.79000091552734,68.08000183105469,1,47.579475244188366,-0.5372737226475124,-0.6443393626496368,0.10706564000212437,1.2664415286900272,68.36428031371806,68.51751948392152,65.94272841052029,69.8916514318991,65.68934908689971,-0.020854263968057674,0.014681845465141579,Tokyo
2016-09-15,67.62000274658203,68.3499984741211,67.58000183105469,68.37999725341797,8,49.0077507489562,-0.47003937571760446,-0.6094793652632303,0.13943998954562586,1.2309811797169115,68.36577716511805,68.51212645527433,65.97501011704874,69.89381101297109,65.68918917013438,-0.01256321655714121,0.014669351111153412,Tokyo
2016-09-16,68.48999786376953,68.5,67.61000061035156,67.73999786376953,8,46.120689293557646,-0.4630604013630659,-0.5801955724831975,0.11713517112013161,1.2066253375691633,68.3061791364182,68.4818469026663,65.99838743819735,69.82919535057779,65.67780461890463,-0.016550514446948106,0.014808654168084506,Tokyo
2016-09-19,69.16000366210938,69.4800033569336,69.0999984741211,68.9800033569336,9,52.01853606119981,-0.35339768523331827,-0.5348359950332217,0.18143830979990339,1.2447239201116562,68.37035287170538,68.50138244989247,66.03787903977002,69.96810646406676,65.67989387162659,0.030013470204463655,0.015032806891404514,Tokyo
2016-09-20,68.48999786376953,69.5,68.48999786376953,70.81999969482422,13,59.16207132749396,-0.1166719441006876,-0.45120318484671484,0.33453124074602725,1.2279580784058572,68.60365256914527,68.59230861636038,66.10121838619459,70.49811318212008,65.43988730616118,0.05386909093716441,0.016049170442382018,Tokyo
2016-09-21,70.48999786376953,71.76000213623047,70.36000061035156,71.80999755859375,10,62.40523629683965,0.14910072476945402,-0.3311424029234811,0.48024312769293515,1.2402468960825037,68.90901875861655,68.71849249644798,66.17683135536544,71.21196928645587,65.09503068302656,0.05478841990626426,0.016264714392060384,Tokyo
2016-09-22,72.0999984741211,72.18000030517578,71.05000305175781,71.16999816894531,168,59.13570785602466,0.3045739388151958,-0.20399913457574576,0.5085730733909415,1.2323719216064655,69.12435013102882,68.81462997380082,66.24296601514794,71.65882933714407,65.02417008302196,0.04080141894694034,0.016203448865855546,Tokyo
2016-09-23,70.70999908447266,70.70999908447266,68.19000244140625,69.08000183105469,106,49.93502594992912,0.256189154331949,-0.11196147679420682,0.3681506311261558,1.3572021934587937,69.12012648341224,68.82503671330097,66.28054264847121,71.72872510418993,65.08727449908154,0.019781576757354147,0.01774079690883931,Tokyo
2016-09-26,69.3499984741211,69.83999633789062,69.3499984741211,69.16000366210938,6,50.25408183001211,0.2217432253271454,-0.04522053636993638,0.2669637616970818,1.314544501557161,69.12392430995482,68.83817267207777,66.31868120494325,71.80037503395438,65.16062502708077,0.0026094563122065484,0.017736998777883317,Tokyo
2016-09-27,69.38999938964844,69.38999938964844,69.38999938964844,69.38999938964844,6,51.21660089371512,0.2105759233142095,0.0059387555668927935,0.2046371677473167,1.2370767319844398,69.14926479373516,68.85981293551191,66.35936091599895,71.84722635066456,65.38377340519483,-0.0201920405441669,0.01732315212046977,Tokyo
2016-09-28,68.12999725341797,68.12999725341797,68.12999725341797,68.12999725341797,6,45.96908302882786,0.09891389607415135,0.024533783668344508,0.07438011240580684,1.2387142608591561,69.05219169465732,68.8311927126847,66.38281305291841,71.71869008680471,65.72830927232616,-0.05124635051230941,0.01769118002359189,Tokyo
2016-09-29,67.80000305175781,67.80000305175781,67.80000305175781,67.94999694824219,2,45.25573180764861,-0.004056820792612825,0.01881566277615304,-0.022872483568765867,1.1738056852020848,68.94722076642731,68.7966360160399,66.40357045550547,71.42124548096798,66.28875360350467,-0.04524380080858503,0.017516188676082386,Tokyo
2016-09-30,68.29000091552734,68.29000091552734,68.29000091552734,68.29000091552734,2,46.93096094678929,-0.057562828687792944,0.003539964483363845,-0.061102793171156786,1.1142484196365898,68.88462839967494,68.77676797288255,66.42855628941305,71.4188382543076,66.31916070809474,-0.01143602916310582,0.015048779431314123,Tokyo
2016-10-03,68.7300033569336,68.7300033569336,68.7300033569336,68.7300033569336,2,49.10163771213966,-0.06372759363665637,-0.009913547140640197,-0.05381404649601617,1.066087992620137,68.86990220512814,68.77493406637474,66.45903903202921,71.4000728585134,66.45992622595926,-0.006217470827164839,0.014999040830688886,Tokyo
2016-10-04,69.87999725341797,69.87999725341797,69.87999725341797,69.87999725341797,2,54.3564638305507,0.023906107546181943,-0.0031496162032757695,0.02705572374945771,1.0720812714675825,68.9661017335367,68.81826987763134,66.50434973694827,71.4771171612138,66.46488189274127,0.007061505520673528,0.014588366491634188,Tokyo
2016-10-05,68.02999877929688,68.02999877929688,68.02999877929688,68.02999877929688,2,46.109316647222464,-0.0552856698905515,-0.013576826940730917,-0.041708842949820586,1.1276467859428332,68.87694907122815,68.7873572855398,66.52455700903236,71.42138532666641,66.37061372728866,-0.0014677598437167205,0.01572904312226063,Tokyo
2016-10-06,68.12000274658203,68.12000274658203,68.12000274658203,67.70999908447266,4,44.841956689025906,-0.1422275148210872,-0.03930696451680217,-0.10292055030428503,1.053529441752999,68.76581097725145,68.74510794432149,66.54025822857461,71.39239267024631,66.24560629215604,-0.0035319775503792616,0.015736473537366336,Tokyo
2016-10-07,67.19000244140625,67.19000244140625,67.19000244140625,67.19000244140625,13571,42.78403567167054,-0.2502047322070524,-0.08148651805485223,-0.16871821415220017,1.0154199561325281,68.61573397383762,68.6841234147954,66.54886411218828,71.408478873101,66.06052060810016,-0.016107753102562627,0.015778504835766868,Tokyo
2016-10-11,67.69999694824219,68.04000091552734,67.0199966430664,67.13999938964844,13367,42.581665061360404,-0.33593977865017166,-0.13237717017391612,-0.20356260847625554,1.015747407298843,68.47518782296245,68.62356953145631,66.55669371851226,71.394347361104,66.0916519369917,-0.023134059211780245,0.014456026789328016,Tokyo
2016-10-12,67.13999938964844,69.79000091552734,66.76000213623047,68.97000122070312,32011,51.603928439179754,-0.25329968573770145,-0.1565616732866732,-0.09673801245102825,1.1596225052987024,68.52231290846156,68.63715508789737,66.58865805628963,71.38224129878976,66.28075842655203,-0.0130222677229761,0.015641527602154214,Tokyo
2016-10-13,68.70999908447266,70.05000305175781,68.4000015258789,69.30999755859375,18468,53.07908718137959,-0.15854435310289716,-0.156958209249918,-0.0015861438529791716,1.1946495781972883,68.59733049418844,68.66354106714036,66.62470228810824,71.42670528476376,66.35929401333195,0.018815210969640672,0.01542583186263943,Tokyo
2016-10-14,69.5999984741211,70.73999786376953,69.30999755859375,70.56999969482422,16639,58.16793722274642,0.01801391955076781,-0.12196378348978085,0.13997770304054866,1.2114603444100378,68.78520375139185,68.73830415057894,66.67695788289919,71.63039696293573,66.3746025793006,0.042238969857074204,0.015882383813335163,Tokyo
2016-10-17,70.48999786376953,71.26000213623047,69.8499984741211,71.19000244140625,17697,60.44146574826272,0.20559667227399814,-0.05645169233702505,0.2620483646110232,1.2256420099599905,69.01423219805989,68.83444918159178,66.73673330751518,71.90490794632912,66.44509205367088,0.059532666388697475,0.01573990580585265,Tokyo
2016-10-18,71.23999786376953,71.69999694824219,70.66999816894531,71.1500015258789,17765,60.214086810767995,0.3470292781857438,0.024244501767528723,0.32278477641821507,1.211667493484054,69.21763880070931,68.92525515587755,66.79518719120212,72.149858330302,66.41714148659254,0.059725978145432235,0.015310513808454393,Tokyo
2016-10-19,71.16999816894531,71.2699966430664,70.22000122070312,71.0999984741211,14870,59.91067622472438,0.44989470286884625,0.10937454198779224,0.340520160881054,1.2001194884039987,69.39691115055805,69.01053920757337,66.85220455918781,72.19798858451512,66.39701111030911,0.03088295223603099,0.014157970954468494,Tokyo
2016-10-20,71.11000061035156,71.79000091552734,68.94999694824219,69.80000305175781,23410,52.50352692070252,0.4216569283680087,0.17183101926383554,0.24982590910417318,1.3172540940383672,69.43530085543422,69.04149857401198,66.89124824783111,71.86054847431734,66.53345176982327,0.00706976641789403,0.014357833239699839,Tokyo
2016-10-21,69.80000305175781,69.91000366210938,68.61000061035156,69.06999969482422,14234,48.851042040908666,0.3364942226832852,0.2047636599477255,0.13173056273555972,1.3160218767326133,69.40051026870947,69.04261626502424,66.92010588289064,71.58838642032093,66.59561397640759,-0.021255491093760237,0.014405109919036565,Tokyo
2016-10-24,68.95999908447266,69.19000244140625,68.52999877929688,68.7699966430664,11938,47.39192608424053,0.24200474575094688,0.2122118771083698,0.029792868642577075,1.2691634328309536,69.34046135198156,69.03192529945727,66.94460774726383,71.57704606758972,66.57595381033997,-0.033993618701329,0.01280835194792339,Tokyo
2016-10-25,69.13999938964844,69.13999938964844,68.08000183105469,68.48999786376953,14410,46.01062221005018,0.14288055498253982,0.19834561268320383,-0.05546505770066401,1.2542230132425818,69.2594648292947,69.0106732431558,66.9650764905288,71.556752908953,66.52924638914271,-0.0373858553065789,0.012832118614851578,Tokyo
2016-10-26,68.2300033569336,69.87999725341797,68.22000122070312,69.26000213623047,18598,50.300624121199945,0.12501572577360776,0.18367963530128462,-0.05866390952767686,1.2832068003477435,69.25951600138382,69.02045084680579,66.99547285669705,71.54714552804201,66.52585404471189,-0.02587899264949134,0.01307293546290885,Tokyo
2016-10-27,69.05000305175781,70.0,68.77999877929688,69.76000213623047,13591,52.91685564721039,0.1494804239629275,0.1768397930336132,-0.027359369070685702,1.2786921160874136,69.30718134755969,69.04945285815577,67.03208913854519,71.61050406431056,66.6254959967246,-0.0005730789939605296,0.012429355051152986,Tokyo
2016-10-28,69.61000061035156,71.08999633789062,69.25,70.81999969482422,16853,57.96836402841036,0.25150265173168407,0.1917723647732274,0.05973028695845667,1.3187852747876432,69.45125928539441,69.11888606743689,67.08226013929061,71.80089352978342,66.72210680590993,0.025336615140178376,0.012769400387241928,Tokyo
2016-10-31,70.72000122070312,70.8499984741211,68.73999786376953,68.86000061035156,22346,47.76388281831867,0.17221526615972493,0.18786094505052692,-0.015645678890801984,1.3753006558993517,69.39494893539033,69.10873369657081,67.10580637069539,71.79606058309324,66.78393972208255,0.001308767946468059,0.014405768262002941,Tokyo
2016-11-01,68.76000213623047,68.91999816894531,68.0999984741211,68.19999694824219,21303,44.89772945456177,0.05548308770961796,0.16138537358234514,-0.10590228587272718,1.3356363015368422,69.28114398423337,69.07309696134224,67.12029896112647,71.80544583021587,66.72155383409076,-0.004234208272340334,0.014500384935738466,Tokyo
2016-11-02,68.25,68.77999877929688,68.06999969482422,68.5999984741211,16883,46.97448179483416,-0.00469707952686349,0.12816888296050344,-0.13286596248736693,1.2909479288894004,69.2162729832703,69.05454407949044,67.13989763017275,71.74054485266971,66.65845493370723,-0.009529362427843746,0.014029520043163502,Tokyo
2016-11-03,68.55999755859375,69.19000244140625,67.81999969482422,68.06999969482422,22862,44.577164290418445,-0.09407236013153408,0.08372063434209594,-0.17779299447363,1.296594701581731,69.10710409865638,69.01593449577804,67.15221686281716,71.73872917359516,66.66427070433453,-0.024225951686554392,0.012767271803557636,Tokyo
2016-11-04,68.0,69.04000091552734,67.69999694824219,68.52999877929688,15211,47.100538117850746,-0.12632859477690772,0.04171078851829521,-0.16803938329520293,1.29969536341769,69.05214168728881,68.99687819317093,67.17046562992286,71.70360780138857,66.78139204602353,-0.03233551151363112,0.012800006783609858,Tokyo
2016-11-07,68.12999725341797,69.47000122070312,68.05999755859375,68.44999694824219,29296,46.702285509217404,-0.15654284383074923,0.0020600620484863205,-0.15860290587923556,1.307574527609953,68.99479456928437,68.97543186984039,67.18741306460258,71.60455816001166,67.00644113808403,-0.0059541629171542265,0.012659257306591046,Tokyo
2016-11-08,68.54000091552734,70.11000061035156,68.19000244140625,68.75,32036,48.46211182616438,-0.15449914487139438,-0.029251779335489822,-0.12524736553590454,1.3513190734196214,68.9714808007811,68.96659140435646,67.20810958030322,71.46833218061143,67.30366717851943,0.008064561237080659,0.012675364076747134,Tokyo
2016-11-09,68.58000183105469,69.29000091552734,67.87000274658203,68.29000091552734,30563,45.95644334233128,-0.18783236587402996,-0.06096789664319785,-0.1268644692308321,1.3562247231000277,68.90657795456646,68.94005844401023,67.22243926686248,71.48453236242479,67.2194669661885,-0.004518914948820174,0.011233662488017757,Tokyo
2016-11-10,68.29000091552734,69.79000091552734,68.16000366210938,69.19999694824219,40751,51.31873403583271,-0.13921532141880277,-0.07661738159831884,-0.06259793982048394,1.3757799038370235,68.93452262063082,68.95025211084285,67.2486320838344,71.48005561076232,67.21294365681581,0.016600517973909934,0.011592963604237852,Tokyo
2016-11-14,68.5,69.01000213623047,67.97000122070312,68.9000015258789,17564,49.572482071190805,-0.12346980379859929,-0.08598786603837494,-0.03748193776022435,1.3653667483871692,68.9312348973211,68.9482814996678,67.27050452677538,71.32443783983584,67.20156161084776,0.0053991354614442155,0.010807621077776991,Tokyo
2016-11-15,69.0999984741211,71.33999633789062,69.08999633789062,70.69000244140625,20454,58.62026182784991,0.03306558707180329,-0.0621771754163393,0.09524276248814259,1.4421258957889227,69.09873656818635,69.01658428169677,67.31579588988308,71.21128184342814,67.26471760725545,0.0327246982181435,0.0121974657481249,Tokyo
2016-11-16,70.66000366210938,72.27999877929688,70.37000274658203,72.12999725341797,11319,64.18707425218166,0.27020184028378935,0.0042986277236864365,0.2659032125601029,1.4755451912836313,69.38742806201793,69.13867890803877,67.37956014635374,71.4949101813576,67.0790888420799,0.04916359641335233,0.01303085049309798,Tokyo
2016-11-17,72.26000213623047,73.48999786376953,70.9800033569336,73.37999725341797,8212,68.18786171060819,0.5526282285235595,0.11396454788366106,0.43866368063989847,1.549434428108796,69.76767274691318,69.30500511766148,67.45903613452678,72.16777130320142,66.63422759816578,0.07453501639554516,0.01353456724505757,Tokyo
2016-11-18,73.5,73.62000274658203,72.66999816894531,73.4000015258789,6004,68.24899258652667,0.7692004891524675,0.2450117361374224,0.5241887530150451,1.5066180102179334,70.11360882110039,69.46559321210137,67.53772441785596,72.87521088683697,66.28678786194233,0.06069371044594263,0.012697736889925754,Tokyo
2016-11-21,73.25,73.70999908447266,73.11000061035156,73.5999984741211,6364,68.89259379136908,0.9460679656969688,0.3852229820493317,0.5608449836476371,1.441859471925302,70.44564593091188,69.62772675178842,67.61801943846875,73.54666270741735,66.06833591929164,0.0682147582605912,0.012322363527519089,Tokyo
2016-11-22,73.5999984741211,73.8499984741211,72.79000091552734,73.72000122070312,6605,69.29477714717247,1.0834308178087895,0.5248645492012233,0.5585662686075662,1.414583620973048,70.75748929184438,69.78820810351057,67.69884038922683,74.14394512331468,65.96605396115798,0.04286318679658252,0.01220200223780633,Tokyo
2016-11-23,73.30000305175781,73.55000305175781,72.0,73.08000183105469,0,64.50488273225719,1.1276504136759087,0.6454217220961603,0.48222869157974835,1.4363991638109108,70.97868096224536,69.91729805361034,67.77011405070799,74.51634673332299,66.05265274787817,0.013170728043965019,0.012395760651211932,Tokyo
2016-11-25,72.18000030517578,72.80000305175781,71.95999908447266,72.6500015258789,155,61.43235043192367,1.1151426605814123,0.7393659097932108,0.3757767507882015,1.4137994197231336,71.13785434925809,70.0244628956601,67.83474832190231,74.78350463299755,66.12449478716847,-0.009948156920993378,0.012408596037582589,Tokyo
2016-11-28,72.01000213623047,73.31999969482422,72.01000213623047,73.2699966430664,83,64.08843778512318,1.1420932604046072,0.8199113799154901,0.3221818804891171,1.4063850010710348,71.34091552009697,70.15173872889171,67.90673836589124,75.12204564092141,66.1369532299282,-0.0017711836527232183,0.01243857033565006,Tokyo
2016-11-29,73.5,73.5,72.25,72.37999725341797,157,57.921813929198166,1.0791959925971923,0.8717683024518306,0.20742769014536178,1.3952146438516753,71.43987568517515,70.23912141612804,67.9659868279777,75.26763289480758,66.1473657319014,-0.01657610388581865,0.012478047511022834,Tokyo
2016-11-30,72.62000274658203,72.62000274658203,72.13999938964844,72.45999908447266,291,58.310136955323586,1.0240008890419432,0.9022148197698532,0.12178606927209001,1.3298424090718122,71.53703029463206,70.3262146580239,68.02551016912334,75.42472285770639,66.35027561641472,-0.017091727012568447,0.010427060110435859,Tokyo
2016-12-01,72.5,73.0,71.80000305175781,71.80000305175781,226,53.89155485660753,0.9164380800679339,0.9050594718294693,0.011378608238464594,1.3205677332982675,71.56207531912023,70.3840102813076,68.07550345233703,75.43839331654702,66.69660576792565,-0.0175150348553077,0.010398017573913537,Tokyo
2016-12-02,71.5999984741211,72.5,71.29000091552734,71.9800033569336,56,54.89542166307637,0.8360804839334577,0.8912636742502671,-0.055183190316809405,1.3126699726678666,71.60187798938817,70.44659824505764,68.1272186828615,75.4647323118571,67.0082672608968,-0.009222273294882899,0.010369413446940775,Tokyo
2016-12-05,72.5,72.5,72.41000366210938,72.30999755859375,54,56.754321885088366,0.7899185944000351,0.8709946582802208,-0.08107606388018573,1.256050449124905,71.66931794836013,70.51967272794141,68.18261972757318,75.42599054212195,67.47100881700891,-0.013102212753595133,0.010096466212405935,Tokyo
2016-12-06,72.47000122070312,72.5,71.7300033569336,72.38999938964844,86,57.214693355913134,0.7511318629762229,0.8470220992194213,-0.09589023624319837,1.2213323201207265,71.73795427610187,70.59301887153777,68.23834661051457,75.39076920754366,67.89223021262237,0.0001381892319702871,0.010065906843846662,Tokyo
2016-12-07,72.11000061035156,72.11000061035156,72.11000061035156,72.11000061035156,12163,55.007558083082195,0.6898474059569395,0.8155871605669249,-0.12573975460998543,1.1540942100618798,71.77338726031613,70.65250835149125,68.28962679594287,75.26221257387971,68.38678721249724,-0.004830230175866701,0.010139164329157548,Tokyo
2016-12-08,71.05000305175781,71.94999694824219,70.9000015258789,71.41999816894531,16269,49.89906342284976,0.5789280792802884,0.7682553443095977,-0.1893272650293093,1.1580874153769354,71.73973115637605,70.68260599139141,68.33108866843295,75.08646008533583,68.82953951793564,-0.005292546889427929,0.01048720901590358,Tokyo
2016-12-09,71.25,71.80999755859375,70.30000305175781,70.80000305175781,16199,45.78460763751074,0.43596970197415885,0.70179821584251,-0.26582851386835116,1.1832236361954356,71.65023324165051,70.6872097976803,68.36378952119222,74.7613324139131,69.40566740298144,-0.016393446098139308,0.010583101817504364,Tokyo
2016-12-12,70.7699966430664,71.77999877929688,70.6500015258789,71.69000244140625,16427,51.91409210267635,0.38999406192594677,0.6394373850591973,-0.24944332313325057,1.179421751711331,71.65402078448439,70.72653499939504,68.40784532145996,74.52913794731428,69.88686241889665,-0.008574127203988757,0.010541963876422897,Tokyo
2016-12-13,71.55000305175781,72.43000030517578,71.19000244140625,72.04000091552734,19279,54.11128586490059,0.3774489907419678,0.5870397061957515,-0.20959071545378372,1.1837486168583453,71.69078079696466,70.77804346669434,68.45595334257344,74.09302740026645,70.63697290490934,-0.004834900912723872,0.010461835092483118,Tokyo
2016-12-14,72.04000091552734,72.30000305175781,71.30999755859375,71.47000122070312,12087,50.09659678585238,0.3178487571418742,0.5332015163849761,-0.21535275924310193,1.1699098223087536,71.66975417065404,70.80517906489077,68.49587450652218,74.0032668414461,70.80473334165936,-0.008875320818629517,0.009113661309228013,Tokyo
2016-12-15,71.31999969482422,71.7699966430664,71.0999984741211,71.66999816894531,10507,51.457476806289385,0.28348538187744055,0.48325828948346905,-0.1997729076060285,1.1342018470685078,71.66977740858654,70.83909353955957,68.53791587953441,74.00981685096501,70.75218342369318,0.003500420140149174,0.007891498586047624,Tokyo
2016-12-16,71.66000366210938,71.69000244140625,70.9000015258789,71.04000091552734,11852,47.10022529287196,0.20307571572094218,0.42722177473096373,-0.22414605901002155,1.109616066244139,71.60979869496185,70.84697226018577,68.57105607868664,73.92649451469715,70.601506126172,0.0033898001896142116,0.006941578338915312,Tokyo
2016-12-19,70.9000015258789,71.0,69.52999877929688,69.56999969482422,28062,38.8366243038444,0.020497381716367613,0.3458768961280445,-0.3253795144116769,1.1382150712431625,71.41553212352018,70.7968949046814,68.58428711996,74.03864301558067,70.106357442183,-0.02957180463642406,0.008148563137239766,Tokyo
2016-12-20,69.54000091552734,69.83999633789062,69.31999969482422,69.33999633789062,13966,37.72146710433484,-0.1411297560963618,0.24847556568316326,-0.38960532177952506,1.0940566120876798,71.21786204869831,70.73976162755235,68.59429651357497,74.0401858490381,69.67881439510253,-0.037479241300991784,0.008049178373119689,Tokyo
2016-12-21,69.33999633789062,70.91999816894531,69.33999633789062,70.12999725341797,22467,43.70107646456791,-0.2031323721628837,0.15815397811395387,-0.3612863502768376,1.1287669848710375,71.11425587771923,70.71584929915493,68.61463692072522,73.80619806516148,69.55380178225062,-0.018749180696767453,0.008613973375448246,Tokyo
2016-12-22,70.12999725341797,70.7699966430664,69.76000213623047,70.19999694824219,10518,44.21220120275168,-0.24381100029555114,0.07776098243205287,-0.321571982727604,1.1202832364399589,71.02718359872142,70.69561979519757,68.63563506678504,73.65305299963137,69.4189463594995,-0.02051069147843343,0.008517991876378526,Tokyo
2016-12-23,70.19000244140625,70.54000091552734,69.8499984741211,69.87000274658203,7551,42.26417818386101,-0.2992275711838204,0.002363271708878227,-0.3015908428926986,1.089548893937551,70.91697589851766,70.66324265603618,68.65198430757705,73.57039006408311,69.22360941711807,-0.016469568607361706,0.008493511480305584,Tokyo
2016-12-27,69.7699966430664,70.23999786376953,69.5199966430664,69.73999786376953,8108,41.48861195399492,-0.3496058715493149,-0.0680305569427604,-0.2815753146065545,1.0631526315636635,70.80488275235118,70.62703697790808,68.66639508315576,73.32571709861196,69.11528250465952,0.002443555694854549,0.008130909338711537,Tokyo
2016-12-28,69.83000183105469,70.0,69.5999984741211,69.75,7756,41.577438921901454,-0.3842940461928066,-0.13128325479276964,-0.25301079140003696,1.0157846954433236,70.70441772831772,70.59264337093128,68.68074746616033,73.21769142826,68.9603084496697,0.005912946117150764,0.007814269057725184,Tokyo
2016-12-29,69.75,71.13999938964844,69.63999938964844,70.5,14684,47.9573813447773,-0.34726291184006186,-0.17447918620222808,-0.17278372563783378,1.0503715029116576,70.68494937323985,70.58901029756143,68.70484352621119,73.03261997460987,68.94937999487254,0.005275955526491849,0.00828524482976267,Tokyo
2016-12-30,70.68000030517578,71.95999908447266,70.43000030517578,70.6500015258789,16443,49.1533441142727,-0.3023265690509618,-0.2000486627719748,-0.10227790627898697,1.0846305940820302,70.68162100682451,70.59140211043663,68.73060720832599,72.94371993727502,68.9232798796195,0.006410321897428295,0.00810982301538042,Tokyo
2017-01-03,71.19000244140625,71.8499984741211,71.13999938964844,71.77999877929688,12604,57.143288509418866,-0.17353248460962334,-0.19474542713950455,0.021212942529881207,1.092871047950613,70.78622841372665,70.63801374450958,68.77099650065674,72.9136896974454,68.93330966168544,0.027336424182526242,0.008908244200565033,Tokyo
2017-01-04,71.77999877929688,74.2300033569336,71.56999969482422,74.08000183105469,37372,68.12306738407568,0.11282816669815077,-0.13323070837197348,0.24605887507012425,1.2048090918190961,71.09992112013884,70.77299366947214,68.84131445205273,73.38281148716388,68.64118829921307,0.0622312030430936,0.011361891209769609,Tokyo
2017-01-05,74.16999816894531,75.37000274658203,73.61000061035156,73.77999877929688,28247,65.75662356096126,0.3119671438879692,-0.04419113791998495,0.35615828180795417,1.2444657378484798,71.35516661148723,70.89091543848487,68.90672748949967,73.69179855391603,68.47120117142576,0.0577777602766576,0.011422870246739238,Tokyo
2017-01-06,73.93000030517578,74.19000244140625,72.9000015258789,73.98999786376953,19467,66.63045703088761,0.48118459265401725,0.0608840081948155,0.42030058445920176,1.2477182505398274,71.6061029212284,71.01244808261369,68.97405557392709,74.06248353927101,68.28851591141257,0.04950351579814938,0.011372135322075167,Tokyo
2017-01-09,73.98999786376953,74.18000030517578,72.80999755859375,72.98999786376953,17978,58.91996869420168,0.5285067010302242,0.15440854676189725,0.374098154268327,1.256452857399985,71.73790243956566,71.08999905442373,69.02724686253427,74.25221278763156,68.25578663253445,0.03312096655841534,0.011606219015528468,Tokyo
2017-01-10,72.98999786376953,73.69999694824219,72.81999969482422,73.19000244140625,15295,59.91898465365141,0.5755143397002058,0.23862970534955896,0.33688463435064686,1.2295631714012694,71.87619767783619,71.17235212842304,69.08238269801602,74.48393971048051,68.26305964865034,0.019643406047480383,0.011377219101797079,Tokyo
2017-01-11,73.25,73.80999755859375,72.98999786376953,73.13999938964844,16131,59.5292104961677,0.6017962708290554,0.31126301844545823,0.2905332523835972,1.2003086373600513,71.99655974562783,71.24951476611817,69.13612596545485,74.65357934271634,68.23841971123875,-0.012689017523919599,0.011094936738019364,Tokyo
2017-01-12,73.25,73.80000305175781,72.25,72.33999633789062,21926,53.52960802278179,0.5517115429883006,0.35935272335402674,0.19235881963427387,1.2252868098170342,72.02926799251001,71.29227874932494,69.1785613346262,74.68304807712934,68.23895051906206,-0.019517517826393993,0.011367732374523121,Tokyo
2017-01-13,72.33999633789062,72.75,72.0,72.2699966430664,0,53.02602553882894,0.5006000393323546,0.38760218654969236,0.11299785278266228,1.1913377519729602,72.05219453065824,71.33062062751087,69.21950749765189,74.74331754198063,68.25868059644709,-0.023246401815958828,0.011210389911407475,Tokyo
2017-01-17,72.2699966430664,72.87000274658203,71.80999755859375,72.11000061035156,16974,51.82591491347559,0.44208735392285803,0.39849922002432553,0.0435881338985325,1.1819568545454833,72.0576998715814,71.36118454840658,69.25779217464128,74.77609909586064,68.26989928670773,-0.012056408811799368,0.011213735620305169,Tokyo
2017-01-18,72.12000274658203,72.55000305175781,72.0199966430664,72.26000213623047,12813,52.90214342528131,0.40317198304339286,0.39943377262813906,0.0037382104152537954,1.1353889655559064,72.07696675392893,71.39643229694869,69.29755654499347,74.84470941248989,68.32328909214877,-0.012706657660249587,0.011009446620731712,Tokyo
2017-01-19,72.38999938964844,73.29000091552734,72.2699966430664,72.69000244140625,13939,55.940824715710036,0.4023901984875522,0.40002505780002173,0.002365140687530465,1.1278610951088328,72.13535110511724,71.4471605379078,69.34248960322411,74.89172152660565,68.58827725269121,-0.0061525424117774286,0.009785068826505577,Tokyo
2017-01-20,72.86000061035156,73.43000030517578,72.72000122070312,73.04000091552734,12811,58.29918741523435,0.42511215213022524,0.40504247666606247,0.020069675464162773,1.1001565785845968,72.2215082299182,71.50962486644191,69.39146326298972,74.91371212643837,68.93628711062219,0.009676591278316993,0.009712761254579257,Tokyo
2017-01-23,73.13999938964844,74.94000244140625,73.02999877929688,74.62999725341797,25740,66.95321231454434,0.5649069843357921,0.4370153782000084,0.1278916061357837,1.1580027988363666,72.45088813691818,71.6319924110292,69.46084781915434,75.24537444915775,69.0546247879028,0.03265533028882439,0.010436719986381841,Tokyo
2017-01-24,74.63999938964844,75.0,72.52999877929688,73.56999969482422,30919,58.27118936510083,0.5834369537903825,0.46629969331808324,0.11713726047229928,1.2517169718268493,72.55747019005209,71.70799269666823,69.51527367181222,75.33276179356704,69.30423771815171,0.020246832230134126,0.011137143690602607,Tokyo
2017-01-25,73.27999877929688,74.16999816894531,73.13999938964844,73.87999725341797,15003,59.908531967188225,0.6160350319256622,0.496246761039599,0.1197882708860632,1.2358799580747082,72.68342514846789,71.79316934595253,69.57308458017786,75.3769180570748,69.66108090532755,0.022418974111477974,0.01101763526175227,Tokyo
2017-01-26,73.94000244140625,74.93000030517578,73.66999816894531,74.19000244140625,16782,61.53399109960403,0.6592842530742757,0.5288542594465344,0.13042999362774133,1.2376029708001197,72.8269087001763,71.88716280067621,69.63423581012792,75.37232276125779,70.11067665890822,0.0206355750394851,0.01096609998551007,Tokyo
2017-01-27,74.19000244140625,74.97000122070312,74.19000244140625,74.8499984741211,13319,64.80555400588081,0.7383050158081517,0.570744410718858,0.1675606050892937,1.2049169571213165,73.01958391674248,72.00335243492896,69.70331875931988,75.38383637726385,70.60916289031427,0.024780908213392072,0.011015729411768125,Tokyo
2017-01-30,74.9000015258789,75.31999969482422,74.05999755859375,74.13999938964844,17741,58.992844344162584,0.7351640338233807,0.6036283353397626,0.13153569848361812,1.2088516127719702,73.12629015225734,72.08714251158462,69.76208274117853,75.3052535392202,71.05174566732278,-0.006565695856930898,0.011249110032902002,Tokyo
2017-01-31,74.16000366210938,75.12999725341797,74.0999984741211,74.94000244140625,17121,63.01793861905994,0.7881431200573275,0.6405312922832755,0.1476118277740519,1.1960764103808919,73.29902465598582,72.19901937157763,69.83066445906235,75.2999964764107,71.486002821685,0.018621758220265683,0.011397008056109346,Tokyo
2017-02-01,75.0,76.55999755859375,74.91000366210938,76.44000244140625,25699,69.13528391552703,0.9403273828325638,0.7004905103931331,0.23983687243943064,1.2284990879597122,73.59816539745442,72.36533243313954,69.91820535949074,75.8202841670968,71.43171549720985,0.034650856566861066,0.01166383529580604,Tokyo
2017-02-02,76.36000061035156,77.4000015258789,75.72000122070312,76.91000366210938,32545,70.76697538324063,1.086337060643217,0.77765982044315,0.30867724020006704,1.2607491749037172,73.9135785655168,72.54355483427561,70.01081195952543,76.40523482117192,71.1297650262402,0.036662638242279666,0.009611453999485974,Tokyo
2017-02-03,76.73999786376953,77.1500015258789,76.20999908447266,76.41000366210938,21823,66.7256460299252,1.148466157951944,0.8518210879449089,0.2966450700070351,1.2378386939396122,74.15133333662085,72.69518027850438,70.09556946551992,76.78947960726674,71.00852072842662,0.02084175310341041,0.009706834911177324,Tokyo
2017-02-06,76.45999908447266,76.5,75.55999755859375,75.62999725341797,21502,60.884314178730776,1.121832134261723,0.9058232972082718,0.2160088370534512,1.216564675901515,74.2921584715539,72.8102711402657,70.16887314482983,76.97359554427022,70.98840473038798,0.020097084920903896,0.010064900588137414,Tokyo
2017-02-07,75.75,76.08999633789062,75.05000305175781,75.08999633789062,38502,57.153989353747946,1.045103613786992,0.9336793605240159,0.11142425326297611,1.203952433775179,74.36814303025264,72.89967212840786,70.23405358447302,77.07955513531016,71.09244498676014,0.002001519770454374,0.009664713906842882,Tokyo
2017-02-08,75.2300033569336,75.72000122070312,75.06999969482422,75.25,30984,57.97559407249526,0.9858424882980046,0.9441119860788136,0.041730502219190946,1.1643845117825882,74.45212940832383,72.99184184886245,70.30048996083761,77.19448340280988,71.1835164751198,-0.015567797009405249,0.009661305617432515,Tokyo
2017-02-09,75.43000030517578,76.12999725341797,75.25,75.58000183105469,31003,59.69235973286049,0.9545030917363846,0.9461902072103279,0.008312884526056719,1.1440711361851155,74.55954582953629,73.09333831875234,70.3704172703769,77.33522593188114,71.28677419018918,-0.017292962784110855,0.009670447724019112,Tokyo
2017-02-10,75.58999633789062,76.2300033569336,75.55000305175781,75.81999969482422,36960,60.94202825807755,0.9382170340844027,0.9445955725851428,-0.006378538500740105,1.1109232196844487,74.67958905480181,73.2002662158532,70.44259717003847,77.43118163287656,71.5388188248871,-0.007721553972097617,0.009203518439114015,Tokyo
2017-02-13,75.9000015258789,76.94999694824219,75.88999938964844,76.61000061035156,31297,64.8095854330262,0.9777853863468948,0.9512335353374933,0.026551851009401495,1.1122856506654144,74.86343777437797,73.33398129014726,70.52428463282408,77.6001861437239,71.80381471076828,0.01295786582736258,0.009336469048019323,Tokyo
2017-02-14,76.6500015258789,76.7300033569336,75.9000015258789,76.31999969482422,20888,62.368143874851235,0.9745094025635126,0.9558887087826973,0.018620693780815323,1.0921225206932195,75.00215795727762,73.45108005111499,70.60104907073136,77.62352217713513,72.20147858580432,0.01638038909202777,0.009388580973587347,Tokyo
2017-02-15,76.31999969482422,76.6500015258789,75.62999725341797,75.70999908447266,14067,57.464464800723874,0.9121762109950424,0.9471462092251663,-0.03496999823012392,1.0869712172480563,75.06957139796286,73.53966511124666,70.6687172828339,77.50926004567984,72.66074041208384,0.006112944644154794,0.009698249589022032,Tokyo
2017-02-16,75.7300033569336,75.83000183105469,74.95999908447266,75.01000213623047,20907,52.37540905008268,0.797104282003346,0.9171378237808023,-0.12003354177745629,1.0714734693433403,75.06389813494073,73.59732538673622,70.7262177444683,77.34901813791177,73.05298228933432,-0.007541673472016397,0.009993559088698516,Tokyo
2017-02-17,75.05999755859375,75.1500015258789,73.0199966430664,73.4800033569336,0,43.340713539118525,0.5758132181257167,0.8488729026497853,-0.2730596845240686,1.1470828560197088,74.91305101322577,73.59272452282238,70.76269172609037,77.28512197545152,73.1608786959352,-0.030862521067121063,0.011113592007298294,Tokyo
2017-02-21,73.4800033569336,73.94999694824219,73.37000274658203,73.5199966430664,8263,43.61451395938859,0.39906540209400987,0.7589114025386303,-0.35984600044462045,1.106576523565455,74.78037916844869,73.58987244910647,70.7992123210172,77.35288745504037,72.98211315531118,-0.040334211495458905,0.009930893164935598,Tokyo
2017-02-22,74.19999694824219,74.88999938964844,73.80000305175781,74.13999938964844,241,47.82396343986472,0.30549892314016347,0.668228906658937,-0.3627299835187735,1.1253926823523532,74.71939061808676,73.61144605461791,70.8434611563633,77.30727880872968,73.08472177110431,-0.028563945412641623,0.009591561492505072,Tokyo
2017-02-23,75.04000091552734,75.38999938964844,74.95999908447266,75.0199966430664,30,53.168040252130325,0.29890959462403544,0.5943650442519567,-0.29545544962792125,1.134293205041471,74.74801976332292,73.66668333259628,70.89877950718056,77.27432051763658,73.23168000116225,-0.009113755775328802,0.009896213247788171,Tokyo
2017-02-24,75.97000122070312,75.98999786376953,75.9000015258789,75.41999816894531,30,55.40399287388206,0.32224959178692814,0.539941953758951,-0.2176923619720229,1.1225580633030177,74.81201770671552,73.735440777159,70.95866319806487,77.27352899435249,73.35547109720025,0.005465884829202183,0.00991998523262441,Tokyo
2017-02-27,74.97000122070312,74.97000122070312,74.97000122070312,74.97000122070312,30,52.37448138014169,0.30096636187771253,0.4921468353827034,-0.19118047350499084,1.0745179836558156,74.82706375566673,73.78385491219994,71.01179350300048,77.27426692018723,73.3667334460237,0.020277596566398826,0.009842118895476362,Tokyo
2017-02-28,75.79000091552734,75.79000091552734,75.0,75.33000183105469,26,54.51716202731035,0.30957964796688486,0.4556333978995397,-0.14605374993265485,1.0563381058821302,74.87496261998939,73.84448812470406,71.06898831529259,77.25321449004275,73.50678612030882,0.024619222941150376,0.009624638706243069,Tokyo
2017-03-01,75.33999633789062,75.44999694824219,75.33999633789062,76.8499984741211,6,62.241430153195736,0.4340532693016854,0.45131737217996887,-0.01726410287828345,0.9894564638325136,75.06306127276383,73.96235127566159,71.14555798627045,77.44646387430511,73.50453633931794,0.03655245625549641,0.010323546010907554,Tokyo
2017-03-02,76.83999633789062,78.0,76.83999633789062,75.69000244140625,49,54.618096867883175,0.43409356523856957,0.44787261079168905,-0.013779045553119484,1.001638406566575,75.12276995549168,74.03010230176923,71.20574930355701,77.35961882241658,73.51638139120648,0.00893102943642643,0.009974453346574829,Tokyo
2017-03-03,77.0,77.0,75.98999786376953,77.27999877929688,8,61.5666975029258,0.5560155156164086,0.469501191756633,0.08651432385977559,1.0236640602828018,75.3282203196636,74.1575492224566,71.28620293899728,77.44378881959945,73.46921090574234,0.024661902088422893,0.010975153491023513,Tokyo
2017-03-06,78.12000274658203,78.27999877929688,78.12000274658203,78.38999938964844,8,65.53418016534863,0.733749109295303,0.522350775264367,0.211398334030936,1.0219737702626017,75.61981832632883,74.3235276603857,71.38029295821121,77.9067362091426,73.2042630889531,0.04561822213230626,0.01128085092947024,Tokyo
2017-03-07,78.44000244140625,78.5,77.33999633789062,77.27999877929688,16,58.977576400955066,0.7760902054054668,0.573098661292587,0.20299154411287978,1.031833048251657,75.77793075042102,74.43946770426456,71.45843475716599,78.11278671554402,73.16321273513958,0.025886060013851075,0.011528978389619611,Tokyo
2017-03-08,77.33999633789062,77.33999633789062,77.0,76.9000015258789,4,56.879558413111084,0.7701059248156525,0.6125001139972002,0.15760581081845237,0.982416140368726,75.88479463379797,74.5359592266808,71.53050848920192,78.25083163226714,73.20616833721527,0.0006506578106784122,0.01145541502300561,Tokyo
2017-03-09,76.62999725341797,76.62999725341797,76.62999725341797,76.62999725341797,17308,55.372293262406686,0.7351024476351,0.6370205807247802,0.09808186691031984,0.9315295783753126,75.95576631185702,74.61807836498421,71.5980513867412,78.34013672711373,73.2548629677105,0.012419008874248627,0.011500568612798329,Tokyo
2017-03-10,78.0,78.0,77.1500015258789,77.29000091552734,11745,58.28242650512783,0.7519506998398668,0.6600066045477975,0.09194409529206937,0.9628490903900782,76.08283627411133,74.7228596414761,71.67344144672514,78.50849464791965,73.25750495535185,0.00012942723069953033,0.011605088028022601,Tokyo
2017-03-13,77.1500015258789,77.58000183105469,76.80999755859375,76.87000274658203,11301,55.78929651092279,0.7230775312543472,0.6726207898891075,0.0504567413652397,0.9490744605379967,76.15780450958474,74.80706133187242,71.7422700732133,78.5974300265303,73.27356988191696,-0.01939018567293327,0.011684653364674545,Tokyo
2017-03-14,76.91999816894531,77.33999633789062,76.80000305175781,77.1500015258789,10516,57.1066157548953,0.7145519880471483,0.6810070295207157,0.03354495852643258,0.9198543766519122,76.25229946351752,74.89894133948052,71.81389565536782,78.66389821514666,73.26110178485335,-0.0016821591028906013,0.011486509916322687,Tokyo
2017-03-15,77.33000183105469,78.26000213623047,77.16999816894531,78.08000183105469,11838,61.237878233842444,0.7739174473370554,0.6995891130839836,0.07432833425307173,0.9334362504876014,76.42636635566392,75.02368880973833,71.89689043915176,78.91091969699434,73.19008051662871,0.0153446070450165,0.011726104046496726,Tokyo
2017-03-16,78.08000183105469,78.88999938964844,78.0,78.16999816894531,12108,61.62308066096365,0.8187884700615911,0.7234289844795051,0.09535948558208596,0.9303336175705182,76.59242652835738,75.14707349049155,71.97997795875169,79.18009815315918,73.16690196891113,0.020096580591468793,0.01152645936722151,Tokyo
2017-03-17,78.08999633789062,78.5999984741211,77.9000015258789,78.36000061035156,9344,62.47102472976881,0.8597697969230609,0.7506971469682163,0.10907264995484456,0.9138809983327802,76.76076691711873,75.27307063244686,72.06448157003116,79.44631580589405,73.23568416358839,0.013843960177897463,0.011238117566839527,Tokyo
2017-03-20,78.33000183105469,78.73999786376953,77.30000305175781,77.33000183105469,13703,55.333502549905276,0.7999145829028151,0.7605406341551362,0.039373948747678966,0.9514605564527044,76.81497976606501,75.35373460101972,72.13422356024338,79.3565584846945,73.71044133220003,0.005984116925156657,0.010550726865315748,Tokyo
2017-03-21,77.33000183105469,77.4800033569336,76.68000030517578,76.83999633789062,19422,52.273649402366345,0.7048148792111846,0.749395483166346,-0.04458060395516139,0.9406421632602121,76.81736229671507,75.41201937501465,72.19655167650362,79.14113445895335,74.2578653274236,-0.004018213633920631,0.010731192185184563,Tokyo
2017-03-22,76.76000213623047,78.18000030517578,76.66999816894531,77.33999633789062,16630,55.00768699449553,0.6621605258435324,0.7319484917017833,-0.06978796585825098,0.9813107327580876,76.86713696730321,75.48762631473528,72.26467677135642,78.9951468517085,74.72385262949267,-0.009477529147159158,0.010681557474137434,Tokyo
2017-03-23,77.61000061035156,77.97000122070312,77.2300033569336,77.2699966430664,11262,54.53666019383366,0.6156118627821172,0.7086811659178501,-0.09306930313573292,0.964074099258905,76.90550455547114,75.55752319035611,72.33097239879629,78.9292430668509,75.01475641435026,-0.011513388089555487,0.010450446244188533,Tokyo
2017-03-24,77.2699966430664,78.1500015258789,77.16999816894531,77.47000122070312,14929,55.70378506793873,0.5880813738385484,0.6845612075019898,-0.09647983366344137,0.9652119033785256,76.9592661426361,75.63252232880109,72.39903900570897,78.8997887846057,75.24921100177124,-0.011357827752886296,0.010415400022992636,Tokyo
2017-03-27,77.47000122070312,77.7300033569336,76.9000015258789,76.94000244140625,15269,51.90141156455534,0.5175310155047868,0.6511551691025492,-0.13362415359776247,0.9555540410696799,76.95743150442374,75.68379605870717,72.45918421677781,78.70995576038472,75.63604414806254,-0.005043312820559365,0.010449794607543639,Tokyo
2017-03-28,77.0,77.51000213623047,76.69999694824219,76.87999725341797,14264,51.473012738902526,0.45157199024133376,0.6112385333303062,-0.15966654308897243,0.9451576944210086,76.95005681385176,75.73070590948015,72.51773803183265,78.53109922912256,75.96990022156103,0.0005205741467171343,0.010425989341820497,Tokyo
2017-03-29,76.98999786376953,77.08000183105469,76.0999984741211,76.13999938964844,18145,46.387904460859154,0.3357174030790304,0.5561343072800511,-0.22041690420102067,0.9476466703147647,76.87290848773716,75.74675663419264,72.56571500345936,78.57899517792434,75.85100436431198,-0.015515865077100899,0.009668793450543315,Tokyo
2017-03-30,76.1500015258789,76.54000091552734,76.0999984741211,76.2300033569336,14905,47.072786094850535,0.248302103939551,0.4945678666119511,-0.24626576267240013,0.9113863682498708,76.81167942766062,75.76570748606483,72.61424862403518,78.49582071507437,75.9881789187147,-0.013459212259796738,0.00902650247261107,Tokyo
2017-03-31,76.2300033569336,77.4000015258789,75.80000305175781,77.33000183105469,24305,54.69098745717237,0.26473384637907316,0.4486010625653756,-0.18386721618630242,0.9605729472406725,76.86104346607911,75.82705236233895,72.67670893141292,78.49883921096861,75.99016072799623,-0.001807143248256815,0.008346622961253356,Tokyo
2017-04-03,77.30999755859375,78.06999969482422,75.44000244140625,75.47000122070312,34359,43.33307306705341,0.12621469166543875,0.38412378838538824,-0.2579090967199495,1.0798175405390509,76.72856325223378,75.8130503567846,72.7137061802777,78.46608343503263,75.73091668703768,-0.019105811984118537,0.009293484013604641,Tokyo
2017-04-04,75.43000030517578,75.72000122070312,74.55000305175781,74.8499984741211,31054,40.32671386001972,-0.033208964224044735,0.3006572378635017,-0.3338662020875464,1.086259013996641,76.54965232098496,75.77528361628801,72.74200144244782,78.66979734955174,75.28420274200099,-0.026404771745834332,0.008963934337618645,Tokyo
2017-04-05,74.6500015258789,75.19000244140625,74.6500015258789,74.87000274658203,18912,40.470219672464175,-0.1561393057733511,0.20929792913613113,-0.3654372349094822,1.0472405783916914,76.38968569485135,75.73978240571131,72.77018689018469,78.81342558335251,74.93757463027055,-0.01667975641248909,0.008937549550145741,Tokyo
2017-04-06,74.83999633789062,75.06999969482422,74.4800033569336,74.51000213623047,17788,38.66800523200834,-0.27939088353065245,0.11156016660277443,-0.3909510501334269,1.014580275498758,76.21066821307794,75.69155572847677,72.79323080072835,78.97711764272454,74.56188305917975,-0.022563310310371176,0.008958990719313411,Tokyo
2017-04-07,74.51000213623047,74.5999984741211,73.37999725341797,73.45999908447266,34565,33.922995516134606,-0.45653249549178554,-0.0020583658161375668,-0.454474129675648,1.029253200156213,75.94869972463934,75.6040437032217,72.80206216872496,79.21769358695173,73.93830693184711,-0.05004529490425913,0.009070150643381063,Tokyo
2017-04-10,73.5,75.29000091552734,73.3499984741211,75.1500015258789,29831,45.51247371651208,-0.4553009996170374,-0.09270689257631753,-0.36259410704071987,1.0943067173883585,75.8726332295193,75.58623812763965,72.8331607032568,79.20275475721988,73.78124563950863,-0.004240091289894332,0.010648156738236382,Tokyo
2017-04-11,75.11000061035156,75.80000305175781,74.41000366210938,75.01000213623047,31026,44.8113016770351,-0.4603155795205538,-0.1662286299651648,-0.294086949555389,1.1154276225497928,75.79047788730132,75.56364063778047,72.86199304011738,79.15469625863958,73.6153041991241,0.002137657519988956,0.010589415407824187,Tokyo
2017-04-12,74.87999725341797,75.16000366210938,74.58000183105469,74.7300033569336,24969,43.372107629229156,-0.4813347048074377,-0.22924984493361938,-0.2520848598738183,1.0771829231572854,75.68948031298058,75.53094897970803,72.88673489861827,78.96065009627448,73.47435051407707,-0.0018698996195085638,0.010116171685368611,Tokyo
2017-04-13,74.80000305175781,75.73999786376953,74.66000366210938,75.62000274658203,21190,48.981056835044484,-0.4213202823701323,-0.267663932420922,-0.1536563499492103,1.0773837287646333,75.682863401895,75.53444128429133,72.9229371217701,78.68403286675873,73.49596820135652,0.014897336981981146,0.010574039062758814,Tokyo
2017-04-17,75.18000030517578,77.19000244140625,75.18000030517578,77.02999877929688,11335,56.35643354184574,-0.25702074899191985,-0.2655352957351216,0.008514546743201734,1.1439993292979074,75.81116200926662,75.59309059782098,72.97733528941947,78.43422293262957,73.6127779523802,0.04859787284667716,0.011471104190719434,Tokyo
2017-04-18,77.26000213623047,77.48999786376953,76.27999877929688,76.81999969482422,15916,55.079331486866955,-0.14211909568781778,-0.24085205572566085,0.09873296003784307,1.1487135975246752,75.90724178884354,75.64120468005639,73.0282315067096,78.36084781334583,73.6351528580409,0.0222221974056811,0.011109452755678298,Tokyo
2017-04-19,76.80999755859375,77.75,76.58000183105469,77.66999816894531,7448,59.11767380052177,0.01732930407506217,-0.18921578376551626,0.20654508784057843,1.1502339240547208,76.07512334885323,75.72076520903242,73.0897118598518,78.49206743034549,73.58693342414671,0.03546188450819998,0.01129060571659281,Tokyo
2017-04-20,77.66999816894531,80.66999816894531,77.66999816894531,80.06999969482422,5840,67.89413360100653,0.3335088922320324,-0.08467084856600654,0.41817974079803893,1.2823600723365267,76.45558776275523,75.89132342416153,73.18216600336137,79.17609329938635,73.1759078907992,0.07145719387145144,0.013082189551060401,Tokyo
2017-04-21,80.0,80.30000305175781,78.4800033569336,78.98999786376953,3875,61.4963337270758,0.4912732794249308,0.030517977032180926,0.46075530239274987,1.320762902514219,76.69696015332802,76.01284006885204,73.25909092866479,79.48450295871555,73.0394983535403,0.044564863723703274,0.013516583468949973,Tokyo
2017-04-24,79.5,80.0199966430664,79.18000030517578,80.08999633789062,194,65.10324695652454,0.697028466421358,0.16382007491001635,0.5332083915113416,1.2999940365701228,77.0201064566197,76.17272854999082,73.3495664969989,80.01101213793623,72.77498868603837,0.039724751487548726,0.013812205582216177,Tokyo
2017-04-25,79.94000244140625,80.06999969482422,79.0,80.70999908447266,67,66.98077609401851,0.8997482369701686,0.3110057073220468,0.5887425296481218,1.2849942009501587,77.3715248021295,76.35066072781363,73.44705567034292,80.68038750307376,72.4826129852075,0.05063784698127938,0.013722819925453746,Tokyo
2017-04-26,80.83999633789062,81.19999694824219,80.6500015258789,80.69000244140625,24,66.85583963940067,1.046725553058991,0.4581496764694356,0.5885758765895553,1.2324942881939531,77.68757029158444,76.52083099109177,73.54298874015834,81.26454514598294,72.27945586109715,0.038882507321448934,0.013716857848417257,Tokyo
2017-04-27,79.91000366210938,79.91000366210938,79.2300033569336,79.31999969482422,22,58.768058799844084,1.04066225621537,0.5746521924186225,0.4660100637967475,1.2487446307852892,77.84303975855966,76.63060231280677,73.61950544154465,81.55260429271031,72.30939674488734,-0.009366804082159619,0.014156750857872814,Tokyo
2017-04-28,79.31999969482422,79.31999969482422,79.31999969482422,80.2300033569336,25,62.0519299345482,1.0966452957658106,0.6790508130880601,0.41759448267775046,1.159548585729197,78.07036962507145,76.77175529492939,73.70706170532463,81.96614215520435,72.2958588823933,0.015698259611332643,0.014307743371826045,Tokyo
2017-05-01,80.44999694824219,80.44999694824219,80.44999694824219,80.44999694824219,5,62.82279894540799,1.1455586155662445,0.772352373583697,0.3732062419825475,1.0924375146991538,78.29700079870676,76.91600006564754,73.79637210589308,82.34534911820496,72.22865143111143,0.004494951015264981,0.014038124585178446,Tokyo
2017-05-02,80.83000183105469,80.83000183105469,80.83000183105469,80.83000183105469,5,64.17649991561532,1.2011399979070063,0.8581098984483589,0.3430300994586474,1.0415494695643928,78.5382389922637,77.06949033095763,73.88953276450451,82.77344201649778,72.33655859385378,0.0014868386562170155,0.012600313208203555,Tokyo
2017-05-03,80.91000366210938,80.91000366210938,80.58999633789062,80.69000244140625,10,63.26256660568908,1.2198304173996632,0.9304540022386198,0.2893764151610434,0.9900107448968469,78.743168844563,77.21147119803405,73.97960521055619,83.08167351237918,72.6123274947009,0.0,0.012364461468431662,Tokyo
2017-05-04,80.20999908447266,81.55999755859375,80.20999908447266,80.83000183105469,13,63.81747592896629,1.2317407495963693,0.9907113517101698,0.24102939788619948,1.0157241541271502,78.94191484327649,77.35337436011329,74.07033894062903,83.3445603377344,72.94544057779294,0.019036839914776227,0.012347018216759336,Tokyo
2017-05-05,80.63999938964844,80.63999938964844,79.94999694824219,79.76000213623047,44,56.76074595866043,1.1416791738146799,1.020904916131072,0.12077425768360794,1.0060299204618182,79.01982791879593,77.44775191996102,74.14569871805422,83.35852696726673,73.45647394826062,-0.005858172766267322,0.012798879486876186,Tokyo
2017-05-08,77.4800033569336,77.4800033569336,77.4800033569336,76.77999877929688,14903,42.624332231403805,0.8203864557822982,0.9808012240613172,-0.16041476827901902,1.0970276960928937,78.80651085789125,77.42156552228792,74.18059010959387,83.02333837191486,74.1236625130949,-0.045618375489888674,0.0153811795379182,Tokyo
2017-05-09,77.19000244140625,77.81999969482422,77.06999969482422,77.43000030517578,16111,45.79542814047837,0.6111642319719834,0.9068738256434505,-0.2957095936714671,1.0929543546239258,78.67541461477549,77.42189629808745,74.22362865523071,82.87727117285975,74.49772959007971,-0.04206360817590171,0.014692982460562075,Tokyo
2017-05-10,77.52999877929688,77.56999969482422,76.36000061035156,76.48999786376953,24655,42.16596063907156,0.3652929019574458,0.7985576409062496,-0.4332647389488038,1.1013146924702637,78.46727968610826,77.38535126144754,74.25364679044314,82.72389859635629,74.79910173933706,-0.052051114767118656,0.014996633005169856,Tokyo
2017-05-11,76.33999633789062,79.20999908447266,76.16999816894531,79.18000030517578,44527,53.518842088614086,0.3830828763094303,0.7154626879868857,-0.33237981167745545,1.2397922798314838,78.53515784030516,77.45572965531923,74.31889650587006,82.46356164497715,75.50443838554042,-0.02041323133120332,0.0167104612227094,Tokyo
2017-05-12,79.22000122070312,82.18000030517578,79.1500015258789,82.18000030517578,27101,62.38667608361629,0.6319715128950634,0.6987644529685213,-0.06679294007345793,1.3676641726504404,78.88228569410235,77.64099517099989,74.42301708599331,82.69169686566332,75.93230292071362,0.03034099929952294,0.01830961166762151,Tokyo
2017-05-15,83.02999877929688,87.18000030517578,82.5199966430664,85.31999969482422,69381,69.04373201853653,1.0702520596746155,0.7730619743097402,0.29719008536487523,1.6271167317468376,79.49540131321872,77.94213260330673,74.56734798147451,83.87400386798868,75.57899600994102,0.11122689569291966,0.01954478797361921,Tokyo
2017-05-16,85.13999938964844,85.18000030517578,81.31999969482422,81.31999969482422,31029,55.55480935665762,1.082349330687947,0.8349194455853817,0.24742988510256536,1.7966083937649207,79.66917258765734,78.07459797944468,74.65678707701558,83.91946361660949,75.9835362613202,0.050238917400448724,0.022845588423612458,Tokyo
2017-05-17,81.31999969482422,83.04000091552734,79.62999725341797,80.16999816894531,24376,52.386032736764385,0.9877547708056369,0.8654865106294327,0.12226826017620418,1.9118509129323817,79.71687026206573,78.15677053589567,74.72980974048485,83.89659875137279,76.2564011265569,0.0481108694986494,0.023067535581303082,Tokyo
2017-05-18,80.36000061035156,80.62999725341797,78.83999633789062,79.23999786376953,17955,49.90689926417027,0.8281977007321757,0.8580287486499814,-0.029831047917805664,1.9031473416891647,79.67145384318037,78.19925003894956,74.78954733152173,83.87338586418413,76.19661383064009,0.0007577362763639961,0.022201106903964048,Tokyo
2017-05-19,79.4000015258789,79.5,78.41999816894531,79.44999694824219,21349,50.47681670244911,0.7105025135302014,0.8285235016260255,-0.11802098809582406,1.844351233786702,79.65036271032912,78.2482989373532,74.85127514101472,83.87547633252977,76.24052327074172,-0.033219802224333295,0.021994287407005833,Tokyo
2017-05-22,79.5,79.5,78.30000305175781,78.38999938964844,14469,47.53688719316842,0.5256360799823767,0.7679460172972958,-0.24230993731491912,1.7983259276763794,79.53032810835953,78.25385581783537,74.89814566086419,83.86250149632404,76.08349841212323,-0.0812236325593444,0.021955744468292918,Tokyo
2017-05-23,78.4000015258789,78.43000030517578,77.0999984741211,77.22000122070312,20876,44.45888764392687,0.28147436409616944,0.6706516866570705,-0.3891773225609011,1.7648742064891156,79.31029697620177,78.21331250030079,74.92889871463689,83.85820929933567,75.73879082273464,-0.050418082753412086,0.022065720761517655,Tokyo
2017-05-24,77.36000061035156,78.72000122070312,77.0999984741211,77.54000091552734,17306,45.498321257137995,0.11249892856908161,0.5590211350394727,-0.4465222064703911,1.754526245067181,79.14169735137564,78.18690812442732,74.96348284974802,83.79832205140171,75.48367791808072,-0.03280525525116862,0.022107964786606944,Tokyo
2017-05-25,77.51000213623047,78.13999938964844,77.0999984741211,77.16000366210938,16718,44.43486023014126,-0.05148444345351777,0.43692001934087465,-0.4884044627943924,1.7034887215286212,78.95296461906457,78.14663736119917,74.99257584064023,83.83513734018263,75.23086302602832,-0.02624929653880237,0.021834957252610452,Tokyo
2017-05-26,77.2699966430664,77.5999984741211,77.01000213623047,77.08999633789062,0,44.22974949557347,-0.18495935687380438,0.31254414409793885,-0.49750350097174323,1.6239535512687642,78.77553906847658,78.10520045832432,75.02035624457731,83.79853296484569,74.95346669946096,-0.029704225311537602,0.021628023941953855,Tokyo
2017-05-30,77.0999984741211,77.66999816894531,76.9000015258789,77.26000213623047,12771,44.894962623795166,-0.27386420419450985,0.19526247443944914,-0.46912667863395896,1.56295662925431,78.63120221778647,78.07205542608534,75.05002042857272,83.7055386668549,74.72746151625056,-0.01441506904217671,0.02162218575653464,Tokyo
2017-05-31,77.08999633789062,77.3499984741211,76.70999908447266,76.9800033569336,13114,43.96483875703248,-0.36273412447009434,0.08366315465754046,-0.4463972791276348,1.497031112139605,78.47394518341952,78.02922985474606,75.07558311636559,83.55173633247198,74.49626400322138,-0.003107975394659568,0.02156580992929179,Tokyo
2017-06-01,76.95999908447266,77.80999755859375,76.80999755859375,77.62999725341797,16436,46.72421460612251,-0.3763764677075443,-0.008344769815476494,-0.3680316978920678,1.461528889843919,78.39356919008603,78.01357367430182,75.10941641619411,83.36839972215407,74.37360009474045,0.001160644013773915,0.021702102305501972,Tokyo
2017-06-02,77.72000122070312,77.7699966430664,76.56999969482422,76.69000244140625,17229,43.396074928534446,-0.4577610638779106,-0.09822802862796332,-0.3595330352499473,1.4428480368723666,78.2313247378308,77.96166892007062,75.13035133043533,83.1628525604489,74.1651473174808,-0.006091254515244726,0.021801218959949874,Tokyo
2017-06-05,76.75,77.02999877929688,76.27999877929688,76.30999755859375,15982,42.0908200483956,-0.5466210536502416,-0.187906633632419,-0.3587144200178226,1.3933588913814832,78.04834119695109,77.89689749413036,75.14597578378843,83.07713943777308,73.90585998239293,-0.010118028490727737,0.02166505183456179,Tokyo
2017-06-06,76.30999755859375,76.66000366210938,75.91000366210938,76.0199966430664,18116,41.075455174112776,-0.6331453801674911,-0.2769543829394334,-0.3561909972280577,1.3474046848542345,77.85516552515256,77.82329353918668,75.15755221901065,83.11089095454012,73.79610825200284,-0.01604977295985044,0.01996772973124917,Tokyo
2017-06-07,76.05999755859375,76.22000122070312,75.6500015258789,75.79000091552734,15283,40.246243923107706,-0.7120670002320679,-0.3639769063979603,-0.3480900938341076,1.2918757569949477,77.65848318137873,77.743556573553,75.16592902293803,83.16065057471576,73.58234869286235,-0.015458591705803881,0.01986221134216033,Tokyo
2017-06-08,75.9000015258789,76.75,75.61000061035156,76.55000305175781,18102,44.25120254111462,-0.7051585036576427,-0.4322132258498968,-0.27294527780774586,1.2810274450416255,77.55291364522436,77.69675055309044,75.18426112928002,83.1587605542748,73.59023923210214,-0.013912073165925576,0.019826739371122466,Tokyo
2017-06-09,76.4800033569336,76.48999786376953,75.55000305175781,75.69000244140625,21986,40.90979992383217,-0.7603139068406932,-0.4978333620480561,-0.2624805447926371,1.2609540561100807,77.37549353057503,77.61805454871067,75.19095968970554,83.11340067138075,73.28659932861926,-0.013039509299325291,0.018209766487830865,Tokyo
2017-06-12,75.72000122070312,75.75,75.08999633789062,75.12999725341797,21492,38.85248621276597,-0.8395350621445061,-0.5661737020673462,-0.27336136007715994,1.2180290279671733,77.16163674227437,77.52048367438547,75.1901522402183,82.56636549012912,73.1286342046951,-0.01546324653292952,0.01568080802535338,Tokyo
2017-06-13,75.0999984741211,75.13999938964844,74.30999755859375,74.4800033569336,23922,36.554656784529655,-0.9438869326902051,-0.641716348191918,-0.30217058449828704,1.1903127996162814,76.90624308652764,77.40124915213246,75.18074629474434,80.72057633066241,73.89042373037275,-0.020257739465097346,0.012183767078723335,Tokyo
2017-06-14,74.47000122070312,74.83000183105469,73.4000015258789,73.5,16499,33.35190968650933,-1.0930644559478964,-0.7319859697431137,-0.36107848620478267,1.2074333357276743,76.58183898304881,77.24825898930374,75.1584847544166,80.18175536617818,73.64724472537455,-0.030215079665715905,0.0076167091017790714,Tokyo
2017-06-15,73.5,73.5,71.2699966430664,71.91000366210938,21242,28.924063853027135,-1.3243221725661414,-0.8504532103077193,-0.4738689622584221,1.2804740515280972,76.13690228581649,77.03891564313925,75.1154585147834,80.1068001582559,72.89620048261325,-0.060613967402603386,0.008264347502056305,Tokyo
2017-06-16,71.87999725341797,72.54000091552734,70.9000015258789,71.87999725341797,18987,28.84623091212967,-1.4928086763356987,-0.9789243035133153,-0.5138843728223834,1.3061544328224073,75.7314827589214,76.83660511805213,75.07260472324214,80.05085248985466,72.21614808997933,-0.050336967434209234,0.00820052277907842,Tokyo
2017-06-19,71.8499984741211,73.4000015258789,71.1500015258789,71.38999938964844,7237,27.54283137625211,-1.6468898558708247,-1.1125174139848173,-0.5343724418860074,1.3735719733350924,75.31800815232397,76.6230127365461,75.02382849365812,79.86368580014367,71.59731502383094,-0.049780354059568155,0.008014872935325188,Tokyo
2017-06-20,71.54000091552734,71.6500015258789,70.80000305175781,71.3499984741211,4059,27.43385415248045,-1.7520317093849087,-1.2404202730648357,-0.511611436320073,1.3361738662483782,74.94010246868561,76.41622786350983,74.97516849339935,79.75025380636365,71.00674692605824,-0.04202476828327262,0.007846665082457053,Tokyo
2017-06-21,71.33000183105469,71.94000244140625,70.76000213623047,70.88999938964844,4915,26.15237931617169,-1.851136715778253,-1.3625635616075193,-0.48857315417073366,1.3250186118860499,74.55437836592017,76.19951302139762,74.92106029334967,79.77558988081455,70.34841066850186,-0.035510212385735596,0.007478038194820979,Tokyo
2017-06-22,71.0,71.38999938964844,70.68000030517578,71.13999938964844,4839,28.11760979727461,-1.8877444932570597,-1.4675997479374274,-0.4201447453196323,1.281088645642236,74.22919941579906,76.00110072211335,74.87098001647945,79.61358820103341,69.8704121956951,-0.010707888099672935,0.007442806274195602,Tokyo
2017-06-23,71.23999786376953,73.0999984741211,71.02999877929688,72.6500015258789,4606,38.7244585930196,-1.7744570317732666,-1.5289712047045954,-0.24548582706867128,1.3374394348695204,74.07879961675904,75.86968506735907,74.84156308282911,79.33404407498328,69.69895610812218,0.010712358123028842,0.009344861168061552,Tokyo
2017-06-26,73.54000091552734,73.9800033569336,71.45999908447266,73.68000030517578,116,44.716853837082816,-1.5833121717862468,-1.5398393981209257,-0.043472773665321096,1.421908351840336,74.04081872994158,75.78381507668522,74.82617814537674,79.01925933460052,69.67274124523345,0.032077334852301354,0.010093236234928516,Tokyo
2017-06-27,74.5199966430664,74.5999984741211,74.33999633789062,74.44000244140625,92,48.70312628332344,-1.3548844082590819,-1.502848400148557,0.14796399188947507,1.3860576244906913,74.07883622627155,75.73111654196839,74.82106323539038,78.67376258993775,69.73623802041382,0.04330769493156916,0.010435935912763,Tokyo
2017-06-28,73.9000015258789,74.56999969482422,73.7699966430664,74.41000366210938,9,48.55430145489372,-1.1628695741203643,-1.4348526349429185,0.2719830608225542,1.3441965835811998,74.11037598206563,75.67930819373862,74.81561873773104,78.35294405243643,69.80005658843272,0.049654454828150785,0.010432054090526026,Tokyo
2017-06-29,74.19999694824219,74.44999694824219,74.0,74.0,13,46.46448329338274,-1.0318853714264407,-1.354259182239623,0.3223738108131824,1.2803251810569845,74.09986398377367,75.61345297045476,74.80481584054256,77.83100243839958,69.95899847712776,0.040202426692285353,0.010183937678749838,Tokyo
2017-06-30,75.30999755859375,75.30999755859375,75.30999755859375,75.30999755859375,13,53.37024178490781,-0.8130018134003478,-1.246007708471768,0.4330058950714202,1.2824446365953248,74.21511480042321,75.60155275822491,74.81150698912602,77.60077772795678,70.05122269928931,0.03661384689396496,0.01082937087824839,Tokyo
2017-07-03,73.69000244140625,73.69000244140625,73.69000244140625,73.69000244140625,13,45.54591898525868,-0.7614772480740584,-1.149101616392226,0.3876243683181677,1.3065553852090517,74.16510409956446,75.52659000070263,74.79665262425556,77.284092820859,70.10590809466834,0.00013575103405316646,0.011769475638901444,Tokyo
2017-07-05,73.62000274658203,73.62000274658203,73.62000274658203,73.86000061035156,2,46.43339561932892,-0.6988700879957292,-1.0590553107129268,0.36018522271719755,1.2182299787529922,74.13604662440133,75.46123355402219,74.78424663731643,77.00755347700822,70.16644783524764,-0.0077915342830787715,0.01179247744811633,Tokyo
2017-07-06,74.4800033569336,75.22000122070312,74.4800033569336,75.01000213623047,18,52.118437459003154,-0.5501165492545965,-0.9572675584212609,0.40715100916666436,1.2283564524386044,74.21928048267078,75.44353820430486,74.7872367763749,76.87941943712791,70.21658199719828,0.008063411431151746,0.012371239896308015,Tokyo
2017-07-07,75.29000091552734,75.29000091552734,75.29000091552734,75.29000091552734,23,53.414810001706975,-0.4049665345220035,-0.8468073536414094,0.44184081911940587,1.1606166186427664,74.32125385722854,75.43751713415672,74.7938959040458,76.61920351151025,70.35079770919288,0.01743244480442363,0.012169435060460738,Tokyo
2017-07-10,69.5,71.41999816894531,67.55999755859375,67.72000122070312,125,29.869213293300064,-0.8905046292955774,-0.8555468087722431,-0.03495782052333429,1.629858528520683,73.69256312994041,75.13486945127619,74.70020193473,76.97595920699584,69.19704189163699,-0.10078338313562352,0.026467146375012945,Tokyo
2017-07-11,67.55999755859375,68.29000091552734,66.97000122070312,68.1500015258789,57,31.710657354630982,-1.2264617489554865,-0.9297297968088918,-0.29673195214659476,1.6077257546852213,73.16470012002979,74.86095306204491,74.61344431342071,77.08102826213897,68.39397326373992,-0.0751798172341277,0.02659461231469152,Tokyo
2017-07-12,67.9000015258789,68.45999908447266,67.43000030517578,68.12999725341797,65,31.668997014671987,-1.4772950268459795,-1.0392428428163094,-0.43805218402967006,1.5664595421574823,72.68520460892391,74.5969940107262,74.52757084242731,77.13930554313546,67.70069537239189,-0.0775792487081367,0.026597505559222565,Tokyo
2017-07-13,68.3499984741211,68.3499984741211,66.48999786376953,66.54000091552734,54,28.467686603089348,-1.7838188695053532,-1.1881580481541183,-0.5956608213512349,1.5874267613142024,72.09994711431472,74.281033497189,74.42177521425644,77.43811560449967,66.7058854025804,-0.11291829062103231,0.026877441129923494,Tokyo
2017-07-14,66.54000091552734,67.75,66.48999786376953,67.18000030517578,18,31.470571642472564,-1.9525903747564968,-1.341044513474594,-0.6115458612819027,1.5640392880939356,71.63138075153958,74.00256160730613,74.3258576657918,77.63139606939788,66.03960460198883,-0.1077168350608827,0.026756440663087758,Tokyo
2017-07-17,67.52999877929688,68.6500015258789,67.05999755859375,68.56999969482422,14,37.59769726764189,-1.9516838777048662,-1.4631723863206485,-0.4885114913842177,1.5658939080361656,71.33982065090002,73.7895199636794,74.24962113637503,77.64675622637631,65.69324468915104,0.012551660643816298,0.027281977984657046,Tokyo
2017-07-18,68.5,69.0999984741211,67.8499984741211,68.86000061035156,13,38.82658398827361,-1.9055982713379649,-1.5516575633241119,-0.353940708013853,1.5433300574621538,71.10364731370493,73.59620547923517,74.17823543404359,77.65087826709737,65.43612277050028,0.010418181490473577,0.027298417844675252,Tokyo
2017-07-19,69.2300033569336,69.45999908447266,68.69999694824219,68.76000213623047,14,38.544710190176595,-1.8557521814209963,-1.6124764869434889,-0.2432756944775074,1.4873780630884619,70.8804430110883,73.40655044617617,74.10647075460236,77.64719393972236,65.18080746408624,0.009247099782921042,0.027297007084655687,Tokyo
2017-07-20,69.5199966430664,69.7699966430664,69.37000274658203,69.55000305175781,10,42.11970306239328,-1.7325307880089866,-1.6364873471565886,-0.09604344085239802,1.4532792376418529,70.75373444353302,73.25531329345388,74.04612018900177,77.63249706473111,65.06150470528841,0.045235979783824654,0.027430507528218493,Tokyo
2017-07-21,69.05999755859375,69.45999908447266,68.5199966430664,69.13999938964844,22,40.79337673621085,-1.6489527145010783,-1.6389804206254868,-0.00997229387559151,1.4230454641453925,70.60004539078211,73.09392843448113,73.98113845656,77.60953019920682,64.88447157081272,0.02917533604598166,0.027430617596652666,Tokyo
2017-07-24,69.3499984741211,69.3499984741211,69.06999969482422,69.0,4,40.326418721094264,-1.5758478764312116,-1.626353911786632,0.05050603535542031,1.3413992723704984,70.44766011546953,72.93338222136423,73.91516311276452,77.46685116946678,64.66215044796486,0.006270968456898451,0.026918098687006273,Tokyo
2017-07-25,69.47000122070312,69.47000122070312,69.47000122070312,69.55000305175781,1,43.08289718629767,-1.4567387384706478,-1.5924308771234352,0.1356921386527874,1.2791565543942574,70.3621689665446,72.80070068530124,73.85734642321476,77.17094421069484,64.54505768139501,0.010020366472412112,0.02675268382004483,Tokyo
2017-07-26,69.5,69.8499984741211,68.23999786376953,69.0199966430664,200,41.11209595558607,-1.3890983155370833,-1.5517643648061648,0.16266604926908146,1.302788272676922,70.23434303097525,72.65243778168418,73.79327556519955,76.71513512129522,64.45886619096063,0.0037811881727523033,0.026588736398289358,Tokyo
2017-07-27,69.33000183105469,72.0199966430664,69.33000183105469,70.5,256,48.23331784431645,-1.2022105560982936,-1.4818536030645908,0.27964304696629716,1.4240176817714276,70.25964369469189,72.56802845691226,73.74965602128962,76.24963854274357,64.53336240330135,0.013659193480339837,0.02716644539277672,Tokyo
2017-07-28,69.81999969482422,70.68000030517578,69.81999969482422,70.22000122070312,5,47.0735176040147,-1.064424202110402,-1.3983677228737532,0.3339435207633512,1.38373074809858,70.25586822097867,72.47594895745308,73.70290562657988,75.80894769551233,64.59605337260291,0.015620506806315992,0.027160179151578846,Tokyo
2017-07-31,70.33999633789062,71.12999725341797,69.83000183105469,70.5,12,48.40946924176898,-0.9220056551718727,-1.303095309333377,0.3810896541615043,1.3777496534032017,70.27911886659975,72.39846076304316,73.66048303549935,75.03304046807715,64.89096084417871,0.021739130434782705,0.026796893502936407,Tokyo
2017-08-01,70.7300033569336,71.16999816894531,70.51000213623047,71.16999816894531,19,51.56027435636573,-0.7464698381939456,-1.191770215105491,0.44530037691154534,1.3271959759419238,70.36396451444219,72.35028575935306,73.62749648097545,74.63494993898843,65.03705094602134,0.023292524027381134,0.026573877585045022,Tokyo
2017-08-02,71.16999816894531,71.8499984741211,71.16999816894531,71.75,12,54.16969859113249,-0.5541670453414298,-1.0642495811526786,0.5100825358112488,1.2809677137443423,70.49596789401912,72.32674514133922,73.60262897791618,74.24108011817806,65.21992070579655,0.03955380309639356,0.026652097040893722,Tokyo
2017-08-03,72.1500015258789,72.43000030517578,71.2300033569336,71.55000305175781,38,53.1073277225264,-0.4131413425920556,-0.934027933440554,0.5208865908484984,1.2751840876370455,70.59635219475614,72.29628466723798,73.57544187955646,73.43670780557233,65.678293109955,0.014893660308621381,0.02635379862976633,Tokyo
2017-08-04,72.0,72.22000122070312,70.4000015258789,70.98999786376953,86,50.14198675858966,-0.34261573472090845,-0.815745493696625,0.4731297589757165,1.314099488150415,70.6338422584717,72.24505773376863,73.54119758795663,72.23514694731529,66.44985366303627,0.010965488887507924,0.026340262369211862,Tokyo
2017-08-07,70.98999786376953,71.5199966430664,70.98999786376953,71.22000122070312,11,51.34366011557934,-0.26510832988445543,-0.7056180609341911,0.4405097310497357,1.2580922946608766,70.68966692154136,72.20485943913862,73.51045326521155,72.42031847273306,66.61468213761852,0.01021278327238484,0.010285535700805653,Tokyo
2017-08-08,71.37999725341797,71.94000244140625,70.62000274658203,71.91000366210938,75,54.858673001427,-0.1463190478077081,-0.5937582583088945,0.4474392105011864,1.262514251815401,70.80588946826212,72.19329646749041,73.48925525722345,72.72028213016986,66.69071869380474,0.010397716906039856,0.010376370377364332,Tokyo
2017-08-09,71.37000274658203,71.94000244140625,71.29000091552734,71.81999969482422,10,54.30755644729512,-0.05876287208592146,-0.48675918106429994,0.4279963089783785,1.218763342819937,70.90247139460136,72.17865737836625,73.46714591202611,72.95011432461287,66.82988674350237,0.0009756055027765331,0.010393059042077643,Tokyo
2017-08-10,71.61000061035156,71.61000061035156,68.8499984741211,69.26000213623047,54,41.52831558365346,-0.1937113958146739,-0.42814962401437473,0.23443822819970084,1.343851762668736,70.74604575094699,72.0642003100472,73.4114221534063,72.67313959321399,67.37886159697155,-0.03200560192668056,0.012292199648775292,Tokyo
2017-08-11,69.11000061035156,69.8499984741211,69.06999969482422,69.23999786376953,13,41.44624304705539,-0.29882854131624015,-0.40228540747474784,0.10345686615850769,1.3035765495707459,70.60261261883485,71.95344727293828,73.35617150056343,72.45010689269654,67.80789405334838,-0.02465136008819535,0.012169776325658934,Tokyo
2017-08-14,69.23999786376953,69.23999786376953,68.4000015258789,68.5,11,38.421294954415366,-0.43681099440232174,-0.40919052486026264,-0.0276204695420591,1.2704636773078801,70.40236379799344,71.81801796811718,73.2918513482381,72.45669423810214,67.79430673846035,-0.038191535721463055,0.01159756749431426,Tokyo
2017-08-15,68.29000091552734,68.29000091552734,67.66999816894531,67.68000030517578,7,35.343040127534735,-0.6053520829383388,-0.4484228364758779,-0.15692924646246087,1.2390021168612235,70.14309108439176,71.65574276564888,73.21752219534986,72.58477333937714,67.54822760666778,-0.05882357309852926,0.01184972797548555,Tokyo
2017-08-16,67.5999984741211,67.72000122070312,67.5,67.55000305175781,12,34.866124648273455,-0.7408714963609953,-0.5069125684529014,-0.2339589279080938,1.1662163385642164,69.896130319379,71.49473336510414,73.14245571662678,72.70787834796275,67.30412268963491,-0.05945414454483944,0.011851420534847517,Tokyo
2017-08-17,67.3499984741211,67.3499984741211,67.25,67.44999694824219,19,34.480655133823745,-0.8465823898203269,-0.5748465327263865,-0.2717358570939403,1.1043439609351875,69.66316523641359,71.3361162507174,73.06705891174752,72.83107663974019,66.97092378750591,-0.02613348443778707,0.01149169167231666,Tokyo
2017-08-18,67.79000091552734,67.79000091552734,67.79000091552734,67.79000091552734,0,37.02962555381435,-0.8926338287321443,-0.6384039919275382,-0.2542298368046061,1.0497482471030424,69.48476863442443,71.19705290423937,72.99716410385058,72.8965731652182,66.7704274146158,-0.020941608795180366,0.011532570744454582,Tokyo
2017-08-21,67.91000366210938,68.77999877929688,67.51000213623047,68.70999908447266,69,43.441444099956065,-0.8451513833058044,-0.6797534702031914,-0.16539791310261298,1.0654802753861399,69.41098105823855,71.09952138189558,72.94038046120981,72.90137118858449,66.73662929969676,0.003065680065294174,0.01197181083689302,Tokyo
2017-08-22,68.76000213623047,69.06999969482422,68.76000213623047,68.87999725341797,2,44.5646863242751,-0.7847575748843241,-0.700754291139418,-0.08400328374490607,1.0150888707408128,69.36041117206516,71.01248121999451,72.88660055117285,72.8946281879237,66.67637172052358,0.01773045128296813,0.011837571325662783,Tokyo
2017-08-23,69.11000061035156,70.52999877929688,69.11000061035156,69.5999984741211,15,49.16912182790826,-0.6710613874338094,-0.6948157103982964,0.023754322964486985,1.060439774679248,69.38322901035619,70.95708973976417,72.84306939783443,72.90432435173645,66.72467573981629,0.03034782131382796,0.011949968810376325,Tokyo
2017-08-24,69.5,70.20999908447266,69.44000244140625,70.16999816894531,35,52.530595702020044,-0.5288656935486244,-0.6616257070283621,0.13276001347973765,1.0396938367069022,69.45815940641229,70.92622340365362,72.8076644808955,72.87591248387895,66.7200874245683,0.040326187453949336,0.011078718081098778,Tokyo
2017-08-25,70.25,70.25,68.62000274658203,68.61000061035156,22,43.9619356615897,-0.5358761010927964,-0.636475785841249,0.1005996847484526,1.0818583664719785,69.37738237821603,70.83539113724962,72.75206628393465,72.83292820683796,66.60207164057415,0.012096174712344698,0.012130540723545719,Tokyo
2017-08-28,68.61000061035156,70.19000244140625,68.61000061035156,70.33000183105469,28,53.054459534217635,-0.39805366089504446,-0.5887913608520081,0.19073769995696366,1.1174400425136006,69.46810804039113,70.81557194877138,72.71998596005545,72.81635634087301,66.60164368964458,0.023577394384627803,0.01341579687933835,Tokyo
2017-08-29,70.26000213623047,70.8499984741211,70.1500015258789,70.55999755859375,37,54.126325665517115,-0.2671896550002799,-0.5244710196816625,0.25728136468138263,1.087622678637071,69.57209751831519,70.80554942366638,72.69137684215531,72.73706783035456,66.61993213912785,0.024390249305540124,0.013253537106589353,Tokyo
2017-08-30,70.8499984741211,71.5199966430664,70.8499984741211,71.47000122070312,24,58.193545080612736,-0.08902309437316092,-0.43738143461996226,0.34835834024680135,1.0785067076253272,69.75285025187594,70.8316063568835,72.67519968160627,72.68547658409045,66.64352350746228,0.026867856143378166,0.013453117311698225,Tokyo
2017-08-31,71.23999786376953,71.52999877929688,71.13999938964844,71.4800033569336,12,58.23737353821364,0.05237849071062328,-0.33942944955384513,0.3918079402644684,1.0293276134841207,69.9173410237862,70.8570336902188,72.65936926670996,72.67292747692699,66.64907264514332,0.01866902126510306,0.013439309310035482,Tokyo
2017-09-01,71.9000015258789,72.70999908447266,71.88999938964844,72.55000305175781,28,62.73782995698518,0.24792240350342354,-0.22195907894239142,0.46988148244581496,1.043661050202331,70.16807074073587,70.92342464557328,72.65792070757152,72.9687641838824,66.50923645698674,0.057426066263754016,0.013701970759910321,Tokyo
2017-09-05,72.94999694824219,75.55000305175781,72.94999694824219,75.26000213623047,93,71.2022542283619,0.6144832603958577,-0.054670611074741596,0.6691538714705992,1.1833995466164502,70.65301658792583,71.093486507952,72.69238536225575,73.96778036303257,65.91422036938931,0.0700981114292949,0.01584958353963934,Tokyo
2017-09-06,75.79000091552734,75.79000091552734,75.0,75.26000213623047,43,71.20225422836188,0.8946721567030806,0.13519794248082287,0.7594742142222578,1.1552996443957995,71.0917771163358,71.25687927768841,72.72639353144747,74.71683890571238,65.5001616741216,0.06661004450480301,0.015775671589348752,Tokyo
2017-09-07,74.70999908447266,75.0999984741211,74.5,75.02999877929688,19,69.64502068703786,1.0856498315279453,0.32528832029024735,0.7603615112376979,1.127064108098276,71.46684584614161,71.40484474833971,72.75690485923356,75.32971457382205,65.20828591445921,0.04981107454581246,0.015802123682364822,Tokyo
2017-09-08,75.19999694824219,76.1500015258789,75.19000244140625,75.58999633789062,23,71.29132385728232,1.2675763070018888,0.5137459176325756,0.7538303893693132,1.1265597251328299,71.8595268453558,71.5689683400868,72.79442924967935,76.14745570964185,65.02354419880542,0.057498500111057504,0.012968654755784402,Tokyo
2017-09-11,75.56999969482422,75.56999969482422,72.58999633789062,73.70999908447266,72,59.604090778530086,1.2456946899979613,0.6601356721056528,0.5855590178923085,1.2603768876233419,72.03576229670027,71.65293033006272,72.80655600245807,76.50102573113996,65.11697429937762,0.015988917765962007,0.014539427721211319,Tokyo
2017-09-12,73.37999725341797,73.47000122070312,70.70999908447266,70.70999908447266,17,46.503064390090024,0.9750387827726854,0.7231162942390593,0.2519224885336261,1.3846356813645317,71.90949913363097,71.61595263415722,72.77878703665694,76.50764738644052,65.33135255252431,-0.060457120948810394,0.01743083716634111,Tokyo
2017-09-13,70.30000305175781,70.30000305175781,69.61000061035156,69.9800033569336,56,43.970423306713265,0.6936416033164647,0.7172213560545405,-0.023579752738075777,1.3643044522757146,71.72573763108836,71.55179776054062,72.74171705414406,76.4334065413158,65.63559370282482,-0.0701567715841861,0.01736614574885011,Tokyo
2017-09-14,69.86000061035156,69.86000061035156,69.0199966430664,69.77999877929688,35,43.27502488243519,0.4493141989359657,0.6636399246308256,-0.21432572569485986,1.3354260423893913,71.54042916901298,71.48231544755068,72.70248899752357,76.32972575253544,65.9622740643591,-0.0699720123339338,0.017377644762550194,Tokyo
2017-09-15,69.94999694824219,70.26000213623047,69.94999694824219,70.12999725341797,4,44.916761261743424,0.28068931083056725,0.5870498018707739,-0.3063604910402067,1.2743244219996916,71.4061023199087,71.42928336150626,72.66841625919106,76.19292633553172,66.36707351188039,-0.07223176807769927,0.01737714847384354,Tokyo
2017-09-18,69.47000122070312,70.94000244140625,69.47000122070312,70.41000366210938,45,46.25686557054318,0.16771374949453843,0.5031825913955269,-0.33546884190098847,1.288301336192794,71.31123578107068,71.38931160858874,72.63850350956085,76.06499885904843,66.75700126302188,-0.04476998322278425,0.01736897916274068,Tokyo
2017-09-19,70.69000244140625,70.94000244140625,70.41000366210938,69.9800033569336,20,44.46770496467375,0.04298684661617358,0.4111434424396563,-0.3681565958234827,1.2341368678430855,71.18445174067668,71.33404461832777,72.6032915870095,76.00638259778603,66.94261795153037,-0.01032379772296399,0.01723351824085854,Tokyo
2017-09-20,70.5199966430664,71.11000061035156,69.63999938964844,70.04000091552734,38,44.788591468234024,-0.050437409900609964,0.31882727197160304,-0.369264681872213,1.2509843216188026,71.07545642399579,71.28329780645323,72.56934071718855,75.95289243050095,67.1121084850264,0.0008573528967659172,0.017229630166461903,Tokyo
2017-09-21,69.04000091552734,69.04000091552734,69.04000091552734,69.04000091552734,1,40.579717222246316,-0.2028303469447934,0.2144957481883238,-0.4173260951331172,1.2330568700746023,70.88160351842737,71.19532537935811,72.52259449465001,75.98314393299879,67.02585722666919,-0.010604727381982704,0.017395839927007575,Tokyo
2017-09-22,69.11000061035156,69.30000305175781,68.80000305175781,69.08999633789062,25,40.878844750254096,-0.31592682692543406,0.10841123316557222,-0.4243380600910063,1.1806956650692735,70.71097426313816,71.11276345616331,72.47712961840155,76.02197459592253,66.87902638063997,-0.014829615802910312,0.01728236432510417,Tokyo
2017-09-25,70.08999633789062,70.08999633789062,70.08999633789062,70.08999633789062,0,46.66257650338926,-0.32116279469458675,0.022496427593540425,-0.3436592222881272,1.1677888318500398,70.65183350835268,71.07265494172125,72.44551195905704,75.94789017082086,67.10111037849556,-0.004544912762033504,0.016804156988716477,Tokyo
2017-09-26,69.37999725341797,69.37999725341797,69.37999725341797,69.37999725341797,0,43.41508267025523,-0.37824317738112256,-0.05765149340139218,-0.32059168397973037,1.1350895641802268,70.53070624597794,71.00627620884661,72.40490911527375,75.97418600954622,66.97981408200651,-0.008573965057636412,0.01600877438308395,Tokyo
2017-09-27,69.27999877929688,69.27999877929688,69.27999877929688,69.27999877929688,0,42.96157970614885,-0.4266308976223314,-0.13144737424558003,-0.29518352337675136,1.0611544863188602,70.41159124915117,70.93857905474663,72.36351957439989,76.00065490787384,66.82534530574921,-0.010850972676986093,0.015982304981024847,Tokyo
2017-09-28,69.5999984741211,69.5999984741211,69.5999984741211,69.5999984741211,0,44.94351227552842,-0.4341525728951581,-0.19198841397549565,-0.24216415891966242,1.0082148583549573,70.3342966991483,70.88608569864365,72.32691664591938,75.97794152060148,66.66105841836337,0.008111204391189508,0.015714365413425618,Tokyo
2017-09-29,69.08000183105469,69.08000183105469,69.08000183105469,69.08000183105469,0,42.36726540014087,-0.4765792293461857,-0.24890657704963368,-0.227672652296552,0.9733421286914893,70.21484004504414,70.81525888030683,72.28391115168276,75.96299505432007,66.43600473205687,-0.00014465924686202225,0.015769610748611634,Tokyo
2017-10-02,68.19999694824219,68.19999694824219,68.19999694824219,68.19999694824219,0,38.3598313536965,-0.5745882046322066,-0.3140429025661483,-0.2605453020660583,0.9666751825572757,70.02295022630109,70.71269958885333,72.22981957282924,75.88116687909374,66.08283229693166,-0.026965322990417984,0.015450596822581993,Tokyo
2017-10-03,68.1500015258789,68.1500015258789,68.1500015258789,68.1500015258789,0,38.139114044102136,-0.6488160884250789,-0.3809975397379345,-0.2678185486871444,0.9011980568291332,69.84457415959422,70.61220162559943,72.17578224770408,75.24226299394225,66.010736121048,-0.01772839112469793,0.012333295416968116,Tokyo
2017-10-04,69.43000030517578,69.43000030517578,69.43000030517578,69.43000030517578,0,46.609238924129016,-0.5974697575676089,-0.42429198330386936,-0.17317777426373954,0.9282552512911147,69.80509093536389,70.56584078950439,72.13941427495536,74.42511233858502,66.24488659329975,0.0021651490837457654,0.013384385703665283,Tokyo
2017-10-05,68.9000015258789,68.9000015258789,68.9000015258789,68.9000015258789,0,43.927245862739355,-0.5927114835056102,-0.45797588334421757,-0.13473560016139263,0.8998083604343833,69.71889194398437,70.50051375955829,72.09650814582852,73.51079219191217,66.5462070146308,-0.010057427637767291,0.013406360371769425,Tokyo
2017-10-06,69.47000122070312,69.47000122070312,69.47000122070312,69.47000122070312,55,47.43074411620235,-0.5367588830607417,-0.47373248328752243,-0.06302639977321928,0.8762505986050858,69.69518806557664,70.46010150313259,72.06171997463481,72.02166104222405,67.42333865260017,0.00564561927201801,0.01344437954391984,Tokyo
2017-10-09,69.58000183105469,69.58000183105469,69.58000183105469,69.58000183105469,9241,48.10462605733242,-0.47802948777749066,-0.4745918841855161,-0.0034376035919745362,0.821518456586977,69.68421794800312,70.42558779050208,72.028849535647,70.84395742715985,68.18804254232258,0.020234676606507795,0.012550196190994876,Tokyo
2017-10-10,69.0,69.87999725341797,68.61000061035156,68.94999694824219,12927,44.57990591732397,-0.47682559907306654,-0.47503862716302625,-0.0017869719100402914,0.853552612764079,69.61429213850208,70.36772148296248,71.98807003117805,70.65199956087989,68.2040001949795,0.011738744012492752,0.008835700262217593,Tokyo
2017-10-11,69.23999786376953,69.44999694824219,68.45999908447266,68.7300033569336,8776,43.38447913315187,-0.4879978177814053,-0.4776304652867021,-0.010367352494703164,0.8632987021216113,69.53007415930507,70.30349724272605,71.94491683019469,70.59844232468781,68.13255743117158,-0.010082053077421715,0.008588138762216884,Tokyo
2017-10-12,68.83000183105469,69.11000061035156,67.66000366210938,67.83999633789062,17355,38.846113377212085,-0.5621874628152312,-0.49454186479240797,-0.06764559802282327,0.9052057197016525,69.3691143667894,70.20688936410507,71.89054702234961,70.65928672381658,67.87771278790218,-0.015384690341264218,0.009001609795153498,Tokyo
2017-10-13,67.73999786376953,68.94000244140625,67.66999816894531,68.62000274658203,10971,44.34135920230679,-0.5516838248940701,-0.5059702568127404,-0.04571356808132965,0.9312627591844587,69.29777040296013,70.14465851635906,71.8472285551209,70.55041523022197,67.83558483081319,-0.012235475157409081,0.009350689511117137,Tokyo
2017-10-16,68.54000091552734,68.87999725341797,67.52999877929688,67.52999877929688,15596,39.05931238947554,-0.624119367219123,-0.529600078894017,-0.09451928832510603,0.9611724531085041,69.12941120070649,70.04212284039585,71.79004670378549,70.47226438298848,67.62573518976542,-0.029462532305408184,0.00983619362172272,Tokyo
2017-10-17,67.56999969482422,68.5999984741211,67.44999694824219,67.7699966430664,14237,40.73335897421964,-0.6546132603386781,-0.5546027151829491,-0.10001054515572894,0.9746602440206756,68.9999431475979,69.95301985226529,71.73680100761703,70.4000678181205,67.47693108324668,-0.017113855799900324,0.009864995120228778,Tokyo
2017-10-18,67.80999755859375,68.16999816894531,67.54000091552734,67.62999725341797,10302,40.04235076896421,-0.6822125494460352,-0.5801246820355663,-0.10208786741046882,0.9500414589776252,68.86947211005696,69.8619209268203,71.68240625590579,70.29450521287879,67.34149332227747,-0.01600474392243212,0.009848250074051514,Tokyo
2017-10-19,67.81999969482422,67.87999725341797,67.26000213623047,67.30999755859375,12914,38.43728160774306,-0.7215884632973655,-0.6084174382879262,-0.11317102500943932,0.9264667202783304,68.72095072420332,69.76184550061534,71.62449355792815,70.34919534490108,67.11380285456183,-0.007812482427875023,0.0094244122428256,Tokyo
2017-10-20,67.30000305175781,67.58000183105469,66.83999633789062,66.87999725341797,16514,36.329904196895676,-0.778517326547643,-0.6424374159398696,-0.13607991060777347,0.9131480611987399,68.54562182222377,69.64883184386251,71.56165254727239,70.42659305230416,66.81540523871146,-0.025357117801204532,0.009479828907590625,Tokyo
2017-10-23,66.88999938964844,69.79000091552734,66.88999938964844,69.72000122070312,33450,54.19298945408692,-0.5876946969284091,-0.6314888721375775,0.043794175209168396,1.0557806041209281,68.6574674792218,69.65162279981705,71.53725981447015,70.35141258197845,66.85358619731844,0.03243006783642444,0.013142786943116847,Tokyo
2017-10-24,69.44000244140625,70.22000122070312,69.0199966430664,69.54000091552734,21156,53.174714383215495,-0.4458514109224865,-0.5943613798945594,0.14850996897207291,1.0660823165149131,68.74151828267946,69.64724547102138,71.51080605421926,70.37577507278026,66.84522407272756,0.02611781555462156,0.01294945597615149,Tokyo
2017-10-25,69.56999969482422,69.9000015258789,69.12000274658203,69.30999755859375,11524,51.83446312316771,-0.3479875496655751,-0.5450866138487626,0.19709906418318746,1.0456477781421962,68.79565916609988,69.63402006269088,71.48165627282025,70.37971953036379,66.84427949307371,0.024841052393963725,0.012968040018130605,Tokyo
2017-10-26,69.25,69.2699966430664,68.0999984741211,68.19000244140625,14473,45.78310396706977,-0.3566922540443045,-0.507407741887871,0.15071548784356648,1.0573871571658007,68.73797757327192,69.57739192067973,71.43805820882801,70.25494480496256,66.82805461520344,0.013073910484790119,0.013413393194003491,Tokyo
2017-10-27,68.48999786376953,68.48999786376953,67.80000305175781,68.19999694824219,12315,45.843863150062205,-0.3586500275388005,-0.4776561990180569,0.1190061714792564,1.031144846797652,68.68674132326909,69.52337643156454,71.39516998021098,70.19786574938698,66.79713318249779,0.019736838352767183,0.013327792832490538,Tokyo
2017-10-30,68.0,69.19999694824219,67.94999694824219,68.63999938964844,15684,48.57611398825807,-0.3209968060044872,-0.446324320415343,0.12532751441085577,1.046777357740677,68.68228971054332,69.48873419462666,71.35867765450816,70.21503766361946,66.82396151240593,-0.015490559554579897,0.013095010821836872,Tokyo
2017-10-31,68.70999908447266,68.91000366210938,68.11000061035156,68.37999725341797,17214,47.06506660921541,-0.30857924665548353,-0.4187753056633711,0.11019605900788759,1.0291506215990436,68.65349995272186,69.44525431457927,71.31922493396392,70.21908902462846,66.84290972415084,-0.016681099321791404,0.0131258526572319,Tokyo
2017-11-01,68.68000030517578,69.05000305175781,68.0999984741211,68.16999816894531,19933,45.8251725189124,-0.31208588072281884,-0.39743742067526067,0.08535153995244182,1.0234973327445918,68.60745216379075,69.39524426965245,71.27751332118221,70.10818928205289,66.82780925310335,-0.016447834797349348,0.012397954274861452,Tokyo
2017-11-02,68.4000015258789,69.30000305175781,68.11000061035156,69.08000183105469,21896,51.75629615602981,-0.23868382461617443,-0.3656867014634434,0.12700287684726896,1.0353905547918532,68.65245689400636,69.38288182107999,71.24840720873019,70.12910236220351,66.82489620347032,0.013051757703237854,0.012678274393441033,Tokyo
2017-11-03,69.05999755859375,69.37000274658203,68.3499984741211,68.72000122070312,17444,49.4498201705148,-0.2071730450208662,-0.333983970174928,0.12681092515406178,1.0342915346253592,68.6588896870251,69.35688650341815,71.21491838769673,70.02958262201331,66.84941594366053,0.007624696418323529,0.01258216275451196,Tokyo
2017-11-06,68.86000061035156,69.12000274658203,68.2300033569336,68.8499984741211,23635,50.31093719679577,-0.16975401463768947,-0.3011379790674803,0.13138396442979083,1.0239849528412932,68.67709052389138,69.33700854148495,71.18359494513282,69.91441895284552,66.89157927713495,0.003059427248542912,0.012585085890378857,Tokyo
2017-11-07,68.8499984741211,68.88999938964844,68.01000213623047,68.06999969482422,29271,45.32215593922126,-0.20072471665018554,-0.2810553265840214,0.08033060993383584,1.0137001171681985,68.61927234969451,69.28732192004728,71.14235527294332,69.85452340797382,66.86347509666486,-0.0045334538029431215,0.012677579907792488,Tokyo
2017-11-08,68.06999969482422,69.1500015258789,68.05999755859375,68.62999725341797,33534,49.21564442153105,-0.1780298805995102,-0.26045023738711914,0.08242035678760895,1.0191503921765526,68.62029376909675,69.26154448214024,71.10907900778405,69.84496191294544,66.86303598134167,0.006747823042809076,0.012811914789142046,Tokyo
2017-11-09,68.77999877929688,69.4800033569336,68.18000030517578,68.29000091552734,31783,47.02616983222263,-0.18534241058414125,-0.24542867202652358,0.06008626144238233,1.039211296432357,68.58883730685204,69.22344473442993,71.07174022510516,69.8482601724513,66.90473817959948,-0.01143602916310582,0.012505705647558017,Tokyo
2017-11-10,68.38999938964844,69.18000030517578,68.3499984741211,69.05000305175781,20774,52.15052440738048,-0.1283324854815362,-0.22200943471752613,0.09367694923598993,1.0285533030906484,68.63275785398592,69.21664309981534,71.04496224929923,69.89704804860274,66.89895033396563,0.0048021220196845515,0.012488926505065147,Tokyo
2017-11-13,69.0,69.68000030517578,68.8499984741211,68.87999725341797,24703,50.96293628701178,-0.09576582738571915,-0.19676071325116473,0.10099488586544558,1.0143710550880798,68.65630446345564,69.20344130191741,71.01628721624121,69.92092259372639,67.01007563625409,0.00043571212725801445,0.01191094451986249,Tokyo
2017-11-14,68.9000015258789,69.38999938964844,68.58000183105469,68.5999984741211,19455,48.984408647701585,-0.09149537591683554,-0.1757076457842989,0.08421226986746336,0.9997729481956277,68.65094198828092,69.17977687729795,70.98428339184228,69.92579368176297,67.08820473132297,0.007786084643352398,0.011946654082704917,Tokyo
2017-11-15,68.62999725341797,68.91000366210938,68.58999633789062,68.80999755859375,12974,50.53546493075602,-0.07035483454122016,-0.15463708353568315,0.08428224899446299,0.9512182607687079,68.66609013783453,69.16527572754485,70.9554849039847,69.92824967511676,67.20374876848676,0.002622764277712575,0.011941179005399762,Tokyo
2017-11-16,68.91999816894531,69.5,68.79000091552734,69.20999908447266,11003,53.439307031692444,-0.021081014196298042,-0.1279258696678061,0.10684485547150807,0.9339883196047042,68.71789098989531,69.16702958467927,70.93236588650772,69.91516249310226,67.40683610308915,0.013471930833378165,0.011913199448033821,Tokyo
2017-11-17,69.20999908447266,70.08000183105469,69.20999908447266,69.77999877929688,10903,57.28729577544428,0.06323413140688672,-0.08969386945286756,0.15292800085975428,0.9294179215316561,68.81904411269545,69.19106759231133,70.91710274601488,69.84533989220765,67.76665885657164,0.010571986897551344,0.011857524732790914,Tokyo
2017-11-20,69.80000305175781,71.5,69.79000091552734,71.37000274658203,8351,65.7824542102253,0.2554103126012848,-0.02067303304203709,0.2760833456433219,0.9858881571867611,69.06199255401799,69.27651602973371,70.92310142151908,70.39173631248174,67.38526258888545,0.03614990697521403,0.00892146400991396,Tokyo
2017-11-21,71.06999969482422,72.5199966430664,70.4000015258789,70.9000015258789,7045,61.8655007758667,0.3655720630239756,0.05657598617116545,0.30899607685281016,1.066895797186814,69.23704102752856,69.34018212762176,70.92279546263643,70.6893329627076,67.22366599969476,0.033527742025030394,0.009054888711263087,Tokyo
2017-11-22,70.9000015258789,72.41000366210938,70.5,70.73999786376953,4609,60.54382833083211,0.4349512384515606,0.13225103662724447,0.3027002018243161,1.1271177875384255,69.38017977383723,69.39507686237265,70.92037430238653,70.93182069277209,67.12417830014782,0.02804825423125945,0.009031702897123158,Tokyo
2017-11-24,70.80000305175781,72.33999633789062,70.5999984741211,72.2300033569336,126,67.50568818864022,0.6032122700679992,0.22644328331539543,0.37676898675260373,1.1708949358406473,69.65159154365593,69.50625045039465,70.93772038257922,71.56738680331014,66.89261228116251,0.04363537512513105,0.009102212482031292,Tokyo
2017-11-27,71.91000366210938,72.6500015258789,71.83999633789062,72.1500015258789,131,66.82391644376091,0.7217845872894202,0.3255115441102004,0.3962730431792198,1.1451170967083353,69.88953535148669,69.60992696315873,70.95377708646399,72.04872610813032,66.806273434106,0.0339639264551721,0.009126321825131189,Tokyo
2017-11-28,72.19999694824219,73.94000244140625,72.0,74.05000305175781,141,73.6343631830804,0.9580247343302801,0.4520141821542164,0.5060105521760637,1.2018946213296149,70.28577037056013,69.78404759408419,70.99478670189833,73.00414744732858,66.39185246111869,0.03755079448002574,0.01048187172030202,Tokyo
2017-11-29,72.44999694824219,75.47000122070312,72.44999694824219,75.5199966430664,97,77.48527297685531,1.2494599538617877,0.6115033364957307,0.6379566173660569,1.3317595964104236,70.78426811079882,70.00898677247565,71.05472325741049,74.1979695726069,65.9120302748052,0.06516213001069082,0.010892042218431645,Tokyo
2017-11-30,75.54000091552734,75.54000091552734,74.5,75.04000091552734,77,73.69998360739933,1.425263273476105,0.7742553238918056,0.6510079495842994,1.3109196906330607,71.18957599696344,70.2062814447522,71.1075083919551,74.99751813853933,65.79948198353097,0.060786021792631706,0.011044226427474152,Tokyo
2017-12-01,75.75,75.81999969482422,75.0,75.43000030517578,74,74.77810787228489,1.5778696629638205,0.9349781917062087,0.6428914712576118,1.275853976646715,71.5934259310789,70.41113316476881,71.16475994047457,75.7845516861127,65.64744828336973,0.04430287691430679,0.010864812711051195,Tokyo
2017-12-04,75.0,75.33999633789062,75.0,75.02999877929688,36,71.53890967349822,1.647542699239196,1.0774910932128061,0.5700516060263898,1.2154358572559338,71.92071858329012,70.59226514965226,71.21595515688281,76.35600722775423,65.70699249758756,0.0399168010049864,0.01086912313067963,Tokyo
2017-12-05,75.0,75.41999816894531,74.80000305175781,74.95999908447266,35,70.959623007733,1.677770399306695,1.197546954431584,0.48022344487511104,1.1729043758224742,72.21017386911704,70.76354883337072,71.2655451426787,76.8328710934807,65.84112869289625,0.01228893984080992,0.01092154286635088,Tokyo
2017-12-06,75.16999816894531,75.16999816894531,75.16999816894531,75.16999816894531,13354,71.69998450740917,1.699085243427973,1.2978546122308618,0.4012306311971112,1.1041254264403444,72.49206189767212,70.93635076809913,71.31725975229814,77.216489557708,66.16751007608107,-0.004634513899349213,0.010294619051301008,Tokyo
2017-12-07,72.83999633789062,74.2699966430664,72.0999984741211,74.2300033569336,26597,63.85279360681363,1.6214367716995213,1.3625710441245937,0.25886572757492754,1.2445450170391925,72.65758013188749,71.06551361472009,71.35583913779001,77.41002485266628,66.53397539147434,-0.010794210403936022,0.010976969711305795,Tokyo
2017-12-08,74.0999984741211,74.27999877929688,73.62000274658203,73.72000122070312,21103,60.014962014339304,1.5014392314528777,1.3903446815902507,0.11109454986262701,1.2027915181588817,72.75876309272707,71.1696111678959,71.38715254286171,77.44454620879861,67.0424540658596,-0.022670012959755015,0.011067225726020287,Tokyo
2017-12-11,73.72000122070312,73.83000183105469,72.80000305175781,73.0,16646,54.98996959084621,1.3328776511869904,1.3788512755095987,-0.04597362432260832,1.1904491796687384,72.78173803627686,71.24139112209605,71.40851476083706,77.4269893178197,67.45501065166272,-0.027055828499586987,0.011329960606744443,Tokyo
2017-12-12,72.86000061035156,74.19000244140625,72.76000213623047,72.91000366210938,22039,54.37709981422895,1.1784450510764373,1.3387700306229666,-0.16032497954652936,1.207559974347813,72.79395381016568,71.30682690797892,71.4284020310526,77.33992630032763,67.94507431002394,-0.027347858156363314,0.011303261205091343,Tokyo
2017-12-13,72.91000366210938,74.2300033569336,72.91000366210938,74.12999725341797,16151,60.76142939657814,1.1413427015662734,1.299284564811628,-0.15794186324535464,1.2155913829532705,72.92119604285637,71.41753947054515,71.46418474922963,77.25136033868154,68.5866401495997,-0.01383531915472358,0.011579062143695312,Tokyo
2017-12-14,74.08999633789062,75.55999755859375,73.9000015258789,75.33000183105469,21761,65.82697135369915,1.1949940156753058,1.2784264549843636,-0.08343243930905775,1.2473345722219544,73.15060611792288,71.57096936703573,71.51538762448558,77.24389206059797,69.24610885492936,0.014818785186251127,0.011891375643811847,Tokyo
2017-12-15,75.05999755859375,76.75,75.04000091552734,75.91999816894531,30467,68.01338400534513,1.27047559054202,1.276836282095895,-0.006360691553874975,1.2803820373827188,73.41435774182978,71.74151951613023,71.573726836995,77.26777751404563,69.89322330992897,0.029842605965995972,0.011911084396285156,Tokyo
2017-12-18,75.9800033569336,76.44999694824219,75.12999725341797,75.19999694824219,15719,62.738068877435126,1.2576992274266132,1.2730088711620386,-0.015309643735425427,1.2832118700571118,73.58441861863096,71.8771460820954,71.62175690469364,77.13755366892264,70.5654469719465,0.03013694449646831,0.012284961950968386,Tokyo
2017-12-19,75.30000305175781,75.91999816894531,74.93000030517578,75.02999877929688,15357,61.52468254173749,1.2197953941020643,1.262366175750044,-0.04257078164797967,1.2622680124651415,73.72209291964677,72.00078736433858,71.66689918117845,77.14145145412364,70.92754879001698,0.029076875746876896,0.011515948754250464,Tokyo
2017-12-20,75.0,75.94999694824219,74.94999694824219,75.70999908447266,12087,64.48368546429305,1.230442894968931,1.2559815195938215,-0.025538624624890538,1.2435345830033457,73.91141731629686,72.14624664748109,71.72045017327507,77.09141271465772,71.45858728534229,0.02131393348974986,0.011395042004012201,Tokyo
2017-12-21,75.62999725341797,78.06999969482422,75.41000366210938,77.94000244140625,24539,72.06978523249988,1.402654818480741,1.2853161793712053,0.11733863910953568,1.3447104008398814,74.2950920901168,72.37345275704678,71.8028283490119,77.38882464128191,71.88117581648176,0.03464755803677133,0.012670628788297653,Tokyo
2017-12-22,77.3499984741211,78.06999969482422,77.0,77.87000274658203,17795,71.55313735385415,1.5160099986424171,1.3314549432254477,0.18455505541696948,1.3250882075530481,74.63555977168491,72.58900373702855,71.88318827480754,77.7865356064879,72.04746479024062,0.025684992421856512,0.0121477393613398,Tokyo
2017-12-26,77.9000015258789,78.16000366210938,77.16999816894531,77.43000030517578,8623,68.24156663357455,1.5524446601538529,1.3756528866111288,0.17679177354272402,1.301153727953835,74.90169696535071,72.778846739701,71.95665598381903,77.94838832099104,72.41361195366717,0.029654301162650887,0.012285844741462285,Tokyo
2017-12-27,77.5,78.98999786376953,77.25,78.94999694824219,18514,72.90647476633482,1.6845519515524074,1.4374326995993847,0.24711925195302276,1.332499737654956,75.2872493446737,73.02085263023203,72.04928301646041,78.6082950316468,72.24370463265984,0.052245744805035965,0.011730101321086102,Tokyo
2017-12-28,78.73999786376953,79.44999694824219,78.5999984741211,78.80000305175781,12897,71.78590513790556,1.756892316871017,1.5013246230537112,0.25556769381730593,1.2980353616882516,75.62179731677695,73.24748598009579,72.1386965268617,79.112571080425,72.06742922475078,0.04081368385485673,0.011112887417234445,Tokyo
2017-12-29,78.75,78.93000030517578,78.22000122070312,78.62999725341797,14101,70.46395643654745,1.7799859602944252,1.5570568905018543,0.222929069792571,1.256032770458566,75.908292548838,73.4585648535594,72.22467401992867,79.53178042993643,72.00721950902842,0.008852896977138869,0.010982337700172467,Tokyo
2018-01-02,78.63999938964844,79.29000091552734,77.30000305175781,77.5,20981,62.25733691931426,1.6876522993387368,1.583175972269231,0.10447632706950594,1.3084588485522064,76.05988373466296,73.61705250636098,72.29454588721438,79.70912212302957,72.03687778541769,-0.004751544028913868,0.011577732294336682,Tokyo
2018-01-03,77.51000213623047,78.29000091552734,77.37000274658203,78.11000061035156,13372,64.65073649192584,1.6447396244945196,1.5954887027142888,0.04925092178023083,1.280711657151714,76.25513296091901,73.79324654965473,72.37157177758706,79.966527362791,72.08747272876172,0.008782129697735952,0.011552522678114595,Tokyo
2018-01-04,78.11000061035156,79.38999938964844,78.05999755859375,79.25,15374,68.6516273339022,1.6833152336968453,1.6130540089108,0.07026122478604524,1.2842323838590692,76.54035839321244,74.00723688104081,72.46267678715544,80.39762279877043,72.08537738433505,0.003799912138748862,0.011856344504449372,Tokyo
2018-01-05,79.1500015258789,80.05000305175781,77.80999755859375,78.01000213623047,24676,60.61526773012524,1.5954380012475582,1.6095308073781518,-0.014092806130593605,1.3525018916665688,76.68032446397606,74.16420806751884,72.53615129509022,80.57935395208497,72.18764662774902,-0.010025391940764905,0.012561135608406625,Tokyo
2018-01-08,78.0999984741211,78.79000091552734,77.93000030517578,78.13999938964844,16891,61.12899453098981,1.5187768393306413,1.5913800137686498,-0.07260317443800846,1.3173232287154968,76.81934112356392,74.32012145270039,72.61037444866054,80.71632644360942,72.44167373949604,-0.006231691223265723,0.012094558934093514,Tokyo
2018-01-09,78.08000183105469,78.69999694824219,78.02999877929688,78.3499984741211,12810,61.991482730235525,1.4581587409852261,1.564735759211965,-0.10657701822673893,1.271085724446198,76.96511801409316,74.47815584569727,72.68639595893154,80.78935713954094,72.83164276890632,0.01096772224672371,0.011888087116193782,Tokyo
2018-01-10,78.3499984741211,79.93000030517578,78.33000183105469,79.6500015258789,16686,66.88934740343113,1.4977526824105496,1.5513391438516821,-0.05358646144113255,1.294579492280119,77.2208212056918,74.68097332335145,72.77862914524873,80.88551338921276,73.4004866718224,0.01971579699774395,0.01184361382500661,Tokyo
2018-01-11,79.55000305175781,82.6500015258789,79.41999816894531,82.6500015258789,34198,74.92089802833263,1.7510214093687466,1.5912755969550951,0.1597458124136515,1.4328240540410815,77.73788599809058,74.99348423325449,72.90937579929681,81.58223736958016,73.67776247783195,0.04290222745588523,0.013811776679540219,Tokyo
2018-01-12,82.8499984741211,84.6500015258789,80.30000305175781,81.68000030517578,43200,69.08570082782356,1.8521176489594637,1.6434440073559688,0.20867364160349489,1.641193655475368,78.11332545590822,75.25570054980042,73.0255430112952,81.99427336673463,74.02072678585327,0.04704522584855608,0.014150162525883263,Tokyo
2018-01-16,81.81999969482422,82.05000305175781,80.62000274658203,81.43000030517578,19313,67.62384403923824,1.8902743307019279,1.6928100720251607,0.1974642586767672,1.6261084161682549,78.42919925107655,75.49782995197201,73.13686032644593,82.36952063157162,74.25547936842838,0.04210392809349295,0.013998191204837375,Tokyo
2018-01-17,81.30000305175781,82.22000122070312,80.95999908447266,82.13999938964844,13635,69.59177643170096,1.9552656826153338,1.7453011941431953,0.20996448847213856,1.59995796760127,78.78260878808341,75.75830718482206,73.25610720145524,82.85803212940189,74.38896799266843,0.048372699289575216,0.014012493195459523,Tokyo
2018-01-18,82.01000213623047,83.94000244140625,81.81999969482422,82.62999725341797,26971,70.9061162680363,2.0229907516502976,1.8008391056446158,0.22215164600568182,1.6371040232427532,79.14902673716288,76.02778522672777,73.38026468558719,83.26841593404697,74.72158421854093,0.03741363051412927,0.013652408028036873,Tokyo
2018-01-19,82.52999877929688,83.76000213623047,82.36000061035156,83.41999816894531,19303,72.9371113138128,2.116017693567045,1.8638748232291018,0.25214287033794314,1.6201681305739069,79.55578592114216,76.31767593034415,73.51324128801578,83.69627692828476,75.13272316326797,0.00931635364610739,0.013589625071273993,Tokyo
2018-01-22,83.3499984741211,83.94999694824219,83.0,83.41000366210938,17156,72.86780683184882,2.163990605422967,1.923897979667875,0.24009262575509194,1.5722987604073555,79.92285427742476,76.59580642962906,73.64432423336801,84.06344658840815,75.53555396090825,0.021180256494489402,0.013611568132701918,Tokyo
2018-01-23,83.41999816894531,83.68000030517578,82.01000213623047,82.26000213623047,21793,65.19192471385944,2.0851773450642384,1.9561538527471478,0.12902349231709054,1.5792772895886382,80.14543978778721,76.81793175145658,73.75843917247877,84.32031026539929,75.71069025339955,0.010192826083066153,0.012965226309247414,Tokyo
2018-01-24,82.06999969482422,82.7300033569336,81.61000061035156,82.2699966430664,25404,65.22620877623619,2.000463641965922,1.9650158105909026,0.0354478313750195,1.5464719650881662,80.34777853590904,77.03173821779423,73.87117503301637,84.52835069871678,75.94264920973048,0.001582630318772038,0.01295233692878387,Tokyo
2018-01-25,82.27999877929688,82.8499984741211,81.7699966430664,81.87999725341797,18011,62.63377256366569,1.8801841381766025,1.9480494761080427,-0.06786533793144023,1.5131526698000606,80.49370412805276,77.2218660231128,73.97725214851839,84.59713561630038,76.3188639869711,-0.009076606861063152,0.012922639784352973,Tokyo
2018-01-26,81.86000061035156,81.9800033569336,80.31999969482422,80.4800033569336,26965,54.29182789148467,1.652841035053143,1.8890077878970628,-0.23616675284391975,1.523642026393583,80.49239929270807,77.34963611463519,74.06338130359674,84.6123860735539,76.45661417058672,-0.0352432855016076,0.013038612849384762,Tokyo
2018-01-29,80.5199966430664,80.62000274658203,78.1500015258789,78.36000061035156,36663,44.60398000321279,1.2867703957270464,1.7685603094630595,-0.4817899137360131,1.5912391117014075,80.28931370391221,77.38925825172211,74.12029016858688,84.63429747811506,76.39070252188495,-0.06054433317393404,0.014429448161986541,Tokyo
2018-01-30,78.36000061035156,78.93000030517578,76.95999908447266,77.02999877929688,29236,39.805177161420886,0.8792018525158767,1.590688618073623,-0.7114867655577464,1.618293548058673,79.97890275871076,77.37516964496035,74.1588293554837,84.76486947896687,76.10013067362102,-0.06357893534055836,0.014911651918714665,Tokyo
2018-01-31,77.23999786376953,78.19999694824219,76.5199966430664,77.27999877929688,38453,41.08819899782882,0.5698053944157806,1.3865119733420548,-0.8167065789262742,1.622701173567038,79.72186428448087,77.37143745415001,74.2001693478521,84.78621631396783,76.05678371654975,-0.060653920838467434,0.014593585248145198,Tokyo
2018-02-01,77.30000305175781,79.93000030517578,77.16000366210938,78.3499984741211,37574,46.358154484550894,0.40626335424451554,1.190462249522547,-0.7841988952780314,1.70465084995985,79.59121039777993,77.40981239610966,74.2551339720411,84.77270342343638,76.09429639345814,-0.043111857568479794,0.014821803019092777,Tokyo
2018-02-02,78.44999694824219,78.81999969482422,77.2300033569336,77.30000305175781,30885,42.3541963489961,0.18974202578228017,0.9903182047744936,-0.8005761789922134,1.6964612419549054,79.37300017434926,77.40550614731154,74.29546336382542,84.87041280776317,75.80158731430713,-0.0395129246090149,0.01471762332043403,Tokyo
2018-02-05,77.36000061035156,77.91000366210938,76.44999694824219,76.56999969482422,25997,39.78162157751663,-0.04029337998520077,0.7841958878225548,-0.8244892678077556,1.6795716328057828,79.10604774772781,77.37274118839048,74.32558967284528,84.99537521715477,75.53262466077491,-0.022843298897203934,0.01445604453463776,Tokyo
2018-02-06,76.55000305175781,76.80000305175781,75.8499984741211,76.19000244140625,24696,38.471676881005656,-0.2503745371413828,0.5772818028297673,-0.8276563399711501,1.6274597002937068,78.82832914712577,77.32635927674404,74.35028388170039,85.1555203514788,75.17747983162667,-0.01090479490071583,0.014469514724445128,Tokyo
2018-02-07,76.11000061035156,76.93000030517578,75.81999969482422,75.95999908447266,27161,37.663275646155,-0.43046261139643605,0.3757329199845266,-0.8061955313809627,1.590498336726411,78.55515485544453,77.27277652410595,74.37160461286294,85.32532526958249,74.76867497455814,-0.017080741662457766,0.014443822311686741,Tokyo
2018-02-08,75.91000366210938,77.5199966430664,75.88999938964844,76.62000274658203,37960,41.46432358526993,-0.5140018348593571,0.19778596901574985,-0.711787803875107,1.593319687918665,78.37085465460049,77.24717755243834,74.40138472059432,85.3912604862306,74.39973987998033,-0.022080354323305795,0.01403130583523715,Tokyo
2018-02-09,77.0,77.2699966430664,75.73999786376953,76.68000030517578,27401,41.81167346553891,-0.5688090926150409,0.04446695668959172,-0.6132760493046325,1.5887967658742514,78.20982090703623,77.22493530744767,74.43156505946295,85.11131025802408,74.08268998611655,-0.008020733791781254,0.010683125046585354,Tokyo
2018-02-12,76.68000030517578,77.47000122070312,76.0999984741211,76.44999694824219,27908,40.81186180131506,-0.6236149430609004,-0.0891494232605067,-0.5344655198003937,1.5731686216390928,78.04221862524632,77.19454556787097,74.45829925666534,84.92935503704497,73.7416448714023,-0.0015672292942446875,0.010513701315998224,Tokyo
2018-02-13,76.41000366210938,76.5,75.66000366210938,76.37999725341797,18895,40.49449369699879,-0.665031297919711,-0.20432579819234759,-0.46070549972736347,1.5207991727999164,77.88391182792934,77.16260249671596,74.48375221026473,84.73438449864061,73.43161510463086,0.002493697413356033,0.01052729444322846,Tokyo
2018-02-14,76.44999694824219,76.44999694824219,75.41000366210938,75.5999984741211,14711,37.03821045813004,-0.7521234295858221,-0.3138853244710425,-0.4382381051147796,1.4864558951808375,77.66639627042379,77.1013239075946,74.4985369289913,84.41943146402322,73.09256804769554,-0.004739344585183769,0.010250560623693911,Tokyo
2018-02-15,75.5999984741211,76.29000091552734,75.11000061035156,75.41000366210938,7781,36.22710105330003,-0.826943079802831,-0.4164968755374002,-0.41044620426543077,1.4645662101804764,77.4515017362986,77.03499762345794,74.51060933605247,83.93784936756508,72.8521507850228,-0.01579220883709287,0.009983028007046006,Tokyo
2018-02-16,75.33999633789062,75.87000274658203,75.12999725341797,75.72000122070312,0,38.590128914963735,-0.8514094611414009,-0.5034793926582004,-0.3479300684832005,1.4128118732507327,77.2865969252895,76.9834291370754,74.52662777161076,83.13733896936535,72.88266148839833,-0.012519549825925846,0.009648802895122363,Tokyo
2018-02-20,75.69999694824219,78.30999755859375,75.5999984741211,77.51000213623047,8757,50.09014943884977,-0.7180835106820922,-0.5464002162629787,-0.17168329441911345,1.505468102623727,77.3078736120458,77.0040790586109,74.56614266385739,82.16885885268186,73.26114145249392,0.0138653398339037,0.0115043283000743,Tokyo
2018-02-21,77.5,79.0999984741211,77.44999694824219,78.91000366210938,7830,56.88998679334218,-0.49376153591384764,-0.5358724801931526,0.04211094427930495,1.5157919185705258,77.46045742633757,77.07882119992456,74.6236772466157,81.50610014457595,73.58890031318771,0.03312393950862824,0.012193624110629195,Tokyo
2018-02-22,78.8499984741211,81.33999633789062,78.41999816894531,80.54000091552734,257,63.179845737133746,-0.18235551796334448,-0.465169087747191,0.28281356978384653,1.6160923650258678,77.75374728245087,77.21455373779133,74.7020391495152,81.04277835610723,73.87922252890253,0.06534394895652396,0.013192653733545941,Tokyo
2018-02-23,80.75,81.5,80.25,81.44999694824219,158,66.14924388765725,0.13629395760433738,-0.34487647867688537,0.48117043628122275,1.5899429103811629,78.10577106014529,77.38064954996588,74.79141607400166,80.91312123347778,73.9658796210144,0.0800953851321411,0.01343938999927577,Tokyo
2018-02-26,81.75,81.75,80.55000305175781,81.69999694824219,34,66.93809651591056,0.4043379175778199,-0.19503359942594428,0.5993715170037641,1.562089627371236,78.44807828758309,77.55003572244732,74.88292045644194,81.23219791352231,73.76880230010075,0.07897511398750523,0.01284269926413868,Tokyo
2018-02-27,81.0,81.75,81.0,81.76000213623047,29,67.13605796957222,0.6145227682503815,-0.033122325890679136,0.6476450941410606,1.5040832254161476,78.76349960650188,77.71513244455646,74.97400763100867,81.84997550593424,73.49102486027671,0.05483163311659145,0.011104255375265487,Tokyo
2018-02-28,81.75,81.75,81.5,81.6500015258789,21,66.3517330228408,0.7634194228717774,0.12618602386181219,0.6372333990099652,1.4152202904743132,79.03840455120445,77.86944103598087,75.06243139120564,82.42819387375802,73.37480676711111,0.03472307358522153,0.010188018285633099,Tokyo
2018-03-01,81.80000305175781,81.80000305175781,81.5,82.56999969482422,12,69.5552641838662,0.9447665768884974,0.28990213446714924,0.6548644424213481,1.3355619162802774,79.37474694583491,78.053776669661,75.16186938198204,83.13625823849598,73.19574249392589,0.025204851703763964,0.010355778131729807,Tokyo
2018-03-02,82.69999694824219,82.69999694824219,82.5,82.72000122070312,59,70.0558421760013,1.0880470434743899,0.44953111626859743,0.6385159272057924,1.2544501328489852,79.69334259106046,78.23676586774108,75.26197708845517,83.75678166235696,73.01221934472312,0.015592441007308722,0.010062217428699675,Tokyo
2018-03-05,83.80999755859375,83.80999755859375,82.5999984741211,85.41000366210938,4,77.27271157701767,1.4024915121256782,0.6401231954400137,0.7623683166856645,1.2512750579649619,80.23778650258893,78.5180693106575,75.39638803645059,84.97971402879107,72.60028703932416,0.045410120592997316,0.0112750197564866,Tokyo
2018-03-06,87.75,87.75,85.20999908447266,83.83999633789062,19,67.10699041906793,1.507625579796553,0.8136236723113216,0.6940019074852314,1.3433269049337035,80.58085410595099,78.72677233133331,75.50822390799284,85.64099503763329,72.66600569478858,0.025440241527812324,0.012043569216972059,Tokyo
2018-03-07,84.19999694824219,84.19999694824219,84.19999694824219,84.19999694824219,22478,68.14193634285687,1.6015326549536724,0.9712054688397918,0.6303271861138806,1.2730893124635507,80.92553437664539,78.94140859081993,75.62334672971801,86.25659732550683,72.85140285759864,0.031230806793739685,0.011834900731258226,Tokyo
2018-03-08,83.26000213623047,85.25,82.95999908447266,85.12000274658203,22263,70.68079351582608,1.7302462657853113,1.1230136282288958,0.6072326375564154,1.345725855539536,81.32500755473458,79.18370640084983,75.74913025312019,86.92896804575416,73.09503250356225,0.030882924320970506,0.011746631096052411,Tokyo
2018-03-09,84.94000244140625,85.55000305175781,84.2300033569336,84.5199966430664,15189,66.93436190937771,1.7635086219594456,1.251112626975006,0.5123959949844397,1.3438882726312988,81.62929222981381,79.39297268485832,75.86530066888108,87.41011196636515,73.4038879725997,0.021760099078828032,0.012060274358037689,Tokyo
2018-03-12,84.48999786376953,85.02999877929688,82.87999725341797,83.27999877929688,14497,59.87141609365955,1.6705546996645921,1.3350010415129232,0.33555365815166893,1.4014677907204136,81.78650237738363,79.54540508071865,75.96350859087333,87.62165239697092,73.85234738940605,-0.024938587887655572,0.012818546153770587,Tokyo
2018-03-13,83.19000244140625,84.20999908447266,82.04000091552734,82.9800033569336,19947,58.26944023441431,1.5547586334084258,1.3789525598920238,0.17580607351640198,1.4563628177364778,81.90016913734077,79.68009520919767,76.05644229638406,87.70726597469957,74.41973445254652,-0.010257550316332353,0.012836955434893495,Tokyo
2018-03-14,83.38999938964844,83.87000274658203,82.41000366210938,83.44000244140625,11018,60.03523694017861,1.4830122562322146,1.399764499160062,0.0832477570721526,1.4566225510747763,82.04681992820416,79.82754255163722,76.15423779499363,87.75574483718918,75.07725610885575,-0.009026063353697156,0.012785245711388414,Tokyo
2018-03-15,83.58999633789062,83.86000061035156,82.6500015258789,83.52999877929688,12456,60.38838884477686,1.4170794776354967,1.4032274948551489,0.013851982780347827,1.4390065891746249,82.18807505687965,79.97273691350624,76.25192999346123,87.58725414452105,76.03874683204144,-0.018679557283602155,0.012343502539641109,Tokyo
2018-03-16,83.69999694824219,83.69999694824219,82.41999816894531,82.8499984741211,10030,56.33749557647728,1.295028649801992,1.3815877258445177,-0.08655907604252566,1.4276488884690715,82.25111538233122,80.08557070019702,76.33932162896666,87.12002746045773,77.24997299730593,-0.019758616129598616,0.012586958308024282,Tokyo
2018-03-19,82.98999786376953,82.98999786376953,81.19000244140625,81.2300033569336,16728,48.065340582433016,1.0554162408712955,1.3163534288498733,-0.2609371879785778,1.454245069461515,82.15386661800764,80.13045041222591,76.4040988703967,86.38831333666874,78.53268733471796,-0.024615699476605912,0.01372527240095102,Tokyo
2018-03-20,81.1500015258789,83.3499984741211,80.94999694824219,83.08000183105469,19576,56.009103696950135,1.0032364114011045,1.2537300253601196,-0.25049361395901504,1.5217991020627573,82.24206997163117,80.24611909531724,76.492521426167,85.90482941980024,79.5731712210689,0.0012050912277137282,0.013662077678997018,Tokyo
2018-03-21,82.9800033569336,83.86000061035156,82.54000091552734,82.58999633789062,13920,53.667596976753025,0.9118331277586549,1.1853506458398266,-0.27351751808117175,1.5073848586885759,82.27520581603683,80.33803584992796,76.57328268327592,85.53030226778816,80.3156976406591,-0.010187033540806967,0.013372908806638098,Tokyo
2018-03-22,82.66000366210938,83.20999908447266,81.7699966430664,82.1500015258789,12699,51.58229600537446,0.7947303065363371,1.1072265779791288,-0.3124962714427917,1.5025718288826955,82.26328159792655,80.40909332741623,76.64714650900576,85.39118141842252,80.6158185510599,-0.016520977775472012,0.01275816991206555,Tokyo
2018-03-23,82.27999877929688,82.38999938964844,81.38999938964844,81.83000183105469,14903,50.05885990788499,0.6683992851193494,1.019461119407173,-0.35106183428782356,1.46667384110536,82.22201685822446,80.4648152295197,76.71579359936403,85.36372633740261,80.68127412036107,-0.012311365864237311,0.012565935230591014,Tokyo
2018-03-26,82.08000183105469,82.56999969482422,81.5,81.77999877929688,14523,49.81129843084739,0.5578160558333991,0.9271321066924183,-0.3693160508590192,1.4383399735138498,82.1799198983266,80.51639105500115,76.78286916466116,85.35846756962054,80.69453307124859,0.006770840817850843,0.012549205610010866,Tokyo
2018-03-27,81.87999725341797,82.7699966430664,81.72000122070312,82.0199966430664,13131,51.06225326174974,0.4839650242339246,0.8384986902007197,-0.35453366596679503,1.410601077003095,82.16468911211135,80.57535598002332,76.85223509152748,85.34448277608479,80.73451731546794,-0.012758848876096907,0.012565115964396769,Tokyo
2018-03-28,82.0,82.12999725341797,80.66999816894531,80.73999786376953,17420,44.6676238425353,0.3184810937293463,0.734495170906445,-0.4160140771770987,1.4141295061080639,82.02900423131689,80.58181252448395,76.90372863817969,85.44572704777507,80.54227267756674,-0.02239978878982407,0.013057711044181452,Tokyo
2018-03-29,80.73999786376953,82.19999694824219,80.68000030517578,81.45999908447266,18621,48.569258100101656,0.24263502226499156,0.6361231411781543,-0.3934881189131627,1.4216914444622313,81.97481326495077,80.61625121311096,76.96407659111071,85.47927744129413,80.39772222301252,-0.008399299191599985,0.012957360649369977,Tokyo
2018-04-02,81.80000305175781,82.70999908447266,80.91999816894531,80.97000122070312,15144,46.18259454993108,0.14135824184531032,0.5371701613115855,-0.39581191946627514,1.447999263824025,81.87911687978432,80.6301237624283,77.01713519547617,85.53968907339505,80.16231059091159,-0.010509600282389231,0.012996711710541783,Tokyo
2018-04-03,80.97000122070312,82.80999755859375,80.97000122070312,82.0199966430664,22369,51.66384599167504,0.14415973541620986,0.4585680761325104,-0.3144083407163005,1.4759990548287822,81.8925340000969,80.68462858127685,77.08339826100718,85.10530445163985,80.25769451076249,0.0029346767834665943,0.0109835149388236,Tokyo
2018-04-04,82.0999984741211,82.30999755859375,78.62000274658203,79.63999938964844,43856,41.376858416323955,-0.04514553895808149,0.357825353114392,-0.4029708920724735,1.6341416089132779,81.6780068943399,80.64366273062477,77.1172605276117,85.18334709734701,79.75965217023112,-0.029017280551414948,0.012063316930295075,Tokyo
2018-04-05,79.5,82.63999938964844,79.44999694824219,82.56999969482422,35612,53.620340080234904,0.04078506003855864,0.2944172944992254,-0.25363223446066674,1.7452745255199187,81.76295858962413,80.71920535667181,77.18948223843572,84.97828141630167,79.80171812593467,0.022665368831720878,0.014805619980304151,Tokyo
2018-04-06,82.0,83.45999908447266,81.80000305175781,82.54000091552734,26500,53.497146786310594,0.10525175138788256,0.25658418587695686,-0.1513324344890743,1.7391832046052704,81.83696262066253,80.7906091040779,77.26035003548328,84.51151880237566,80.0104805567552,0.013258063383167373,0.014543397125455429,Tokyo
2018-04-09,82.88999938964844,83.69000244140625,82.69999694824219,82.91000366210938,28417,54.87425459405932,0.18407628135885545,0.24208260497333658,-0.05800632361448113,1.6970987989819588,81.93915700556224,80.87372261615758,77.33517988484257,84.19343230110944,80.16756775992572,0.023959520960340708,0.014541294252881254,Tokyo
2018-04-10,82.87999725341797,83.58999633789062,82.30999755859375,83.52999877929688,30865,57.16338978412657,0.29319395628144207,0.2523048752349577,0.040889081046484366,1.6673059404330242,82.09066574591792,80.97789030882971,77.41723046622607,84.23753739539697,80.14846266563819,0.018410170666083747,0.014276672008808737,Tokyo
2018-04-11,83.66000366210938,84.04000091552734,83.30999755859375,83.83000183105469,22891,58.266586716991526,0.3992756378421376,0.28169902775639366,0.11757661008574394,1.6003557558973505,82.25631680164523,81.0897378195052,77.50216783529666,84.38172835781002,80.08927155063724,0.05261178394673438,0.01426761150907364,Tokyo
2018-04-12,83.83000183105469,83.97000122070312,83.16999816894531,83.69000244140625,20127,57.52209850819944,0.4666698742172599,0.3186931970485669,0.147976677168693,1.5431877056016692,82.39285829114627,81.1917089811484,77.58412590954977,84.42643657158341,80.06956333686385,0.013564281830223068,0.014225086295684617,Tokyo
2018-04-13,83.83000183105469,84.44999694824219,83.05999755859375,83.41000366210938,26393,55.981472439008655,0.4918173662001095,0.3533180308788755,0.13849933532123404,1.532245683033581,82.48972927885703,81.27870092942138,77.66128985329229,84.40618452962966,80.07781586709885,0.010540377234456333,0.014244337142472896,Tokyo
2018-04-16,83.25,84.04000091552734,83.0,83.25,12700,55.0737241602743,0.4931512359762138,0.38128467189834314,0.11186656407787066,1.497085342497421,82.56213601420399,81.35600677532642,77.73531250424206,84.45701602951303,80.06698451980338,0.0041007878768917205,0.014125259066129728,Tokyo
2018-04-17,83.27999877929688,83.58000183105469,82.05999755859375,83.12999725341797,9763,54.361756051058926,0.4790034648657695,0.4008284304918284,0.07817503437394108,1.4987224089233866,82.61621803698627,81.42557502936924,77.80676528237684,84.52828867514715,80.18571126381768,-0.004788717008553878,0.01333278885148971,Tokyo
2018-04-18,83.27999877929688,83.38999938964844,82.5,82.73999786376953,6160,52.00861060002438,0.4313492374441381,0.40693259188229036,0.02441664556184775,1.45524219326089,82.62800659191801,81.47712102287514,77.87210611126947,84.4926982058227,80.18730133641361,-0.013002552111138876,0.012393509446081655,Tokyo
2018-04-19,82.70999908447266,83.16000366210938,82.55999755859375,82.97000122070312,3536,53.29269921605846,0.40744548959061433,0.4070351714239552,0.00041031816665915155,1.3941539011362283,82.66057750894517,81.53566534435859,77.9396279007984,84.5276381265232,80.19036190399437,-0.008603192731500009,0.01233498034825586,Tokyo
2018-04-20,83.0,85.62999725341797,83.0,85.47000122070312,5827,64.43246299882442,0.5835044280006514,0.4423290227392944,0.14117540526135697,1.4845711962489867,82.92814167196974,81.68995302578386,78.03936794477065,85.09702507586896,79.95297492413106,0.02469724814949914,0.013890928725366574,Tokyo
2018-04-23,85.69999694824219,86.44000244140625,82.9000015258789,83.19000244140625,3444,52.20394506476714,0.5329124750959267,0.4604457132106209,0.07246676188530576,1.6313876047688693,82.95308079286845,81.74877849306317,78.1075882692294,85.15956490315841,80.02643515787673,-0.0007206913945194682,0.015298662472313668,Tokyo
2018-04-24,83.25,84.47000122070312,82.93000030517578,82.26000213623047,246,48.186690513051815,0.41301376998453065,0.4509593245654029,-0.03794555458087223,1.6248599841087603,82.88707330176007,81.76882647906974,78.16258712839497,85.16042759246234,80.07357280426616,-0.01046547751632132,0.015534033881181996,Tokyo
2018-04-25,83.16999816894531,84.56999969482422,82.88999938964844,84.76000213623047,19,57.626477543134364,0.5137995278603853,0.4635273652243994,0.050272162635985884,1.6737983822862597,83.06544747647155,81.88612748523292,78.24997010863122,85.45248041057461,80.05552053547031,0.02441387871180334,0.01689017470964942,Tokyo
2018-04-26,85.0,85.0,84.62999725341797,84.98999786376953,6,58.37777275766088,0.6052547007250837,0.49187283232453627,0.11338186840054743,1.5806701225931006,83.24873798954755,82.00784789223435,78.33924199942776,85.66655404733956,80.26644689870537,0.02434610839275675,0.01638778967698578,Tokyo
2018-04-27,85.33000183105469,85.33000183105469,85.33000183105469,85.33000183105469,0,59.520391280406194,0.6971329480723227,0.5329248554740936,0.1642080925982291,1.492051111499676,83.44695359350061,82.13812843885476,78.43183484487977,85.95836932190889,80.36163189879423,-0.0016379944734870033,0.016325026940102492,Tokyo
2018-04-30,84.62999725341797,84.62999725341797,84.43000030517578,84.68000030517578,3,56.33634281612695,0.7093208213019153,0.568204048639658,0.1411167726622573,1.4497618553839067,83.56438661366015,82.23780968851442,78.51459200329428,86.02181843779411,80.66918269135627,0.017910780382762725,0.016372395701984697,Tokyo
2018-05-01,84.66000366210938,85.30000305175781,84.66000366210938,85.12000274658203,17,57.97521391589048,0.7458862065221723,0.6037404802161609,0.1421457263060114,1.3919216792599445,83.71254053108129,82.35083686726217,78.60208088731133,86.21242824452959,80.78857349497237,0.034767815901768806,0.016198510303437528,Tokyo
2018-05-02,85.33000183105469,85.37999725341797,84.6500015258789,85.01000213623047,12,57.39521779551623,0.757259195182101,0.634444223209349,0.12281497197275204,1.3446412541370243,83.83610830300026,82.4551178582021,78.68695401643609,85.86498156291431,81.67302045124585,0.00294950440890962,0.014465812857499169,Tokyo
2018-05-03,84.75,84.8499984741211,84.75,84.44999694824219,5,54.410866069304234,0.7128671434359006,0.6501288072546594,0.06273833618124125,1.267167031429413,83.8945738882614,82.5333484107527,78.76328571089711,85.90037899247395,81.825622747028,-0.006353699601133189,0.012358243054954797,Tokyo
2018-05-04,84.9000015258789,86.0,84.9000015258789,86.3499984741211,13,61.689342590221784,0.8215302771129842,0.6844091012263245,0.13712117588665973,1.2873696043100131,84.12842384881947,82.68302096225733,78.86377197266167,86.27425665533002,81.8327448400313,0.011953552340077334,0.013219237841875703,Tokyo
2018-05-07,87.69000244140625,87.69000244140625,86.6500015258789,85.98999786376953,3,59.743083091273135,0.8685850450984702,0.7212442900007536,0.1473407550977166,1.2911292016653806,84.30571661214805,82.8127063309441,78.95815907055714,86.51966335897508,81.89533755655226,0.015469975836947203,0.013284261045695283,Tokyo
2018-05-08,85.37999725341797,85.37999725341797,85.37999725341797,85.37999725341797,18277,56.49085875179976,0.8468918938898469,0.7463738107785722,0.10051808311127464,1.2424771594286792,84.40802905417375,82.91338440633523,79.04321652993279,86.6458176033189,81.95418315962056,0.0030544466452848695,0.01335874794730245,Tokyo
2018-05-09,85.6500015258789,86.04000091552734,85.18000030517578,85.86000061035156,12916,58.40946586864851,0.8585355116568252,0.7688061509542228,0.0897293607026024,1.215157405923171,84.54631205952401,83.02893798296331,79.13350506079927,86.83569682275478,81.96730381811435,0.009998805467137384,0.013386190280469607,Tokyo
2018-05-10,86.01000213623047,86.16999816894531,84.05000305175781,84.55999755859375,21069,51.75324253541718,0.7541701765858022,0.7658789560805387,-0.011708779494736477,1.27978867101348,84.5476154403878,83.08897953494883,79.20537913361774,86.8566508528809,82.033349299707,0.0013025531595813877,0.013875127991722263,Tokyo
2018-05-11,84.55999755859375,84.95999908447266,83.5,84.62000274658203,19111,52.0250045198438,0.6685946706393509,0.7464220989923012,-0.07782742835295031,1.2926608434034212,84.55450946954916,83.14901966089523,79.27709600266363,86.86803595358712,82.14296410744804,-0.020034693203353493,0.013845220808713952,Tokyo
2018-05-14,84.69999694824219,84.9000015258789,83.5,83.69999694824219,15145,47.59813279581501,0.5205382456497745,0.7012453283237958,-0.18070708267402136,1.3003280350088129,84.47312732466278,83.17062661334022,79.3356774721415,86.8483862327048,82.20761352315458,-0.026631014913563567,0.01408030932046127,Tokyo
2018-05-15,84.11000061035156,84.38999938964844,83.36000061035156,83.76000213623047,15675,47.90946678309586,0.4033943009458909,0.6416751228482149,-0.23828082190232402,1.28101880245796,84.40521064005019,83.19373937894376,79.39427779881818,86.81620847735108,82.30279176678955,-0.018973942015706124,0.01407476797303913,Tokyo
2018-05-16,83.87999725341797,85.38999938964844,83.62999725341797,84.3499984741211,15890,50.99256221287399,0.35408300597033815,0.5841566994726396,-0.23007369350230145,1.315231897727425,84.39995233853313,83.23908287287227,79.45991648325928,86.73230068589857,82.54769961927721,-0.01758679391446938,0.014096134015825034,Tokyo
2018-05-17,84.4800033569336,85.69000244140625,84.05000305175781,85.02999877929688,15148,54.34644039642676,0.36565870512350784,0.5404571006028133,-0.17479839547930542,1.338429575721783,84.459956761463,83.30931486920265,79.5336924077101,86.68669159297272,82.79930846806243,0.0055581981347321285,0.01418037750804363,Tokyo
2018-05-18,85.12000274658203,87.5999984741211,85.05000305175781,86.55000305175781,20707,60.80373188579101,0.49181483639284806,0.5307286477608203,-0.03891381136797223,1.4263988699433856,84.65900878911013,83.43640068028326,79.6266236745187,86.88070174824041,82.71329849590022,0.02280784971085037,0.013129766818829417,Tokyo
2018-05-21,87.30000305175781,88.7300033569336,87.0999984741211,88.41999816894531,25290,66.98967466133263,0.734223782360786,0.5714276746808135,0.16279610767997255,1.4802275438885566,85.01719825385635,83.63183587591706,79.74309221086872,87.56321713187286,82.55378268502166,0.05639189238706721,0.012189931493370323,Tokyo
2018-05-22,88.5999984741211,89.87999725341797,86.62999725341797,87.3499984741211,22417,61.05234213864821,0.83042199762194,0.6232265392690388,0.2071954583529012,1.6066398621822313,85.23936970340537,83.77764617388586,79.84384593620982,87.64915096926018,82.97684848142342,0.04286050914912498,0.012249138370826654,Tokyo
2018-05-23,87.33999633789062,87.75,86.72000122070312,86.95999908447266,19700,58.99976840234595,0.8652164087221337,0.6716245131596579,0.1935918955624758,1.5654512134047058,85.40323916826893,83.90244432724221,79.93809962029277,87.85473768800327,82.99126145750455,0.03094250927760611,0.010567770704531847,Tokyo
2018-05-24,87.18000030517578,87.8499984741211,86.63999938964844,87.45999908447266,20915,60.81849857835513,0.9225030110516741,0.7218002127380612,0.20070279831361293,1.540061775623845,85.59912106505024,84.04195627850615,80.03772742776536,88.13169004598576,82.96130922159237,0.028578152887936303,0.010610820770548587,Tokyo
2018-05-25,87.69000244140625,89.69000244140625,87.1500015258789,89.20999908447266,25564,66.431184136202,1.0964739614688312,0.7967349624842152,0.2997389989846161,1.6114859999026665,85.94301420975714,84.24462462383818,80.15921446957606,88.79670570891516,82.68429328400477,0.030733633032042018,0.011373860339261431,Tokyo
2018-05-29,89.69000244140625,93.20999908447266,89.56999969482422,93.20999908447266,13547,75.18221599179442,1.5393688774769032,0.9452617454827528,0.5941071319941504,1.7820941427667618,86.63510800734909,84.59620793601994,80.33207254394556,90.64848425900394,81.68551461184566,0.054173275443582636,0.014439751481076362,Tokyo
2018-05-30,94.20999908447266,96.4000015258789,91.22000122070312,92.48999786376953,46735,71.56573407339182,1.8113876587094637,1.118486928128095,0.6929007305813688,2.0248017257959776,87.19271656510341,84.90576832534346,80.49310466738694,91.79839553657175,81.2726028459966,0.05884372615268285,0.014708914097586562,Tokyo
2018-05-31,92.4800033569336,93.75,91.73999786376953,93.1500015258789,23262,72.85476284714474,2.0565150568381654,1.3060925538701091,0.7504225029680562,2.023744612255584,87.76007703755822,85.22907158810956,80.66074568538022,92.91925044495733,80.96574787657588,0.07118218153835643,0.014665148312638923,Tokyo
2018-06-01,93.16000366210938,94.48999786376953,92.72000122070312,93.30000305175781,25665,73.15265288793213,2.2370963018029784,1.4922933034566832,0.7448029983462952,2.0056197573135,88.28768903891056,85.54557870433106,80.82815306771636,93.87331363560284,80.89668529628193,0.06677342817765908,0.014448899937054624,Tokyo
2018-06-04,93.30000305175781,94.5199966430664,92.06999969482422,92.0999984741211,20224,66.83390417378851,2.257356498339391,1.6453059424332248,0.612050555906166,2.037360985236978,88.65076612797823,85.8026147737346,80.9774490333641,94.4699202186457,80.87507871323906,0.03239546485043565,0.014378370041626575,Tokyo
2018-06-05,92.23999786376953,92.27999877929688,89.7300033569336,89.83999633789062,23560,56.87067700593224,2.067219940617761,1.7296887420701323,0.3375311985476288,2.0739777307459994,88.7640261479699,85.96094346252504,81.0948337658744,94.67983643616368,81.05016234313318,-0.03615494882183112,0.015626716712830814,Tokyo
2018-06-06,89.75,91.70999908447266,89.3499984741211,90.94999694824219,17261,60.0228771668579,1.9832415473240985,1.7803993031209255,0.20284224420317298,2.0944079364321113,88.97221384323393,86.15659261882767,81.22536572855476,94.98594043387604,81.30105831490326,-0.01665045898039319,0.015620528174157166,Tokyo
2018-06-07,91.30000305175781,94.94999694824219,90.44999694824219,93.72000122070312,33503,66.58601245912587,2.1158144683607247,1.8474823361688855,0.26833213219183927,2.266235940972675,89.42438406965958,86.45319687772475,81.39085758937792,95.72104823675072,81.35195057306375,0.006119159264488694,0.01673439675009739,Tokyo
2018-06-08,93.97000122070312,95.83999633789062,93.58999633789062,94.94000244140625,31101,68.99995359664456,2.2928923304442463,1.9365643350239576,0.3563279954202887,2.265076230903198,89.94968105744498,86.78601278218285,81.57031646159021,96.52458446923262,81.58641482886307,0.017577699206919206,0.016171131837236938,Tokyo
2018-06-11,95.55000305175781,96.5,94.0,94.75,22047,68.17391525617757,2.3903418301360233,2.027319834046371,0.36302199608965235,2.2818565001243982,90.40685429006926,87.09832600641099,81.74488180646982,97.13775297433742,81.98624604910009,0.028773089791348072,0.016227259185933745,Tokyo
2018-06-12,95.19000244140625,95.8499984741211,94.66999816894531,95.20999908447266,21458,69.13723122850608,2.4761458741814124,2.1170850420733793,0.3590608321080331,2.203152486199497,90.86429665144101,87.41643083300164,81.92322773068179,97.58591888087079,82.68908035618975,0.05977296266114385,0.015755195219885613,Tokyo
2018-06-13,95.30000305175781,95.66000366210938,93.20999908447266,93.80999755859375,26904,62.897378805869906,2.4034720448114513,2.174362442620994,0.22910960219045728,2.2207847784450125,91.14483959497936,87.66715893988761,82.08066839065414,97.61800478622635,83.66199399307052,0.03144585713377346,0.016420887707149688,Tokyo
2018-06-14,93.6500015258789,94.5,92.61000061035156,93.41000366210938,13682,61.19792801961065,2.287235519576285,2.196937058012052,0.09029846156423282,2.1971572506738286,91.36056950613461,87.8923685368375,82.23072581146812,97.50506531828653,84.68093397980918,-0.003307699045625556,0.016565400679654785,Tokyo
2018-06-15,93.13999938964844,93.13999938964844,90.5,90.72000122070312,21715,51.1822681713987,1.9555145655097448,2.148652559511591,-0.19313799400184628,2.2480748514906534,91.29956300276018,88.00325609306753,82.34316654536526,97.12764166572028,85.62735787651606,-0.044449137478246525,0.01822934275497271,Tokyo
2018-06-18,90.55000305175781,90.55000305175781,86.80000305175781,87.31999969482422,9387,41.85768943111115,1.4021089719059319,1.9993438419904594,-0.5972348700845276,2.3674979455945575,90.92055697343295,87.97646172450898,82.40908486522565,97.0389518834672,85.79304732307577,-0.07841688976438821,0.020085221992169614,Tokyo
2018-06-19,87.4000015258789,88.1500015258789,83.31999969482422,83.31999969482422,9421,34.00794312589119,0.6334623219666753,1.7261675379857029,-1.0927052160190276,2.543391080270281,90.19669437547022,87.7938553704037,82.42114996230643,97.73770905258843,84.58429030654244,-0.12488183493310756,0.02204562900970904,Tokyo
2018-06-20,83.25,85.69999694824219,83.0999984741211,83.20999908447266,6148,33.820108715489226,0.015252364385460737,1.3839845032656546,-1.3687321388801938,2.547434465545339,89.53129482394664,87.61409630036721,82.43159829505035,98.25634187032162,83.6516575498444,-0.11299433695753303,0.021940456975880082,Tokyo
2018-06-21,83.4000015258789,84.19999694824219,83.01000213623047,83.20999908447266,3585,33.820108715489226,-0.469273982601365,1.0133328060922508,-1.4826067886936158,2.4504744902929376,88.92926665828244,87.44138660562623,82.4419082392811,98.66858916809835,82.86441025206767,-0.10919606228186274,0.021941299727395967,Tokyo
2018-06-22,83.25,85.80000305175781,83.0999984741211,85.43000030517578,2639,41.3962440892306,-0.6664466757959104,0.6773769097146186,-1.343823585510529,2.4682980679603506,88.59600319608181,87.36250871149093,82.48148561763733,98.79478347149688,82.53521607073944,-0.058311296785125255,0.02280000019082992,Tokyo
2018-06-25,85.5,86.4800033569336,84.19999694824219,85.94000244140625,52,43.010310619833014,-0.7726479410690246,0.38737193955788995,-1.1600198806269146,2.4548486637268545,88.34305074325556,87.30672415187976,82.52729378748857,98.88214805089939,82.1208518270303,-0.015803908133771638,0.022334462136937922,Tokyo
2018-06-26,85.79000091552734,86.31999969482422,84.08999633789062,85.04000091552734,12,40.87103121275654,-0.9188439493608627,0.12612876177413945,-1.044972711135002,2.438788284670193,88.0284745691862,87.21783304457183,82.56057467660168,98.7108769047721,81.47512315626304,0.020643317654860383,0.0196196488871984,Tokyo
2018-06-27,86.12000274658203,86.12000274658203,86.08000183105469,85.75,3,43.26831707859434,-0.9662757217756166,-0.09235213493581176,-0.8739235868398049,2.341732109411943,87.81147699116848,87.16027096439254,82.60281872062019,98.50533672254188,81.00666355211631,0.0305251886008171,0.019811177334756007,Tokyo
2018-06-28,85.6500015258789,85.6500015258789,85.1500015258789,84.93000030517578,13,41.191183732113814,-1.0578387587614628,-0.285449459700942,-0.7723892990605208,2.217322564034025,87.53705064012156,87.07280936991346,82.63364231776661,98.19473202212946,80.49526813045843,0.020670607374445815,0.01967961291461138,Tokyo
2018-06-29,85.41000366210938,86.02999877929688,85.05999755859375,85.37999725341797,12,42.813619619716654,-1.081623845899017,-0.44468433694055703,-0.63693950895846,2.1375137004688156,87.33161698424503,87.00642458103128,82.67001787982822,97.7622937275549,80.13570584519901,-0.0005853102139669053,0.019757839493191532,Tokyo
2018-07-02,84.44000244140625,84.44000244140625,84.44000244140625,84.5,51,40.462707077767625,-1.1581318991039637,-0.5873738493732383,-0.5707580497307254,2.0519766370075945,87.0619391762217,86.90813342099084,82.69425605360533,97.46523230559802,79.67276741974376,-0.01675590412495087,0.01970763394805442,Tokyo
2018-07-03,84.44000244140625,84.44000244140625,84.44000244140625,84.54000091552734,7,40.62231376930356,-1.201685065486231,-0.7102360925958369,-0.49144897289039413,1.909692417120891,86.82175457996509,86.81526547960011,82.71870300541887,97.35522185700931,79.25277832609616,-0.00587958601384142,0.019123407534102393,Tokyo
2018-07-05,84.44000244140625,84.44000244140625,83.7300033569336,83.7300033569336,17,38.378687133041026,-1.2867286897990766,-0.8255346120364848,-0.4611940777625918,1.8311427843689525,86.52730208253352,86.694274808123,82.73209771206146,97.12485499778825,78.76114582618635,-0.02355681216403971,0.018824795742210264,Tokyo
2018-07-06,84.12000274658203,84.94999694824219,84.12000274658203,86.37999725341797,3,48.41656751151235,-1.1272992106688093,-0.8858875317629498,-0.24141167890585957,1.7874892705789267,86.51327305118919,86.68195019813457,82.7804142622781,96.36392389370602,78.78807653354008,0.017072847557187965,0.018936669617624927,Tokyo
2018-07-09,87.16000366210938,87.16000366210938,87.16000366210938,87.16000366210938,26,50.94932738330068,-0.9273206264897027,-0.8941741507083004,-0.033146475781402285,1.7155262090155325,86.5748664427054,86.70069739280025,82.83842206889838,95.26229355794686,79.11170699136954,0.020848049495810317,0.018769994918476935,Tokyo
2018-07-10,86.66000366210938,86.83000183105469,86.30999755859375,87.5,12,52.05440614614832,-0.7329522771559454,-0.8619297759978295,0.12897749884188414,1.6537033443369675,86.66297440054298,86.7320425930826,82.9001648229527,94.07955436253222,79.56944618678419,0.035502958579881616,0.018853677982996152,Tokyo
2018-07-11,86.58000183105469,86.58000183105469,85.20999908447266,85.23999786376953,61,44.82521166386128,-0.752601720572045,-0.8400641649126726,0.08746244434062755,1.6991531708505658,86.52745282561219,86.67353103507033,82.93115598905625,92.4345637973671,80.21743662987899,0.008280067904679056,0.019358295677774126,Tokyo
2018-07-12,86.12999725341797,89.23999786376953,86.12999725341797,89.23999786376953,44,56.37352083486806,-0.4403316067747056,-0.7601176532850793,0.3197860465103737,1.8634993729326685,86.78579044829385,86.77417679305853,83.01471680858889,91.30237707567917,80.89262338208451,0.06580669157920993,0.022349802728584046,Tokyo
2018-07-13,89.75,89.88999938964844,88.0199966430664,88.9000015258789,54,55.313755275064025,-0.21777972569087467,-0.6516500677662385,0.4338703420753638,1.8639638996219086,86.98714388425432,86.8575424688554,83.09266759954637,90.02804404816705,81.71595619597359,0.02917347016193861,0.02234812887423466,Tokyo
2018-07-16,89.0,89.31999969482422,88.68000030517578,88.87999725341797,14,55.247946472679715,-0.04252967847743605,-0.529825989908478,0.4872963114310419,1.776537863195232,87.16741563369848,86.93685442119119,83.16932097244533,89.54747797614615,82.01252187126596,0.01973374849749243,0.021443925886466486,Tokyo
2018-07-17,88.66999816894531,89.3499984741211,87.94999694824219,89.19999694824219,30,56.14674867495849,0.12078619945040714,-0.39970355203670094,0.5204897514871081,1.74964241052978,87.36099480651217,87.02560510852652,83.24919747543602,89.8889466636118,81.85905290914211,0.01942853655133936,0.01958665907963653,Tokyo
2018-07-18,88.80000305175781,89.22000122070312,88.80000305175781,88.83000183105469,6,54.776878065643054,0.2178484739550015,-0.27619314683836044,0.49404162079336195,1.6546678218451754,87.50090023742098,87.09636576431194,83.32311541392104,90.18267985763764,82.11631992873932,0.042116424885682235,0.016100480979388473,Tokyo
2018-07-19,88.80999755859375,88.80999755859375,88.30000305175781,88.30000305175781,12,52.7900046638554,0.24913270692546519,-0.17112797608559532,0.4202606830110605,1.574334318806011,87.57700526735783,87.14356722656473,83.3890344554818,90.29608814656872,82.51191203653674,-0.010533335214179207,0.01620286682455353,Tokyo
2018-07-20,88.43000030517578,88.5199966430664,86.9000015258789,87.73999786376953,33,50.69752363078692,0.22613124816622587,-0.09167613123523108,0.317807379401457,1.5775958044046887,87.59252837177799,87.16695666331786,83.44666310989622,90.25822551627633,83.00277454475884,-0.013048409923499205,0.01632620432740454,Tokyo
2018-07-23,87.47000122070312,87.62000274658203,87.23999786376953,87.47000122070312,5,49.675172201502654,0.18399497421374633,-0.0365419101454356,0.22053688435918192,1.5006246755186397,87.58085911929467,87.17884076360748,83.49995235639697,90.3327148482828,83.13228530430509,-0.015864042262452083,0.015378135588439775,Tokyo
2018-07-24,87.93000030517578,87.93000030517578,87.45999908447266,87.31999969482422,6,49.082975019746634,0.1369194814547825,-0.0018496318253919813,0.1387691132801745,1.4270087144603885,87.5560153645832,87.18437640796893,83.55054900988608,90.39064231125266,83.21235756667701,-0.02107620311364844,0.015348459356678557,Tokyo
2018-07-25,88.91999816894531,89.37999725341797,88.61000061035156,88.80000305175781,27,54.80756520905842,0.2165395827641987,0.041828211092526164,0.17471137167167256,1.472222203327057,87.67449038240935,87.2477343155685,83.62007820249366,90.58404222963092,83.39495786192181,-0.00033770999300364313,0.015503265206247388,Tokyo
2018-07-26,88.87999725341797,89.16999816894531,88.2300033569336,89.02999877929688,6,55.64219367612849,0.294799553989634,0.09242247967194772,0.20237707431768626,1.4342059610902473,87.80358642020816,87.31762703963628,83.69173277966986,90.80871512847283,83.4982848410096,0.00826722199671015,0.015436417054089211,Tokyo
2018-07-27,89.05999755859375,89.05999755859375,89.05999755859375,89.05999755859375,0,55.756966969276974,0.3551478721986001,0.1449675581772782,0.21018031402132192,1.3339054481050066,87.92324462386394,87.38595529528168,83.76283562442381,90.952412249201,83.76758744562322,0.015044446398023936,0.015205407896729181,Tokyo
2018-07-30,89.08000183105469,90.61000061035156,88.4800033569336,89.94999694824219,77,59.13520981173983,0.4693791511981118,0.20984987678144493,0.25952927441666684,1.3907691484845037,88.1162686547571,87.48650594833894,83.84478478103068,91.23163923760985,83.94536042669678,0.028352528786201425,0.01528781128878985,Tokyo
2018-07-31,90.44000244140625,90.56999969482422,90.30999755859375,90.27999877929688,5,60.344311404082084,0.5798524742454276,0.28385039627424147,0.29600207797118616,1.3357144054914698,88.32233819042756,87.59605468680789,83.93001940352427,91.40421356968884,84.3507859725475,0.03389829471847916,0.014980257021101498,Tokyo
2018-08-01,89.58999633789062,90.56999969482422,89.58999633789062,89.05999755859375,13,53.98493276914506,0.5624756074686132,0.33957543851311583,0.2229001689554974,1.3103064734516214,88.39259146358624,87.65346421119165,83.99796613405499,91.29285715133287,84.9141420552101,0.002927865967351284,0.015444102425714578,Tokyo
2018-08-02,88.87999725341797,89.26000213623047,88.66000366210938,89.44000244140625,17,55.55603602877275,0.5727650545491088,0.3862133617203144,0.18655169282879436,1.259570187785155,88.49234489004529,87.72352453394517,84.07004608514573,90.87456095323297,85.90343816175725,0.004605230458620602,0.015175057857789657,Tokyo
2018-08-03,89.38999938964844,89.9000015258789,87.4000015258789,88.66999816894531,48,51.70377619031053,0.5128745078255434,0.41154559094136023,0.10132891688418322,1.3481723172290727,88.50926424994053,87.76064114708244,84.13097260281195,90.80344185193367,86.20355735460929,-0.004379063556473328,0.01388416892404842,Tokyo
2018-08-06,87.87000274658203,88.54000091552734,87.62999725341797,88.69000244140625,33,51.797288782943546,0.4617027734911403,0.42157702745131626,0.04012574603982405,1.3261600742503779,88.5264774110325,87.79708668803632,84.19135710398538,90.79188110852387,86.36811797594878,-0.014007721507327542,0.013766788424045499,Tokyo
2018-08-07,88.52999877929688,89.30999755859375,87.80999755859375,88.22000122070312,25,49.37819321663365,0.378856413902497,0.4130329047415524,-0.034176490839055385,1.3385772118039223,88.4972892024297,87.81367157167031,84.24471662871012,90.77671464052327,86.45528456601971,-0.022817873133003985,0.013814224833015703,Tokyo
2018-08-08,88.08000183105469,88.08000183105469,87.48999786376953,87.38999938964844,11,45.35018959513608,0.24341987312752167,0.37911029841874627,-0.1356904252912246,1.2951076507417558,88.39183302978387,87.7970569762969,84.28637600302719,90.31630180779888,87.13069755133199,-0.018751383502414787,0.012571369460524182,Tokyo
2018-08-09,87.37999725341797,87.37999725341797,87.05000305175781,87.26000213623047,15,44.73467444324846,0.12416445631460249,0.32812112999791754,-0.20395667368331505,1.2268854141095322,88.28403961135021,87.77599600217665,84.3257617796259,90.32464688216544,86.9243529042115,-0.02437388467877044,0.006912269136302629,Tokyo
2018-08-10,87.66000366210938,87.81999969482422,85.5199966430664,85.86000061035156,62,38.650595427319786,-0.08236528776919272,0.2460238464444955,-0.3283891342136882,1.3035366739415524,88.05317875411224,87.70085892798743,84.34608282374148,90.56682042969244,86.37817926513178,-0.03169051107049514,0.007675939883980475,Tokyo
2018-08-13,85.3499984741211,85.3499984741211,82.30999755859375,83.13999938964844,38,30.088556609907542,-0.46021785942635063,0.10477550527032628,-0.5649933646966769,1.4639985580712853,87.58525690987759,87.52200169118983,84.33010820872039,91.34632852826677,85.0246713801805,-0.0625775498813913,0.010242951581845327,Tokyo
2018-08-14,82.77999877929688,83.5,82.66999816894531,83.41000366210938,10,31.70585697356607,-0.7294727487115438,-0.06207414552604773,-0.667398603185496,1.4187130775700998,87.18761374342347,87.36074686652002,84.3179213935335,91.66726104870743,84.12473953112656,-0.05452275552071695,0.010230723622395948,Tokyo
2018-08-15,82.51000213623047,82.51000213623047,81.20999908447266,81.08000183105469,5,26.095629159828874,-1.1179834462275409,-0.2732560056663464,-0.8447274405611944,1.474519613289144,86.60593641843597,87.11444313963902,84.2750350417126,92.32380019834761,82.69320038148638,-0.07220503035432202,0.011658826646320952,Tokyo
2018-08-16,81.5999984741211,82.3499984741211,81.55000305175781,82.12999725341797,27,31.94013641153215,-1.32587129866576,-0.48377906426622913,-0.8420922343995307,1.4599108297018057,86.17965649795806,86.91897467351271,84.2466239451789,92.56140510751415,81.83859489248586,-0.05878987803373559,0.012283290007373285,Tokyo
2018-08-17,81.58000183105469,81.75,81.58000183105469,81.75,7,30.9851245638678,-1.5039499235134741,-0.6878132361156781,-0.816136687397796,1.3949168720347682,85.75778445053349,86.71626978435535,84.21355607835534,92.7791690581876,81.02183115543544,-0.047868630108722,0.012269083851331533,Tokyo
2018-08-20,83.0999984741211,83.0999984741211,83.0999984741211,83.0999984741211,1,38.069683180215264,-1.5186389971991758,-0.8539783883323777,-0.6646606088667981,1.3917084150409342,85.50466197658946,86.57445522316969,84.19880697101449,92.79184863640833,80.5721513025565,-0.00048112720496751304,0.01305357850414562,Tokyo
2018-08-21,83.08000183105469,83.79000091552734,83.08000183105469,83.5,5,40.03389790780183,-1.4809321497637455,-0.9793691406186513,-0.5015630091450942,1.3430148914289144,85.31374178834284,86.45388835167284,84.1895512495441,92.75379154750253,80.22820842197989,0.001078963360980012,0.013156783008854775,Tokyo
2018-08-22,83.73999786376953,83.73999786376953,83.2300033569336,82.5199966430664,4,36.942449860013674,-1.5126899342376419,-1.0860332993424495,-0.42665663489519234,1.2835134353865587,85.04767082212604,86.29961808859024,84.16743794349804,92.58049541362423,79.77350391498904,0.017760172416031894,0.012517121233875956,Tokyo
2018-08-23,82.48999786376953,82.48999786376953,81.5,81.7300033569336,5,34.621526458051605,-1.583352165021381,-1.1854970724782359,-0.3978550925431452,1.2646908073636907,84.73170249210771,86.12041751087821,84.13515404168925,92.361315247589,79.26268453878794,-0.004870253377096345,0.012493692165931594,Tokyo
2018-08-24,81.95999908447266,82.72000122070312,81.95999908447266,81.80999755859375,10,35.06638759843979,-1.6142891084941908,-1.271255479681427,-0.3430336288127638,1.2450698828212505,84.4534448793921,85.95138143431804,84.10435726707871,92.04427747621752,78.85472231015943,0.0007339150898317826,0.012506976422676924,Tokyo
2018-08-27,82.1500015258789,82.94999694824219,82.1500015258789,83.5199966430664,2,43.86029473808658,-1.4837208140663023,-1.3137485465584022,-0.16997226750790007,1.237564847594621,84.36454504736108,85.8560330111317,84.09661739126399,91.41891141524678,78.83708834061258,0.005054129683000008,0.013350682925051595,Tokyo
2018-08-28,83.13999938964844,83.9800033569336,83.12000274658203,83.80999755859375,18,45.21535721599328,-1.341381241819306,-1.319275085610583,-0.022106156208723027,1.2105959735058311,84.3117310008118,85.77579632671845,84.09282110208954,90.62795401889795,78.98104561489112,0.0037125456119011524,0.013345064589377781,Tokyo
2018-08-29,83.9800033569336,83.9800033569336,83.30000305175781,82.97000122070312,4,42.049354847051966,-1.28158349288978,-1.3117367670664226,0.030153274176642597,1.1726962829108276,84.18394721223002,85.6657651460904,84.07794931558112,90.01527373569819,78.98472626430181,0.005453279155877455,0.013230196952696885,Tokyo
2018-08-30,82.9000015258789,82.9000015258789,82.08999633789062,82.41999816894531,15,40.070897339158364,-1.2640033519269167,-1.3021900840385214,0.038186732111604726,1.1517897543323756,84.01595206525052,85.53848016659451,84.05598969774489,89.21582524949974,79.08217432325415,0.008442368575446668,0.013116107615353092,Tokyo
2018-08-31,82.70999908447266,82.9800033569336,82.61000061035156,82.30999755859375,15,39.668891708169426,-1.2446001180732083,-1.2906720908454588,0.0460719727722505,1.1095194281649403,83.85348020747368,85.41187300549645,84.03286397404753,88.48458792958941,79.17741158212935,0.006111722465727887,0.01308418662614176,Tokyo
2018-09-04,82.69999694824219,83.0199966430664,81.5199966430664,82.77999877929688,12,42.3310488973209,-1.1777217022277853,-1.2680820131219241,0.09036031089413887,1.1374108975817303,83.75124388098065,85.30866225152783,84.01626973305746,87.6037005852539,79.46729856025391,-0.008860128035349524,0.013227358836569128,Tokyo
2018-09-05,81.70999908447266,81.70999908447266,81.70999908447266,81.70999908447266,26,38.198585425762225,-1.1972588540473623,-1.253917381307012,0.056658527259649594,1.1325958116704795,83.55683961464656,85.16753820576098,83.98572310195037,86.70081817472058,79.7191807571642,-0.02505665833784243,0.013395381324635445,Tokyo
2018-09-06,81.61000061035156,81.97000122070312,81.5999984741211,81.37999725341797,12,36.99892996045011,-1.2252466962232234,-1.2481832442902543,0.022936548067030937,1.078124878449876,83.34952129452955,85.01900718802203,83.95121017680425,85.88140730291926,79.93759141534247,-0.019163600625431987,0.013330394355997713,Tokyo
2018-09-07,82.12999725341797,82.12999725341797,82.12999725341797,82.12999725341797,1,41.49594963818149,-1.1733825076575926,-1.2332230969637221,0.059840589306129566,1.0546873871320277,83.23337614775701,84.90571268078266,83.92708815132895,84.82060883610303,80.48538939387744,-0.0035185746417137898,0.013627601238954767,Tokyo
2018-09-10,83.1500015258789,83.81999969482422,83.1500015258789,83.93000030517578,9,50.60824842079623,-0.9757863044228543,-1.1817357384555485,0.20594943403269417,1.1000670338659007,83.29972130560643,84.8674494503667,83.92712672290307,84.24095777767884,80.87204042178404,0.019681725120071825,0.014317153554236305,Tokyo
2018-09-11,83.87999725341797,83.88999938964844,82.73999786376953,83.02999877929688,9,46.69225832779494,-0.881649385953807,-1.1217184679552004,0.24006908200139332,1.1064909915473542,83.2740334459579,84.79539256130515,83.91524423358378,84.22813819225298,80.87385994617476,0.0030200531974702294,0.01256622905460666,Tokyo
2018-09-12,83.4000015258789,83.4000015258789,83.4000015258789,82.76000213623047,1,45.553473741026444,-0.8193862973015484,-1.06125203382447,0.24186573652292154,1.0538846883355455,83.2250780831267,84.71557332894929,83.89994301375128,84.15012379324105,80.88687419259878,0.012850361810337496,0.01256020350608289,Tokyo
2018-09-13,82.18000030517578,82.19999694824219,81.91000366210938,81.62000274658203,60,41.00595432400529,-0.8522070618074622,-1.0194430394210685,0.1672359776136063,1.0393213873202274,83.07221376536054,84.59417840415058,83.86974512941792,84.09257702764053,80.99842104975205,0.0029491951494748925,0.011210819288032779,Tokyo
2018-09-14,81.9800033569336,82.08000183105469,81.73999786376953,81.9000015258789,8,42.52362871475552,-0.8458734896467348,-0.9847291294662017,0.13885563981946691,0.9979412228311152,82.96057450445754,84.48852440892425,83.84365581016574,84.09741449817723,80.97058400646144,-0.002800386402417532,0.010848104104019592,Tokyo
2018-09-17,81.94000244140625,82.33999633789062,81.94000244140625,81.51000213623047,19,40.94365624076703,-0.862382767730395,-0.9602598571190405,0.09787708938864548,0.9580879077725869,82.82242475510259,84.37171961391665,83.81274648998118,84.11417130597775,80.92982741228397,-0.028833529848040218,0.010851108299261022,Tokyo
2018-09-18,82.01000213623047,82.01000213623047,79.16999816894531,79.1500015258789,37,32.962405242899564,-1.0537518204139786,-0.9789582497780283,-0.07479357063595038,1.0925104834520563,82.4726701618432,84.16694635556223,83.75098827853611,84.49111060695569,80.15788841648182,-0.04673006516273037,0.011951666858531664,Tokyo
2018-09-19,79.38999938964844,80.06999969482422,79.30000305175781,79.62999725341797,6,35.70748338814073,-1.1533860136767373,-1.01384380255777,-0.13954221111896725,1.0801881752730031,82.20193940865985,83.98902678292913,83.69640561595178,84.53394328111506,79.72805546766423,-0.037820261020054424,0.011994477081011168,Tokyo
2018-09-20,79.55999755859375,79.91999816894531,78.23999786376953,79.06999969482422,38,33.960289440260496,-1.2629751610647162,-1.0636700742591594,-0.1993050868055568,1.1230318988374872,81.9036594359136,83.79612375986619,83.6351287163342,84.71341622094174,79.20358283301333,-0.031242378901593426,0.011843973544993204,Tokyo
2018-09-21,79.18000030517578,79.44000244140625,79.0999984741211,79.27999877929688,5,35.23997951738603,-1.317690661127969,-1.1144741916329213,-0.2032164694950478,1.0692441022478119,81.65378699242629,83.6190208194517,83.57744487610853,84.84029335090605,78.83170524528535,-0.03199026493002155,0.011753374916254822,Tokyo
2018-09-24,78.7300033569336,78.7300033569336,78.7300033569336,78.7300033569336,0,33.41376651062423,-1.389416791324706,-1.1694627115712783,-0.21995407975342762,1.0321549108274881,81.37533140809366,83.42729464445101,83.51324035267575,84.99210165582251,78.3718975202029,-0.034106228762582624,0.011798491516863208,Tokyo
2018-09-25,80.0,80.19999694824219,80.0,80.41000366210938,2,43.11159522429226,-1.2957615494269419,-1.1947224791424111,-0.10103907028453074,1.0634291022904243,81.28339543228563,83.30896950788859,83.47213787995302,84.76445973247391,78.28854014545578,0.015919167554513614,0.011841922607621763,Tokyo
2018-09-26,79.0,79.0,79.0,79.0,0,38.096586556328894,-1.3200973466333892,-1.2197974526406068,-0.10029989399278239,1.088184427991778,81.06592920063937,83.1399903115008,83.41290426564902,84.52435113438823,78.04764898768208,-0.007911556889962479,0.012274648430183393,Tokyo
2018-09-27,78.12000274658203,78.12000274658203,78.12000274658203,78.12000274658203,0,35.33399843627548,-1.3943192211090292,-1.2547018063342914,-0.13961741477473777,1.0733139155222202,80.78536477644344,82.943128054053,83.34279960976734,84.47169327142892,77.61530700322929,-0.012014631995810876,0.012311629725055518,Tokyo
2018-09-28,76.76000213623047,76.76000213623047,76.76000213623047,76.76000213623047,0,31.52877906953134,-1.5450706618104704,-1.3127755774295273,-0.23229508438094304,1.093791536581459,80.40199690594696,82.7006525278639,83.25561023925692,84.61785815303075,76.90314251835598,-0.03178603281871484,0.012716495699731569,Tokyo
2018-10-01,76.77999877929688,76.77999877929688,76.77999877929688,76.69999694824219,1,31.368265483047637,-1.6503598606974492,-1.3802924340831118,-0.27006742661433747,1.0170919013303839,80.04942548140365,82.46533270121206,83.16878092414416,84.66492022757993,76.29508038277163,-0.025784406479548605,0.012722186240325069,Tokyo
2018-10-02,76.58000183105469,76.58000183105469,76.58000183105469,76.58000183105469,0,31.028077498900814,-1.723616138567479,-1.4489571749799852,-0.27465896358749387,0.9530135596058921,79.71900418137041,82.23453541218629,83.08151232688469,84.55147778864111,75.78852312688625,-0.04763091228236638,0.012547543693627294,Tokyo
2018-10-03,76.8499984741211,76.8499984741211,76.8499984741211,76.8499984741211,0,32.7941757100304,-1.7398301153598652,-1.5071317630559613,-0.2326983523039039,0.9042266369959288,79.44576554258475,82.02337710088962,82.99897571956332,84.48440548782048,75.36959536667172,-0.02721520918834064,0.012459455744830056,Tokyo
2018-10-04,76.38999938964844,76.38999938964844,76.38999938964844,76.38999938964844,0,31.32259676685902,-1.7694013333703964,-1.5595856771188483,-0.20981565625154808,0.8724960975299807,79.15474019468606,81.80246032789977,82.91143960923333,84.44165157320924,74.91334949490599,-0.022145459499606668,0.012475236134321133,Tokyo
2018-10-05,76.48999786376953,76.48999786376953,76.48999786376953,76.48999786376953,0,32.03657210404843,-1.7644284625556566,-1.6005542342062102,-0.16387422834944632,0.8173176958579174,78.90095521078925,81.59412846656133,82.82638740068414,84.21577234763433,74.57522878151607,-0.0035175125709577815,0.012186459387204683,Tokyo
2018-10-08,77.94000244140625,77.94000244140625,77.94000244140625,77.94000244140625,0,41.52887293170864,-1.6247550109941074,-1.6053943895637899,-0.01936062143031747,0.8625096159849747,78.80943589941944,81.45082940675132,82.76166707009769,83.45197970728864,74.7400216354848,0.01616695622557618,0.011883825489586988,Tokyo
2018-10-09,77.4000015258789,77.4000015258789,77.4000015258789,77.4000015258789,16131,39.3260175196801,-1.5398855135905904,-1.5922926143691503,0.05240710077855981,0.839473280238001,78.67520405432035,81.29197341142299,82.69065163242591,82.8130362511425,74.81596536628913,0.010707752353326327,0.01179429167336273,Tokyo
2018-10-10,77.01000213623047,77.56999969482422,76.48999786376953,76.80000305175781,14968,36.97892371271001,-1.5037068908984565,-1.5745754696750116,0.07086857877655506,0.8566538910106215,78.49661348264772,81.11581771104396,82.61262979692037,82.14850763728342,74.88449407170097,-0.0006505585342349018,0.01183250962966905,Tokyo
2018-10-11,76.87000274658203,77.76000213623047,76.1500015258789,76.80999755859375,18575,37.046324888764815,-1.4574282726781291,-1.5511460302756352,0.09371775759750611,0.9104643709635458,78.33598339464257,80.94696201879101,82.5357737407836,81.67207015122527,74.87993103896027,0.005498077919898758,0.011613565865677675,Tokyo
2018-10-12,76.87999725341797,78.87999725341797,76.87999725341797,78.37000274658203,18051,46.63928531468223,-1.2801163685043946,-1.4969400979213872,0.21682372941699257,0.9932883226678797,78.33922333292251,80.84590479242988,82.48059796602595,81.03872823571876,75.1602730765371,0.024578440780725685,0.012654464331908623,Tokyo
2018-10-15,78.69999694824219,79.16000366210938,77.8499984741211,78.72000122070312,15163,48.534138655352,-1.0986884585409058,-1.417289770045291,0.3186013115043853,1.0159109559050512,78.37548789366353,80.76253602491118,82.43078873761108,80.44785847062552,75.4721427500776,0.01000768225383708,0.01272388810393201,Tokyo
2018-10-16,78.93000030517578,79.0,78.25,78.33000183105469,13539,46.55050783679955,-0.9751344808657763,-1.3288587122093882,0.353724231343612,0.9969173161975476,78.3711558877008,80.66714252711289,82.3764736792461,80.35067768306389,75.48732356815681,0.012015507581932372,0.01098493062929531,Tokyo
2018-10-17,78.44999694824219,78.5999984741211,77.66000366210938,77.91999816894531,11790,44.49176705725443,-0.8999271325892408,-1.243072396285359,0.3431452636961181,0.992851423041417,78.32818848591455,80.5594113758122,82.31744751354677,80.12826771251912,75.53873363025431,0.014583269175558522,0.010919689685687267,Tokyo
2018-10-18,77.91999816894531,78.4000015258789,77.33000183105469,78.05000305175781,14282,45.31757980645814,-0.8203776567341095,-1.158533448375109,0.3381557916409996,0.9983620138830458,78.30169463504248,80.46100320624144,82.26092507034426,80.00578497763017,75.55921670083661,0.016143803314381477,0.010842555561558373,Tokyo
2018-10-19,78.1500015258789,78.1500015258789,77.5199966430664,77.91999816894531,11714,44.602964054440655,-0.759074295570727,-1.0786416178142328,0.3195673222435058,0.9720507902351496,78.26534259065227,80.3613559498769,82.20342934979594,79.82528210893305,75.6037195084986,-0.005742051318944785,0.010816318706075185,Tokyo
2018-10-22,77.8499984741211,80.13999938964844,77.76000213623047,80.0199966430664,23655,56.52799567759668,-0.5348729315319787,-0.9698878805577821,0.4350149490258034,1.0726183947482082,78.432452500406,80.34796931039413,82.17450971129621,80.08979894724621,75.46820199879872,0.016514169235319898,0.012319003779768599,Tokyo
2018-10-23,80.0,80.0,78.18000030517578,78.98999786376953,22824,50.756753947052445,-0.43528631894945136,-0.862967568236116,0.4276812492866646,1.1274311049726666,78.48555205882158,80.29471552817357,82.13233074642831,79.75005882555944,75.6659415406515,0.008425839618111386,0.011704162716878934,Tokyo
2018-10-24,79.02999877929688,79.5,77.0,77.06999969482422,22829,42.12342741801773,-0.5054643388767204,-0.7914669223642369,0.2860025834875165,1.2254717403317619,78.35073754796468,80.1682560837285,82.06528000402297,79.57747669812322,75.64552363757015,-0.010908604903687724,0.012313012123497863,Tokyo
2018-10-25,77.06999969482422,77.75,76.13999938964844,77.68000030517578,21715,45.30641439311907,-0.5060258233059187,-0.7343787025525733,0.2283528792466546,1.2529380881903192,78.28685781055623,80.07067742574603,82.00719682920379,79.5413137743458,75.63768631720693,-0.004740585933567076,0.012239415927618,Tokyo
2018-10-26,77.88999938964844,78.7300033569336,77.11000061035156,78.52999877929688,15186,49.476083798010656,-0.43289291062619384,-0.6740815441672974,0.24118863354110354,1.2791569923611557,78.31001409329343,80.01025865529704,81.96114122589377,79.63196031643415,75.72403943942524,0.007828550111474097,0.011769430333033484,Tokyo
2018-10-29,78.83000183105469,79.5999984741211,77.05999755859375,77.16999816894531,12938,43.731421984823506,-0.47915186920289443,-0.6350956091744169,0.15594373997152244,1.369217272587312,78.20144114811741,79.89887589112638,81.89768237745737,79.61685877992848,75.78614109800121,-0.035616078401423445,0.012482781501565919,Tokyo
2018-10-30,77.11000061035156,77.5,76.55000305175781,76.9000015258789,10681,42.67212588163463,-0.5314724166035631,-0.6143709706602462,0.082898554056683,1.3392729637055172,78.07749451742802,79.78127297484217,81.83148792909209,79.59844981171882,75.83655003569329,-0.026458999802673078,0.012505590568880754,Tokyo
2018-10-31,76.7699966430664,77.04000091552734,76.48999786376953,76.86000061035156,13106,42.50784421278166,-0.5695985889783088,-0.6054164943238587,0.03581790534554985,1.2828965414235383,77.96154271675408,79.66671327427392,81.7656404149366,79.59798382613683,75.83801623489832,-0.002724783771950068,0.012481899856094799,Tokyo
2018-11-01,77.06999969482422,79.5999984741211,76.52999877929688,79.02999877929688,35132,53.064381598923845,-0.4198731027010183,-0.5683078159992907,0.1484347132982724,1.410546766666444,78.06330043699626,79.64174407839248,81.72940675088839,79.70797772162672,75.99202227837327,0.017378971019792022,0.013844190334872018,Tokyo
2018-11-02,79.02999877929688,79.77999877929688,78.30000305175781,78.79000091552734,16005,51.92870908513145,-0.31692706010412053,-0.5180316648202568,0.20110460471613623,1.415507406728774,78.13251000638017,79.6083423857311,81.69047422326771,79.75190461947898,76.1780956856968,0.0033108638771430776,0.013884754046408517,Tokyo
2018-11-05,78.88999938964844,79.4000015258789,78.29000091552734,78.87000274658203,17763,52.29522186470499,-0.22627771188733448,-0.4596808742336723,0.23340316234633784,1.3936854927018305,78.20274741020893,79.57938789007821,81.65311698516592,79.84349883233244,76.17950150336091,0.022029345833531888,0.013274744590910981,Tokyo
2018-11-06,78.94999694824219,79.16999816894531,76.83000183105469,77.43000030517578,31382,45.56157886530595,-0.2675494690161315,-0.4212545931901642,0.15370512417403265,1.4612791245010301,78.12915244782482,79.49509818086635,81.59718166490116,79.84293868855558,76.18306152506746,0.006892051609628691,0.013853347311173131,Tokyo
2018-11-07,77.36000061035156,79.7699966430664,77.19999694824219,78.95999908447266,30683,52.55221307091057,-0.17478470979688154,-0.3719606165115077,0.19717590671462615,1.5404734509526865,78.20828069893415,79.4741139025764,81.56225209429945,79.90386415197844,76.33813566491608,0.027322384301910363,0.014382445048536006,Tokyo
2018-11-08,79.06999969482422,80.5,78.69999694824219,79.01000213623047,29323,52.765693814572,-0.09612507141027038,-0.31679350749126023,0.22066843608098985,1.5590112795816242,78.2846351215338,79.45591344115107,81.52844745909324,79.94336815724198,76.51863211741623,-0.00025302598222542994,0.014380571666896495,Tokyo
2018-11-09,79.01000213623047,79.19000244140625,77.19999694824219,78.08999633789062,36792,48.44667168319734,-0.10679248312409584,-0.27479330261782736,0.16800081949373152,1.5897965805517984,78.26609809452017,79.40234806455263,81.48290506013691,79.9291612877493,76.50483834603976,-0.008884434185845613,0.013957385059172265,Tokyo
2018-11-12,78.08999633789062,78.11000061035156,76.33999633789062,76.37999725341797,24506,41.62652209633001,-0.2503433168962914,-0.2699033054735202,0.019559988577228793,1.6026685585453084,78.08646944298664,79.28382450333167,81.41531687726648,79.97910340062637,76.22089583643418,-0.03157100806962976,0.014737788596535307,Tokyo
2018-11-13,76.37999725341797,76.81999969482422,75.62000274658203,75.86000061035156,21318,39.79203181747757,-0.4014402172542333,-0.29621068782966287,-0.10522952942457042,1.5739063006665142,77.87442479225949,79.1495568996854,81.34173652936032,80.1006487543974,75.85235036059284,-0.02027637464337284,0.01476668499183096,Tokyo
2018-11-14,76.08000183105469,76.79000091552734,75.86000061035156,76.38999938964844,18349,42.57009670523036,-0.47296705745108625,-0.3315619617539476,-0.14140509569713866,1.5279130152743188,77.73305094439178,79.04133895811532,81.27615060698004,80.13977367495764,75.66022556210291,-0.03254812214568026,0.01486012698608507,Tokyo
2018-11-15,76.44999694824219,76.87000274658203,75.8499984741211,76.25,14328,42.01857113767797,-0.5347847091163089,-0.3722065112264199,-0.16257819788988903,1.4916338193590775,77.59180799730684,78.93187468524805,81.20957907576177,80.16603491045801,75.45396402142676,-0.03493231314526002,0.014847777362086438,Tokyo
2018-11-16,76.25,77.25,76.0,76.12000274658203,12126,41.48116249077049,-0.5874930808176515,-0.41526382514466625,-0.17222925567298525,1.474374260833429,77.45163606866639,78.82160519745723,81.14216746875276,80.19295996419139,75.24703942545706,-0.025227220946259954,0.014847849652262813,Tokyo
2018-11-19,76.41999816894531,76.87999725341797,75.58000183105469,75.87999725341797,10480,40.4524826271232,-0.6412394731344335,-0.4604589547426198,-0.18078051839181375,1.4619186295141329,77.30195618149988,78.70624802318117,81.07246985000661,79.86548654485928,75.16051290582432,-0.006546216522384407,0.013333093891205025,Tokyo
2018-11-20,75.79000091552734,76.19000244140625,75.22000122070312,75.2699966430664,10575,37.881216613053006,-0.7247019149703817,-0.5133075467881723,-0.21139436818220947,1.4267816717419182,77.10843622545859,78.57149306709825,80.99561590024581,79.77412650777413,74.87987282083915,-0.0077775370753773165,0.01317836569784479,Tokyo
2018-11-21,75.30000305175781,77.19999694824219,75.11000061035156,76.51000213623047,11342,45.46912868135147,-0.6829161885784032,-0.5472292751462184,-0.13568691343218475,1.4741541478953972,77.05144250267496,78.49065028549559,80.93620379741118,79.77119453285236,74.82680503990154,0.0015709222089388408,0.01272149303041164,Tokyo
2018-11-23,76.4000015258789,76.4000015258789,74.86000061035156,74.91999816894531,3703,38.906461702839124,-0.7692334865039783,-0.5916301174177705,-0.17760336908620777,1.4867146748942193,76.84844780422452,78.35062471229753,80.85651895465006,79.84288449663735,74.47911486249352,-0.017442646964651587,0.013359374420631903,Tokyo
2018-11-26,75.22000122070312,77.36000061035156,75.19000244140625,77.4000015258789,343,50.8277360574526,-0.6302597799209906,-0.5993560499184145,-0.03090373000257607,1.5548066582165072,76.90097673009637,78.31334537165367,80.81073726685176,79.71151557301079,74.49748406077828,0.016815537744503617,0.015196993815908227,Tokyo
2018-11-27,77.08999633789062,77.12999725341797,76.5,76.7699966430664,210,48.25190036426319,-0.5644515984074445,-0.5923751596162206,0.027923561208776038,1.5080348630495357,76.88850243609352,78.25282189210124,80.75721752349037,79.69553402863673,74.47346545256445,0.011729038242793921,0.014794690526757697,Tokyo
2018-11-28,77.36000061035156,77.8499984741211,77.33000183105469,77.76000213623047,222,52.33937868943375,-0.4274851878135877,-0.5593971652556939,0.13191197744210625,1.4774610750499038,76.97150240753514,78.23349562716513,80.71751930644058,79.7540207478578,74.50097879437854,0.03308098318340269,0.015054002998120883,Tokyo
2018-11-29,78.11000061035156,78.11000061035156,76.44999694824219,76.63999938964844,88,47.744726573825105,-0.40464864433704406,-0.5284474610719639,0.12379881673491988,1.4904998312684372,76.93993069154592,78.17100557863506,80.66351242012546,79.7495723554526,74.48342706471341,0.0016990883516967425,0.015426947695223263,Tokyo
2018-11-30,77.94000244140625,77.94000244140625,77.79000091552734,77.16000366210938,72,49.94193200024549,-0.34066356267805986,-0.49089068139318315,0.1502271187151233,1.4768929184462498,76.96089002207577,78.13135844465366,80.61710833061531,79.49803997342431,74.54795993502296,0.029898632513482237,0.014075205720600512,Tokyo
2018-12-03,80.0,80.0,79.9000015258789,78.91000366210938,16,56.56152024566275,-0.14704945525087965,-0.4221224361647225,0.27507298091384286,1.5742574484065623,77.14651989255518,78.16189355122054,80.5944976727543,79.52258893506956,74.5354112480359,0.019509071142919776,0.015019955610908025,Tokyo
2018-12-04,79.22000122070312,79.25,78.44999694824219,78.7699966430664,20,55.92435174976311,-0.004850364566351573,-0.33866802184504835,0.3338176572786968,1.5189535629316515,77.3011367259372,78.18574073129294,80.57033209620214,79.5023994579796,74.54560011477429,0.026051844307077188,0.015023737764901757,Tokyo
2018-12-06,78.0199966430664,78.0199966430664,78.0199966430664,78.0199966430664,22141,52.511748220859694,0.04678539439805718,-0.26157733859642723,0.3083627329944844,1.4640283084365335,77.3695995751876,78.1792409631272,80.53655281867715,79.56605657141476,74.54094263512822,0.003343550664780537,0.014577788987854846,Tokyo
2018-12-07,78.9000015258789,80.93000030517578,78.80000305175781,80.2300033569336,19461,60.21570082102172,0.2630044260957902,-0.15666098565798375,0.419665411753774,1.567312262270308,77.64201898297293,78.25966301778627,80.53249256090572,79.88376753939907,74.35023209439,0.04684243209649663,0.015261278357217082,Tokyo
2018-12-10,80.3499984741211,80.5999984741211,79.3499984741211,79.87999725341797,11456,58.59444854205991,0.4014888851101972,-0.04503101150434757,0.4465198966145448,1.5446471006795717,77.85515977063436,78.32320553683064,80.52385023895225,80.07594373759378,74.24505540791404,0.03525134087887927,0.015305096727069993,Tokyo
2018-12-11,79.87999725341797,80.66000366210938,79.11000061035156,80.0199966430664,14248,59.069156764317924,0.5165807757047105,0.06729134593746405,0.44928942976724645,1.5450296686137317,78.06133471086599,78.38974636452616,80.51717668139085,80.41929834954836,74.09470082647702,0.014066568615431763,0.015031108358733914,Tokyo
2018-12-12,80.13999938964844,80.30000305175781,79.56999969482422,79.97000122070312,9776,58.80985404859642,0.5968772856320754,0.17320853387638635,0.4236687517556891,1.486813503493722,78.24311247370763,78.45171714319977,80.50992932429565,80.79091470160324,74.08208487115067,0.015234284991458624,0.014006077259911593,Tokyo
2018-12-13,79.94000244140625,79.97000122070312,78.94999694824219,79.41000366210938,13158,55.85233077583089,0.6083134663924028,0.2602295203795897,0.3480839460128131,1.4534699869913803,78.35424496784113,78.48929700668643,80.49536077247862,80.9927793533856,74.23522052454408,0.01781603536080767,0.014012864489709488,Tokyo
2018-12-14,79.4000015258789,79.94000244140625,78.62000274658203,79.5999984741211,10297,56.64889092233266,0.6254973711782696,0.3332830905393257,0.29221428063894395,1.4439363946937258,78.47288815891541,78.53285392697799,80.48350166918912,81.21290595611757,74.33609383025939,-0.007852484811818883,0.013969801855730036,Tokyo
2018-12-17,79.20999908447266,79.80000305175781,77.9000015258789,78.54000091552734,15076,51.108369641824304,0.547274159471101,0.3760813043256808,0.1711928551454202,1.4765124754926673,78.4792798500213,78.53313420103875,80.45775993735255,81.2656132807852,74.51238659714448,-0.016775117475774426,0.014373302250286988,Tokyo
2018-12-18,78.4000015258789,78.6500015258789,77.76000213623047,77.8499984741211,14419,47.8290664931266,0.42470849503595787,0.3858067424677362,0.03890175256822165,1.4346186836466508,78.41934829041176,78.50634456468903,80.42322005042233,81.24834605368444,74.70265339699914,-0.027118198700066265,0.014543452343816345,Tokyo
2018-12-19,77.76000213623047,78.02999877929688,76.62999725341797,76.70999908447266,18118,42.92822004918188,0.2329011599648254,0.35522562596715407,-0.12232446600232866,1.4321460295203834,78.25655312794137,78.43589964389624,80.37403831577399,81.19771972159394,74.83627991219511,-0.04076531307325404,0.014948517038585641,Tokyo
2018-12-20,76.66999816894531,77.44000244140625,75.0199966430664,75.05999755859375,24813,37.01620544894755,-0.051653439775989796,0.2738498128185253,-0.32550325259451507,1.5027074415789163,77.95211926419398,78.30351132682556,80.30365366998352,81.2265450313805,74.78645469396129,-0.05477906942335575,0.015659027980941775,Tokyo
2018-12-21,75.05999755859375,75.5999984741211,73.06999969482422,73.18000030517578,24738,31.665231505033262,-0.4239777254321808,0.13428430516838408,-0.5582620306005649,1.5760853942730564,77.49763174428749,78.10258932597655,80.20930064528407,81.67206472617785,74.00793481605847,-0.08065324487452763,0.016119130249458352,Tokyo
2018-12-24,73.80000305175781,74.0,72.4000015258789,72.55000305175781,14458,30.095213982306078,-0.7611093230088954,-0.04479442046707184,-0.7163149025418236,1.5777934714050592,77.02642901166563,77.88484084463465,80.1078529950387,82.04838635741996,73.39461367309761,-0.07626684229622038,0.015589765987553107,Tokyo
2018-12-26,72.69999694824219,73.54000091552734,72.1500015258789,73.5,10452,35.30434392215682,-0.9407869226977255,-0.22399292091320258,-0.7167940017845229,1.5643796084224433,76.69057862960223,77.7128863017078,80.02033176331634,82.2479279397306,72.80507193819909,-0.05587666742944275,0.013849741111743351,Tokyo
2018-12-27,73.80000305175781,74.18000030517578,71.87000274658203,72.05999755859375,16933,31.47558680329996,-1.1857107420225503,-0.41633648513507215,-0.7693742568874782,1.6176380334346796,76.2495709085538,77.49120439021313,79.91489687318756,82.6040937947163,71.9779061747661,-0.0606179322301692,0.014331428980282297,Tokyo
2018-12-28,72.05000305175781,72.87000274658203,72.05000305175781,72.19000244140625,11409,32.19057822665826,-1.3537194902490057,-0.6038130861578589,-0.7499064040911468,1.5606638663910752,75.86294534025404,77.2833141177109,79.81258039064741,82.78606144395008,71.23893855604993,-0.0382360139959651,0.013889979804441299,Tokyo
2018-12-31,72.25,72.86000061035156,72.0999984741211,72.19999694824219,9085,32.2491053165317,-1.4691259905620342,-0.776875667038694,-0.6922503235233401,1.5034737428081748,75.51409311244339,77.0839683463592,79.71175147088047,82.95273295972119,70.62826679613819,-0.013391682875741662,0.01367550550534993,Tokyo
2019-01-02,72.30000305175781,72.58999633789062,70.76000213623047,70.83999633789062,18923,28.628154255165256,-1.6512920894613927,-0.9517589515232339,-0.6995331379381589,1.5267966327261735,75.06894103867646,76.83910669896827,79.5942447803773,83.18108917511586,69.76790984832164,-0.023570043307196697,0.013921191338245441,Tokyo
2019-01-03,70.83000183105469,72.0,70.6500015258789,70.83000183105469,14610,28.602737533385422,-1.7759939556462712,-1.1166059523478413,-0.6593880032984298,1.5141681928258108,74.66523254271247,76.60345552767754,79.47816209230679,83.12385234377372,69.01714649655831,-0.03632650569993623,0.012483519227256122,Tokyo
2019-01-04,71.0,73.37000274658203,70.93000030517578,72.5199966430664,19774,38.53922529512915,-1.7186411996403592,-1.237013001806345,-0.4816281978340142,1.5874419587330633,74.4609243617938,76.44331988514377,79.38600096052878,82.86140335100794,68.6545954893241,0.006383556759055109,0.0140591474372804,Tokyo
2019-01-07,72.5199966430664,73.91999816894531,72.4800033569336,72.75,14287,39.767833227489085,-1.6357732033602161,-1.3167650421171193,-0.31900816124309683,1.5769100196815387,74.29797918448011,76.29848381121657,79.29810690807145,82.63548486599542,68.35351431002998,0.007757273024727729,0.014088430177267597,Tokyo
2019-01-08,72.80999755859375,73.8499984741211,71.54000091552734,71.66999816894531,17142,36.11692395900656,-1.6383608372036775,-1.3810842011344309,-0.25727663606924667,1.6292734153181252,74.0476952782387,76.11697457034319,79.19707235523533,82.03648108098386,68.09651757624269,-0.0073407036246389,0.012188764412966596,Tokyo
2019-01-09,71.63999938964844,73.63999938964844,71.63999938964844,73.12999725341797,16726,43.64852297564041,-1.5052502434512718,-1.405917409597799,-0.09933283385347269,1.6557538856525449,73.96029546635103,75.99983820497357,79.11671374461524,81.36320446880086,68.09479418842571,0.032326383877895326,0.013488927989583139,Tokyo
2019-01-10,73.19999694824219,73.81999969482422,72.44000244140625,72.8499984741211,14447,42.6109682541065,-1.4061435527520985,-1.405962638228659,-0.00018091452343949044,1.6360569833500753,73.85455289566247,75.87631507827348,79.03371089335042,80.56091251228172,68.18008632805031,0.02851894099741159,0.013412157392794078,Tokyo
2019-01-11,72.80000305175781,73.25,72.33999633789062,72.48999786376953,12850,41.25318415962368,-1.3411894300642473,-1.393007996595777,0.05181856653152961,1.5841960318328825,73.72459527357742,75.74351832476353,78.94703919759438,79.64236613127702,68.35063237336166,-0.0004136621716148703,0.013377926818075847,Tokyo
2019-01-14,72.5999984741211,73.58000183105469,72.43000030517578,72.98999786376953,11234,43.92572547740838,-1.23512919798614,-1.3614322368738496,0.12630303888770955,1.5531821385504556,73.65463361550049,75.63553713021474,78.86813798787485,78.72381920828354,68.62717871652114,0.0032989397081721883,0.013621051126857898,Tokyo
2019-01-15,73.0199966430664,73.45999908447266,72.25,72.36000061035156,12598,41.3718574522217,-1.1882142193031626,-1.3267886333597123,0.1385744140565497,1.5286690632591844,73.53133523405774,75.50708471767109,78.78193749280831,77.54536478181682,69.08163335661091,0.00962749349846126,0.013563155427408151,Tokyo
2019-01-16,72.30000305175781,73.55999755859375,72.20999908447266,73.2699966430664,14341,46.23446279968805,-1.0653242907247034,-1.2744957648327104,0.20917147410800707,1.5159068783207494,73.50644584443951,75.41935577356895,78.70893165373889,76.49469543088078,69.60530228030085,0.0019143907412344507,0.013926799718668635,Tokyo
2019-01-17,73.20999908447266,74.5999984741211,73.20999908447266,74.37000274658203,13742,51.473833766377616,-0.8691527852534477,-1.1934271689168579,0.3242743836634101,1.5069134862727271,73.58868935892927,75.37820467447143,78.65146239669045,75.56946423224802,70.1825339061797,0.020864849750146464,0.014447714168028557,Tokyo
2019-01-18,74.37000274658203,74.66000366210938,73.76000213623047,73.88999938964844,12577,49.21985732071509,-0.7438431523432598,-1.1035103656021383,0.3596672132588785,1.4635626319588828,73.6173855523311,75.31984368290976,78.58839666149784,74.80692190843513,70.6630762605102,0.019313030309504597,0.014188077515585885,Tokyo
2019-01-22,74.0,74.29000091552734,72.75,73.12999725341797,16729,45.80017900318165,-0.6978161955192803,-1.0223715315855668,0.3245553360662865,1.46902250935663,73.57096761910128,75.23396735234147,78.51609998059612,74.41289387991019,70.86410425851754,0.0019180626626367214,0.013562760146951871,Tokyo
2019-01-23,73.12999725341797,74.27999877929688,72.9800033569336,73.5199966430664,12432,47.80425329497125,-0.6226918057220416,-0.9424355864128618,0.3197437806908202,1.4569491459999622,73.56611324043129,75.16675281472284,78.44992642645666,74.45802927091658,70.85296850130023,0.01603090136719687,0.012381544713562662,Tokyo
2019-01-24,73.51000213623047,73.91000366210938,73.02999877929688,73.13999938964844,10129,46.018784272754296,-0.5870506338661272,-0.871358595903515,0.28430796203738784,1.415738841486572,73.52553096892817,75.08727228824934,78.37959626702873,74.49953106709908,70.87046633890678,-0.0017742221833481064,0.01227458277218117,Tokyo
2019-01-25,73.25,74.23999786376953,73.25,74.12999725341797,13846,51.13898245429545,-0.47346241454592075,-0.7917793596319963,0.31831694508607555,1.3931859581033235,73.58309918649863,75.04973209080497,78.32331018737827,74.61072555403405,70.82227157731361,-0.0032271814481692473,0.012298481780261009,Tokyo
2019-01-28,74.0,74.12999725341797,73.1500015258789,73.8499984741211,11814,49.70305095719621,-0.4014092973068131,-0.7137053471669597,0.3122960498601466,1.3636723702058762,73.6085181662722,75.00268371368011,78.26406102561327,74.73838621300632,70.87361100989406,-0.000541357637809714,0.01140212668504139,Tokyo
2019-01-29,73.66000366210938,74.44999694824219,73.5,74.1500015258789,15274,51.28149718249265,-0.31645109252278303,-0.6342544962381244,0.3178034037153413,1.3341241257798984,73.66008801004428,74.96924519651144,78.20957017131215,74.90251862256359,70.90547850878407,0.01394782320210286,0.011419212524199175,Tokyo
2019-01-30,74.13999938964844,74.55000305175781,73.76000213623047,74.36000061035156,16901,52.40740781600135,-0.22953005249162572,-0.5533096074888246,0.3237795549971989,1.29525818219043,73.72674635293069,74.94535325195616,78.15858249500803,75.08248988656074,70.94150761099785,0.01142551694287075,0.011420161976943193,Tokyo
2019-01-31,74.16000366210938,74.8499984741211,74.0,74.4000015258789,26336,52.63196789029089,-0.15562283923435416,-0.4737722538379306,0.31814941460357643,1.2634539173283346,73.79086589321146,74.92396690975706,78.1087999656156,75.07836838326658,71.30162963309085,0.017227264790062202,0.010361604012187364,Tokyo
2019-02-01,74.44999694824219,74.7300033569336,73.55999755859375,73.63999938964844,15855,47.998069381861036,-0.1565717988120383,-0.41033216283275215,0.25376036402071384,1.2567790516862996,73.77649765477689,74.87361524230182,78.04961055401338,74.86441846905385,71.79657930316296,-0.006609980870422083,0.01073563456869649,Tokyo
2019-02-04,73.75,73.87000274658203,72.66000366210938,72.76000213623047,22446,43.249831031936964,-0.2257302027559689,-0.3734117708173955,0.14768156806142663,1.2534376254567536,73.67968855777247,74.79072845382845,77.97954951536727,74.85330178027506,71.83169654125815,-0.014759598651482575,0.009876837690596964,Tokyo
2019-02-05,72.77999877929688,73.73999786376953,72.6500015258789,73.4000015258789,16326,47.33067004221129,-0.22628763114173012,-0.3439869428822625,0.11769931174053239,1.2417632477734588,73.65305169759213,74.73619014292846,77.91889325060583,74.85987866183707,71.89011981228403,-0.010114632293544146,0.010043967082654011,Tokyo
2019-02-06,73.4000015258789,74.11000061035156,73.0999984741211,73.66000366210938,20600,48.93712877659032,-0.20340467520743744,-0.3158704893472975,0.11246581413986007,1.2252088826632455,73.65371378945092,74.6939867515238,77.86248411698337,74.72680774609618,72.22219127734131,-0.009413622142234623,0.00938082286198268,Tokyo
2019-02-07,73.5999984741211,73.86000061035156,72.4800033569336,72.80999755859375,25564,44.19163249619327,-0.25096518607830376,-0.3028894286934988,0.051924242615195015,1.2362651948600112,73.57335986270262,74.62010482238928,77.79556376521663,74.7372383497798,72.17976070417527,-0.021371020627359738,0.008695342122034915,Tokyo
2019-02-08,72.66000366210938,73.01000213623047,72.44999694824219,72.55000305175781,22138,42.82373209400369,-0.3061079950144432,-0.30353314195768766,-0.0025748530567555328,1.1879609086548875,73.4758973092793,74.5389243607959,77.7260861398728,74.75880753188592,72.12819197983283,-0.014801688578555905,0.008689865672267464,Tokyo
2019-02-11,72.48999786376953,72.70999908447266,70.30000305175781,70.55000305175781,33763,34.08372169743993,-0.5053667997933076,-0.34389987352481166,-0.1614669262684959,1.2752491318020271,73.19724071332487,74.38249607416697,77.63103868175207,75.15249252074277,71.5405075097748,-0.030373818301088207,0.010651713827384487,Tokyo
2019-02-12,70.62000274658203,70.93000030517578,69.72000122070312,69.77999877929688,22365,31.424561595543892,-0.7171469244198647,-0.4185492837038223,-0.29859764071604245,1.2705884141356434,72.8717891005603,74.20200598417206,77.52705139827584,75.59520499618394,70.77679512588638,-0.049318837484025324,0.01067353551119389,Tokyo
2019-02-13,69.8499984741211,70.62000274658203,69.6500015258789,69.86000061035156,20329,32.01800980734295,-0.8685169965141455,-0.508542826265887,-0.3599741702482585,1.249117900319035,72.5849521014928,74.03173126363008,77.42550105671393,75.87591418504103,70.24608593702929,-0.05158841790436308,0.01058810990424515,Tokyo
2019-02-14,69.95999908447266,70.38999938964844,69.52999877929688,70.12999725341797,15191,34.09102234503521,-0.9556759590041963,-0.5979694528135489,-0.3577065061906475,1.2213238081785014,72.35114687786663,73.87872208675901,77.3288718672663,76.00550703682151,69.80249314628395,-0.036808136176890494,0.010142751060351658,Tokyo
2019-02-15,70.27999877929688,70.5,69.70999908447266,70.22000122070312,10072,34.80471660471204,-1.0058921976502546,-0.6795540017808901,-0.3263381958693645,1.19051503013199,72.14818062480344,73.73524283710977,77.23471464015951,75.93720984152549,69.4557901889921,-0.03211580610675435,0.00936201296724585,Tokyo
2019-02-19,70.22000122070312,71.08999633789062,70.19999694824219,70.41000366210938,12345,36.37112177122538,-1.018615355706359,-0.747366272565984,-0.2712490831403751,1.1690496272403077,71.98263996168973,73.60484130083525,77.14432111727143,75.86547580694976,69.17952465081392,-0.0019843994839480184,0.00940088693358855,Tokyo
2019-02-20,70.30000305175781,70.8499984741211,70.19999694824219,70.27999877929688,8618,35.738406552752394,-1.0273462496133448,-0.8033622679754562,-0.22398398163788857,1.1319747628573504,71.82048365860469,73.47445531959846,77.05340294060952,75.85433303779011,68.90566757256146,0.007165377024173081,0.009213939730983582,Tokyo
2019-02-21,70.37000274658203,72.30000305175781,70.05000305175781,72.19000244140625,5409,49.60821707799856,-0.8701140794905626,-0.8167126302784775,-0.05340144921208512,1.2118337083675397,71.85567592363341,73.42408461849288,76.98898703995782,75.74662886041881,68.88037232976674,0.0333524450429139,0.011159372002672543,Tokyo
2019-02-22,72.41999816894531,72.98999786376953,71.0,71.83999633789062,138,47.58154412808077,-0.7649313666606758,-0.8063563775549173,0.04142501089424144,1.2674168623248248,71.85418262975315,73.36196350944967,76.92078848761257,75.66492706558759,68.83207381942216,0.024383276079328775,0.011153122070585353,Tokyo
2019-02-25,72.19999694824219,72.54000091552734,72.05999755859375,71.93000030517578,55,48.167951130095595,-0.6666262880884659,-0.7784103596616271,0.11178407157316117,1.2268874134185315,71.86140336074578,73.30580808967422,76.8546853328783,75.43957775250679,68.83742343767877,0.024352022995529188,0.010649817968385348,Tokyo
2019-02-26,72.2699966430664,72.2699966430664,71.16000366210938,70.8499984741211,33,42.08407660620129,-0.6681637510794047,-0.7563610379451826,0.08819728686577788,1.218537811099853,71.76507908582914,73.20950183024077,76.77515305660339,75.23430070315246,68.74270048703309,0.006249038334427803,0.01107128340301412,Tokyo
2019-02-27,71.25,71.2699966430664,71.25,71.19000244140625,6,44.46230784738295,-0.6346310907780008,-0.7320150485117463,0.09738395773374542,1.1614992652316716,71.71030988159839,73.13030577577666,76.70117755176635,74.93785844256425,68.74314283917403,0.01294825950363343,0.011093837361403671,Tokyo
2019-02-28,71.80000305175781,71.80000305175781,71.80000305175781,71.73999786376953,8,48.16994749225983,-0.5572525216265092,-0.6970625431346988,0.13981002150818966,1.1221065041688068,71.71313730847183,73.07578389687443,76.63546656252136,74.57081122318013,68.84818978389995,-0.006233613553372153,0.011258373639465233,Tokyo
2019-03-01,72.33999633789062,72.33999633789062,71.4000015258789,72.7300033569336,9,54.10879728542071,-0.41130303327392426,-0.6399106411625439,0.22860760788861967,1.1090985261575863,71.80998169403962,73.06222387570028,76.58373857304339,74.24383039300264,69.00817079718291,0.012388739760744505,0.011775050746572249,Tokyo
2019-03-04,72.97000122070312,72.9800033569336,72.4800033569336,71.97000122070312,5,49.42666290636853,-0.3528948805229106,-0.5825074890346172,0.22961260851170662,1.0655914885749016,71.82522164895995,73.01939161471999,76.52262946903889,73.99089894428904,69.09410242900198,0.0005561089303161015,0.011784840444245845,Tokyo
2019-03-05,72.7300033569336,72.7300033569336,72.62000274658203,73.44999694824219,4,57.19458766380163,-0.1850495759653228,-0.5030159064207583,0.31796633045543554,1.0437636776931565,71.9799621536535,73.03627809838754,76.48193234955815,74.11542240698843,69.03857844750375,0.036697226960008766,0.012419086011633317,Tokyo
2019-03-06,73.05000305175781,73.05000305175781,73.05000305175781,73.05000305175781,0,54.747091409601694,-0.08334636241650628,-0.41908199761990794,0.33573563520340166,0.9977801218925293,72.08187081061581,73.03681633185305,76.43647633236874,74.04936682753555,69.06963417954452,0.026127272742860974,0.01232642887287601,Tokyo
2019-03-07,72.12999725341797,72.12999725341797,72.12999725341797,71.9000015258789,17142,48.34205053012736,-0.09445255486384951,-0.35415610906869627,0.25970355420484675,0.9922248130673375,72.06454992635516,72.99223535906975,76.37639057334239,73.76548612742656,69.17751466603048,0.002230327110034347,0.012769335529444002,Tokyo
2019-03-08,73.13999938964844,73.7699966430664,72.51000213623047,73.48999786376953,14477,56.00576049658905,0.024759709402175645,-0.2783729453745219,0.30313265477669754,1.0549226919330634,72.20030687277558,73.01175545729328,76.33816020632818,73.90093015615683,69.11007066781777,0.010449532129211514,0.013507694753378006,Tokyo
2019-03-11,73.37000274658203,73.8499984741211,73.05000305175781,73.19999694824219,11344,54.419961794068854,0.09474349344998245,-0.20374965760962105,0.2984931510596035,1.0367136012495075,72.29551545139145,73.01913747654618,76.29659513006216,74.00952661252315,69.0664736010999,0.017090394701636313,0.013513888481746355,Tokyo
2019-03-12,73.0999984741211,75.0,73.0999984741211,74.8499984741211,22548,61.158702538090594,0.2801184489028543,-0.10697603630712599,0.3870944852099803,1.0983770244373217,72.53879954879427,73.09093594703931,76.27743490945367,74.58454409109297,68.9214556647664,0.019060606998601237,0.012595462846946615,Tokyo
2019-03-13,74.94000244140625,75.9800033569336,74.72000122070312,75.72000122070312,22677,64.16691959047867,0.4915649328294194,0.012732157520183085,0.4788327753092363,1.1099216752796892,72.84177113659511,73.19403654600653,76.2700516817881,75.23430319126028,68.86569680873971,0.03655028141550587,0.012287558373693408,Tokyo
2019-03-14,75.69999694824219,75.87999725341797,74.0199966430664,74.30000305175781,19153,56.47829180068919,0.5383500457012644,0.11785573515639935,0.4204943105448651,1.1634987420705374,72.9806503666106,73.23740778152619,76.24395832244996,75.43243722335737,69.11156302078325,0.03337971453331723,0.013317275104659156,Tokyo
2019-03-15,74.30000305175781,75.83000183105469,74.27999877929688,75.5,14096,60.757570512118015,0.6645962576891122,0.22720383966294194,0.4373924180261703,1.1911061927624855,73.2205884269334,73.326136888133,76.23410456983473,75.84391740997314,69.23708310882567,0.02735068981708877,0.013628740468307917,Tokyo
2019-03-18,75.4000015258789,75.91000366210938,74.88999938964844,75.2699966430664,12739,59.54898408239893,0.737585514873615,0.32928017470507653,0.4083053401685385,1.1788846270266606,73.41577016180321,73.40236668244411,76.22133492842057,76.12150515309662,69.46449490793853,0.028278685534479653,0.013703261243311898,Tokyo
2019-03-19,75.22000122070312,76.3499984741211,75.20999908447266,75.6500015258789,17287,60.931726295435794,0.8166790772240233,0.42675995520886595,0.3899191220151574,1.1761071100710732,73.62855410123899,73.4905092253239,76.21376759858559,76.41845372940084,69.69154611801126,0.010688083741703824,0.013706292697168611,Tokyo
2019-03-20,75.52999877929688,75.87999725341797,75.1500015258789,75.5,11184,60.05899404471195,0.8573741501951275,0.5128827942061183,0.34449135598900926,1.1442420113187868,73.80678704397813,73.56931278511513,76.20431372310765,76.58147731823291,70.05052265124951,-0.0029054571732227696,0.013709180580066673,Tokyo
2019-03-21,75.69000244140625,77.81999969482422,75.37000274658203,77.18000030517578,24839,65.94264413760952,1.0135042271501078,0.6130070807949162,0.4004971463551916,1.2375102210990296,74.12804544980648,73.71090837413712,76.21723672419463,77.20934110153617,69.9216586543232,0.038761738023237235,0.013316994091885992,Tokyo
2019-03-22,77.0,77.58999633789062,76.05000305175781,76.58000183105469,18916,62.40686080763233,1.0764153296533152,0.705688730566596,0.37072659908671923,1.2591161543157285,74.36156510516345,73.82342184303585,76.22204156004709,77.58765054391297,70.01734976126282,0.01430466001396935,0.013428243163029365,Tokyo
2019-03-25,76.69999694824219,77.7699966430664,76.16999816894531,77.7300033569336,18749,66.15291078243422,1.205175827073191,0.805586149867915,0.39958967720527594,1.2834648914446833,74.68236874818918,73.97662111809066,76.24201456397937,78.15236808951697,70.03263252083458,0.03268243421788153,0.013669175336638875,Tokyo
2019-03-26,77.62999725341797,77.9800033569336,77.41999816894531,77.88999938964844,14679,66.65081485851783,1.3050855774954044,0.905486035393413,0.39959954210199145,1.2317891983406546,74.9878573807091,74.13008693266157,76.2638421775644,78.54125390655084,70.34774679535347,0.029610017430115487,0.01293182159115093,Tokyo
2019-03-27,77.75,77.7699966430664,76.58999633789062,76.94999694824219,16692,60.97556914725794,1.2935037276285897,0.9830895738404484,0.3104141537881413,1.2366616164418802,75.17472781571225,74.24067163915494,76.27293032022239,78.67279076213993,70.79220939044797,0.019205257592611824,0.013471129653704315,Tokyo
2019-03-28,76.94999694824219,77.1500015258789,75.5199966430664,75.87000274658203,16636,55.163773951818136,1.1835354619010445,1.0231787514525676,0.16035671044847688,1.2647575640397817,75.24094447579508,74.3045669767011,76.26759353116755,78.6448698210463,71.23313081982285,-0.016973277447705604,0.014019776596336592,Tokyo
2019-03-29,75.9000015258789,77.80000305175781,75.72000122070312,77.61000061035156,20337,61.52630998658938,1.2226936535331419,1.0630817318686825,0.15961192166445937,1.322989297397989,75.46656886956237,74.43419182507955,76.28537375738192,78.91896572146914,71.44703464474179,0.013449970679932699,0.014521510591866639,Tokyo
2019-04-01,77.7300033569336,77.87999725341797,77.18000030517578,77.36000061035156,17584,60.204389483426915,1.2194962976490586,1.0943646450247577,0.12513165262430093,1.2784898438868604,75.64689570201848,74.54892942450198,76.29960722563318,78.98464417868094,71.92035612649484,-0.004760102027565716,0.014247362103755903,Tokyo
2019-04-02,77.2699966430664,77.37000274658203,76.47000122070312,77.2699966430664,15142,59.70702334155266,1.1959140493792546,1.1146745258956572,0.08123952348359742,1.2514549640291492,75.80147674402303,74.65563794287705,76.31246006559918,79.13257636180981,72.15442391284839,-0.007959978834772286,0.013719041305412209,Tokyo
2019-04-03,77.2699966430664,77.93000030517578,76.91000366210938,77.05000305175781,15407,58.43626327859059,1.1462599324893432,1.1209916072143944,0.025268325274948822,1.2349222268175246,75.92038401142634,74.74953461381355,76.3222288468728,79.16097776479678,72.52602250986142,0.001299624528677823,0.013651235984974688,Tokyo
2019-04-04,76.8499984741211,77.80000305175781,76.8499984741211,77.31999969482422,14261,59.5734654237285,1.1158325368516842,1.1199597931418523,-0.004127256290168191,1.214570966161753,76.05368074317852,74.85033716601005,76.3354443547927,78.92189348861575,73.30710660293698,0.01911159741334667,0.012935512674075379,Tokyo
2019-04-05,77.31999969482422,78.4800033569336,77.05000305175781,78.25,22971,63.29839099329271,1.1534654274418727,1.1266609200018565,0.02680450744001628,1.2299587760913264,76.26285400573295,74.9836572771469,76.36080270770935,79.0269953853591,73.67800491981669,0.00824635207596014,0.012377607144646342,Tokyo
2019-04-08,78.38999938964844,79.08000183105469,77.8499984741211,78.91999816894531,28062,65.74702875534163,1.2232521281057132,1.1459791616226278,0.07727296648308535,1.2299619604372027,76.51591535461031,75.13802358662919,76.39469933633501,79.10913795253308,74.16786247471302,0.02016542846801639,0.012315682257259892,Tokyo
2019-04-09,78.87999725341797,79.30999755859375,77.56999969482422,78.08999633789062,31732,60.37331442566217,1.1977771506145558,1.1563387594210135,0.04143839119354231,1.266393096389512,76.66582782920844,75.25378722393357,76.41715360125627,79.20126597996656,74.39973423365649,0.010612135763536257,0.011898722649222197,Tokyo
2019-04-10,78.18000030517578,78.3499984741211,77.31999969482422,77.62000274658203,22494,57.50704465931474,1.126675874349118,1.1504061824066345,-0.023730308057516414,1.2495077880257524,76.75670163086306,75.34657998952763,76.43308537801556,79.26642366021179,74.52457670599915,0.007397789386735409,0.011814319398990922,Tokyo
2019-04-11,77.7699966430664,77.94000244140625,76.86000061035156,76.9800033569336,26656,53.76391205204288,1.0070760527521117,1.12174015647573,-0.11466410372361846,1.2374002196706761,76.7779684619174,75.41063580785728,76.4403293247562,79.06148064189135,74.99751975483717,-0.004397262535341007,0.01107407319985987,Tokyo
2019-04-12,76.9800033569336,78.6500015258789,76.87999725341797,78.11000061035156,21717,58.85607606700702,0.9920380696909206,1.0957997391187682,-0.10376166942784759,1.275443366298552,76.90482866653016,75.51649325109234,76.46244417622106,79.11205672115496,75.20794373660873,-0.0017891295801717444,0.010980265901834265,Tokyo
2019-04-15,78.13999938964844,78.43000030517578,75.69999694824219,76.48999786376953,14478,50.30273235139251,0.8397199086513467,1.044583773025284,-0.20486386437393733,1.3793405084867694,76.86532097102915,75.55466990256988,76.462809125725,78.99225384980984,75.44974673002413,-0.030790678681642092,0.0120645563595188,Tokyo
2019-04-16,76.48999786376953,78.22000122070312,76.48999786376953,77.94000244140625,8922,56.409048365717744,0.8264827412819358,1.0009635666766146,-0.1744808253946788,1.4043878548043995,76.96767158725554,75.64821235507327,76.48237460010489,78.96993781120142,75.70106286018529,-0.0019207824755856917,0.012693304047419049,Tokyo
2019-04-17,77.94000244140625,78.44000244140625,77.5,78.11000061035156,6652,57.074960639982656,0.8202542419621466,0.9648217017337211,-0.14456745977157448,1.371217468133103,77.0764648275504,75.74475307096654,76.50393256050552,78.88610168766688,76.04589904475499,0.0063127782328133986,0.0126674129128515,Tokyo
2019-04-18,78.31999969482422,78.31999969482422,77.02999877929688,77.30999755859375,4677,52.973737769027515,0.7422088296259517,0.9202991273121672,-0.17809029768621554,1.3654162858041201,77.09870604003072,75.80613520773623,76.51460891809609,78.88827323715103,76.05672722061266,0.0042867522378515766,0.011982567931788982,Tokyo
2019-04-22,77.6500015258789,77.86000061035156,77.0,77.19000244140625,4322,52.36592040178963,0.6630316587079648,0.8688456335913268,-0.20581397488336206,1.3293151661289375,77.10740093539981,75.8604045110174,76.52355452767635,78.86300098111404,76.14299953768479,-0.011778237892157817,0.011846730190229627,Tokyo
2019-04-23,77.0999984741211,77.0999984741211,76.11000061035156,76.56999969482422,2695,49.223259115335765,0.5439834377918089,0.8038731944314234,-0.25988975663961444,1.3115070707664913,77.0562198648688,75.88823177312749,76.52416969545315,78.86198639253416,76.02801376005374,0.001045912319113551,0.01147369239817521,Tokyo
2019-04-24,76.4000015258789,76.4000015258789,75.8499984741211,75.7699966430664,43,45.43433647679593,0.3806948909190737,0.7192375337289535,-0.3385426428098798,1.2692566529048224,76.93372241517332,75.88359510136038,76.51418064840168,78.92314374404783,75.75485613388186,-0.02784200321229413,0.011654184029602648,Tokyo
2019-04-25,76.30000305175781,76.5,76.30000305175781,76.97000122070312,21,51.46884546173701,0.3441507263041075,0.6442201722439843,-0.30006944593987683,1.2307385603354488,76.93717753950949,75.92619926290324,76.52021800697521,78.92313473780733,75.75686556736845,-0.014594794273978806,0.011960767176510652,Tokyo
2019-04-26,76.58000183105469,76.58000183105469,76.54000091552734,76.75,2,50.36904701278204,0.29404735777413293,0.5741856093500141,-0.2801382515758811,1.1735429706811868,76.91935110717526,75.95850517416194,76.5232614770815,78.83882753941481,75.92917249110278,-0.0072435335180204286,0.011516359031863068,Tokyo
2019-04-29,76.06999969482422,76.1500015258789,76.06999969482422,76.12999725341797,26,47.30146306387692,0.20198270626092096,0.4997450287321955,-0.29776232247127454,1.1382899231450865,76.84417454967456,75.96523035374061,76.5180526794171,78.86363131525185,75.75636837957238,-0.013732415526128694,0.01041167067916999,Tokyo
2019-04-30,75.9800033569336,75.9800033569336,75.9800033569336,75.9800033569336,3,46.56264915798109,0.115585158988182,0.42291305478339286,-0.30732789579521086,1.0676973498121785,76.76187253131828,75.96580968719917,76.51092619832461,78.90400816412179,75.57799180536063,-0.007705319841218472,0.010401089838948833,Tokyo
2019-05-01,75.45999908447266,75.45999908447266,75.45999908447266,75.91000366210938,1,46.199980916801636,0.040993541919689847,0.3465291522106523,-0.30553561029096243,1.0285764157156612,76.68074216282218,75.96362121562703,76.50296695943435,78.93904339003616,75.40695728135056,0.0018477896957354023,0.010400907077745906,Tokyo
2019-05-02,75.6500015258789,75.6500015258789,74.9800033569336,74.6500015258789,4,40.13954203099267,-0.11842733749901413,0.253537854268719,-0.3719651917677331,1.0215352649628124,76.48733829263712,75.91210671798986,76.47842437091043,79.1494738714076,74.95652664739123,-0.030141609172797956,0.010985939754261936,Tokyo
2019-05-03,74.77999877929688,74.77999877929688,74.77999877929688,74.77999877929688,0,40.999477214942814,-0.23160998534642374,0.15650828634569047,-0.3881182716921142,0.957853978423895,76.32473452946185,75.8677103282372,76.45592866771025,79.24978453304946,74.60221589419662,-0.025667768347923503,0.010950124938751972,Tokyo
2019-05-06,73.19999694824219,73.19999694824219,72.4000015258789,72.6500015258789,2,32.7083455696563,-0.487560729826086,0.027694483111335183,-0.5152552129374212,1.0594356409234718,75.97475995769204,75.74152566932119,76.40551903669262,79.57005891928856,73.72194166054544,-0.045711228859696584,0.012031494415000572,Tokyo
2019-05-07,72.9000015258789,72.9000015258789,72.2699966430664,72.27999877929688,2,31.516066056089002,-0.7120515808713606,-0.12025472968520395,-0.5917968511861567,1.0287620153441166,75.62287794070203,75.60577951677122,76.35087638427679,79.63219538672217,72.99580525414697,-0.04869708362942671,0.0116827508447968,Tokyo
2019-05-08,72.0,72.0,72.0,71.44999694824219,28039,28.965377233205288,-0.9460311506249184,-0.28541001387314685,-0.6606211367517716,0.9752789270550278,75.2254607033249,75.44280765133871,76.28596407386573,79.837259922284,72.12674077962029,-0.058753872990437106,0.011711947089167965,Tokyo
2019-05-09,72.19999694824219,72.33999633789062,69.63999938964844,70.2300033569336,34573,25.675984262222087,-1.2158889216687214,-0.4715057954322618,-0.7443831262364596,1.0984730714255393,74.74970286081144,75.2383839535189,76.20575267364146,80.16098048026268,71.06402028267678,-0.05920961927124724,0.012054116936548516,Tokyo
2019-05-10,70.30999755859375,71.5199966430664,68.3499984741211,68.44999694824219,26951,21.788166067700573,-1.5554544794856184,-0.6882955322429332,-0.8671589472426853,1.2464391498198089,74.14973086913817,74.97217269841,76.10302743224544,80.69321119629893,69.67878892577139,-0.08464832755262319,0.0129006381798025,Tokyo
2019-05-13,68.5,68.58999633789062,65.44999694824219,65.44999694824219,32758,17.091044298699146,-2.0430861332796297,-0.9592536524502726,-1.0838324808293571,1.3816934526647109,73.3211847814338,74.59875404154069,75.96192769073546,81.39390966019893,67.71209009566046,-0.09910536030851946,0.014661942326060834,Tokyo
2019-05-14,65.8499984741211,67.1500015258789,64.5,66.76000213623047,28629,24.722585939579858,-2.2973488540675646,-1.226872692773731,-1.0704761612938336,1.472286886465725,72.69631024379538,74.29135200603834,75.84004788206651,81.66893645097454,66.46406373213094,-0.07636962833828242,0.01568755550651732,Tokyo
2019-05-15,66.80000305175781,67.2699966430664,65.79000091552734,66.3499984741211,18427,23.978650954392492,-2.503083769564654,-1.4821149081319156,-1.0209688614327384,1.4728375179709634,72.09189959906449,73.9799263773357,75.71435186341824,81.59625257476601,65.37774721161095,-0.0713785681168817,0.014492749354259616,Tokyo
2019-05-16,66.33000183105469,67.16999816894531,66.33000183105469,66.80000305175781,13732,26.589682211682117,-2.5998491214438815,-1.705661750794309,-0.8941873706495724,1.4276345765366536,71.58790945170195,73.69836075672481,75.59628101823068,81.2478423523374,64.59515767818017,-0.048839529278438376,0.01469764588695183,Tokyo
2019-05-17,66.66000366210938,66.80000305175781,65.83000183105469,65.98999786376953,12236,24.929894691101467,-2.710650319576885,-1.9066594645508244,-0.8039908550260608,1.3949464796914015,71.054775014756,73.3960720158246,75.46904547976101,80.96012034540813,63.75087971562702,-0.0359386295712002,0.014720679975362022,Tokyo
2019-05-20,66.1500015258789,67.98999786376953,65.8499984741211,67.91000366210938,17056,35.24783610344373,-2.6134069174536734,-2.0480089551313942,-0.5653979623222791,1.4481645446883324,70.7552729811706,73.18093208038479,75.36892572058682,80.39873152517472,63.384268657930726,0.03758604780092756,0.01681221857271916,Tokyo
2019-05-21,68.0,68.23999786376953,67.01000213623047,67.31999969482422,14216,33.71435657306259,-2.5545024953177347,-2.1493076631686625,-0.40519483214907215,1.4325810577490987,70.42810409675666,72.95109159467654,75.26231742885487,79.87079859036619,62.98720159273928,0.008388219602674996,0.016816306180429213,Tokyo
2019-05-22,67.33000183105469,67.44999694824219,66.12000274658203,66.75,11000,32.254403450370944,-2.5247112286123894,-2.2243883762574077,-0.3003228523549817,1.425253425171317,70.07780846849411,72.70791153214022,75.14957150264487,79.40708015953523,62.54892035926359,0.006028659157165217,0.01679679346686607,Tokyo
2019-05-23,66.75,68.22000122070312,66.51000213623047,67.4800033569336,14727,36.072498072036815,-2.414364968633592,-2.2623836947326446,-0.1519812739009474,1.4455924008356982,69.83039845786931,72.50289552526937,75.04798781859571,78.57311193529267,62.433888797129214,0.010179644822005507,0.01649472562497289,Tokyo
2019-05-24,67.3499984741211,68.58999633789062,67.3499984741211,68.38999938964844,13417,40.56903074950727,-2.227804939332401,-2.255467943652596,0.02766300432019486,1.4309070767595435,69.69321759422922,72.34160548073521,74.95980254139111,77.64254159538265,62.52845907600406,0.0363691711406553,0.017077831696525683,Tokyo
2019-05-28,68.45999908447266,69.5,68.45999908447266,69.47000122070312,17323,45.47117240026464,-1.9700975915127685,-2.1983938732246306,0.22829628171186211,1.4079851863018307,69.67195889198865,72.22899354896924,74.88708994111711,76.75463951052609,62.75036155758915,0.0229715428430195,0.01772163784710064,Tokyo
2019-05-29,69.66000366210938,69.80999755859375,68.61000061035156,69.05999755859375,14394,43.987790027669284,-1.7784457155088234,-2.1144042416814695,0.3359585261726461,1.393128883583285,69.61367686023677,72.1047191964055,74.80990990956052,75.76749501270503,63.04550547557624,0.025846670701980212,0.017713074922790305,Tokyo
2019-05-30,68.80999755859375,69.5,68.18000030517578,69.33999633789062,12082,45.300159464443595,-1.5856878392027483,-2.0086609611857256,0.4229731219829773,1.3879053701004944,69.58761204858476,71.99629869215002,74.73746072318079,74.65513977627391,63.50085997958545,0.03880144326427892,0.01780454852444859,Tokyo
2019-05-31,69.4800033569336,69.69000244140625,68.0,68.08000183105469,13822,40.68100705568558,-1.517108576668349,-1.9103504842822503,0.3932419076139013,1.4094837323366198,69.4440301231057,71.84271842308746,74.64928245970891,73.68139133785552,63.817608448521426,0.008891500359705429,0.017865813205764122,Tokyo
2019-06-03,68.19999694824219,69.54000091552734,66.9000015258789,69.41999816894531,29977,46.884080309529274,-1.339195103834811,-1.7961194081927627,0.4569243043579516,1.4973777078588926,69.44174136556663,71.74770978567012,74.58002041612264,72.53854178738435,64.42445793795746,0.015060663671431218,0.018622612985597843,Tokyo
2019-06-04,69.91000366210938,69.91000366210938,68.4800033569336,68.97000122070312,24464,45.17560859550091,-1.2204399161032455,-1.6809835097748593,0.4605435936716138,1.4925650362386704,69.39681373272248,71.63878003802436,74.50571552611709,71.86248027691526,64.73251941790896,-0.007197351248224737,0.017678365106800382,Tokyo
2019-06-05,69.30000305175781,69.62000274658203,68.41999816894531,68.73999786376953,16640,44.287285921848,-1.1318378012985164,-1.5711543680795907,0.43931656678107434,1.4716678606242453,69.33425984044125,71.52510230570064,74.42934840476148,71.16670822578452,65.07429137748697,-0.004633647641714922,0.01766959407086078,Tokyo
2019-06-06,68.63999938964844,68.72000122070312,67.4800033569336,68.58999633789062,16514,43.68398338141626,-1.0614876871906063,-1.469221031901794,0.4077333447111877,1.456548335353652,69.26337760210309,71.41000011088457,74.35200599327976,70.60540579962587,65.34959374261045,-0.010816268237818782,0.01754107705459064,Tokyo
2019-06-07,68.58999633789062,68.72000122070312,65.58999633789062,65.58999633789062,31251,33.774424777194156,-1.2335895899585694,-1.422094743513149,0.18850515355457964,1.5760809458864269,68.91353176741619,71.18176466880637,74.23595288526137,70.3553146962421,65.13568414408992,-0.036574697799556244,0.019734451577773243,Tokyo
2019-06-10,65.6500015258789,66.5,64.8499984741211,65.98999786376953,32585,35.863538815008454,-1.3224603084108537,-1.40216785649269,0.07970754808183633,1.5813609873144612,68.6350999670689,70.97816597056962,74.12673493795684,70.32282241368709,64.92217651819767,-0.04940939780534559,0.01911744255613906,Tokyo
2019-06-11,66.13999938964844,66.36000061035156,65.29000091552734,65.6500015258789,21366,34.8570154031345,-1.4041398064213126,-1.4025622464784147,-0.001577559942897988,1.5448351807080154,68.35080487743176,70.76921834528763,74.01446032322734,70.30023143181654,64.9647679578319,-0.04813686582664056,0.016268606020780944,Tokyo
2019-06-12,65.66000366210938,66.94999694824219,65.43000030517578,66.56999969482422,24617,39.78189095690171,-1.3787419545601267,-1.397798188094757,0.019056233534630262,1.5430609994479005,68.18120438385009,70.604543104093,73.91585819569883,70.305128113239,64.94087103226883,-0.03156820244955294,0.015943433046223778,Tokyo
2019-06-13,66.56999969482422,67.5199966430664,66.04000091552734,66.83000183105469,19727,41.136299870120865,-1.3223902824959595,-1.3827166069749977,0.060326324479038185,1.5385563371686979,68.052518426441,70.45652187769933,73.82200579351812,70.28946301013922,65.00453647106197,-0.025659638442985022,0.015902202531022005,Tokyo
2019-06-14,66.83999633789062,66.95999908447266,65.9000015258789,65.94000244140625,13798,37.98672445448104,-1.3341672396541497,-1.3730067335108282,0.03883949385667851,1.5043735672704872,67.85132642786627,70.27940346843293,73.71760839812592,70.33112906480727,64.87687035535873,0.005336272649148377,0.01611305039697357,Tokyo
2019-06-17,66.02999877929688,66.5,65.31999969482422,65.62999725341797,12302,36.926188953779395,-1.3529197739092922,-1.3689893415905212,0.016069567681229024,1.4812040485494367,67.63977126839501,70.09707381294216,73.61048772071258,70.3622928414968,64.80970651763407,-0.005455381451818675,0.015916302006811565,Tokyo
2019-06-18,65.62999725341797,66.98999786376953,64.97000122070312,65.31999969482422,9666,35.84839178938425,-1.3769231911889364,-1.3705761115102044,-0.006347079678731937,1.5196892338720775,67.41884064234064,69.90973757301597,73.50067993229021,70.40541325079236,64.50758571160999,-0.005026684286132177,0.01439846984717097,Tokyo
2019-06-19,65.48999786376953,66.30000305175781,65.31999969482422,65.37999725341797,6695,36.23630628120347,-1.3752517249397158,-1.3715112341961067,-0.0037404907436091595,1.481140242662186,67.22466508149085,69.73210069773762,73.39312122131177,70.45147497808476,64.26752374017697,-0.017875956840341933,0.014320676004532365,Tokyo
2019-06-20,65.31999969482422,65.80000305175781,62.380001068115234,63.209999084472656,7572,29.328646369786014,-1.5313750543191276,-1.4034839982207108,-0.12789105609841678,1.6196303670179284,66.8423159389177,69.47633200702134,73.25824543141987,70.78459725674612,63.58040136996288,-0.05416732975308525,0.015989895198044588,Tokyo
2019-06-21,63.349998474121094,64.0,60.27000045776367,61.189998626708984,2659,24.62313201032299,-1.797381972209294,-1.4822635930184276,-0.3151183791908665,1.7703710223906715,66.30400000442162,69.15137775681302,73.09840110288066,71.35130421147845,62.384693942208074,-0.07203523868410655,0.016958429805052164,Tokyo
2019-06-24,61.75,62.790000915527344,61.75,62.29999923706055,154,31.159211882831272,-1.8967619079389664,-1.5651632560025355,-0.3315986519364309,1.7582018271355064,65.92266659800629,68.88269624623449,72.95537591260491,71.42301715036285,61.70398098806486,-0.050738963213715516,0.017247010468648395,Tokyo
2019-06-25,62.43000030517578,62.54999923706055,61.79999923706055,62.20000076293945,106,30.899266402712016,-1.960985246882828,-1.644327654178594,-0.3166575927042339,1.6861874109115418,65.56812699466659,68.6206297566935,72.81292061260935,71.22877033685752,61.17122775579384,-0.047764833840499676,0.016595456590538335,Tokyo
2019-06-26,64.45999908447266,64.45999908447266,64.45999908447266,63.4900016784668,17,38.07613789036944,-1.886049211518909,-1.6926719656466571,-0.1933772458722518,1.7271739045273748,65.37021029788565,68.41942865558657,72.6894382426207,70.90006002147128,60.94293848316739,-0.028907856444615687,0.01758660082070461,Tokyo
2019-06-27,62.380001068115234,64.29000091552734,62.0,62.9900016784668,24,36.49401984284861,-1.8457312440797153,-1.7232838213332689,-0.12244742274644649,1.7673758338845156,65.1435237627029,68.20650995060149,72.56096888415507,70.47335058213962,60.73464845655669,-0.0034804209649150764,0.017494306761490133,Tokyo
2019-06-28,63.599998474121094,63.599998474121094,63.599998474121094,63.150001525878906,3,37.39054028637238,-1.7803455980693528,-1.7346961766804858,-0.04564942138886696,1.6847059025823572,64.953664502053,68.00821550257315,72.43632030987328,70.19815034058874,60.516848667589976,0.03203142577477358,0.017265440874815578,Tokyo
2019-07-01,66.2300033569336,66.2300033569336,66.2300033569336,63.16999816894531,2,37.50927653840054,-1.7072335153030096,-1.7292036444049905,0.02197012910198093,1.7843698974732378,64.7837915179475,67.81848148948971,72.31358756628484,69.57860894478385,60.51139006339486,0.013964670024702475,0.01641801600671642,Tokyo
2019-07-02,63.77000045776367,63.77000045776367,63.77000045776367,63.77000045776367,0,41.117630663937156,-1.582632885933009,-1.6998894927105943,0.11725660677758531,1.6997722111407465,64.68723998840619,67.65971752746124,72.20042747213225,68.95248394915315,60.617514982731606,0.02524115234030133,0.016711736594309117,Tokyo
2019-07-03,63.75,63.75,63.75,63.75,0,41.032576789202665,-1.4685710859241823,-1.653625811353312,0.1850547254291297,1.5797885144709554,64.5979790371294,67.50639527148238,72.08850128044838,68.2822697044308,60.78872944107701,0.004095106546853078,0.016730949574294357,Tokyo
2019-07-05,65.56999969482422,65.56999969482422,62.93000030517578,63.439998626708984,2,39.66308059467339,-1.3872000292461877,-1.600340654931887,0.21314062568569936,1.6555178626979186,64.48769518851793,67.34692873639322,71.97395157642535,67.52621911769562,61.029780256694025,0.007143942471047993,0.016728361838126773,Tokyo
2019-07-08,62.33000183105469,62.33000183105469,62.33000183105469,62.33000183105469,0,35.1405327415722,-1.3961859824510015,-1.55950972043571,0.16332373798470856,1.6165520721948028,64.28220058304524,67.15018650481132,71.84621714271184,67.41281094884367,60.81718897486239,-0.012984951306583614,0.014147661844786105,Tokyo
2019-07-09,60.22999954223633,60.22999954223633,60.22999954223633,60.22999954223633,53,28.515841437328277,-1.5548368579166123,-1.5585751479318906,0.003738290015278256,1.6510842305250568,63.89627667439677,66.87880662392601,71.69235995595058,67.42751548543004,60.22648460612269,-0.04654105923584306,0.015649891904091537,Tokyo
2019-07-10,62.869998931884766,63.79999923706055,62.869998931884766,63.540000915527344,43,45.84534698599177,-1.3973713447235383,-1.5263343872902202,0.1289630425666819,1.7881496208321397,63.862345649742544,66.74787306673392,71.5843816905145,67.21929054413928,60.223709486378304,-0.0036067044156391503,0.020329722524380277,Tokyo
2019-07-11,63.630001068115234,63.75,62.56999969482422,62.88999938964844,32,43.60956720591952,-1.3099284422096318,-1.4830531982741024,0.17312475606447064,1.7447103839995428,63.76974124401929,66.59658390292664,71.46922430904608,66.78239497120593,60.29260502879407,-0.013490205652573528,0.020074054958390097,Tokyo
2019-07-12,63.220001220703125,63.220001220703125,62.36000061035156,62.36000061035156,25,41.818755039683744,-1.2687701910989375,-1.4401965968390695,0.17142640574013202,1.6815168287389726,63.63548023128904,66.43044338164918,71.34857233952695,66.1999467228312,60.42805315509849,-0.017023928747418537,0.020045843305803862,Tokyo
2019-07-15,62.650001525878906,63.68000030517578,62.119998931884766,63.70000076293945,35,47.66982278944956,-1.1151701794399855,-1.3751913133592528,0.2600211339192673,1.6728371533498327,63.64162504382717,66.32336720052331,71.2472667557311,65.82029576948335,60.58370394059967,0.021979767233091696,0.020630906112563123,Tokyo
2019-07-16,63.2400016784668,63.380001068115234,62.25,62.33000183105469,29,42.91769047558292,-1.0914074619721816,-1.3184345430818385,0.22702708110965686,1.65692026832052,63.516708547372644,66.16676463701474,71.12915728653009,65.41604057170738,60.65795959613929,0.034866383941207335,0.021106486533691862,Tokyo
2019-07-17,62.25,62.439998626708984,61.540000915527344,61.88999938964844,13,41.487220115883616,-1.095452166268025,-1.273838067719076,0.17838590145105093,1.6028543713820287,63.36178386568463,65.9990483528043,71.00678433425351,65.03706210973648,60.69393802759262,-0.025967917880147406,0.021125644405434865,Tokyo
2019-07-18,61.599998474121094,61.599998474121094,60.779998779296875,60.779998779296875,34,38.042424045964886,-1.1746843660005837,-1.2540073273753776,0.07932296137479389,1.5676505313084241,63.11589957174294,65.79437974207852,70.87133022094284,64.65478132525845,60.61621896465854,-0.033550654012231784,0.021380760474153722,Tokyo
2019-07-19,60.959999084472656,62.31999969482422,60.959999084472656,62.25,32,44.60263021074353,-1.1061091046979215,-1.2244276828398863,0.11831857814196489,1.5656755587526328,63.033432945862664,65.65538445807545,70.75714041669195,64.59488601222088,60.58011436924884,-0.0017639610210860024,0.020990972033110712,Tokyo
2019-07-22,62.70000076293945,63.709999084472656,62.63999938964844,62.790000915527344,66,46.82979764295351,-0.9966998200489314,-1.1788821102816955,0.1821822902327641,1.558127239161206,63.01024894297359,65.54301647601474,70.65161539018646,64.56489937139447,60.770101238957075,-0.014285711719199012,0.01969494810588602,Tokyo
2019-07-23,62.790000915527344,63.25,62.52000045776367,63.290000915527344,10,48.87917424670501,-0.8597358526453291,-1.1150528587544222,0.255317006109093,1.4989752608094289,63.036891987978706,65.45466292462308,70.55411056270754,64.6256527153545,60.80834806284373,0.015401878008518777,0.019372425168700996,Tokyo
2019-07-24,63.529998779296875,64.16999816894531,63.529998779296875,63.88999938964844,17,51.304697027490356,-0.6947672152608177,-1.0309957300557013,0.3362285147948836,1.4547625459957532,63.11814031194725,65.39330357031035,70.46584418955443,64.76269562517781,60.84030501569133,0.03231539860597432,0.01945774031923977,Tokyo
2019-07-25,63.97999954223633,64.30000305175781,63.599998474121094,63.810001373291016,18,50.95753702562446,-0.5639823158768493,-0.937593047219931,0.37361073134308165,1.4008512625415364,63.18403184159904,65.3312132880743,70.37768733106087,64.80735793691277,60.8276426734388,0.04985196865496211,0.018929694307058934,Tokyo
2019-07-26,63.81999969482422,63.81999969482422,63.45000076293945,64.23999786376953,8,52.806077671212236,-0.4207866511261358,-0.834231768001172,0.41344511687503627,1.3272189532089098,63.2846000341867,65.28842052633686,70.29639343083184,64.96873691131974,60.7912633175621,0.03196783716898843,0.018880350618146205,Tokyo
2019-07-29,63.529998779296875,63.65999984741211,62.810001373291016,63.77000045776367,23,50.562700847668665,-0.3412936965882878,-0.7356441537185953,0.3943504571303075,1.3345602058710246,63.33082864595594,65.22887464129478,70.20995113979784,65.03471981639383,60.78728030567647,0.015607573307010236,0.01896659826250897,Tokyo
2019-07-30,63.84000015258789,63.84000015258789,63.0,62.869998931884766,6,46.48976010171988,-0.34691849841264144,-0.6578990226574045,0.3109805242447631,1.2992344877793722,63.28694010175868,65.13636971151399,70.11273322975926,65.01625245219938,60.77574774616488,-0.006636150696271104,0.019249710977048123,Tokyo
2019-07-31,62.56999969482422,63.34000015258789,62.56999969482422,63.220001220703125,10,48.23605473436669,-0.31945149676344897,-0.5902095174786134,0.2707580207151644,1.261432057063965,63.28056497022958,65.061218005992,70.02143876606316,64.95502118211884,60.78197909253936,-0.010486745583751955,0.019165912194193266,Tokyo
2019-08-01,64.0199966430664,64.0199966430664,61.61000061035156,61.84000015258789,25,42.36541644877772,-0.4043768485202719,-0.5530429836869452,0.14866613516667326,1.343472341039028,63.14336832093037,64.93489573723106,69.91307534071912,64.8644777427112,60.68152254720579,-0.03087292239939854,0.019766796651597127,Tokyo
2019-08-02,61.5,61.5,58.84000015258789,58.939998626708984,36,33.21647954886528,-0.6976446749124534,-0.5819633219320468,-0.1156813529804066,1.461795745250526,62.74304739767119,64.69980173289686,69.76773657629515,65.223909699652,59.87209059026499,-0.08250310419218854,0.022340151646250708,Tokyo
2019-08-05,59.0099983215332,59.0099983215332,56.4900016784668,57.90999984741211,64,30.682122935538814,-1.0016276930848491,-0.6658961961626073,-0.3357314969222418,1.5373815236659458,62.28275715478937,64.43353499228962,69.61068046068081,65.71425291053667,58.93974718101605,-0.09189274844419637,0.022339434527236867,Tokyo
2019-08-06,57.95000076293945,58.22999954223633,57.91999816894531,58.27000045776367,10,32.617269829453264,-1.19965846839888,-0.772648650609862,-0.42700981778901803,1.4504256787486796,61.90058985031073,64.19182775564154,69.46047277852297,65.96696447091071,58.49103571219475,-0.07316682920743911,0.02122752306616476,Tokyo
2019-08-07,57.9900016784668,58.40999984741211,57.2400016784668,58.58000183105469,31,34.317712586444884,-1.3164100093835387,-0.8814009223645973,-0.43500908701894136,1.4303951423341534,61.58434337228635,63.97175615075578,69.31636058054326,66.00030040845938,57.96169986619882,-0.07339448434127749,0.01693949242824559,Tokyo
2019-08-08,58.779998779296875,59.529998779296875,58.61000061035156,59.540000915527344,45,39.416421513204945,-1.3162990674120607,-0.9683805513740902,-0.3479185160379705,1.3960809856132987,61.389644090690254,63.79796182780565,69.1868723730596,65.95078263598806,57.676217791258026,-0.037192743068974576,0.01745814847972583,Tokyo
2019-08-09,59.0,59.349998474121094,58.7599983215332,59.04999923706055,17,37.803349826499044,-1.3403000408743608,-1.0427644492741444,-0.2975355916002165,1.3520753862119304,61.16682077129695,63.611767216403884,69.05260915271523,65.9545856103451,57.34141467957188,0.001866315115618633,0.017454765155585257,Tokyo
2019-08-12,58.91999816894531,58.91999816894531,57.7599983215332,58.029998779296875,52,34.62666169115701,-1.4251977057063243,-1.1192511005605805,-0.3059466051457438,1.3476414954487457,60.86807581967789,63.39287433651734,68.90661431333221,65.84530127773978,56.88369881381295,0.0020721625315309744,0.01678736468273579,Tokyo
2019-08-13,58.13999938964844,59.90999984741211,57.70000076293945,59.34000015258789,20,41.43355897244231,-1.370969866828304,-1.1695948538141252,-0.2013750130141787,1.4092384660933108,60.722544803764556,63.2339380940103,68.77990419199786,65.7592364294774,56.67076349422865,0.01836278850898232,0.017311151614007553,Tokyo
2019-08-14,59.380001068115234,59.68000030517578,59.150001525878906,59.61000061035156,6,42.75653472104193,-1.291321581995959,-1.1939401994504921,-0.0973813825454668,1.3464356313221368,60.6165882139157,63.0918228985727,68.65844851541976,65.68813037384388,56.513869671932504,0.01758277137422093,0.01734275613591006,Tokyo
2019-08-15,59.900001525878906,60.119998931884766,59.52000045776367,59.65999984741211,8,43.01325516797816,-1.2102146210427591,-1.1971950837689456,-0.013019537273813553,1.2931186915220623,60.525484559962976,62.95724160244876,68.53926376485013,65.6757690904357,56.414231062152204,0.002015433826664026,0.0169223807544523,Tokyo
2019-08-16,60.0,60.0,59.95000076293945,60.08000183105469,3,45.235079177207,-1.099373229908018,-1.17763071299676,0.07825748308874214,1.2250387958839073,60.48305763340028,62.84440867023723,68.427220560429,65.55004669931506,56.32295363637831,0.017442889200711464,0.016015506150320737,Tokyo
2019-08-19,59.68000030517578,60.029998779296875,59.20000076293945,59.18000030517578,7,41.50109913895424,-1.0717982078080865,-1.1564642119590254,0.08466600415093883,1.2003932439004308,60.35895693547414,62.700706381411294,68.30474082194884,65.34663308568875,56.165367188969455,0.01981736257229061,0.01608248843536112,Tokyo
2019-08-20,59.59000015258789,59.7599983215332,59.59000015258789,59.16999816894531,24,41.460138983737636,-1.0387775123828504,-1.1329268720437904,0.09414935966093996,1.1560792990759303,60.2457227672333,62.562247235824394,68.1837508530349,65.03028659291012,56.06971340708987,-0.002864880067499742,0.015894646413565854,Tokyo
2019-08-21,59.0,59.65999984741211,58.650001525878906,59.869998931884766,34,45.51320509772398,-0.9452281600928814,-1.0953871296536086,0.15015896956072727,1.1456449435371643,60.20993954481916,62.456668870964016,68.07363493354946,64.55038779619609,56.147612158027535,0.004361656079031384,0.016001363086759996,Tokyo
2019-08-22,60.029998779296875,60.06999969482422,59.189998626708984,58.869998931884766,8,41.13195975860605,-0.9409347569016759,-1.0644966551032222,0.12356189820154628,1.1266703810070264,60.08232615311112,62.31601514786287,67.95173246995125,64.01780091852055,56.18619879156246,-0.013241718363189214,0.01627639703725626,Tokyo
2019-08-23,58.43000030517578,58.7400016784668,58.06999969482422,57.970001220703125,7,37.621807919074925,-0.9986427654711818,-1.0513258771768141,0.052683111705632335,1.1033367278679922,59.88115235002464,62.14558322915073,67.81952410903406,63.29160730862029,56.28539273715608,-0.035119849301684436,0.016259431590238065,Tokyo
2019-08-26,57.58000183105469,57.599998474121094,56.189998626708984,57.65999984741211,27,36.46740283270742,-1.057204502641774,-1.0525016022698062,-0.004702900371967855,1.15167000401986,59.669614016442495,61.96967799849432,67.6849608737808,62.56443591957863,56.40156406516259,-0.02568436042455946,0.016251303621347454,Tokyo
2019-08-27,57.25,58.61000061035156,57.2400016784668,57.540000915527344,42,36.006826244000905,-1.1006108553600598,-1.062123452887857,-0.038487402472202836,1.1672649274387819,59.46679372111724,61.7959651717113,67.5505905432079,61.968933069949614,56.46406711315585,-0.027547698223074346,0.01611655045307914,Tokyo
2019-08-28,58.029998779296875,58.029998779296875,58.029998779296875,58.349998474121094,4,41.38797233985711,-1.0574609178542644,-1.0611909458811386,0.003730028026874166,1.118888708605264,59.360432269022375,61.6608292227862,67.42872839659748,61.000309402833416,56.94569050561385,-0.025388349505284014,0.01649691658263965,Tokyo
2019-08-29,58.36000061035156,58.68000030517578,57.720001220703125,58.880001068115234,40,44.666709474516246,-0.9693237408817623,-1.0428175048812633,0.07349376399950103,1.107539449738649,59.31467691655503,61.5517771382893,67.3155002200613,60.33798248700326,57.312017512996746,0.00016990209634681896,0.016167675988016023,Tokyo
2019-08-30,58.7400016784668,59.08000183105469,58.72999954223633,59.04999923706055,15,45.71563711667776,-0.875662865208163,-1.0093865769466432,0.1337237117384802,1.053429652530057,59.289469518507936,61.453668200986215,67.20602338584936,60.34604030202871,57.31495975900644,0.018630291419964973,0.012113465040348872,Tokyo
2019-09-03,59.209999084472656,59.209999084472656,58.0,58.310001373291016,35,41.984675826626535,-0.8513339418875816,-0.9777760499348309,0.1264421080472493,1.0646131833830998,59.19618683801109,61.33038714891974,67.08819527972277,60.32489162792399,57.37610858569906,0.011273006028425847,0.01177421727190929,Tokyo
2019-09-04,58.81999969482422,59.41999816894531,58.59000015258789,58.77000045776367,40,44.990114641501506,-0.7858759246626619,-0.9393960248803971,0.1535201002177352,1.0678548699738997,59.155597658939904,61.22997982769793,66.978020513869,60.32519659404506,57.425803619577984,0.021376425489496365,0.011823417068804897,Tokyo
2019-09-05,58.790000915527344,59.439998626708984,58.790000915527344,59.15999984741211,23,47.47454394450345,-0.6945242399172002,-0.8904216678877578,0.19589742797055754,1.0394365341861433,59.156016914984875,61.148804142196525,66.87447057126693,60.352511023557966,57.45648899170082,0.013881771970401413,0.011855401481417338,Tokyo
2019-09-06,59.4900016784668,59.4900016784668,58.54999923706055,58.72999954223633,38,45.0582501176584,-0.649339619633011,-0.8422052582368085,0.19286563860379746,1.0323340989875796,59.11544383186596,61.053949059845145,66.76659678280295,60.28217366694157,57.44582621098812,-0.002547580216674561,0.011366904874708088,Tokyo
2019-09-09,58.75,59.20000076293945,58.709999084472656,59.119998931884766,19,47.660210966951084,-0.5754276197274777,-0.7888497305349423,0.21342211080746465,0.9935960689503808,59.11587765091537,60.97810787835651,66.66531734106893,60.28795012517528,57.447049722236834,0.0011854309183509937,0.011331720585057124,Tokyo
2019-09-10,59.20000076293945,59.7599983215332,59.20000076293945,59.5,19,50.13805006697809,-0.4806483024620718,-0.7272094449203682,0.2465611424582964,0.9683391632859562,59.15246073178057,60.920142863519004,66.57041247562431,60.33078051877783,57.55121945070459,0.020408139233110356,0.010627593318747108,Tokyo
2019-09-11,59.47999954223633,59.47999954223633,59.349998474121094,59.369998931884766,6,49.27855014365601,-0.41128398465407656,-0.6640243528671099,0.25274036821303336,0.9098864748997383,59.173178655600026,60.859352905415705,66.47504275981319,60.33415710677267,57.55084274063943,0.010209264411224384,0.009413572176399852,Tokyo
2019-09-12,59.400001525878906,62.25,59.400001525878906,62.25,142,64.0014611676383,-0.12250804948871519,-0.5557210921914311,0.4332130427027159,1.0506089458437025,59.466209259828595,60.91388808559548,66.41908192855739,61.09257040973095,57.056429376645994,0.05223124003647306,0.014166432062387954,Tokyo
2019-09-13,62.27000045776367,62.810001373291016,61.58000183105469,61.630001068115234,73,59.96602688433755,0.05567840143908853,-0.43344119346532717,0.4891195949044157,1.0634225598717473,59.67228467014161,60.94197094765508,66.355650393982,61.4826420643184,56.86335784412887,0.04937853819994231,0.014425282939392908,Tokyo
2019-09-16,61.29999923706055,61.619998931884766,61.29999923706055,61.59000015258789,56,59.70446714836395,0.19145770276280416,-0.3084614142197009,0.4999191169825051,1.011035364956243,59.854924239898395,60.96738385765245,66.29252919873176,61.771816589983295,56.72518315061729,0.041779453067124495,0.014376254374404346,Tokyo
2019-09-17,61.59000015258789,61.59000015258789,59.970001220703125,60.119998931884766,35,50.915323371907775,0.17839058844166544,-0.21109101368742764,0.3894816021290931,1.0545327625939946,59.880169448659004,60.9341530762498,66.21077383095894,61.848289527456295,56.74271007581519,0.010420150115710403,0.015045539474466057,Tokyo
2019-09-18,59.7599983215332,59.7599983215332,59.25,59.36000061035156,36,47.05827269181394,0.10549323290033641,-0.14777416436987484,0.25326739727021125,1.0413517746861927,59.83062955929639,60.87242160699889,66.1200351128052,61.857237238333575,56.75276260907854,-0.00016840696838604785,0.015346385244769502,Tokyo
2019-09-19,59.099998474121094,59.380001068115234,59.099998474121094,58.9900016784668,30,45.26064361205524,0.017662133760040888,-0.11468690474389169,0.1323490385039326,0.9869696903510461,59.750569761122144,60.798601217644695,66.02559758387356,61.80254447257959,56.71945564949072,-0.05236945094832457,0.015157153470381244,Tokyo
2019-09-20,59.349998474121094,59.43000030517578,59.02000045776367,59.130001068115234,56,46.0996514762859,-0.04018464085097406,-0.09978645196530818,0.059601811114334116,0.9479003286623274,59.691467980835775,60.73316591766315,65.93426517969134,61.80977687966321,56.73822345603015,-0.04056465936511877,0.014684292154700867,Tokyo
2019-09-23,58.81999969482422,60.25,58.68000030517578,59.83000183105469,69,50.209011114578466,-0.029207726584076,-0.08567070688906175,0.056462980304985755,0.992335997673891,59.704661680856624,60.69774771818831,65.85341400951071,61.83698938477663,56.89701101195189,-0.028576040220374188,0.014417100806894272,Tokyo
2019-09-24,60.34000015258789,60.34000015258789,58.79999923706055,59.31999969482422,8,47.37507132012931,-0.060958659588976616,-0.08072829742904473,0.01976963784006812,1.031454920377709,59.668027205996395,60.64371838393874,65.76687872057447,61.78642121147461,57.11357916999511,-0.01330670743968132,0.014515561596891591,Tokyo
2019-09-25,59.369998931884766,59.369998931884766,59.369998931884766,59.369998931884766,0,47.68681394532491,-0.08115151799437825,-0.08081294154211144,-0.00033857645226681443,0.9613509429979117,59.63964356084291,60.59376860150525,65.68215183595606,61.699494212190835,57.383505970914634,0.00016843533407007172,0.014493131417205884,Tokyo
2019-09-26,59.20000076293945,59.20000076293945,59.20000076293945,59.20000076293945,0,46.674420893834856,-0.10960843742451942,-0.08657204071859305,-0.023036396705926374,0.9048257448512974,59.59777281818544,60.53911103920856,65.5962955303532,61.6756517297482,57.492348682239104,0.0035599097897518472,0.014220687756875619,Tokyo
2019-09-27,59.81999969482422,59.81999969482422,59.81999969482422,59.81999969482422,0,50.77868624018665,-0.08119604141543846,-0.08549684085796214,0.004300799442523678,0.8844809724965451,59.61893728262723,60.51091059433074,65.51978830074354,61.69814564243624,57.56385463222197,0.011669180014289848,0.01426632101874118,Tokyo
2019-09-30,59.75,59.75,59.75,59.75,0,50.30789767289805,-0.06359432741805904,-0.08111633816998153,0.017522010751922487,0.8263037383770933,59.63141944618654,60.481070963180514,65.44336726364762,61.71535329186744,57.616647059084706,-0.0013371524085957764,0.014263845492655086,Tokyo
2019-10-01,59.900001525878906,59.900001525878906,59.900001525878906,59.900001525878906,0,51.34882871820668,-0.03711315538512139,-0.0723157016130095,0.03520254622788811,0.7779964374843656,59.65699869187152,60.45828392642359,65.36994520089571,61.6942594529245,57.79674091328644,0.009777509002672824,0.013924034526526727,Tokyo
2019-10-02,60.709999084472656,60.709999084472656,60.709999084472656,60.25,1,53.781617957125704,0.011977249760150244,-0.05545711133837756,0.0674343610985278,0.7802822318493217,59.71347500693138,60.450115929308936,65.30213135717526,61.72419232788368,57.9148079925509,0.014822319082822721,0.013881362085340224,Tokyo
2019-10-03,60.52000045776367,60.52000045776367,60.52000045776367,60.52000045776367,0,55.625070226404645,0.07184039857293811,-0.029997609356114424,0.10183800792905254,0.7438335337003467,59.79028695462969,60.45285649905226,65.23879187506384,61.790161934366175,57.98483844710355,0.02229729185494489,0.013845953488138598,Tokyo
2019-10-04,60.59000015258789,60.59000015258789,60.59000015258789,60.59000015258789,0,56.11379184155582,0.12350705322907629,0.0007033231609237175,0.12280373006815257,0.6957025452091947,59.86645011634,60.45823468154386,65.17721847476615,61.82590968700227,58.13509075550261,0.012871956898894643,0.01370332136678988,Tokyo
2019-10-07,60.75,60.75,60.75,60.75,0,57.27215039573577,0.17534265877056043,0.03563119028285106,0.13971146848770938,0.6574380667951172,59.95059772430761,60.46967645873822,65.11857981947124,61.89130090165736,58.23269964765905,0.01673640167364021,0.013654784120155822,Tokyo
2019-10-08,60.2400016784668,60.2400016784668,60.2400016784668,60.2400016784668,0,52.51414317245254,0.17327276670758351,0.06315950556779755,0.11011326113978596,0.6469066564192661,59.97816000565611,60.460669604609926,65.0539628904513,61.91028538021373,58.287715336949354,0.005676129280914877,0.013768727318714946,Tokyo
2019-10-09,61.0099983215332,61.0099983215332,61.0099983215332,61.0099983215332,13585,58.165135781613415,0.23110067161274372,0.09674773877678679,0.13435293283595695,0.6556987983226332,60.07643032145393,60.482211907234365,65.00040044582988,62.001790965990985,58.36020969013695,0.012614080025447283,0.014009448490864204,Tokyo
2019-10-10,62.0,62.470001220703125,61.36000061035156,61.41999816894531,12571,60.837585063037075,0.3064803493620474,0.1386942608938389,0.16778608846820847,0.7131490912402967,60.204389164072154,60.51898783906617,64.95297789911618,61.79177037845355,58.487230094568915,0.014871079054431524,0.009055773331690489,Tokyo
2019-10-11,61.81999969482422,64.0,61.47999954223633,63.880001068115234,39033,72.27968760485109,0.5582853954029829,0.22261248779566772,0.3356729076073152,0.8464957155127533,60.554447440647685,60.65079227942104,64.93876628546055,62.52236365265601,57.98163682036645,0.05429940431163405,0.012449601894811143,Tokyo
2019-10-14,64.19999694824219,65.8499984741211,62.189998626708984,62.220001220703125,33245,59.62090245364274,0.6167846841554265,0.3014469270676195,0.31533775708780704,1.0474602963627073,60.713071610176776,60.71232988496152,64.9027561521525,62.6475757953266,57.919424784507385,0.024197550958076075,0.013948792028539528,Tokyo
2019-10-15,62.150001525878906,63.68000030517578,61.720001220703125,63.529998779296875,22278,64.85232170557686,0.760089804699362,0.39317550259396805,0.366914302105394,1.1126416383705608,60.98135038818821,60.82282670434722,64.8845739352935,63.22523092387212,57.68276964070307,0.054614824189258115,0.01337784554383818,Tokyo
2019-10-16,63.5,64.58000183105469,63.040000915527344,64.54000091552734,21137,68.26601159601536,0.9442738751986255,0.5033951771148996,0.44087869808372593,1.1431673010246168,61.320269486030035,60.968598242040564,64.88001005423699,63.97798558039002,57.448015014702754,0.057859411426147256,0.01315795545231492,Tokyo
2019-10-17,64.5,65.13999938964844,64.19000244140625,64.98999786376953,17549,69.679013384587,1.1137138707464374,0.6254589158412072,0.4882549549052302,1.1293694186830148,61.66976742676713,61.12630018799072,64.88146684641623,64.68822579957568,57.337774414047374,0.05812438621382521,0.012936135576963891,Tokyo
2019-10-18,65.19999694824219,65.38999938964844,65.0,65.16000366210938,16479,70.21852781358403,1.247335824154355,0.7498342975038368,0.4975015266505183,1.0772717120541497,62.0021708777521,61.28448463795616,64.88515607576316,65.31432931271004,57.314671160312415,0.02003761071683874,0.01293381383930226,Tokyo
2019-10-21,65.19000244140625,65.4800033569336,64.44000244140625,64.55999755859375,18874,65.77049997832526,1.2899470007700842,0.8578568381570862,0.43209016261299793,1.074609512302235,62.24577341878464,61.41293612503999,64.88084934043643,65.7362970797426,57.36570296603376,0.03760842642208129,0.01319386993906955,Tokyo
2019-10-22,64.44000244140625,65.19999694824219,63.959999084472656,64.66999816894531,17911,66.1933073703035,1.3174065524968341,0.9497667810250359,0.36763977147179827,1.0864229659784705,62.47665196641899,61.5406640483304,64.8780566096882,66.08647227903246,57.550527614156,0.0179442690312146,0.012883570947809769,Tokyo
2019-10-23,64.44999694824219,65.18000030517578,64.4000015258789,64.94999694824219,12477,67.30051397745058,1.3462433511725607,1.0290620950545408,0.31718125611801984,1.0645355240726424,62.712208631354535,61.67436337773871,64.87900946185448,66.42071355346211,57.77428614136211,0.0063525879593875345,0.012857643764586275,Tokyo
2019-10-24,65.0,65.55000305175781,64.5999984741211,64.6500015258789,12270,64.84988063530135,1.3295632212721742,1.0891623202980676,0.2404009009741066,1.0563547421843622,62.896760335594955,61.79105506982264,64.87597624415945,66.61048094099321,58.12951883012496,-0.005231517911468697,0.012916625201156903,Tokyo
2019-10-25,64.69999694824219,65.69999694824219,64.58000183105469,64.9000015258789,16448,65.9622049734929,1.3212860457516697,1.135587065388788,0.18569898036288168,1.060900483256015,63.08754521086009,61.91297453868759,64.87629445981136,66.829787078093,58.41821287613062,-0.003990210583454279,0.012838895348827529,Tokyo
2019-10-28,65.11000061035156,65.30000305175781,64.4800033569336,64.79000091552734,14899,64.98771876362434,1.2909687108770598,1.1666633944864424,0.12430531639061737,1.0436932840823152,63.24968384939984,62.02579910248523,64.87515149895991,66.95889549042768,58.7931045553487,0.003562629579173082,0.012850729328533083,Tokyo
2019-10-29,64.91000366210938,65.4800033569336,64.69999694824219,64.72000122070312,13548,64.33635629798623,1.246919897802698,1.1827146951496936,0.06420520265300445,1.0248585072686789,63.389714075238246,62.13145408751338,64.87309652838698,67.0255553109284,59.20844470433039,0.0007732032344764939,0.012898348930872707,Tokyo
2019-10-30,64.6500015258789,65.98999786376953,64.63999938964844,65.69999694824219,22714,69.0181427846068,1.2763751034563526,1.2014467768110255,0.07492832664532711,1.04808279061528,63.609741015524335,62.27139694479687,64.88404885182877,67.21550182135667,59.56349788872635,0.01154734465342111,0.013133805458919585,Tokyo
2019-10-31,65.5999984741211,65.95999908447266,64.0199966430664,64.44000244140625,35383,58.402496149052105,1.1843945762470156,1.1980363366982236,-0.013641760451208018,1.1117913371003494,63.688813532275,62.35644029760508,64.8781674424192,67.18763647184672,59.983363436600555,-0.0032482456228341006,0.014161518515522277,Tokyo
2019-11-01,64.45999908447266,64.91000366210938,63.810001373291016,64.2300033569336,24411,56.83350301446969,1.08208062282025,1.174845193922629,-0.09276457110237901,1.1109492622230643,63.74035542033772,62.42991335875522,64.86958248764455,67.08929338387884,60.44570684500301,-0.010323546274157658,0.01422841129928913,Tokyo
2019-11-04,64.7300033569336,64.9800033569336,63.540000915527344,63.65999984741211,24139,52.69534828998459,0.9441183494577459,1.1286998250296523,-0.1845814755719064,1.1344530607361492,63.732702508630524,62.4781520445849,64.85356152552227,66.91811222152045,60.9078879921026,-0.017440979350942132,0.01447271486457633,Tokyo
2019-11-05,63.66999816894531,64.20999908447266,63.54999923706055,63.810001373291016,24082,53.65174595890802,0.8372349994637034,1.0704068599164627,-0.23317186045275928,1.1005635454987177,63.74006430526485,62.530381430024356,64.839739536751,66.55291884365882,61.63008133944665,-0.014060565980351214,0.014249513290695341,Tokyo
2019-11-06,63.810001373291016,64.11000061035156,63.45000076293945,63.689998626708984,23267,52.73320397516438,0.7343804748183658,1.0032015828968435,-0.2688211080784777,1.0690947099211028,63.73529614540239,62.57585661420807,64.82451118032661,66.22995283346758,62.22104738015547,-0.030593583179564843,0.014092694215350556,Tokyo
2019-11-07,63.630001068115234,64.8499984741211,63.459999084472656,64.3499984741211,29235,57.084936951783305,0.698076997755102,0.9421766658684952,-0.24409966811339323,1.0920164727587696,63.793839224327975,62.645430804792895,64.81822624382059,65.87988184396548,62.86411840017515,-0.0013967095573436117,0.014176929960623018,Tokyo
2019-11-08,64.3499984741211,65.05999755859375,63.61000061035156,64.72000122070312,35657,59.34473025584679,0.6911946978145878,0.8919802722577138,-0.20078557444312606,1.1175865067218709,63.88204512874466,62.72678650737761,64.81692525013692,65.91093533534743,62.91706492405197,0.007628800220460086,0.011261121842114929,Tokyo
2019-11-11,64.56999969482422,64.8499984741211,63.72999954223633,64.29000091552734,33881,55.67552677656451,0.6436237011769208,0.8423089580415553,-0.19868525686463445,1.1177588228049349,63.9208980608192,62.788089033187404,64.8099461198772,65.60633057852135,63.42866965036049,0.009896341024588473,0.00950235714844705,Tokyo
2019-11-12,64.0999984741211,64.83000183105469,64.01000213623047,64.73999786376953,25686,58.56290965479113,0.6349154267345156,0.8008302517801474,-0.16591482504563182,1.0964903136634552,63.99890756586208,62.864634477523964,64.80901965290889,65.56555552213699,63.59044461519211,0.014574462787392939,0.008478713620981682,Tokyo
2019-11-13,64.80000305175781,64.8499984741211,64.12999725341797,64.22000122070312,18788,54.17146859416367,0.579375987462555,0.7565393989166289,-0.17716341145407388,1.0695982355948601,64.01996410441838,62.91778611451139,64.8012180842704,65.56243279811972,63.561567369726966,0.008321598452223578,0.007942872477681287,Tokyo
2019-11-14,64.18000030517578,64.91999816894531,63.849998474121094,64.2699966430664,10324,54.52455077070616,0.5332478452304557,0.7118810881793943,-0.17863324294893868,1.0696269112541001,64.04377672714676,62.97081397837629,64.79418203869155,65.51331701419565,63.53868303158072,-0.0012432297272991777,0.007766505137314347,Tokyo
2019-11-15,64.26000213623047,65.0,64.23999786376953,64.86000061035156,11335,58.58017312090229,0.5380965078778459,0.6771241721190847,-0.1390276642412388,1.0475108558952693,64.12151233507103,63.04489972864983,64.79505380785261,65.4663582965762,63.55564144402438,0.002163154929046174,0.008038970747014816,Tokyo
2019-11-18,64.9000015258789,64.9000015258789,63.5099983215332,64.20999908447266,8768,52.97492329381215,0.48391119013400186,0.6384815757220682,-0.15457038558806635,1.0719745950703001,64.12993964453786,63.090589899466416,64.78730473866877,65.45785923055149,63.52914066263699,-0.0012443899504652745,0.00808941280125397,Tokyo
2019-11-19,63.849998474121094,64.23999786376953,63.29999923706055,63.439998626708984,8816,47.21182055884735,0.37451911048306386,0.5856890826742673,-0.21116997219120348,1.062547740187349,64.0642309761732,63.104292202495536,64.76945962460307,65.50025140848723,63.36374853047761,-0.02008031016306333,0.008488459226833204,Tokyo
2019-11-20,63.349998474121094,63.79999923706055,62.150001525878906,62.2400016784668,13229,39.92263416770371,0.18881878883999548,0.506315023907413,-0.31749623506741753,1.104508452401227,63.89049485258212,63.070398456455194,64.73595687034961,65.71738557269066,62.875614839296645,-0.030831508947371633,0.009298151777201965,Tokyo
2019-11-21,62.099998474121094,62.75,61.72999954223633,61.84000015258789,7342,37.826172635390755,0.009266349148219888,0.4069052889555744,-0.3976389398073545,1.098472167069973,63.69520964305887,63.02214754257805,64.69759982773026,65.93922437646631,62.3727758981919,-0.03780918962815394,0.009332684590710332,Tokyo
2019-11-22,63.349998474121094,63.619998931884766,62.27000045776367,63.41999816894531,236,49.17871065318866,-0.005474510834183377,0.32442932899762283,-0.3299038398318062,1.1471526393718947,63.66899902647663,63.03774952792578,64.68067795145497,65.85804593841952,62.30595400054533,-0.022201702557129277,0.011118044072357426,Tokyo
2019-11-25,64.0,64.75,63.5,64.69000244140625,45,56.115104636059996,0.08434965206348721,0.27641339361079575,-0.19206374154730854,1.1602132959206657,63.766237446946114,63.10254375982698,64.68080145463314,65.84519944388363,62.30880064766911,0.007475523497549208,0.012064180761055636,Tokyo
2019-11-26,64.70999908447266,64.70999908447266,64.66000366210938,64.9000015258789,5,57.1563929723199,0.17051552258724456,0.2552338194060855,-0.08471829681884097,1.0809120192379953,63.874214978273045,63.17303229967215,64.68370476683508,65.86974385897477,62.30225626309552,0.02301391757211113,0.012083946941307804,Tokyo
2019-11-27,64.8499984741211,64.86000061035156,64.66999816894531,64.91000366210938,585,57.2084733068609,0.2368790898753872,0.2515628734999459,-0.014683783624558688,1.0201328290733953,63.97286151959079,63.2411488236893,64.68670210319632,65.71074137828774,62.38225941516931,0.04289848829754006,0.011565938349893242,Tokyo
2019-11-29,64.69000244140625,64.69000244140625,63.380001068115234,64.4000015258789,41,53.62875103302724,0.24548992984770734,0.25034828476949816,-0.0048583549217908195,1.0565520979963057,64.01354152018966,63.28659402769674,64.68290474455635,65.70684523237803,62.38215546952627,0.04139717605068416,0.01084870111578502,Tokyo
2019-12-02,64.75,64.75,64.5199966430664,63.849998474121094,6,49.9954822675916,0.20556382108353688,0.24139139203230592,-0.03582757094876904,1.0060839820052192,63.99796599199266,63.30868831971338,64.67187287342476,65.68760431072248,62.36339590290056,0.0067802005296546675,0.010996082202275971,Tokyo
2019-12-03,63.099998474121094,63.099998474121094,63.099998474121094,63.099998474121094,0,45.47150874529928,0.11211101426165726,0.2155353164781762,-0.10342430221651894,0.9877922690048464,63.91244527600489,63.30050440419996,64.65105334495716,65.70380951107785,62.2911905652161,-0.024578820641185217,0.01113404773793536,Tokyo
2019-12-04,63.540000915527344,64.5,63.20000076293945,63.16999816894531,221,45.96298238651319,0.043199406062278456,0.18106813439499664,-0.13786872833271818,1.0172357873529936,63.8417360277135,63.295386512621356,64.63143672010932,65.71018868877943,62.22081106707995,-0.02665644555098745,0.01112107117744258,Tokyo
2019-12-05,64.69999694824219,64.70999908447266,64.69999694824219,63.5099983215332,2,48.395906438685934,0.015839048208661666,0.14802231715772965,-0.13218326894906798,1.0545761536511615,63.81014196045823,63.30380266199045,64.61658323138646,65.70901211623914,62.203987609102654,-0.021568406433373988,0.011191719618993588,Tokyo
2019-12-06,64.05999755859375,64.05999755859375,64.05999755859375,65.0,24205,57.43941747372352,0.11308290118441278,0.14103443396306628,-0.027951532778653504,1.0185349453232606,63.923461773747924,63.370320204657496,64.62166159918267,65.79551431899812,62.182485558931575,0.009316746271814669,0.012154004395480148,Tokyo
2019-12-09,66.01000213623047,66.25,64.80999755859375,65.37999725341797,19314,59.39386045537342,0.21829558226504275,0.15648666362346159,0.06180891864158117,1.0486397664720457,64.06217943847841,63.449131069314774,64.63170578003347,65.90713988012234,62.13685960107885,0.02396239335725281,0.012156190989683588,Tokyo
2019-12-10,65.73999786376953,66.2300033569336,64.87999725341797,65.93000030517578,16233,62.106251692605774,0.34211435838278703,0.1936122025753267,0.14850215580746035,1.07016593340373,64.24006714006863,63.546420058956386,64.64890173400886,66.17202648464891,62.0359729355171,0.04484947542772666,0.012154375708224134,Tokyo
2019-12-11,65.93000030517578,66.19000244140625,65.33999633789062,65.87999725341797,12650,61.70271687528105,0.43123578445010935,0.24113691895028325,0.1900988654998261,1.0544402312688652,64.39625096038762,63.63793289011175,64.6652076349282,66.36143904758393,61.96056031154695,0.04290009756253088,0.0120857945926085,Tokyo
2019-12-12,65.76000213623047,67.37999725341797,65.56999969482422,67.16999816894531,31698,67.5589549076359,0.5990519515882227,0.31271992547787114,0.2863320261103515,1.1084086117920713,64.66041736120263,63.77644525398758,64.69838366849133,66.88836693834213,61.72863211561295,0.05762871900708544,0.012566977561391272,Tokyo
2019-12-13,67.48999786376953,67.80000305175781,66.43000030517578,66.80000305175781,31004,64.51189353148116,0.6941897717459966,0.3890138947314962,0.3051758770145004,1.1270939071342114,64.86418742696979,63.89501614801779,64.72621968681274,67.24478392065083,61.6252157741734,0.02769235464242792,0.01268416050416176,Tokyo
2019-12-16,66.80000305175781,67.43000030517578,66.43000030517578,66.97000122070312,19347,65.28658461762025,0.7743780628766928,0.46608672836053555,0.3082913345161572,1.118015770910339,65.06474112161106,64.01560379792701,64.75593864752652,67.5675259412076,61.51347381465177,0.024319425421848395,0.012572144574229132,Tokyo
2019-12-17,66.75,67.06999969482422,66.30000305175781,66.44000244140625,15404,60.82831024115079,0.7860997209653533,0.5300893268814991,0.2560103940838542,1.0931572617786296,65.19571839016298,64.11067825453404,64.77824412824016,67.79001637217249,61.51398371938024,0.007735509386770589,0.012476851904695713,Tokyo
2019-12-18,66.44999694824219,67.18000030517578,66.25,66.73999786376953,13865,62.39371869706102,0.8102562136055127,0.5861227042263019,0.22413350937921084,1.0815031934498547,65.34279262574455,64.21378882744523,64.80422762142598,68.03275835830961,61.60124165694918,0.013054047453029405,0.012057352028085106,Tokyo
2019-12-19,66.73999786376953,67.87999725341797,66.69000244140625,67.58000183105469,16097,66.43811003134454,0.886957415045984,0.6462896463902383,0.24066776865574568,1.0892525947757021,65.55586016910742,64.34579718052795,64.84099284274556,68.28556910469703,61.88243092582055,0.0061039701248486455,0.011106584096059812,Tokyo
2019-12-20,67.58000183105469,68.30999755859375,67.12000274658203,67.95999908447266,18094,68.10898855889909,0.9672563433412762,0.7104829857804459,0.2567733575608303,1.0964484674354176,65.78482578009458,64.48753058852579,64.8823041836956,68.4529475688218,62.32705235488424,0.017365209277252047,0.010826734197459366,Tokyo
2019-12-23,67.97000122070312,68.75,67.56999969482422,68.61000061035156,16399,70.7880214394205,1.0709977183625057,0.7825859322968579,0.28841178606564777,1.1024164558454435,66.05389004964286,64.64919607957778,64.93167764630032,68.88429509246484,62.414705075381846,0.024488567414591156,0.00977961051602712,Tokyo
2019-12-24,68.5,68.7300033569336,68.22000122070312,68.69999694824219,15411,71.1493978313589,1.1472506662779551,0.8555188790930774,0.2917317871848777,1.0601011473015167,66.30590023046184,64.80805101560384,64.98158916023331,69.3227330463441,62.37726657218619,0.03401556929244598,0.009044547028682938,Tokyo
2019-12-26,68.69999694824219,69.33999633789062,68.45999908447266,68.69999694824219,13713,71.14939783135891,1.193918922721366,0.9231988878187352,0.27072003490263086,1.0472365834526918,66.53390944167901,64.96067634629554,65.03083959451158,69.70440591095624,62.37559324981035,0.029367682757099223,0.009069137077876457,Tokyo
2019-12-27,68.75,69.33000183105469,68.5,68.91999816894531,13708,72.12697821471906,1.234426412780465,0.9854443928110812,0.24898201996938374,1.0317198154242628,66.76115598713295,65.1159438687524,65.08235162861003,70.0792463226947,62.40175228875548,0.019828296856820415,0.0090471145618844,Tokyo
2019-12-30,68.94000244140625,69.69000244140625,68.94000244140625,69.55999755859375,17634,74.80186356232693,1.3031495951886853,1.048985433286602,0.25416416190208335,1.0130258480697396,67.02771232727207,65.29022048404029,65.14165819721909,70.50628776805358,62.490710446668096,0.0235432386061738,0.008768975907348334,Tokyo
2019-12-31,69.55999755859375,69.72000122070312,68.80000305175781,69.05000305175781,15411,69.11026455566223,1.301458514248779,1.0994800494790375,0.20197846476974135,1.0063810138465663,67.22031144388976,65.43766293767628,65.19342435423285,70.71723043678287,62.79976823570249,0.006413094847573353,0.008681872269567924,Tokyo
2020-01-02,69.12000274658203,69.73999786376953,69.04000091552734,69.2699966430664,21477,70.1648442410951,1.302851503539884,1.1401543402912069,0.1626971632486771,0.9844964377319678,67.41551955809706,65.5879505339661,65.24741868918429,70.77926675842065,63.35473173095923,0.008296939157852457,0.007860517247933137,Tokyo
2020-01-03,69.01000213623047,69.61000061035156,68.5,69.19999694824219,19512,69.3535014068301,1.2835115450949104,1.1688257812519476,0.1146857638429628,0.9934610214905103,67.58546978572993,65.72959941295731,65.29977071910558,70.70898246098925,64.02801590632033,0.007278020701757759,0.007925012955646906,Tokyo
2020-01-06,69.29000091552734,70.0999984741211,69.29000091552734,70.04000091552734,21680,73.33779055890501,1.3207411072921644,1.199208846459991,0.12153226083217339,0.9867853432325386,67.81923465523444,65.89863476599928,65.36255522501845,70.70799856766457,64.6820000590444,0.01625076576230522,0.008100584221521157,Tokyo
2020-01-07,70.06999969482422,70.25,69.45999908447266,69.83000183105469,14186,70.8576434683995,1.318106323274634,1.2229883418229197,0.09511798145171424,0.9727293126821676,68.01073629102684,66.05280602345243,65.4217267032441,70.81107214104715,65.0619266687673,0.0038816026730521536,0.007033966118793774,Tokyo
2020-01-08,69.69000244140625,70.04000091552734,69.05000305175781,69.95999908447266,18796,71.50017329750938,1.3113910303908085,1.2406688795364975,0.070722150854311,0.9739627806169793,68.1963803665931,66.20602928074734,65.4818362712074,70.90929927575053,65.42169971716939,0.013178797863813818,0.0070232692101075975,Tokyo
2020-01-09,69.95999908447266,70.8499984741211,69.55999755859375,70.69000244140625,22487,74.8531298812686,1.3494190199336202,1.2624189076159222,0.087000112317698,0.9965369331105768,68.43386818324197,66.38187136547907,65.55081860458752,71.15659754463185,65.65040166191112,0.020499579430569792,0.0071119351177452005,Tokyo
2020-01-10,70.5,71.38999938964844,70.3499984741211,71.30999755859375,25520,77.29618185109803,1.413293334252117,1.2925937929431612,0.12069954130895577,0.999641503283203,68.7077852666088,66.57513121618945,65.62709912053462,71.45114899240471,65.89885024465585,0.030491339644562743,0.007130455867610596,Tokyo
2020-01-13,71.30999755859375,71.95999908447266,71.18000030517578,71.52999877929688,19665,78.10889620787736,1.4647813606916174,1.3270313064928525,0.13775005419876485,0.9839527372841796,68.97656750591243,66.76943974807601,65.7052832219752,71.85037351866917,65.93562577942653,0.021273527188649943,0.0061359877995147295,Tokyo
2020-01-14,71.5,71.75,70.9000015258789,71.37999725341797,19646,76.10844864655854,1.4764623837784825,1.3569175219499787,0.11954486182850377,0.9743845756296735,69.20546557710342,66.95024592475609,65.7804449972261,72.10615015805543,66.13784856020628,0.02219669743262087,0.005925554395394301,Tokyo
2020-01-15,71.37999725341797,71.37999725341797,70.0999984741211,70.31999969482422,19480,63.6942002421129,1.3842301905395828,1.3623800556678995,0.021850134871683302,0.9962141616059021,69.31161168355302,67.08239313142543,65.84057154951218,72.13804370461949,66.44095486105434,0.005145806390261409,0.0072011297640895,Tokyo
2020-01-16,70.25,70.37999725341797,69.7300033569336,70.22000122070312,15939,62.655900539780696,1.2882167113992722,1.3475473868141743,-0.05933067541490211,0.9714841426686502,69.39812497280542,67.20543658590691,65.89857724052133,72.01556164877069,66.94143679483282,-0.0066487650936595255,0.0068448987335629485,Tokyo
2020-01-17,70.0,71.37000274658203,69.94999694824219,71.25,20092,68.37448419162934,1.2804770880691763,1.3341333270651747,-0.05365623899599847,1.0035214037880211,69.57449402301442,67.36404691587136,65.96945701217007,72.00713571225592,67.40086294497064,-0.0008413625108379952,0.007331410047526868,Tokyo
2020-01-21,71.25,71.25,69.12000274658203,69.23999786376953,31895,51.72758983898291,1.0994788983754233,1.2872024413272245,-0.18772354295180116,1.0839839644758746,69.54263724594348,67.4376136197105,66.01277543404555,71.87769175565683,67.69630650484123,-0.032014552699673016,0.009915522564540162,Tokyo
2020-01-22,69.0199966430664,71.30000305175781,68.70999908447266,71.12999725341797,32181,61.27490890366753,1.095910707922073,1.2489440946461943,-0.15303338672412137,1.1915568218193948,69.69381438951248,67.5824129778951,66.08055320648758,71.93099909387014,67.95999898352242,-0.003502381754266981,0.011441762157041308,Tokyo
2020-01-23,71.0,71.0,69.80000305175781,70.02999877929688,19121,54.516762261588084,0.9928769401677897,1.1977306637505134,-0.2048537235827237,1.2014452060937348,69.72583195044433,67.67839673481282,66.13286374387579,71.89984782011392,68.1331500741732,-0.004124017587967765,0.011970573707031777,Tokyo
2020-01-24,69.9800033569336,70.25,69.3499984741211,69.4000015258789,16514,51.04440547026518,0.8505814501712052,1.128300821034652,-0.27771937086344667,1.1799135146498188,69.6948004814381,67.74591064818796,66.17613709198179,71.85620970123978,68.246788650811,-0.011677580184696112,0.012179334637878264,Tokyo
2020-01-27,69.25,69.80999755859375,68.0,69.51000213623047,29857,51.62379046975579,0.7381781212256158,1.0502762810728448,-0.312098159847229,1.224919517788671,69.67720063903737,67.81509070654258,66.22029424488575,71.80292474563556,68.38107412521406,-0.02442102264939694,0.012181014079167572,Tokyo
2020-01-28,69.02999877929688,70.5999984741211,69.0199966430664,70.36000061035156,18256,55.96099725284187,0.7095066948166391,0.9821223638216037,-0.2726156690049646,1.250282540164815,69.74222920773396,67.91489109492724,66.27512479277271,71.78615329418298,68.54184582080725,0.01617566119493019,0.01244389210643814,Tokyo
2020-01-29,70.4000015258789,70.91999816894531,69.87000274658203,70.05999755859375,13506,54.11681955076232,0.6550259127911175,0.9167030736155064,-0.26167716082438885,1.2359763174647056,69.77249286019679,67.9990129170318,66.32525555788293,71.78719367270524,68.590805442285,-0.015042875525667188,0.012341188550296305,Tokyo
2020-01-30,70.05999755859375,70.05999755859375,68.54000091552734,69.05000305175781,16499,48.34103139059152,0.5243074942737707,0.8382239577471593,-0.31391646347338864,1.2562634835791129,69.70368430701213,68.04022821643284,66.36134492866273,71.78719367270524,68.590805442285,-0.013993941805247934,0.012676270719849909,Tokyo
2020-01-31,68.95999908447266,69.3499984741211,67.4000015258789,67.5,27610,41.09264534245372,0.29227079763963104,0.7290333257256537,-0.43676252808602267,1.3058158739121897,69.4938096111062,68.01904279618057,66.3764264527864,72.06663801354692,68.13436143713666,-0.027377542998618054,0.013620595532338254,Tokyo
2020-02-03,67.29000091552734,68.05999755859375,66.75,66.83999633789062,29333,38.448967330396044,0.05449507882478599,0.5941256763454802,-0.5396305975206942,1.3061145656751585,69.24106548984757,67.9728056801692,66.38256645126461,72.40622326963162,67.5587761200168,-0.03841182155493228,0.013752927024294766,Tokyo
2020-02-04,66.8499984741211,68.2300033569336,66.8499984741211,67.3499984741211,36866,41.57677690554927,-0.09173353420918318,0.45695383423454755,-0.5486873684437308,1.3121068837728593,69.0609638693022,67.94838186816732,66.39538012044153,72.54179444922946,67.15420469627836,-0.042780018620233284,0.013551901533321677,Tokyo
2020-02-05,67.5999984741211,68.41999816894531,67.31999969482422,67.51000213623047,24834,42.56291997139358,-0.19249089007369946,0.3270648893728981,-0.5195557794465976,1.2969562830834476,68.91325322805727,67.93119050613059,66.41014332594867,72.62173859057009,66.8422605854553,-0.03639730960924781,0.013583365901358634,Tokyo
2020-02-06,67.52999877929688,68.19999694824219,67.51000213623047,67.91000366210938,25014,45.05959863190156,-0.2373292563923286,0.2141860602198528,-0.45151531661218136,1.2536018922926098,68.81770565034795,67.93035964950231,66.43000902576537,72.62854776971723,66.63045186407184,-0.016509765956041034,0.01366891646389744,Tokyo
2020-02-07,67.8499984741211,68.0,67.0999984741211,67.75,27935,44.23136362512829,-0.2825182485607485,0.11484519846373256,-0.397363447024481,1.2283447232630595,68.71601939793386,67.92328672207084,66.44749234992743,72.55010784890443,66.414891540744,0.0037037037037037646,0.013380570163030061,Tokyo
2020-02-10,67.62000274658203,68.36000061035156,67.62000274658203,68.19000244140625,30316,47.11039522947927,-0.27960323856842706,0.03595551105730064,-0.3155587496257277,1.1934628047278075,68.66592254493123,67.93374616204478,66.47057195378808,72.31921482047639,66.3337850574533,0.020197578956932416,0.013293359011700026,Tokyo
2020-02-11,68.0,68.55000305175781,67.88999938964844,68.2300033569336,24289,47.37636774246891,-0.2709420809133576,-0.025424007336831006,-0.24551807357652658,1.1553585802550623,68.6244064317886,67.94536409125611,66.49387568098206,72.00273879119305,66.32026154450031,0.013066145549366803,0.013252489379795859,Tokyo
2020-02-12,68.25,68.79000091552734,67.7699966430664,68.58000183105469,22534,49.757160086401036,-0.2331485083943079,-0.06696890754832638,-0.16617960084598152,1.145690415412625,68.6201774221949,67.97025184575801,66.52150649091679,71.67199936163132,66.3710014318257,0.01584949875523689,0.01335781310711831,Tokyo
2020-02-13,68.56999969482422,68.56999969482422,67.72000122070312,67.75,18205,44.60359098544491,-0.2670921687738428,-0.10699355979342967,-0.16009860898041312,1.1252840007654064,68.53730338198586,67.96161451847338,66.5377779281232,71.52758039585655,66.25842042811806,-0.0023561132893686887,0.013229496287448217,Tokyo
2020-02-14,67.76000213623047,67.93000030517578,67.20999908447266,67.41000366210938,12470,42.65464963547871,-0.3177646342730185,-0.14914777468934745,-0.16861685958367104,1.0963352307609577,68.4299415039024,67.9399827201846,66.54933058685151,71.38881971583642,66.11618135227882,-0.005018396131226899,0.01324778838691822,Tokyo
2020-02-18,67.94000244140625,68.91000366210938,67.83000183105469,67.87000274658203,10513,46.08698694233322,-0.31714895082558314,-0.1827480099165946,-0.13440094090898855,1.1251684285637464,68.37661400320522,67.9372384074943,66.56682293333802,70.96692717980426,66.20007416296917,-0.00469276555751974,0.012843339081384918,Tokyo
2020-02-19,67.94000244140625,69.02999877929688,67.94000244140625,68.4800033569336,9243,50.33242665156377,-0.26439132734640225,-0.19907667340255614,-0.06531465394384611,1.1276561145745392,68.38646060832221,67.95852330747232,66.59216307139889,70.90900738097771,66.18199451111214,0.0036640772050409165,0.01148743971878873,Tokyo
2020-02-20,68.4000015258789,68.80000305175781,67.7300033569336,68.75,7816,52.12927672290676,-0.198505806628404,-0.19896250004772573,0.00045669341932172425,1.1235377988780877,68.42108340752962,67.98956160914008,66.62074369296977,70.45852118412313,66.39448098262491,0.0024788300438385313,0.009585293771738402,Tokyo
2020-02-21,68.75,68.98999786376953,68.0,68.93000030517578,3750,53.3411915625823,-0.1302649235261697,-0.18522298474341453,0.054958061217244836,1.1139992320846193,68.46955168349592,68.02644155800422,66.65132987326389,70.27634588604614,66.4666564332898,0.01741697867418135,0.009046626223339098,Tokyo
2020-02-24,67.93000030517578,67.93000030517578,65.9000015258789,67.52999877929688,112,44.00900141075104,-0.1869963770230072,-0.18557766319933308,-0.001418713823674117,1.2508563425997805,68.38007045452458,68.00697321374119,66.6629678720193,70.15363573817372,66.40236630650402,0.0017800787816149022,0.009919688065606955,Tokyo
2020-02-25,67.05000305175781,67.05000305175781,67.05000305175781,66.33000183105469,3,37.88998502750697,-0.32503933643702965,-0.2134699978468724,-0.11156933859015725,1.1957948700954433,68.18482582371793,67.94120963010643,66.65855772578135,70.09153774128433,66.14646427287582,-0.02269045017247917,0.01055369085950208,Tokyo
2020-02-26,65.68000030517578,65.7300033569336,65.66000366210938,65.55000305175781,26,34.52931036956045,-0.4917106250792358,-0.26911812329334506,-0.22259250178589074,1.158237962870434,67.93389032162649,67.84743682311236,66.6438748824168,69.87337075918063,65.88363149912016,-0.04278621731228516,0.010175713386009033,Tokyo
2020-02-27,65.25,64.37999725341797,64.37999725341797,62.599998474121094,8,25.36576627294332,-0.8520180041394099,-0.38569809946255806,-0.4663199046768518,1.1590785225468203,67.42590062186407,67.64165492707349,66.59031360548572,70.37911002954394,64.63189232030959,-0.08945456764914772,0.013929227692513018,Tokyo
2020-02-28,61.95000076293945,61.95000076293945,60.70000076293945,61.59000015258789,4,23.104959589696236,-1.2051701700309252,-0.5495925135762315,-0.6555776564546937,1.2120013217350218,66.8701005771711,67.40433513199562,66.52408428822879,70.9451894424118,63.31981261752473,-0.10648484143466264,0.013993160504399065,Tokyo
2020-03-02,62.97999954223633,62.97999954223633,62.97999954223633,63.47999954223633,1,34.8134095284732,-1.3173530248169243,-0.7031446158243702,-0.6142084089925541,1.2247154694431228,66.54723381193922,67.25043961867173,66.48376528497062,71.07235034432067,62.790651669839484,-0.05997333496623991,0.015531907498785785,Tokyo
2020-03-03,62.75,62.75,62.75,62.75,0,32.73981920312366,-1.4484665864964086,-0.8522090099587779,-0.5962575765376307,1.1893786174997805,66.18559249651643,67.07395179048854,66.43431144013658,71.27120934715163,62.18279303321946,-0.053972587550549234,0.015576560310362149,Tokyo
2020-03-04,62.959999084472656,62.959999084472656,62.959999084472656,62.959999084472656,0,33.958452766886666,-1.5179320815124697,-0.9853536242695163,-0.5325784572429534,1.1194229365692716,65.87839312394084,66.91262031182126,66.38829405794236,71.33996286740089,61.67503957400536,-0.03951188171936637,0.015450312930487146,Tokyo
2020-03-05,63.689998626708984,63.689998626708984,63.689998626708984,63.529998779296875,1,37.280164356403674,-1.5095881822198436,-1.0902005358595819,-0.4193876463602617,1.0916069798312042,65.65473651968904,66.77996848701639,66.35043584233117,71.29255452492762,61.324447580785254,0.014856235269083085,0.015650252721200065,Tokyo
2020-03-06,62.970001220703125,62.970001220703125,62.970001220703125,62.970001220703125,0,35.396509564693574,-1.5305198249727567,-1.178264393682217,-0.3522554312905397,1.0536348783142433,65.39904744359514,66.6305580059845,66.30566187383279,71.1986583902336,60.924343471338666,0.022406252065210408,0.015553942433237216,Tokyo
2020-03-09,61.38999938964844,61.38999938964844,61.38999938964844,61.38999938964844,30022,30.685510771186614,-1.6555174709177578,-1.2737150091293252,-0.3818024617884326,1.0912325177957036,65.01723334321926,66.42504590338308,66.2405537614595,71.21695365984843,60.27004814068869,-0.032923758154681626,0.016280568729062053,Tokyo
2020-03-10,62.25,62.90999984741211,61.0099983215332,61.40999984741211,19931,30.811043325287926,-1.732988325430071,-1.3655696723894746,-0.3674186530405965,1.1490017326587896,64.67368729599953,66.2283774305999,66.17657291491582,71.07620698567057,59.732794555467116,-0.02135458410498625,0.016111108386036573,Tokyo
2020-03-11,61.40999984741211,61.939998626708984,61.310001373291016,61.54999923706055,14480,31.742904106790363,-1.7627676666808014,-1.44500927124774,-0.3177583954330614,1.111929984141588,64.37619319514819,66.04491161908855,66.11529379335484,70.82772556422285,59.31327556492756,-0.02239516943957276,0.016147662579913482,Tokyo
2020-03-12,61.599998474121094,61.599998474121094,59.349998474121094,59.70000076293945,34718,26.637425981865093,-1.9135887648364047,-1.538725169965473,-0.3748635948709318,1.1932206995600458,63.930841534937834,65.79609158551408,66.03032302474007,70.60936616129072,58.64363486104816,-0.060286448763564926,0.016903289343543917,Tokyo
2020-03-13,59.349998474121094,61.90999984741211,58.56999969482422,60.4900016784668,31028,31.690024603788302,-1.9469261474537305,-1.6203653654631245,-0.326560781990606,1.346562089062035,63.60314250098821,65.58800962837496,65.95694128505433,70.3288244914199,58.19817669876567,-0.03938382553851627,0.0174300673538546,Tokyo
2020-03-16,59.400001525878906,59.720001220703125,58.099998474121094,58.79999923706055,25832,27.35043295346209,-2.0856729964261618,-1.713426891655732,-0.37224610477042974,1.4210935972965826,63.14570028537605,65.32181314244106,65.86214735064381,70.17395311768516,57.49204762999551,-0.04218928454696513,0.01814946215406674,Tokyo
2020-03-17,58.7599983215332,59.66999816894531,57.86000061035156,57.91999816894531,19127,25.399960252723588,-2.2408089547992205,-1.8189033042844298,-0.4219056505147907,1.4488724516749516,62.648014369525505,65.03154588857848,65.75695332174715,69.90019944758846,56.77080084232852,-0.05683116246765252,0.017942684748471497,Tokyo
2020-03-18,57.959999084472656,58.59000015258789,55.650001525878906,56.63999938964844,28005,22.847677581945703,-2.438926101675868,-1.9429078637627175,-0.4960182379131506,1.5553814641773827,62.07582246668007,64.70246563371848,65.63619896503062,69.48780901432843,55.99919087886004,-0.07977254115798094,0.017757293999764605,Tokyo
2020-03-19,56.29999923706055,56.95000076293945,53.63999938964844,54.93000030517578,27427,19.96186655520914,-2.702762242273046,-2.094878739464783,-0.6078835028082628,1.6807114576854993,61.39526797510824,64.31923169926583,65.49439500927096,69.03337929090091,55.07162063280515,-0.0798995041340903,0.01806268656553061,Tokyo
2020-03-20,55.31999969482422,56.349998474121094,53.20000076293945,53.68000030517578,22807,18.156532567085748,-2.978385859638095,-2.2715801634994457,-0.7068056961386495,1.7856604757923666,60.66048057797182,63.90200693871328,65.3379129602101,68.43733404726899,54.142665876437064,-0.11258061141226972,0.017938304974988883,Tokyo
2020-03-23,52.77000045776367,52.900001525878906,50.68000030517578,52.150001525878906,30377,16.222594834909074,-3.2824397546727084,-2.4737520817340983,-0.8086876729386101,1.8723990132357688,59.84995876348678,63.441143981347224,65.1632386365766,68.1357447560996,52.90625544226467,-0.11309520063718426,0.018231675388039853,Tokyo
2020-03-24,52.040000915527344,54.869998931884766,51.15999984741211,52.88999938964844,23556,20.62622343067163,-3.424220728833056,-2.66384581115389,-0.7603749176791661,2.0036561611812607,59.18710548978789,63.02737360520218,65.00067917635238,67.6744857946119,52.023514159611736,-0.08684390432169908,0.01915150511409093,Tokyo
2020-03-25,53.189998626708984,54.279998779296875,52.220001220703125,53.439998626708984,15522,23.830862483132577,-3.4524056471836815,-2.821557778359849,-0.6308478688238326,2.0076805467107244,58.639761979018466,62.6513981158495,64.84755757966836,67.0856642828265,51.40133522889225,-0.056497189220031774,0.019752978584003135,Tokyo
2020-03-26,53.439998626708984,54.0099983215332,52.5,52.779998779296875,11744,22.649127778610023,-3.4877937545489885,-2.954804973597677,-0.5329887809513116,1.9721318163409014,58.0816892933307,62.26428441637685,64.6877223637694,66.93221766293496,50.572781879301374,-0.03914075211968138,0.01788507077899139,Tokyo
2020-03-27,52.779998779296875,53.31999969482422,51.150001525878906,51.33000183105469,14026,20.270862019534377,-3.5914418145434297,-3.082132341786828,-0.5093094727566019,1.9862651272412164,57.438671439780606,61.83548902087402,64.51079891300496,66.94026408921408,49.53873562086892,-0.0437779146937618,0.018331122214365867,Tokyo
2020-03-30,51.04999923706055,51.130001068115234,48.79999923706055,50.70000076293945,18721,19.321548404633205,-3.681975943168837,-3.20210106206323,-0.47987488110560683,2.025103517723568,56.79689328008145,61.39880320683738,64.32787443419615,66.55424606388354,48.646753768269775,-0.027804424170915998,0.01582313508156378,Tokyo
2020-03-31,50.5,51.72999954223633,49.459999084472656,51.130001068115234,15783,22.006330286989296,-3.676645382070241,-3.297009926064632,-0.3796354560056088,2.042596156297861,56.25718925989419,60.99610508375024,64.15306816444674,66.07377192830216,47.96522801066269,-0.03327658048484805,0.016422781613755967,Tokyo
2020-04-01,50.97999954223633,51.25,48.349998474121094,48.40999984741211,19089,17.939570552784204,-3.8475500782220706,-3.40711795649612,-0.4404321217259506,2.103839396982221,55.509837887276845,60.50253232938404,63.94455070329396,65.66893792182897,46.91506209342983,-0.09412423107329404,0.018842038967771944,Tokyo
2020-04-02,48.95000076293945,51.47999954223633,48.58000183105469,49.9900016784668,20779,26.443069472211363,-3.8115630122942576,-3.488006967655748,-0.32355604463850973,2.1728508468280783,54.984139200723504,60.0902762254265,63.75972223938897,64.74347570087727,46.48652460429851,-0.05286087846452292,0.02087070899975164,Tokyo
2020-04-03,49.970001220703125,51.13999938964844,49.66999816894531,50.97999954223633,13730,31.250311219419615,-3.6609572135339263,-3.5225970168313836,-0.13836019670254274,2.122647302104867,54.60279256658187,59.73301047314454,63.59045438909556,63.672863781325304,46.3581363560038,-0.006818668933041172,0.022033545182309124,Tokyo
2020-04-06,50.880001068115234,53.86000061035156,49.310001373291016,53.04999923706055,34088,40.0697183321495,-3.336112726444739,-3.485300158754055,0.14918743230931586,2.29602958317313,54.45490748757984,59.470931601141245,63.45084571158517,62.75181281949109,46.445187302579214,0.046351054018896276,0.024416670119573533,Tokyo
2020-04-07,53.41999816894531,53.58000183105469,52.36000061035156,52.900001525878906,24014,39.67256521924296,-3.0555521881478143,-3.399350564632807,0.34379837648499256,2.219170414425273,54.30682120551308,59.213248068778014,63.31109943097979,61.69322945017166,46.65277083974533,0.03461764953624158,0.02437493894372261,Tokyo
2020-04-08,52.709999084472656,54.130001068115234,52.189998626708984,53.84000015258789,23953,43.45493234021924,-2.7259330476005346,-3.2646670612263526,0.5387340136258181,2.199229844923914,54.26236205761544,59.002532464221545,63.18565440742493,60.45792747776828,47.11707290370144,0.11216691432123715,0.024932189710635846,Tokyo
2020-04-09,53.630001068115234,54.5,53.06999969482422,54.369998931884766,18492,45.52864846888213,-2.394340564235243,-3.0906017618281307,0.6962611975928876,2.144284877799047,54.272613188498234,58.820864482561284,63.06889075874228,59.596153061540875,47.44584713682339,0.08761746562022332,0.024530925467884192,Tokyo
2020-04-13,54.33000183105469,54.54999923706055,52.349998474121094,52.7599983215332,16617,40.65148966290177,-2.2356930483020463,-2.919620019122914,0.6839269708208677,2.1482645838805046,54.128554629739654,58.583183456638615,62.93234913705739,58.25072880156823,48.018271061102666,0.034915629566103945,0.024779988737460488,Tokyo
2020-04-14,52.7599983215332,53.06999969482422,52.349998474121094,52.5099983215332,12622,39.93609388190747,-2.1058615979463866,-2.756868334887609,0.6510067369412225,2.046245772224977,53.97440640991047,58.34501933369331,62.794304755394826,57.188522557716304,48.451477213401866,-0.010179093747283208,0.02425868919230421,Tokyo
2020-04-15,52.63999938964844,53.189998626708984,51.90999984741211,52.75,14095,41.00937104844163,-1.960997944850483,-2.5976942568801844,0.6366963120297013,1.9915138441586842,53.857796275633284,58.125606810803376,62.661267606316756,56.21223681813904,48.91076313608459,-0.002835567515164006,0.024254702986621083,Tokyo
2020-04-16,52.709999084472656,53.380001068115234,52.099998474121094,52.790000915527344,4447,41.19796640669458,-1.8219622695925182,-2.4425478594226515,0.6205855898301333,1.9406916120040738,53.756101479432715,57.91636736392981,62.53052235213411,55.480417342573126,49.2575827642384,-0.01950221460038526,0.023916559862806035,Tokyo
2020-04-17,53.5,53.7599983215332,52.650001525878906,52.77000045776367,3080,41.12716670103291,-1.693863560313531,-2.2928109996008272,0.5989474392872962,1.8813562679790898,53.662187096416616,57.71454905388408,62.40124391644709,55.13934598287812,49.38265413919219,-0.029427965892101393,0.0230510836049591,Tokyo
2020-04-20,52.77000045776367,54.27000045776367,52.5099983215332,54.029998779296875,4548,47.2745549360178,-1.4736853486442882,-2.1289858694095196,0.6553005207652314,1.872688115711331,53.69721678050045,57.57005688625321,62.290366497411995,55.197145209147074,49.359854760335345,0.02407127555281474,0.0231709542753493,Tokyo
2020-04-21,54.099998474121094,54.099998474121094,52.0,53.310001373291016,3470,44.42023775394364,-1.3418226072327357,-1.971553216974163,0.6297306097414272,1.8889245698834571,53.660339122670976,57.40299588574489,62.17142126397993,55.29028543493761,49.38271451928602,0.0152352519011556,0.022387384592234758,Tokyo
2020-04-22,52.72999954223633,56.310001373291016,52.29999923706055,56.279998779296875,3175,56.174843775112684,-0.9862970468758334,-1.7745019829544972,0.7882049360786638,2.040430110336815,53.90983051854011,57.35895678353125,62.09338917809009,55.943050301696545,49.06894959149193,0.0669194081383293,0.025230195705264143,Tokyo
2020-04-23,56.540000915527344,57.95000076293945,56.0099983215332,56.880001068115234,2374,58.102633406309394,-0.6486480970964479,-1.5493312057828874,0.9006831086864395,2.033256705413203,54.192703904213936,57.34017420645611,62.024337679944736,56.61917537742811,48.736824759901,0.0774767963943126,0.02523417867695859,Tokyo
2020-04-24,56.25,56.599998474121094,54.630001068115234,54.93000030517578,59,50.35072777751038,-0.532271936938578,-1.3459193520140256,0.8136474150754476,2.04873836931226,54.262922609067445,57.2456575828765,61.930372946504086,56.85363237819329,48.717367911723706,0.040932344678316746,0.02643349243900424,Tokyo
2020-04-27,53.93000030517578,53.93000030517578,53.93000030517578,53.93000030517578,0,46.8953736517146,-0.5148003363939324,-1.179695548890007,0.6648952124960745,1.9738284857899557,54.231215722982526,57.115631807280394,61.82440774595669,56.95385512826985,48.87714500905925,-0.0018507954169972862,0.02595040472385073,Tokyo
2020-04-28,57.77000045776367,57.77000045776367,57.77000045776367,56.18000030517578,1,54.46686701543476,-0.3157579104812456,-1.0069080212082546,0.691150110727009,2.1071264619898082,54.41681425461998,57.07894037582531,61.74964738250264,57.337079807052746,49.041920284499994,0.05383603185053887,0.027056074473869107,Tokyo
2020-04-29,57.83000183105469,57.83000183105469,57.83000183105469,58.02000045776367,3,59.54642705872491,-0.009433970195281915,-0.8074132110056601,0.7979792408103782,2.0744746808390295,54.75997484539557,57.11584469276408,61.70024808548623,58.08615574572476,48.98184428479282,0.030916874843765596,0.027723715779061825,Tokyo
2020-04-30,58.060001373291016,58.060001373291016,58.060001373291016,58.060001373291016,0,59.65180735278367,0.23386188477390846,-0.5991581918497465,0.833020076623655,1.929155126173909,55.07426308614752,57.15287044494161,61.652032897245235,58.32080057567851,49.71219960742696,0.02074543394896744,0.023800399197550882,Tokyo
2020-05-01,56.560001373291016,56.560001373291016,56.560001373291016,56.560001373291016,0,53.973852327350144,0.30215508300020844,-0.41889553687975556,0.721050619879964,1.8985011885900585,55.215761970637374,57.129620677425905,61.584588771100144,58.34767621065942,50.34232394192846,0.029674149991979037,0.02439374906700602,Tokyo
2020-05-04,55.0,55.0,55.0,55.0,0,48.77417191690579,0.2277732332226634,-0.2895617828592718,0.5173350160819352,1.8743226303544125,55.19521321152906,57.04610614105626,61.497375674794185,58.228090559369626,50.863909638994635,0.019840528254577494,0.025316990291414803,Tokyo
2020-05-05,54.060001373291016,54.060001373291016,52.150001525878906,53.90999984741211,4,45.47749752111967,0.0799495697064998,-0.21565951234611752,0.2956090820526173,1.9440137620520326,55.07281193875602,56.9231215805212,61.396880630722904,58.21722286220173,50.96077739719768,-0.040405846305318405,0.0243544988985635,Tokyo
2020-05-06,54.83000183105469,54.83000183105469,54.83000183105469,54.83000183105469,13765,48.63333348762441,0.036612674539028944,-0.16520507496908823,0.20181774950811718,1.8708700635942144,55.04968716659398,56.841038453091144,61.309902103574984,58.22618462863529,51.144815661281704,-0.05498101691728152,0.024598606741997046,Tokyo
2020-05-07,54.599998474121094,56.45000076293945,54.41999816894531,55.38999938964844,14437,50.511045450892794,0.04691419810432507,-0.12278122035440557,0.16969541845873065,1.8822366729084947,55.082097854503935,56.784134960407115,61.23149279610576,58.293601531004434,51.232398682618616,-0.045986943170670425,0.024401997113753952,Tokyo
2020-05-08,55.38999938964844,57.04999923706055,55.38999938964844,56.27000045776367,12673,53.39420865099419,0.12465007301960895,-0.07329496167960267,0.19794503469921162,1.8663626139444673,55.195231435766765,56.763972823048555,61.1657776657966,58.445861159195076,51.27013920701586,-0.005127314506471858,0.024545848184733404,Tokyo
2020-05-11,55.75,57.150001525878906,55.75,56.630001068115234,10207,54.56047946625238,0.21285173227734333,-0.01606562288821347,0.2289173551655568,1.83305110765407,55.331876162657096,56.758719028737445,61.10570115456903,58.57988371603586,51.52311692483328,0.029636383056640625,0.02338808914759864,Tokyo
2020-05-12,56.560001373291016,58.59000015258789,56.0,58.34000015258789,19223,59.71702000425092,0.41594011897820593,0.07033552548507041,0.34560459349313555,1.8871188965779147,55.618364161698125,56.82073005320217,61.06906935321829,58.949737594811346,51.736263229163264,0.08217399958661731,0.024008539160231324,Tokyo
2020-05-13,58.29999923706055,58.43000030517578,56.959999084472656,57.459999084472656,18961,56.18351579142591,0.5001153781223593,0.1562914960125282,0.34382388210983106,1.8573247768725725,55.79375796386713,56.845799426977486,61.02126709800312,59.08606977287809,52.07093095954379,0.0479663900344498,0.024441673576474546,Tokyo
2020-05-14,57.66999816894531,58.22999954223633,56.79999923706055,57.849998474121094,9917,57.38693157933489,0.5914763971032997,0.2433284762306825,0.3481479208726172,1.8268016003228016,55.98959039341513,56.885179781767434,60.97926354007092,59.22012675150379,52.442873736777464,0.04441233276006118,0.024433068273368067,Tokyo
2020-05-15,57.849998474121094,58.86000061035156,57.349998474121094,58.25,12545,58.64158694395803,0.6882240248980409,0.3323075859641542,0.3559164389338867,1.8041730671733491,56.20486749880416,56.93870214326675,60.94311435410972,59.334255595219744,52.87674484728514,0.035187480471455146,0.024409529103506317,Tokyo
2020-05-18,58.400001525878906,58.959999084472656,57.400001525878906,57.79999923706055,11952,56.621817796881764,0.7202829427945048,0.40990265733022435,0.3103802854642804,1.7867319594176636,56.35678480720953,56.97247849988612,60.90148369030774,59.45198316182459,53.13601732645666,0.0206603946120012,0.02415371578368829,Tokyo
2020-05-19,57.9900016784668,59.4900016784668,57.91999816894531,59.20000076293945,14707,61.109661142345615,0.8488730093898269,0.4976967277421449,0.351176281647682,1.779822708131134,56.62756727918381,57.059832314123504,60.87894749259426,59.67248436363863,53.50451606360747,0.014741182860854352,0.02423110800730071,Tokyo
2020-05-20,59.38999938964844,59.849998474121094,58.099998474121094,58.209999084472656,14289,56.64660517243985,0.8609719532048743,0.5703517728346907,0.29062018037018356,1.7776925146931957,56.778275070163694,57.104936893352885,60.84359718255292,59.84810636460007,53.521894093163596,0.01305255850939746,0.02175604177246228,Tokyo
2020-05-21,58.150001525878906,58.70000076293945,57.31999969482422,58.060001373291016,15732,55.97951434553212,0.8486739071172238,0.6260161996911974,0.22265770742602642,1.7492859827947698,56.90034424189011,57.14239040237007,60.8067283638872,59.965894907597345,53.5221055806839,0.003630127998427879,0.02167116194444141,Tokyo
2020-05-22,58.06999969482422,58.209999084472656,57.060001373291016,57.61000061035156,0,53.92770810805932,0.7934696915477772,0.6595068980625134,0.13396279348526385,1.7064796776795463,56.96793056269596,57.16072805758503,60.76438759893971,60.003720911644145,53.752279607154684,-0.01098711398538088,0.020097658356708986,Tokyo
2020-05-26,57.79999923706055,59.45000076293945,57.65999984741211,58.22999954223633,11820,56.30405962984373,0.7906347401089846,0.6857324664718076,0.10490227363717697,1.7160168544587138,57.08812760836648,57.2026602726694,60.73081954520854,59.9444380576,54.241562384904874,0.007439451744837955,0.01956183488129909,Tokyo
2020-05-27,58.459999084472656,58.599998474121094,57.619998931884766,58.34000015258789,9822,56.730483732321765,0.7881785192649318,0.7062216770304326,0.08195684223449917,1.663444189299972,57.20735356495899,57.24726183658777,60.699153063187076,60.07040228792679,54.331598139319304,-0.014527037149802635,0.01751181658387318,Tokyo
2020-05-28,58.4900016784668,58.540000915527344,57.529998779296875,57.56999969482422,8639,52.842999112451885,0.7158475003858484,0.7081468417015158,0.007700658684332673,1.6167697569378645,57.24189129161282,57.259918223185274,60.65770732320877,60.027849073843456,54.32915127710869,-0.01099466414214656,0.01627509738631043,Tokyo
2020-05-29,57.5,57.72999954223633,56.560001373291016,57.59000015258789,16745,52.93321859535009,0.6526155705399646,0.6970405874692055,-0.044425016929240946,1.5848575006526822,57.275044516467595,57.27286261257362,60.61707544015419,59.98139790553085,54.328602323350985,-0.008095094894698618,0.01627408459017374,Tokyo
2020-06-01,57.59000015258789,60.38999938964844,57.2599983215332,60.060001373291016,32114,62.480033705084985,0.7926748046992529,0.7161674309152151,0.07650737378403782,1.6952248983285787,57.54027850283173,57.38216217181744,60.60969697569242,60.42219742757648,54.237802801305364,0.04252735179626477,0.017671842417950175,Tokyo
2020-06-02,60.29999923706055,61.150001525878906,60.0,60.369998931884766,20390,63.48120017517299,0.9181036417808315,0.7565546730883383,0.16154896869249313,1.6562803717250307,57.80977568655106,57.49933224083969,60.606522167165174,60.77037806729476,54.42662205477555,0.03675080553789489,0.01609863428433203,Tokyo
2020-06-03,60.369998931884766,60.72999954223633,59.84000015258789,60.47999954223633,10644,63.84981759460468,1.01468635608326,0.8081810096873228,0.2065053463959372,1.6015460158624168,58.06408272042585,57.61622115461995,60.6048463708085,60.8408005499502,55.01319954160253,0.03668151155384436,0.015042918606324633,Tokyo
2020-06-04,60.16999816894531,60.43000030517578,59.65999984741211,60.0,13450,60.95832048314953,1.0405026347904354,0.8546453347079453,0.18585730008249002,1.5457212786454029,58.24845579467101,57.70970267796819,60.59683516059912,60.84901940515068,55.52198050329658,0.04220948963100746,0.015099495251600838,Tokyo
2020-06-05,59.88999938964844,62.31999969482422,59.75,61.790000915527344,26742,66.96617115404797,1.1916635799188526,0.9220489837501269,0.26961459616872574,1.6188840226581753,58.58574580618114,57.86971437355874,60.61263868053195,61.28995681994543,55.72104324108973,0.07292934106288107,0.01606074247924546,Tokyo
2020-06-08,62.15999984741211,62.15999984741211,60.58000183105469,60.810001373291016,15193,61.39577095532716,1.2183377064374383,0.9813067282875892,0.23703097814984908,1.6161064507795502,58.79757966971541,57.985019746097265,60.61525275593274,61.48970636036296,55.97529379222493,0.012487512201981632,0.016551190730885124,Tokyo
2020-06-09,60.86000061035156,61.33000183105469,60.209999084472656,60.52000045776367,14910,59.81027581994961,1.202218072055949,1.0254889970412613,0.1767290750146877,1.5806704719082987,58.961619744767624,58.08443075439791,60.61399113608944,61.60747276972133,56.2465273218314,0.002484703139520539,0.01665031819092391,Tokyo
2020-06-10,60.599998474121094,60.70000076293945,59.810001373291016,60.5099983215332,13805,59.75296139089557,1.1750903468206673,1.0554092669971424,0.11968107982352483,1.5313368231754516,59.10908437112625,58.179551051148316,60.61261374781718,61.790564445851906,56.28043546259536,0.0004960115662024922,0.015451863548075814,Tokyo
2020-06-11,60.20000076293945,60.5099983215332,59.349998474121094,60.02000045776367,21245,56.877454443865645,1.1013569393775526,1.0645988014732246,0.036758137904328025,1.50481275347807,59.19583828413934,58.251725537682255,60.604764565167464,61.847317593605034,56.47968245217134,0.0003333409627279682,0.015119231746275521,Tokyo
2020-06-12,60.02000045776367,60.380001068115234,59.47999954223633,59.84000015258789,10003,55.81485754070354,1.0166785252770083,1.0550147462339814,-0.03833622095697309,1.4616119515067012,59.25718703351539,58.314010816698165,60.594635235199526,61.888704036450456,56.637296177172594,-0.03155851649209851,0.015121095130175545,Tokyo
2020-06-15,59.79999923706055,59.79999923706055,58.689998626708984,59.0099983215332,9617,51.07637830359892,0.8725379861080924,1.0185193942088038,-0.14598140810071136,1.4393540639618587,59.233645251421855,58.34130444433875,60.573646666806596,61.88666846597958,56.71533157979678,-0.029600444188583874,0.01545911762866448,Tokyo
2020-06-16,59.400001525878906,60.380001068115234,59.150001525878906,60.06999969482422,5735,56.191538334170524,0.8342224255276491,0.981660000472573,-0.14743757494492382,1.4344003984347282,59.313298055555414,58.40909641494603,60.566975845985645,61.920816201582696,56.90818388997003,-0.007435571043220679,0.015780954908350187,Tokyo
2020-06-17,60.060001373291016,61.36000061035156,59.90999984741211,61.34000015258789,4804,61.398949636342074,0.8960068812417532,0.964529376626409,-0.06852249538465582,1.4355147101850656,59.50631730289184,58.524033816422175,60.577214578523424,62.168057224587045,56.87494280593053,0.01371677167538965,0.015572942069084385,Tokyo
2020-06-18,61.380001068115234,61.72999954223633,60.849998474121094,61.16999816894531,4449,60.36456807473029,0.9206411896589017,0.9557517392329076,-0.035110549574005834,1.395835164322935,59.664763099658835,58.627797124364264,60.58506601680716,62.338215047170465,57.00078489179438,0.019160241626304142,0.014993247106704702,Tokyo
2020-06-19,61.029998779296875,62.0,61.029998779296875,61.560001373291016,2857,61.94833883038903,0.9605613029858517,0.9567136519834964,0.00384765100235529,1.365418454064377,59.8452619828619,58.74278552628296,60.59797906788642,62.52780902693523,57.16119091202961,0.02874333583417843,0.014967638509326076,Tokyo
2020-06-22,61.5,62.849998474121094,61.150001525878906,62.52000045776367,3598,65.59289147912142,1.0574723010434113,0.9768653817954794,0.08060691924793184,1.3893169179342206,60.09999898047159,58.8909116020273,60.62343630483844,62.810704637071886,57.36929528663416,0.05948148171611867,0.014995296724236872,Tokyo
2020-06-23,62.52000045776367,63.13999938964844,61.75,63.040000915527344,5025,67.41353709811378,1.1628302727785567,1.014058359992095,0.14877191278646174,1.3893656659138076,60.37999916476261,59.05362098687044,60.65544378312572,63.20495044284828,57.456049618186874,0.049442337869014974,0.014948777743433988,Tokyo
2020-06-24,63.040000915527344,63.040000915527344,61.79999923706055,61.65999984741211,190,58.557841445053725,1.1220385098977204,1.03565438997322,0.08638411992450035,1.3786968096675927,60.50190399168161,59.15583192257796,60.66874916146064,63.26858149321028,57.7244185373073,0.0052168192701043115,0.01604928295869523,Tokyo
2020-06-25,61.5,61.79999923706055,61.5,61.810001373291016,248,59.18545379071587,1.0892583215580842,1.046375176290193,0.042883145267891276,1.3016469830528037,60.626484694692024,59.25991699907651,60.68386508479614,63.169268941478926,58.24773125688534,0.010462697784918706,0.01560035684763163,Tokyo
2020-06-26,61.5,61.5,60.099998474121094,60.54999923706055,134,52.05421037490671,0.9506496466461627,1.0272300703613868,-0.07658042371522411,1.3308152627754548,60.619200365393795,59.31050845938961,60.68209202721024,62.836668654928644,58.876331451882876,-0.01640679197042183,0.016503609394394877,Tokyo
2020-06-29,60.099998474121094,60.099998474121094,59.130001068115234,59.619998931884766,79,47.50452129978789,0.7570314337336654,0.9731903430358425,-0.21615890930217707,1.337185470359016,60.52403832410722,59.32264534066393,60.66802456899401,62.86115994220358,58.80783992046732,-0.04638518081646603,0.014093488354378493,Tokyo
2020-06-30,60.97999954223633,60.97999954223633,60.97999954223633,60.97999954223633,37,53.85608926055119,0.705199191009946,0.9195921126306632,-0.21439292162071721,1.3388151232156265,60.56746320202427,59.38763962307854,60.672156687844904,62.880556315471054,58.849443608235006,-0.03267768628448131,0.014962707017928423,Tokyo
2020-07-01,62.58000183105469,62.58000183105469,62.58000183105469,62.58000183105469,0,59.989465251725434,0.7841889362345924,0.8925114773514491,-0.10832254111685669,1.3574713493301072,60.759133547646215,59.51283029790113,60.6974261599404,63.11570451598914,58.82429563659875,0.014920564156978289,0.016006671854211153,Tokyo
2020-07-02,63.04999923706055,63.04999923706055,63.04999923706055,63.04999923706055,0,61.60394048394595,0.8746315332716392,0.8889354885354872,-0.014303955263847978,1.2940803533783751,60.97731123235234,59.651542805319146,60.72858606824663,63.4069830463654,58.83801702992855,0.020061443718157657,0.015887561171491947,Tokyo
2020-07-06,63.06999969482422,63.06999969482422,63.06999969482422,63.06999969482422,0,61.6748117980144,0.9371192850365517,0.8985722478357001,0.03854703720085162,1.2030746465487534,61.17661489544491,59.785599938240914,60.759598169260904,63.61678586318361,58.75621409104002,0.041618505194319866,0.014570519951234942,Tokyo
2020-07-07,63.2400016784668,63.2400016784668,63.2400016784668,63.2400016784668,0,62.3115931622658,0.9889589150570544,0.916649581279971,0.07230933377708337,1.1292837420554551,61.37312792239937,59.921066673151735,60.79245119587291,63.8968322035106,58.71916778123061,0.06071792706198886,0.014010539729720694,Tokyo
2020-07-08,64.87000274658203,64.87999725341797,64.87000274658203,64.66000366210938,43,67.21208327962643,1.1315803342519288,0.9596357318743626,0.17194460237756626,1.1657631586908634,61.68616370713366,60.106907339385366,60.84367705635286,64.47411638059725,58.555883924578524,0.06034772298291302,0.014613804671135672,Tokyo
2020-07-09,64.01000213623047,64.01000213623047,62.099998474121094,63.34000015258789,34,59.47090445473301,1.125125834750456,0.9927337524495813,0.13239208230087474,1.2653518750692503,61.84367194003406,60.23369529284429,60.8767409384222,64.68315039320726,58.62985009507399,0.012144427920998568,0.015555590477912013,Tokyo
2020-07-10,64.94000244140625,64.94000244140625,64.41999816894531,64.70999908447266,15,64.0932807301212,1.2165346079438066,1.0374939235484264,0.17904068439538023,1.2892554760513295,62.11665547759964,60.40923661800618,60.92751256949572,65.10474768804853,58.67725266290361,0.026328308762870956,0.0159122134565123,Tokyo
2020-07-13,63.75,63.75,63.75,63.75,0,59.01414545396773,1.1977064023345818,1.0695364193056576,0.12816998302892424,1.2657371623671385,62.27221209878063,60.540246946711825,60.96489650897259,65.25023202212867,58.92276831356469,0.01078167604988245,0.016396205599453036,Tokyo
2020-07-14,63.060001373291016,63.060001373291016,62.810001373291016,62.689998626708984,11,53.93203202756222,1.0847473692746803,1.0725786092994622,0.012168759975218046,1.2424701241058418,62.31200129191666,60.6245509341627,60.9877455436446,65.09020241018807,59.450797956022875,-0.008697075223909834,0.01656130017049687,Tokyo
2020-07-15,63.220001220703125,63.310001373291016,62.599998474121094,62.59000015258789,12,53.46427156144632,0.9759078227106883,1.0532444519817075,-0.07733662927101914,1.2044367508961331,62.33847737388535,60.701627374100944,61.008967458994846,65.02061031283537,59.772390099151934,-0.03201366211388734,0.016214641972772732,Tokyo
2020-07-16,62.29999923706055,62.86000061035156,62.29999923706055,62.880001068115234,5,54.691559657101905,0.902647193191676,1.0231250002237011,-0.12047780703202515,1.1584056524957675,62.3900510590501,60.78705379347406,61.0337493611024,65.05714440931072,59.88985609422932,-0.0072623789606015565,0.015614989746575984,Tokyo
2020-07-17,62.959999084472656,62.959999084472656,62.08000183105469,62.0099983215332,10,50.397437468927954,0.7655607578788732,0.9716121517547356,-0.20605139387586235,1.1385193382759249,62.35385556023897,60.835012402417554,61.04667981090944,65.0364740782309,59.994526440567945,-0.041724629904798194,0.0159614411151461,Tokyo
2020-07-20,62.59000015258789,63.060001373291016,62.59000015258789,62.9900016784668,0,54.71102127358579,0.7276094224133587,0.9228116058864603,-0.1952021834731016,1.132196746381774,62.4144409048321,60.919521785792035,61.07241917339365,65.07476596675023,60.09923458256616,-0.011921542298560017,0.016269119414847932,Tokyo
2020-07-21,63.11000061035156,63.27000045776367,62.88999938964844,62.90999984741211,20,54.295915917164734,0.6832017124070902,0.8748896271905864,-0.19168791478349623,1.0784684836484497,62.46163699460162,60.99757974899282,61.09675799026807,65.09816554781976,60.11483494046149,0.003509351180770226,0.015920193216275438,Tokyo
2020-07-22,62.619998931884766,62.959999084472656,62.619998931884766,62.7400016784668,13,53.36929105313151,0.6270624650229806,0.8253241947570653,-0.19826172973408474,1.0257207457155526,62.48814791687449,61.0659100207369,61.11852280733031,65.07577845787884,60.107222106696355,0.0023965733425981295,0.015819889187068656,Tokyo
2020-07-23,62.93000030517578,62.939998626708984,61.68000030517578,61.68000030517578,40,47.882023358550306,0.4913741990888738,0.758534195623427,-0.26715999653455325,1.0424548582739563,62.41118147766509,61.08999199267568,61.12595959538125,65.07521528351157,60.10978532684,-0.019083981274738537,0.015486276012133668,Tokyo
2020-07-24,62.06999969482422,62.130001068115234,59.54999923706055,59.959999084472656,93,40.58939186047039,0.24225794806915246,0.6552789461125721,-0.41302099804341963,1.1522796420440085,62.17773553545629,61.04567854529517,61.1105164098063,65.230916080188,59.76908430128173,-0.03305917259392466,0.016708770766490372,Tokyo
2020-07-27,59.5099983215332,61.459999084472656,59.04999923706055,60.689998626708984,148,44.45597737752589,0.10255420550482341,0.5447339979910224,-0.442179792486199,1.2421167995703013,62.03604630605179,61.031730313193755,61.10494663784475,65.21751203762742,59.79648828280716,-0.036513779813790226,0.016339550412464945,Tokyo
2020-07-28,60.540000915527344,60.95000076293945,60.119998931884766,60.59000015258789,75,44.033211958109675,-0.016046088804586134,0.4325779806319007,-0.44862406943648686,1.2126800161049003,61.898327624769514,61.01440756179745,61.098126154596315,65.07659949472993,60.03440094777496,-0.0368780750349923,0.01593245577973714,Tokyo
2020-07-29,61.20000076293945,61.20000076293945,61.0,61.029998779296875,5,46.446450143867224,-0.07368408034879081,0.33132556843576244,-0.40500964878455326,1.169631487122519,61.8156296394864,61.01501898209155,61.0972238052546,65.07261220133661,60.04338816487433,-0.02725538497645308,0.015182472856991374,Tokyo
2020-07-30,61.060001373291016,62.66999816894531,60.529998779296875,62.81999969482422,14,54.95578218989971,0.02478974951304025,0.270018404651218,-0.24522865513817776,1.2389434801600847,61.91128393047096,61.08580253945361,61.12004202895751,65.08734325945152,60.05265689313637,0.018482480285473946,0.01546441093826221,Tokyo
2020-07-31,62.619998931884766,62.630001068115234,61.959999084472656,62.29999923706055,6,52.3533076555634,0.06017758824970798,0.228050241370916,-0.16787265312120803,1.2118761323166187,61.94830443586044,61.133418096222506,61.13567060125027,65.04206936592165,60.022930786666244,0.03902602048561166,0.015475771738397532,Tokyo
2020-08-03,62.70000076293945,63.70000076293945,62.29999923706055,63.529998779296875,75,57.48226537679022,0.18533694005085266,0.21950758110690335,-0.03417064105605069,1.2253136604282107,62.0989419923782,61.2274016524215,61.167383557250886,65.09407499160514,60.01692506943001,0.04679519223679862,0.016119852988932468,Tokyo
2020-08-04,63.79999923706055,63.939998626708984,63.25,63.93000030517578,10,59.02693702327243,0.3131931130130212,0.23824468748812694,0.07494842552489428,1.1870768723054086,62.27332849835892,61.333385913313826,61.203974507554534,65.1858519992707,59.994147924435346,0.05512461040066907,0.01616696579504679,Tokyo
2020-08-05,63.900001525878906,64.13999938964844,63.4900016784668,64.36000061035156,14,60.68066480839038,0.444098194658217,0.27941538892214496,0.16468280573607202,1.1487140750822822,62.472059175691555,61.45207668574668,61.245776177790255,65.12352317680845,60.02647644172182,0.054563360603971045,0.015428429885826447,Tokyo
2020-08-06,64.58000183105469,64.58000183105469,64.16999816894531,64.41000366210938,15,60.878404829896915,0.5455870554075517,0.33264972221922634,0.21293733318832536,1.0959490455842174,62.656625317255155,61.56807382207463,61.287686475595805,65.28718514355239,59.96981482593003,0.025310473973404912,0.01466273952126369,Tokyo
2020-08-07,64.73999786376953,64.73999786376953,61.779998779296875,61.880001068115234,27,47.784135175836596,0.4170600350445852,0.34953178478429814,0.06752825026028708,1.2290954769333915,62.58266110305135,61.580306263095835,61.295531701986796,64.97499440877598,59.99900575907069,-0.006741543725340304,0.01645859281167175,Tokyo
2020-08-10,62.400001525878906,62.779998779296875,62.400001525878906,62.34000015258789,8,49.89434408315789,0.34830448981735884,0.34928632579091035,-0.0009818359735515036,1.2055884936654093,62.559550536340545,61.610098180330816,61.30936572120006,64.83267737137164,60.00032281173382,-0.01873128678694047,0.0163082955412343,Tokyo
2020-08-11,62.77000045776367,62.77000045776367,62.45000076293945,63.029998779296875,7,52.964926415449504,0.34550952870936413,0.3485309663746011,-0.0030214376652369923,1.1501893373447218,62.60435513090781,61.66578055676086,61.332155563029154,64.86252997967831,60.00447021868594,-0.014077921501371327,0.016086644764633035,Tokyo
2020-08-12,61.97999954223633,61.97999954223633,61.97999954223633,61.84000015258789,2,47.55251945212268,0.24445364846039297,0.3277155027917595,-0.08326185433136651,1.143032901610138,62.53155941868687,61.67261269777369,61.338881981433914,64.83797984742876,59.9540203509355,-0.03915476124713335,0.01665717586297853,Tokyo
2020-08-13,62.369998931884766,62.65999984741211,62.22999954223633,62.43000030517578,5,50.266113138042385,0.20955855618163355,0.3040841134697343,-0.09452555728810075,1.1199591011254295,62.521887122162006,61.70231417257377,61.35333387976163,64.8049727888179,59.94202733325241,-0.030740618605155867,0.01677286646093813,Tokyo
2020-08-14,62.790000915527344,62.790000915527344,62.560001373291016,62.290000915527344,10,49.61019472464998,0.1686629222456162,0.2769998752249107,-0.10833695297929452,1.065676351784439,62.49980272153013,61.725360711513126,61.36574006566581,64.81337829516225,59.961622086307464,0.006625724633727792,0.01647604482785421,Tokyo
2020-08-17,62.880001068115234,62.880001068115234,62.86000061035156,62.619998931884766,3,51.22579741124507,0.16102472690834446,0.2538048455615975,-0.09278011865325303,1.0316994804132569,62.51124997965914,61.76044456329241,61.38235276588064,64.78113622236512,59.956863884446406,0.004491478643110947,0.016122989033984132,Tokyo
2020-08-18,62.38999938964844,62.38999938964844,62.38999938964844,62.38999938964844,1,50.02200038123224,0.1348578043784272,0.23001543732496346,-0.09515763294653626,0.9744351991149048,62.499702304420026,61.78513298785539,61.39569907877823,64.74175604298092,59.944244018054235,-0.010153885483790481,0.016139654621598075,Tokyo
2020-08-19,62.290000915527344,62.650001525878906,62.290000915527344,63.209999084472656,3,54.158166054700104,0.17823289424121924,0.21965892870821463,-0.04142603446699539,0.9305470142032375,62.56734961680599,61.84101008968352,61.41972954242981,64.7907057548447,59.94229404679105,0.02215392833933283,0.016404615389154255,Tokyo
2020-08-20,62.689998626708984,64.25,62.689998626708984,63.91999816894531,45,57.44233597888898,0.26682318626553325,0.22909178021967835,0.0377314060458549,0.9755080398523646,62.6961732884383,61.9225390339683,61.45284568317837,64.97506047076863,59.98193911724407,0.023866696403748167,0.016037283232329627,Tokyo
2020-08-21,63.77000045776367,63.77000045776367,63.56999969482422,63.72999954223633,4,56.28035814103672,0.31803422903982437,0.24688026998370755,0.07115395905611682,0.9308287851572737,62.79463293165716,61.99341983821411,61.483006661444044,64.92035441014633,60.41364522364273,0.02311765300279567,0.01446118721008309,Tokyo
2020-08-24,64.12999725341797,65.29000091552734,64.08999633789062,65.16000366210938,31,62.438871576563756,0.46860692192646525,0.2912256003722591,0.17738132155420616,0.9757696843096839,63.01990633455737,62.117599596013925,61.53170860847273,65.20412652713551,60.57687361019358,0.04056219695863472,0.014960925804953555,Tokyo
2020-08-25,65.19999694824219,65.79000091552734,65.16000366210938,64.9800033569336,10,61.268940429112845,0.5668777319298854,0.34635602668378435,0.2205217052461011,0.9510716535317042,63.20658224145034,62.22985072389313,61.57738138659804,65.3359825818862,60.884017875877475,0.041513126985458504,0.014983441322697934,Tokyo
2020-08-26,64.9800033569336,64.9800033569336,64.9800033569336,64.9800033569336,0,61.268940429112845,0.6374103866968994,0.4045668986864074,0.23284348801049204,0.8831379639937254,63.37547949054398,62.33769984675746,61.622449227264745,65.45601851157826,61.158982403949075,0.028001966430905023,0.014975783042160112,Tokyo
2020-08-27,64.48999786376953,64.94999694824219,64.48999786376953,64.76000213623047,2,59.68374596544579,0.6678571226924959,0.4572249434876251,0.21063217920487076,0.855057073220178,63.50733879013317,62.43269209340346,61.66400621943648,65.63399381181553,61.17500734785244,0.013141489226344616,0.013740908805828796,Tokyo
2020-08-28,64.31999969482422,64.31999969482422,64.25,64.37000274658203,3,56.87453992379348,0.6529894332277166,0.49637784143564345,0.15661159179207318,0.8304102920066273,63.58949726217592,62.50866506019478,61.69984723304106,65.71366646604736,61.30233504457276,0.010042416584697289,0.013664529582916278,Tokyo
2020-08-31,64.5999984741211,64.5999984741211,64.5999984741211,64.41000366210938,1,57.097588733387234,0.6370904397776869,0.5245203611040521,0.11257007867363478,0.7875235374018013,63.66764072883625,62.58322735830908,61.73574334468435,65.79431985239863,61.30968214650273,-0.011510128266553843,0.012997524896255719,Tokyo
2020-09-01,64.94000244140625,65.61000061035156,64.87999725341797,64.66000366210938,22,58.540838331413106,0.6373166934589705,0.5470796275750358,0.09023706588393465,0.8169859238904003,63.76215148438607,62.66466956630125,61.77447526941846,65.87995494220839,61.29704739238635,-0.004924587231343591,0.012954182778944839,Tokyo
2020-09-02,64.75,64.75,64.1500015258789,64.18000030517578,26,54.7336603042907,0.59194022335749,0.5560517467315267,0.035888476625963284,0.8014868203354497,63.80194661017556,62.72409430115908,61.80633652817021,65.85958202530952,61.29942027876763,-0.012311526784069438,0.012987933297044568,Tokyo
2020-09-03,63.790000915527344,63.790000915527344,63.529998779296875,63.560001373291016,15,50.19300250123685,0.5001844961092985,0.5448782966070811,-0.0446938004977826,0.7906664421599823,63.778904206662745,62.75687497065445,61.829563877112214,65.78333945582423,61.29066261937108,-0.018529967933217595,0.013159423417568024,Tokyo
2020-09-04,63.43000030517578,63.47999954223633,63.43000030517578,64.12000274658203,2,53.912072036940046,0.4672684718200202,0.529356331649669,-0.06208785982964882,0.7434760582996431,63.811389781893155,62.8103309618673,61.85990081578069,65.76719469607265,61.53080754696935,-0.0038837966340350416,0.00947858691036023,Tokyo
2020-09-08,64.33000183105469,64.43000030517578,63.0099983215332,63.189998626708984,9,47.5606343881721,0.3619662042323242,0.4958783061662001,-0.13391210193387593,0.7917993386812814,63.75220967187562,62.82521988990031,61.877518005329414,65.73178528625134,61.65121680420276,-0.01894123530562819,0.010051684967070113,Tokyo
2020-09-09,63.04999923706055,63.33000183105469,63.04999923706055,63.349998474121094,16,48.68080766438058,0.2881029772351624,0.4543232403799926,-0.16622026314483018,0.7552424283464857,63.71390384351805,62.8457994422227,61.8970210578962,65.73089202128766,61.68411003864887,-0.020259899687508742,0.00976785528426788,Tokyo
2020-09-10,64.37000274658203,64.44999694824219,64.37000274658203,63.959999084472656,9,52.81882157901032,0.2756107201316951,0.41858073633033316,-0.14297001619863808,0.7798678601875292,63.737341485513724,62.889493545840345,61.924345270168736,65.63723362720125,61.989768325923755,-0.0034278781498444655,0.008843127743755218,Tokyo
2020-09-11,64.70999908447266,64.72000122070312,64.70999908447266,64.05999755859375,3,53.48102295202392,0.2706595625573627,0.38899650157573906,-0.11833693901837639,0.778448879904882,63.76807063533087,62.935395663987535,61.952632055445896,65.60024634492252,62.18975533354428,0.00786652256922138,0.008650181195096635,Tokyo
2020-09-14,64.68000030517578,65.83999633789062,64.68000030517578,65.45999908447266,38,61.60572716421687,0.3753770444418052,0.3862726101489523,-0.010895565707147115,0.8499881584328814,63.929206678106276,63.034399719692836,61.99908724788334,65.71945051299696,62.38755098236437,0.02089825764959219,0.009717189600226266,Tokyo
2020-09-15,65.5,65.5,64.37000274658203,65.38999938964844,22,61.03176187192821,0.4475588332890226,0.3985298547769664,0.049028978512056176,0.8699888080746734,64.06832979349124,63.12677617733815,62.04399999148288,65.81620920838127,62.56779233275644,0.03481564821572203,0.009724625074985421,Tokyo
2020-09-16,65.43000030517578,65.43000030517578,65.20999908447266,64.97000122070312,11,57.566242281899356,0.46550700385699884,0.4119252845929729,0.05358171926402594,0.8235611232624199,64.15420326274952,63.199059512372074,62.08275497465136,65.73937704532315,62.90262467892,0.02557226180903238,0.009831102811293133,Tokyo
2020-09-17,64.97000122070312,64.97000122070312,64.43000030517578,64.3499984741211,49,52.799988342931094,0.4248051291745867,0.4145012535092957,0.010303875665291007,0.8033068227099144,64.1728504257373,63.244194373617134,62.11278468987613,65.69649624342702,63.059505419780976,0.006097551520183098,0.009797765158273805,Tokyo
2020-09-18,64.18000030517578,64.18000030517578,64.18000030517578,64.16000366210938,12,51.39566033175432,0.3729188306256077,0.40618476893255806,-0.03326593830695035,0.7580704902981571,64.1716269244394,63.280108463361934,62.13990017295207,65.69524715383211,63.084755058692295,0.0015611318658599327,0.009523322340120287,Tokyo
2020-09-21,65.05000305175781,65.79000091552734,63.959999084472656,63.7400016784668,11,48.335161695856755,0.2945129532311199,0.3838504057922705,-0.08933745256115055,0.8346370146379093,64.1305197581563,63.29814349140526,62.1610935703761,65.69468973688473,63.08631268926274,-0.026275548885759892,0.00961947990763037,Tokyo
2020-09-22,63.91999816894531,64.30999755859375,63.560001373291016,63.84000015258789,12,49.112136036469046,0.23770466029375825,0.35462125669256805,-0.1169165963988098,0.8285912411139683,64.10285122429264,63.31939277223596,62.18333074365044,65.59796366383887,63.051038411356444,-0.023703918818294367,0.008102156938479897,Tokyo
2020-09-23,63.380001068115234,63.59000015258789,63.380001068115234,63.7599983215332,2,48.4839320710667,0.18410594101031563,0.3205181935561176,-0.13641225254580197,0.8022632299253032,64.07019856688697,63.336671421228004,62.204213757927036,65.52154169793336,63.0054598737219,-0.018624024571887277,0.008092084884904363,Tokyo
2020-09-24,63.970001220703125,63.970001220703125,63.970001220703125,63.970001220703125,0,50.2817181325208,0.1567669370495608,0.2877679422548063,-0.1310010052052455,0.7599589205856331,64.06065596248851,63.36150788395252,62.22760167134129,65.43036874540861,62.99563261262362,-0.005905163363302712,0.00814558052054449,Tokyo
2020-09-25,64.66000366210938,64.66000366210938,64.66000366210938,64.66000366210938,0,55.74627729632153,0.1886039014996186,0.26793513410376874,-0.07933123260415015,0.7549620292156772,64.11773669578574,63.412429287017495,62.25981891625213,65.41669991522069,62.999301595399416,0.007793017011551218,0.008511325996238878,Tokyo
2020-09-28,64.4000015258789,64.4000015258789,64.4000015258789,64.4000015258789,0,53.36606773450029,0.19065714880250084,0.25247953704351517,-0.061822388241014326,0.7196077511453052,64.14461906055652,63.4511576101101,62.28816570578361,65.41912042881842,62.9998809597314,0.010354562755449104,0.008448813927239148,Tokyo
2020-09-29,64.0,64.0,64.0,64.0,0,49.84033268880394,0.15818413366994832,0.2336204563688018,-0.07543632269885348,0.6967787350548481,64.130845816694,63.472680841086174,62.310839007693765,65.3982097774675,62.979791244871386,0.002506263268008846,0.008561457955683973,Tokyo
2020-09-30,64.48999786376953,64.48999786376953,64.48999786376953,64.48999786376953,0,53.86161088287556,0.17002779318396222,0.2209019237318339,-0.05087413054787168,0.6820086728201826,64.16505077355833,63.51257562628944,62.33970203890007,65.3781029869195,62.98289745558539,0.011449177563572555,0.008698246078169472,Tokyo
2020-10-01,64.61000061035156,64.61000061035156,64.61000061035156,64.61000061035156,0,54.81696968439178,0.18694224360537248,0.21410998770654163,-0.02716774410116915,0.6418653923746004,64.20742694849102,63.55561190017423,62.3697722186544,65.41490663258563,62.98909384043682,0.01000467996616683,0.008533473378825328,Tokyo
2020-10-02,64.5199966430664,64.5199966430664,64.5199966430664,64.5199966430664,0,53.91525141942408,0.1908841063047504,0.2094648114261834,-0.018580705121433005,0.6024467191539258,64.23719549083154,63.593430909699414,62.39825201235522,65.43150695702238,63.06849304297763,-0.0021652800976411646,0.008215160715732344,Tokyo
2020-10-05,64.7300033569336,64.7300033569336,64.7300033569336,64.7300033569336,0,55.74452660488258,0.20854981515201132,0.209281812171349,-0.0007319970193376824,0.574415290204873,64.28412957331744,63.6380023782184,62.42913613612448,65.47924522311017,63.08175483792497,0.005124251913597888,0.008021858509947667,Tokyo
2020-10-06,65.55999755859375,65.55999755859375,65.55999755859375,65.55999755859375,0,62.14070925203579,0.28622419782685427,0.22467028930245006,0.061553908524404205,0.5926709267373932,64.40564081001042,63.71337473823313,62.470604499336,65.61232759290475,63.18567236131888,0.024374961853027344,0.00763723827338549,Tokyo
2020-10-07,66.29000091552734,66.29000091552734,66.29000091552734,66.29000091552734,0,66.69940254181981,0.4020522674519782,0.2601466849323557,0.1419055825196225,0.6024803860371218,64.58510367720251,63.81441890204859,62.521192531338535,65.9252507132901,63.166749485074156,0.027911352324126115,0.007911796071650806,Tokyo
2020-10-08,66.19000244140625,66.19000244140625,66.19000244140625,66.19000244140625,16721,65.53528642696389,0.4802418765736576,0.3041657232606161,0.1760761533130415,0.5665888209002627,64.73795117855525,63.907579040846926,62.569786040081155,66.1893913571427,63.125609176914914,0.024454446929714768,0.007759366534289689,Tokyo
2020-10-09,67.75,68.68000030517578,67.54000091552734,67.63999938964844,20722,72.91663051089546,0.6516979721661045,0.3736721730417138,0.2780257991243907,0.7039751811052106,65.01433672246888,64.05394846629012,62.63694118378404,66.83882794396722,62.83417277319588,0.04835714365954358,0.008950067796577667,Tokyo
2020-10-12,68.0199966430664,69.47000122070312,68.0199966430664,68.37000274658203,21406,75.73433490244625,0.8368367994977319,0.46630509833291744,0.3705317011648145,0.7844056561016018,65.33392396286061,64.2232054968898,62.71287577401978,67.52500879985715,62.438992283516875,0.056233573318029695,0.008023260368479083,Tokyo
2020-10-13,68.66999816894531,69.25,68.26000213623047,68.83000183105469,14282,77.3345345471867,1.0090470692511246,0.5748534925165589,0.4341935767345657,0.7990908137921682,65.66688375983148,64.40386417666097,62.79389731119905,68.22394673832306,62.084054589191595,0.049878041400755135,0.00804611332070934,Tokyo
2020-10-14,68.81999969482422,69.38999938964844,68.55000305175781,68.93000030517578,13709,77.67913362196943,1.1404476196231172,0.6879723179378706,0.45247530168524663,0.8020126369420579,65.97765676414998,64.58135971111254,62.875170198536495,68.85258523496084,61.85141600100109,0.039825001556608175,0.0077698746952822376,Tokyo
2020-10-15,69.0999984741211,69.2699966430664,68.41000366210938,69.22000122070312,13654,78.6909556220456,1.2535341908725997,0.8010846925248165,0.45244949834778314,0.8061540900859846,66.2864514742979,64.76326722129257,62.95920769551884,69.461098391866,61.72990311875411,0.04577728761951838,0.007187905773590337,Tokyo
2020-10-16,69.01000213623047,70.04000091552734,69.0,69.91999816894531,19953,80.93721952485657,1.3836897033537952,0.9176056946906124,0.4660840086631828,0.8228574347603674,66.6325035404548,64.96549196433777,63.05140359582913,70.1375453250648,61.62945563623892,0.03370784742564337,0.0071476956160166985,Tokyo
2020-10-19,70.0,71.22000122070312,70.0,71.16000366210938,22482,84.12887902069198,1.5688126689592394,1.047847089544338,0.5209655794149015,0.8569392645458992,67.06369402823142,65.20841399170136,63.15880227220371,70.98857283472286,61.52042832494511,0.040807383405682573,0.007254207699591589,Tokyo
2020-10-20,70.97000122070312,71.6500015258789,70.30000305175781,71.0199966430664,18384,82.45033167422346,1.6848051713309076,1.175238705901652,0.5095664654292555,0.8921577795155559,67.4404847534538,65.43631919371568,63.262924051950236,71.65557315022173,61.57142765849409,0.03181744520924368,0.0073969847899510175,Tokyo
2020-10-21,70.80999755859375,72.12999725341797,70.56999969482422,71.04000091552734,19935,82.50404521438111,1.7580782114898597,1.2918066070192937,0.4662716044705659,0.939860620878284,67.78329581650843,65.65607141810045,63.36593169252742,72.20009062004172,61.75491044807351,0.03061077326287398,0.007332748805548827,Tokyo
2020-10-22,71.0,72.0999984741211,70.81999969482422,71.94000244140625,16513,84.76350721665382,1.867245778220223,1.4068944412594797,0.46035133696074326,0.9641562036224691,68.17917263792727,65.90250008568107,63.47949554350595,72.84290968654102,61.90909150364454,0.03929501838681837,0.007484748638080141,Tokyo
2020-10-23,71.69999694824219,71.91000366210938,71.0999984741211,71.29000091552734,15318,77.02665588719113,1.8796447953523057,1.5014445120780449,0.3782002832742608,0.9552881867412325,68.47544199769871,66.11377462802798,63.58294594578438,73.28392861671294,62.1310722988144,0.019593861305198246,0.008093600009336854,Tokyo
2020-10-26,71.3499984741211,72.37999725341797,71.22000122070312,72.11000061035156,16208,79.56117337052166,1.9333517525745094,1.587825960177338,0.3455257923971715,0.9699101757393476,68.82159043699897,66.34892074498185,63.69588706716938,73.77174881785845,62.414252006116165,0.01335015316684185,0.007934790916735426,Tokyo
2020-10-27,72.0,72.52999877929688,71.76000213623047,72.02999877929688,17287,78.64950271889516,1.9470154419086185,1.6596638565235942,0.28735158538502437,0.9556306376912803,69.12715313626543,66.57170811887656,63.80627265276048,74.08965109297911,62.89934960892519,0.014221376851178302,0.007606977764859512,Tokyo
2020-10-28,72.0,72.5999984741211,70.05000305175781,70.16999816894531,26624,61.115345099390794,1.78715628438556,1.6851623420959876,0.10199394228957237,1.0695138365964232,69.22647171080638,66.71281753260475,63.890560407941734,74.08708851766661,63.469912214755254,-0.012246660126265185,0.010432804625670844,Tokyo
2020-10-29,70.1500015258789,70.45999908447266,69.58000183105469,69.81999969482422,22637,58.4736256371464,1.6136239461183948,1.670854662900469,-0.057230716782074254,1.0559769377979622,69.28299818547475,66.8346678134761,63.969096027635544,73.9852671717782,64.09273346909093,-0.0294690391247725,0.010625491624695034,Tokyo
2020-10-30,69.86000061035156,70.05000305175781,68.37000274658203,68.91999816894531,24444,52.22253038306356,1.3874816910398806,1.6141800685283516,-0.226698377488471,1.1005500354678064,69.24842675532909,66.9164454744749,64.03467089043436,73.72727821137129,64.79072258208573,-0.033244532418933215,0.011226390395474198,Tokyo
2020-11-02,68.75,69.08999633789062,68.05999755859375,68.7300033569336,17855,50.983424895707586,1.1793366721023517,1.5272113892431518,-0.3478747171408001,1.0955106600270255,69.19905309833904,66.98756539143406,64.09686072442773,73.40079213916667,65.51720865429036,-0.04687279468602257,0.0113079136196693,Tokyo
2020-11-03,68.73999786376953,70.33000183105469,68.7300033569336,70.23999786376953,18580,59.257450798299026,1.123275758413385,1.4464242630771986,-0.3231485046638136,1.1315455038908875,69.2981906950467,67.1151117628982,64.17822677925345,73.19087326747507,66.19512755649953,-0.02485076976069356,0.011879899660225625,Tokyo
2020-11-04,69.94999694824219,70.72000122070312,69.62999725341797,70.2300033569336,17070,59.186236807177174,1.0657552441982148,1.370290459301402,-0.30453521510318726,1.1285782512761924,69.38693475808354,67.23726437442899,64.25838276041478,73.00358974962163,66.77641131849361,0.0008551402245131623,0.01176514535209607,Tokyo
2020-11-05,70.29000091552734,70.94000244140625,69.86000061035156,70.06999969482422,17450,57.98483027603459,0.995780130451692,1.29538839353146,-0.29960826307976807,1.1251085069746563,69.45198856158265,67.34835203405233,64.33535781914868,72.6648315334991,67.50316925995793,0.003580635936590193,0.011781566331569826,Tokyo
2020-11-06,70.0,70.2699966430664,68.55000305175781,68.62000274658203,28448,48.39719874326859,0.8139391294463394,1.199098540714436,-0.3851594112680965,1.1676002987127945,69.37275181729687,67.39822068944565,64.3921080830882,72.55049828401191,67.71550284513849,-0.004352806592186731,0.012045681717846611,Tokyo
2020-11-09,68.66000366210938,70.44000244140625,68.62000274658203,70.0,30760,55.8750524440522,0.7722807001057248,1.1137349725926937,-0.3414542724869689,1.2142002555778963,69.43248973945907,67.50025125064387,64.46638479721949,72.48731855288753,67.94168230160466,0.018478052975946513,0.012608855923879522,Tokyo
2020-11-10,70.0,70.16000366210938,69.11000061035156,69.8499984741211,32464,54.94304675528882,0.7188754761920535,1.0347630733125657,-0.3158875971205122,1.2024718838764616,69.47225247609354,67.59239820058416,64.53769093863541,72.45163317087591,68.07936734792293,-0.00555238327889529,0.0125598683729057,Tokyo
2020-11-11,69.94000244140625,70.37999725341797,69.25,69.27999877929688,22323,51.432294764348484,0.623371402300009,0.9524847391100544,-0.3291133368100454,1.197295124557998,69.45394260020815,67.65857861543563,64.60050296301503,72.42936157659776,68.13663878961319,-0.013527047304959683,0.012715145717880526,Tokyo
2020-11-12,69.36000061035156,69.41999816894531,68.37000274658203,68.4800033569336,25217,46.902476782695906,0.47762502692769715,0.8575127966735829,-0.3798877697458858,1.1867737172583752,69.36118648180106,67.69079135039634,64.65188707419276,72.49268534590036,67.99931523393363,-0.022691541955409344,0.01294644808649956,Tokyo
2020-11-13,68.44999694824219,68.7699966430664,68.22000122070312,68.45999908447266,17211,46.79150009440066,0.356397468625687,0.7572897310640038,-0.40089226243831677,1.141289553337297,69.27535911062692,67.7209563595758,64.70232564386535,72.55508316271842,67.7909175086683,-0.002331735000073887,0.01270506642588477,Tokyo
2020-11-16,68.4000015258789,70.0,68.4000015258789,69.56999969482422,14210,53.38274994398607,0.345904160028212,0.6750126168568454,-0.32910845682863343,1.1740544762504255,69.30342011864572,67.79346786291887,64.76679814785156,72.4427908209216,67.7442094537366,-0.006142861502511199,0.012593541957802292,Tokyo
2020-11-17,69.56999969482422,69.87999725341797,68.8499984741211,69.11000061035156,9651,50.58611048739544,0.2970458954423236,0.5994192725739411,-0.3023733771316175,1.1637647836108862,69.2849992130939,67.8450965981123,64.82432400828202,72.34399415285398,67.65200651853274,-0.010594099927485279,0.012652961366715306,Tokyo
2020-11-18,68.95999908447266,69.76000213623047,68.91999816894531,69.68000030517578,6416,53.8149002227447,0.30085155103259353,0.5397057282656716,-0.2388541772330781,1.1406390110161913,69.32261836472074,67.91705360623244,64.88863760161837,72.22715607201197,67.6328445383396,0.005773694181969935,0.012830307010672547,Tokyo
2020-11-19,69.5,69.9000015258789,69.1500015258789,69.31999969482422,5281,51.52497242352314,0.27168668491677295,0.48610191959589194,-0.214415234679119,1.1127362245150347,69.32236896758774,67.97207109990272,64.94733113927674,71.90433991383286,67.69366042186051,0.012266301061820473,0.01245185058469937,Tokyo
2020-11-20,69.31999969482422,71.25,69.31999969482422,70.87999725341797,3146,59.55611724941323,0.3701848237176648,0.4629185004202465,-0.0927336767025817,1.171112230276517,69.47071451861919,68.08610741964841,65.02590949840445,71.8300067320611,67.72699323742134,0.0353490826951266,0.013428116683015646,Tokyo
2020-11-23,71.73999786376953,72.69999694824219,71.51000213623047,72.1500015258789,133,64.68563710303061,0.5444479818495012,0.4792243967060975,0.06522358514340365,1.217461334887067,69.72588470978678,68.24547581597118,65.12026833320543,71.84163278380258,67.71936727723256,0.037084976891937904,0.013788260215113915,Tokyo
2020-11-24,72.0,72.0,70.87000274658203,71.52999877929688,93,60.642014573050375,0.6253155022328798,0.508442617811454,0.11687288442142585,1.2219282952020534,69.89770509735918,68.37428063806239,65.20516542520664,71.71118138051062,67.79981868052454,0.03501661333486994,0.01392280752523046,Tokyo
2020-11-25,71.0199966430664,71.0199966430664,70.9000015258789,70.80000305175781,74,56.1883223510707,0.6233138661229134,0.5314168674737458,0.09189699864916756,1.17964750650319,69.98363823587333,68.46940700722692,65.27926923482984,71.79050288521314,67.78349766410325,0.016073518106727747,0.012777984056498583,Tokyo
2020-11-27,71.52999877929688,71.52999877929688,71.52999877929688,71.68000030517578,6,60.00189223031825,0.6848415518806661,0.5621018043551299,0.12273974752553618,1.1475295222914665,70.14519652818785,68.59531262675432,65.3640471298013,72.05526739900763,67.70473321134394,0.03404501761023182,0.012976253869505556,Tokyo
2020-11-30,70.75,70.75,69.55999755859375,70.58999633789062,6,53.75979055394579,0.638290658125328,0.5773395751091696,0.06095108301615848,1.2169918954550782,70.18755841482621,68.67353551738712,65.43326500010713,72.11164670896328,67.81535371828282,-0.004091435197020377,0.013122214078226108,Tokyo
2020-12-01,71.19000244140625,71.20999908447266,69.9800033569336,70.58999633789062,14,53.75979055394579,0.5945451925549037,0.5807806985983164,0.013764493956587298,1.217920740603934,70.22588583607045,68.74869084368139,65.50156607742876,72.13986948597234,67.97313023936947,-0.02162169306994033,0.013092879830543306,Tokyo
2020-12-02,70.16000366210938,70.16000366210938,69.6500015258789,69.98999786376953,73,50.41176163905763,0.505633109713088,0.5657511808212707,-0.06011807110818279,1.1980688885616328,70.20342031489893,68.7973695503515,65.56101550506241,72.12573313286478,67.96226659247702,-0.021529441378560055,0.01233873605648984,Tokyo
2020-12-03,69.8499984741211,69.8499984741211,69.25,69.41999816894531,3,47.392175404659866,0.3847403841420487,0.5295490214854264,-0.14480863734337768,1.1653495296479113,70.12880868195097,68.82178635892382,65.61212785822643,72.10145043721288,67.90554876933008,-0.019491593549842867,0.012467641573657828,Tokyo
2020-12-04,69.44999694824219,69.55000305175781,69.44999694824219,69.86000061035156,10,49.8874985286115,0.32073926531234065,0.48778707025080925,-0.1670478049384686,1.091396340588239,70.10320791322722,68.86250064329353,65.66839107348636,72.09165103559847,67.89434826249722,-0.02539062063442543,0.012553875428990776,Tokyo
2020-12-07,70.62999725341797,70.62999725341797,70.62999725341797,70.62999725341797,0,53.999536221011574,0.32836502390620126,0.4559026609818877,-0.12753763707568644,1.0684392193366794,70.15337832657872,68.93181423584743,65.73410771163115,72.10605184424922,68.08094690453008,0.0005666654993983222,0.011778823860282664,Tokyo
2020-12-08,70.18000030517578,70.18000030517578,70.18000030517578,70.18000030517578,9012,51.34775387028709,0.2947003770882617,0.42366220420316253,-0.12896182711490084,1.0242647714013586,70.15591375311178,68.98076270915443,65.79299370624764,72.11490123458934,68.09009754470755,-0.005808132228146468,0.01105445233992006,Tokyo
2020-12-09,72.0,73.22000122070312,71.86000061035156,73.05000305175781,14697,63.618814877879224,0.49391262073785924,0.43771228751010194,0.056200333227757304,1.1682459245532149,70.43154130536378,69.14034076180555,65.88911303532724,72.6619901474459,67.86300908961464,0.04372060696364577,0.01418615098399105,Tokyo
2020-12-10,73.05000305175781,74.5999984741211,72.7300033569336,74.26000213623047,23699,67.35696828307411,0.7408860990453263,0.49834704981714684,0.24253904922817948,1.2183708668842352,70.79615662258918,69.34111179609673,65.99998573865047,73.45386124760122,67.5691383251527,0.06972060061866014,0.014300967985219685,Tokyo
2020-12-11,74.25,74.75,74.0,74.08000183105469,14101,66.2661685535303,0.9115816933286709,0.5809939785194517,0.3305877148092192,1.1849158049639326,71.10890378530019,69.52695062099704,66.10700581934456,73.97574752029163,67.60725189987437,0.060406544286199404,0.013933738654505428,Tokyo
2020-12-14,74.19999694824219,75.19999694824219,74.19999694824219,74.66999816894531,14720,68.09025962967925,1.081994397361541,0.6811940622878696,0.4008003350736713,1.1802786129799017,71.44805563136163,69.72863876013227,66.22042293655782,74.53070089921084,67.67329842940245,0.05719950548818464,0.013923932912559193,Tokyo
2020-12-15,74.66999816894531,75.68000030517578,74.55000305175781,75.58999633789062,15183,70.74657647981866,1.2765683710084375,0.8002689240319832,0.4762994469764542,1.1766870872969066,71.84252617484059,69.95849592004436,66.34452324650925,75.2915531447189,67.514445848201,0.077087432447843,0.013779270304266766,Tokyo
2020-12-16,75.52999877929688,76.06999969482422,75.33999633789062,75.6500015258789,12246,70.91663086796915,1.4192513183945863,0.9240654029045039,0.4951859154900824,1.14478110655667,72.20514287493947,70.18169221831238,66.46777461444792,75.89665001462542,67.56334906984723,0.03559203785767018,0.013571870654677362,Tokyo
2020-12-17,75.6500015258789,77.41000366210938,75.51000213623047,77.19000244140625,19056,74.94254865406151,1.6377152240708739,1.066795367137778,0.570919856933096,1.1987254222225439,72.67989140507916,70.45652791333566,66.60979087705664,76.812801143048,67.39819815504771,0.03945596850106026,0.013998683358880413,Tokyo
2020-12-18,77.19000244140625,77.41000366210938,76.8499984741211,77.16000366210938,14192,74.72555022235565,1.7878199173597125,1.2110002771821649,0.5768196401775476,1.153102548348668,73.10656876289157,70.71940931524836,66.74952879473946,77.52310759072778,67.47189210409645,0.04157669755568949,0.013853426420181359,Tokyo
2020-12-21,77.19999694824219,77.30000305175781,74.5999984741211,74.76000213623047,24705,59.80573108226376,1.6935961802098234,1.3075194577876965,0.3860767224221269,1.2635955504406717,73.26403860797146,70.87786393567903,66.85562777939498,77.75362701549028,67.6293731676152,0.0012053564951417517,0.015528612284564224,Tokyo
2020-12-22,74.76000213623047,75.22000122070312,74.27999877929688,74.81999969482422,14575,60.0206314268183,1.6052600525846543,1.3670675767470883,0.23819247583756598,1.240481756938213,73.41222537814791,71.03245749486119,66.96111614913578,77.96719302131415,67.68280697868586,-0.010186488693880724,0.015118605731502645,Tokyo
2020-12-23,74.80000305175781,76.4000015258789,74.4000015258789,76.13999938964844,12873,64.51568010719555,1.623056394886106,1.418265340374892,0.20479105451121415,1.294733060014055,73.6720133792432,71.23275325544108,67.0826907615929,78.36388060596566,67.7471194550695,0.006477169251634551,0.01529571119898495,Tokyo
2020-12-24,76.05000305175781,76.58999633789062,75.91000366210938,76.19999694824219,5393,64.70990092455291,1.6232891589715308,1.45927010409422,0.16401905487731083,1.2508230325688547,73.91277371914786,71.42754712574701,67.20344978393264,78.69975400655306,67.95124544413054,-0.012825566289048407,0.014983369504362172,Tokyo
2020-12-28,76.4000015258789,76.66999816894531,76.1500015258789,76.3499984741211,5770,65.22241464765801,1.6169384359294128,1.4908037704612584,0.12613466546815433,1.1986211476043942,74.14489036247865,71.62058443352639,67.32459612420004,79.03702988524786,68.08096938233025,-0.010497733923592989,0.014846141503179795,Tokyo
2020-12-29,76.69999694824219,77.25,76.36000061035156,77.01000213623047,9514,67.46157164448364,1.646186014159511,1.5218802192009089,0.12430579495860217,1.177291174624002,74.41775815045501,71.83193414735791,67.4528796475382,79.37785572198698,68.38214412542513,0.030096307326208604,0.014229984241817862,Tokyo
2020-12-30,77.0,78.05999755859375,76.9000015258789,77.97000122070312,13031,70.44256507399807,1.7269219523984702,1.5628885658404212,0.164033386558049,1.1760558073447764,74.75606701428818,72.07264266003813,67.59217927102382,79.80742195654344,68.69057837914991,0.04210106306772432,0.01430002726532039,Tokyo
2020-12-31,77.97000122070312,78.38999938964844,77.4800033569336,78.12000274658203,8154,70.89130704700317,1.7824625163036671,1.6068033559330703,0.1756591603705968,1.1570515377283526,75.07644184593521,72.30979403598103,67.73162064156102,80.09022234994276,69.22077847403185,0.02600477242980892,0.013967433278531945,Tokyo
2021-01-04,78.25,79.9000015258789,78.25,78.97000122070312,22289,73.35950190951398,1.8734703860589548,1.6601367619582474,0.21333362410070733,1.2015477692689613,75.44725702448453,72.57097863146033,67.88047336446357,80.30257282939834,69.96342829975205,0.03635176356164971,0.013630654977124085,Tokyo
2021-01-05,78.97000122070312,80.72000122070312,78.97000122070312,80.3499984741211,20742,76.7990905593982,2.0335080092332163,1.7348110114132411,0.29869699781997516,1.2407229286068926,75.91418478159277,72.8760382331333,68.04563263743917,80.70155487476033,70.61344604076702,0.05239030884009521,0.01384574558989142,Tokyo
2021-01-06,80.41000366210938,80.93000030517578,79.91999816894531,80.05999755859375,17483,74.61878105828626,2.1125857548207563,1.8103659600947442,0.3022197947260121,1.2242428720085765,76.3090240936881,73.15776212824939,68.20476329864651,80.95244651202484,71.30555443402008,0.03960518553119696,0.01400867264354127,Tokyo
2021-01-07,79.98999786376953,80.69999694824219,79.6500015258789,79.76000213623047,14656,72.33114286062471,2.1265349433994487,1.873599756755685,0.2529351866437637,1.2117966256053412,76.63768866916833,73.41667350111139,68.35781281967412,80.80615802658238,72.409843102568,0.022957559157406493,0.01389520337255491,Tokyo
2021-01-08,79.76000213623047,80.38999938964844,79.55000305175781,79.7699966430664,12252,72.36154361762507,2.1140270609975857,1.921685217604065,0.19234184339352067,1.1852394621971472,76.93600371430148,73.66582342824688,68.50896757230183,81.01695225946531,72.87104822881594,0.021121272893920517,0.011455739175143568,Tokyo
2021-01-11,80.0,80.5,78.6500015258789,80.43000030517578,20161,74.36464175535465,2.132785826338221,1.9639053393508965,0.1688804869873246,1.2327222487631433,77.26876529438475,73.93108526655782,68.66686204558492,81.40340018886255,73.10160011631322,0.018488021551276157,0.01114535401710458,Tokyo
2021-01-12,80.44999694824219,81.7699966430664,79.86000061035156,81.69999694824219,22764,77.71198833397541,2.224487886649271,2.0160218488105714,0.20846603783869977,1.2810989476168362,77.69078735665688,74.23574846976113,68.83948634893139,81.95370040686153,73.313299410033,0.01680147479474936,0.011329824320584896,Tokyo
2021-01-13,81.69999694824219,82.08000183105469,80.76000213623047,80.91999816894531,18709,71.5339639933436,2.2087618160470726,2.0545698422578718,0.1541919737892008,1.2838775724173634,77.9983312435415,74.49787590894482,68.99949312800443,82.26779855696579,73.62420125992874,0.010741951493592694,0.011752410534113359,Tokyo
2021-01-14,80.91999816894531,81.5199966430664,80.25,81.1500015258789,12643,72.23491165107346,2.189617591871425,2.0815793921805823,0.1080381996908426,1.2828860774637236,78.29849031804983,74.75874358019713,69.16042701406899,82.62231138819881,73.82568894749456,0.017427273726426273,0.01159300853710012,Tokyo
2021-01-15,81.12000274658203,81.43000030517578,80.5999984741211,80.69999694824219,13109,68.67199471655834,2.1137678477414568,2.0880170832927574,0.025750764448699393,1.250537202720221,78.52720523521101,74.99173390835577,69.31326899995209,82.83224365857762,74.12075621935207,0.011658522556257545,0.01175838463745438,Tokyo
2021-01-19,80.87999725341797,81.8499984741211,80.75,81.1500015258789,16481,70.25214671828562,2.0661506886164602,2.0836438043574983,-0.017493115741038068,1.2433560829458414,78.77699535813177,75.23323459923903,69.47004691420277,83.14258193087365,74.20641785550332,0.008951898768758237,0.01108669046741199,Tokyo
2021-01-20,81.0,81.75,80.5999984741211,81.58999633789062,15919,71.75239474870004,2.0403972220138513,2.074994487888769,-0.03459726587491785,1.2366879002982034,79.0449002133469,75.48251937330379,69.63057604564234,83.48553052315843,74.30646853079664,-0.0013463967498217322,0.011082918788469417,Tokyo
2021-01-21,81.58999633789062,83.05999755859375,81.4000015258789,82.56999969482422,17535,74.8007134500248,2.0751445205619206,2.0750244944233995,0.00012002613852102328,1.2669241954708208,79.38062397348762,75.7604597780693,69.8019591403335,83.72069724625739,74.85230156355708,0.020390528462865598,0.007746205328395059,Tokyo
2021-01-22,82.5199966430664,82.55999755859375,81.5,81.55999755859375,22431,66.79990303832741,1.9981498459294897,2.0596495647246176,-0.06149971879512783,1.2528581597103492,79.58818336254535,75.98789263220752,69.95769474852237,83.63251073922052,75.6144878569709,0.005052323167043848,0.008622402172291056,Tokyo
2021-01-25,81.55999755859375,82.47000122070312,81.5,82.33000183105469,14813,69.48010091305947,1.976480286730819,2.043015709125858,-0.06653542239503896,1.2326540926384044,79.84930893097481,76.23660279686818,70.12156636550957,83.76135342483653,76.1046454154955,0.020198326449230475,0.008148428840703234,Tokyo
2021-01-26,82.30000305175781,82.31999969482422,81.11000061035156,81.70999908447266,22579,64.93453066175476,1.8875198114292573,2.011916529586538,-0.1243967181572807,1.2317503160715988,80.02651751702223,76.45124578853896,70.27505554059516,83.68236624876756,76.7346328051875,0.0069007707709674015,0.008521858218073714,Tokyo
2021-01-27,81.72000122070312,82.43000030517578,80.68000030517578,80.83999633789062,17426,59.09240011960748,1.7269093075604616,1.9549150851813228,-0.22800577762086127,1.2687681506379132,80.10399169043826,76.62335365321943,70.41498853128782,83.4003504029036,77.46564843742843,-0.009192303390896162,0.009093011805621517,Tokyo
2021-01-28,80.8499984741211,81.4000015258789,79.8499984741211,79.93000030517578,20641,53.65479518310501,1.508802712944572,1.8656926107339729,-0.35688989778940083,1.288856357860763,80.08742108231803,76.7530260709432,70.54101517729957,83.08937126786643,78.06862738936013,-0.031972864229208975,0.009511943113125082,Tokyo
2021-01-29,79.9800033569336,80.8499984741211,79.75,80.63999938964844,14622,56.9809311632045,1.3773652485402579,1.76802713829523,-0.39066188975497207,1.2753665090222153,80.14004758777806,76.90545639716694,70.67477655759559,82.90217596964777,78.52282250447331,-0.011280017122172858,0.009336839064756054,Tokyo
2021-02-01,80.68000030517578,81.5999984741211,79.80999755859375,80.02999877929688,20150,53.43279520826237,1.2100296907192103,1.656427648780026,-0.4463979580608157,1.3121261094868673,80.12956674887509,77.02798747097596,70.7986867856976,82.66255896648265,78.95343911090994,-0.027936390144598033,0.009563718467483641,Tokyo
2021-02-02,80.23999786376953,81.01000213623047,79.80000305175781,80.69000244140625,17987,56.58294923314705,1.117786686090696,1.54869945624216,-0.4309127701514641,1.304831321985852,80.1829415767352,77.17159590118891,70.92969758908447,82.53715918133169,79.2508390181312,-0.012483131250704327,0.00944271562564906,Tokyo
2021-02-03,80.69000244140625,81.13999938964844,80.44999694824219,80.98999786376953,16385,57.97455712688939,1.0567094747202503,1.4503014599377781,-0.3935919852175278,1.2609149733730232,80.25980408026228,77.32133715462345,71.0629465993452,82.54936014566033,79.30263799276742,0.0018555360301097945,0.008668904005859701,Tokyo
2021-02-04,81.0,84.81999969482422,80.83999633789062,84.27999877929688,38431,69.51473712564604,1.259264900956751,1.4120941481415727,-0.15282924718482183,1.4551355721987784,80.64267976588464,77.59422584578712,71.23800689311939,83.29529356166242,78.97870469883563,0.054422600494340445,0.012293627482717543,Tokyo
2021-02-05,84.25,84.88999938964844,82.58999633789062,82.73999786376953,33611,61.06228055713596,1.2807624991802413,1.3858278183493065,-0.10506531916906514,1.515483249310138,80.84242434663558,77.79602082688447,71.39035114438629,83.45545584801683,79.11654198523512,0.026041647941662305,0.01310320426586308,Tokyo
2021-02-08,83.0,84.76000213623047,82.7300033569336,84.27999877929688,25257,65.57065066620675,1.4058588386375277,1.3898340224069508,0.016024816230576944,1.552234358594905,81.16981238784143,78.05029447207713,71.5610749541202,83.93961708881922,79.08338095805577,0.05310508640291811,0.013607847600270622,Tokyo
2021-02-09,84.4000015258789,87.12999725341797,84.4000015258789,86.93000030517578,27854,71.65293799118265,1.6992437409760157,1.451715966120764,0.2475277748552518,1.6449317954182043,81.71840171330186,78.39851823023787,71.76463687929976,85.21079392911884,78.46220411775616,0.07733297403604311,0.01497029486969977,Tokyo
2021-02-10,86.5,86.75,84.41000366210938,84.66999816894531,27045,61.650177752383165,1.7294540354624246,1.507263579989096,0.2221904554733285,1.707436427393076,81.99950613764885,78.64445861999111,71.93556881691096,85.58768531190798,78.38231285703735,0.04543771332561075,0.016132299726052925,Tokyo
2021-02-11,84.5,86.7699966430664,84.5,86.41000366210938,17956,65.62858897188994,1.87221804871173,1.580254473733623,0.2919635749781069,1.747619299941171,82.4195535209308,78.9489897981134,72.12728318572154,86.32712077192647,78.19187794633524,0.02527295815927011,0.01640739862890689,Tokyo
2021-02-12,86.16000366210938,87.33000183105469,85.3499984741211,87.2699966430664,11909,67.42717302577913,2.031337806305771,1.6704711402480528,0.36086666605771844,1.7642181611549155,82.88150048494373,79.27530379203313,72.32784892687843,87.16739150327268,77.96360672670778,0.054749805369290305,0.016473261948466784,Tokyo
2021-02-16,87.30000305175781,88.9000015258789,87.30000305175781,88.12000274658203,8347,69.14571702814428,2.200661888959843,1.776509289990411,0.4241525989694319,1.7546314984161715,83.38040546224262,79.6221547314272,72.5370165271394,88.0707456691747,77.80225314063975,0.04556245874351439,0.016377919866140934,Tokyo
2021-02-17,88.01000213623047,88.48999786376953,87.58000183105469,88.36000061035156,6122,69.63288502759798,2.3273895680469536,1.8866853456017196,0.440704222445234,1.6943003937232193,83.85465261920538,79.96481535413012,72.74659247526142,88.8946659528572,77.69933276540453,0.01645002070810575,0.016379624480981528,Tokyo
2021-02-18,88.36000061035156,89.2300033569336,88.0,88.7300033569336,5404,70.40861547106744,2.4296705662836047,1.9952823897380967,0.434388176545508,1.6611363196668174,84.31897173708425,80.30854821698517,72.95829328164119,89.68707655035529,77.62092286981074,0.04795093038607612,0.016377382941489167,Tokyo
2021-02-19,88.75,89.36000061035156,88.06999969482422,88.94999694824219,2668,70.8848448410638,2.4996660443650427,2.096159120663486,0.4035069237015567,1.6346266479425693,84.76002175719452,80.64742855938742,73.17010392623193,90.42489263201745,77.52110651349037,0.02939466703490723,0.016278241115645044,Tokyo
2021-02-22,89.0,90.7699966430664,89.0,90.91000366210938,173,74.77924975494861,2.6823733955992566,2.2134019756506405,0.46897141994861613,1.647867579862687,85.34573431956737,81.04988248498437,73.40506948564753,91.48406664092147,77.3969331149379,0.04170971879293828,0.016296986932182744,Tokyo
2021-02-23,91.37999725341797,91.4800033569336,90.5,91.37000274658203,21,75.60400414928318,2.8316469066313203,2.3370509618467765,0.49459594478454383,1.600162992510609,85.91947416975924,81.45459308347839,73.64301562155396,92.50321166455075,77.28178818286136,0.03688152404337108,0.016270218384204997,Tokyo
2021-02-24,92.33000183105469,92.33000183105469,92.33000183105469,92.33000183105469,0,77.27426072954637,2.992910730769566,2.4682229156313347,0.5246878151382313,1.5544369990793265,86.53000061369214,81.88107970103039,73.89052537267318,93.56285000047106,77.28415012159925,0.044929846008149976,0.016022875553480913,Tokyo
2021-02-25,91.88999938964844,92.94999694824219,89.44000244140625,88.23999786376953,98,58.802832375629364,2.758881664191108,2.5263546653432893,0.2325269988478187,1.6941196782047987,86.69285749465189,82.13044904074565,74.08058461096586,93.72569947643072,77.86130079822749,-0.0055224329384157,0.019438409277978522,Tokyo
2021-02-26,87.87999725341797,87.87999725341797,87.80999755859375,87.81999969482422,11,57.288431324225186,2.5105811835748284,2.5231999689895974,-0.012618785414769018,1.6038254372741545,86.80020437085878,82.35356867423893,74.26256361869908,93.6640312920672,78.71196892155587,-0.012703735718793685,0.019213865510639958,Tokyo
2021-03-01,88.4800033569336,88.4800033569336,88.4800033569336,90.26000213623047,10,63.215442432450004,2.482077227607874,2.514975420713253,-0.03289819310537867,1.536409596190956,87.1297089199418,82.66362488843468,74.47445022158028,93.87508125470809,79.46291923357315,-0.0071499449971953455,0.019861563359779483,Tokyo
2021-03-02,89.69999694824219,89.69999694824219,89.69999694824219,89.44000244140625,1,60.19242817467001,2.366046206934314,2.485189577957465,-0.11914337102315109,1.466666424176479,87.349736874367,82.92936518462965,74.67266945627996,93.72226614023688,80.5567347142553,-0.021122909567253823,0.0199181833670347,Tokyo
2021-03-03,86.9000015258789,86.9000015258789,86.9000015258789,86.9000015258789,0,51.91139410087776,2.045554066912274,2.397262475748427,-0.35170840883615284,1.5433331735586837,87.30690493641575,83.08507641369825,74.83462087442035,93.2965279532413,81.60347280969815,-0.058810789532004915,0.021328932393061443,Tokyo
2021-03-04,85.58999633789062,85.58999633789062,85.58999633789062,85.58999633789062,0,48.22628505902776,1.6666432405949507,2.2511386287177317,-0.584495388122781,1.5266668888750836,87.14338983179431,83.18330856758814,74.97707617857228,92.76938937596547,82.59061123438609,-0.030031749660399454,0.02174344597581443,Tokyo
2021-03-05,86.20999908447266,86.20999908447266,86.20999908447266,86.20999908447266,0,50.03415092070019,1.4002416072748645,2.0809592244291584,-0.6807176171542939,1.4619051644255798,87.05449547490653,83.30200231334832,75.12585661441203,92.66361729306655,82.88938334780258,-0.01833296078280955,0.019968762155647243,Tokyo
2021-03-08,86.7699966430664,86.7699966430664,86.7699966430664,86.7699966430664,0,51.67550180078365,1.2202373794928292,1.9088148554418927,-0.6885774759490635,1.397483192580449,87.02740034806462,83.43800209098433,75.28008363465912,92.28914204474437,83.66685847405445,-0.038666135725285655,0.01945393788070663,Tokyo
2021-03-09,82.7699966430664,82.7699966430664,82.7699966430664,82.7699966430664,23885,41.251653877188055,0.7462142679314923,1.6762947379398125,-0.9300804700083203,1.5833772502532741,86.62193332854098,83.41180579890911,75.37928778046584,92.52776971495652,83.27723059021926,-0.07457519696189052,0.021974517865828297,Tokyo
2021-03-10,84.31999969482422,86.58999633789062,82.87000274658203,85.22000122070312,23348,48.15054299142759,0.5617667335233278,1.4533891370565157,-0.8916224035331879,1.743135996294056,86.48841598493738,83.4827154232932,75.50962835583323,92.57915700107512,83.05484339565339,-0.019332569340352324,0.02184129330372255,Tokyo
2021-03-11,85.22000122070312,88.55999755859375,85.01000213623047,88.3499984741211,17086,55.36238559772347,0.6605410474816296,1.2948195191415386,-0.634278471659909,1.8721973838704293,86.66570955533584,83.67358926842371,75.67969948322776,92.52984340252996,83.47215702471613,0.032246784137419215,0.022478274208194496,Tokyo
2021-03-12,88.3499984741211,88.48999786376953,85.94999694824219,87.55999755859375,13022,53.34555873549408,0.6673807811393004,1.1693317715410911,-0.5019509904017907,1.9198976361316376,86.7508798413604,83.82599743666567,75.83705442462333,92.53114394002725,83.58585587686727,0.015659418727035357,0.022182046170027607,Tokyo
2021-03-15,87.87000274658203,87.87000274658203,85.58000183105469,86.72000122070312,11766,51.20937890022185,0.598125812963687,1.0550905798256103,-0.4569647668619232,1.9463335846599024,86.74793902034543,83.93948778113773,75.98119941529988,92.53073822554757,83.53126204911064,-0.0005761832925836874,0.022183932265093628,Tokyo
2021-03-16,86.6500015258789,87.52999877929688,86.12000274658203,86.91999816894531,9440,51.705251499856246,0.5530041464412818,0.9546732931487447,-0.4016691467074629,1.9080237595209695,86.76432560592636,84.05637054144391,76.1260841670038,92.4976626028476,83.44433721404694,0.050138959697862306,0.02206970302148037,Tokyo
2021-03-17,86.91999816894531,87.54000091552734,86.22000122070312,86.51000213623047,7624,50.57057355676576,0.47864413562804486,0.8594674616446047,-0.3808233260165599,1.8660220406140589,86.74010432309818,84.15259138829829,76.26361950434455,92.4471062488645,83.30989372061792,0.015137302241835071,0.022072053882152564,Tokyo
2021-03-18,86.62000274658203,87.37999725341797,85.3499984741211,85.44999694824219,10122,47.65856947079645,0.33037141545761983,0.7536482524072078,-0.42327683694958795,1.8777346648056885,86.61723695406427,84.20347003770786,76.38529337777366,92.38867107046401,83.04032825814927,-0.03282401331029283,0.02217432955970561,Tokyo
2021-03-19,85.73999786376953,85.77999877929688,83.6500015258789,84.68000030517578,14630,45.60426375812523,0.14901417980360065,0.6327214378864864,-0.4837072580828857,1.895753421135137,86.4327382255987,84.22215749917719,76.49515704568627,92.32522622429501,82.67677344001164,-0.032891700933302515,0.022204852789601423,Tokyo
2021-03-22,84.94999694824219,85.16000366210938,84.16999816894531,84.62000274658203,7589,45.43990572957014,0.00044088018908894355,0.5062653263470068,-0.5058244461579179,1.8310571405657745,86.26009675140664,84.23775927358521,76.60277089602926,91.89367555962195,82.47932401313196,-0.024215849222333108,0.021469038439402843,Tokyo
2021-03-23,84.58999633789062,84.87000274658203,83.3499984741211,83.52999877929688,10225,42.446880120594116,-0.2029196098357886,0.36442833911044775,-0.5673479489462363,1.8088390785582862,86.00008742072951,84.21000396008371,76.69452225872155,91.33769953489556,82.25129964112983,-0.03900137437945339,0.02146566294544228,Tokyo
2021-03-24,83.52999877929688,83.70999908447266,81.91000366210938,82.44000244140625,15536,39.63538257245026,-0.4468864297173667,0.20216538534488487,-0.6490518150622515,1.8082073888300716,85.661031708413,84.14059213582186,76.7706213339889,90.4415075632835,82.15849167377706,-0.04704657952053959,0.021248637146280513,Tokyo
2021-03-25,82.4000015258789,82.80999755859375,78.44000244140625,78.44000244140625,30348,31.412650304731244,-0.9520241213087104,-0.0286725159858342,-0.9233516053228762,1.991192226569888,84.97331463536474,83.91703959878595,76.79273234203417,91.13494383401348,80.48505586081075,-0.08203621717016507,0.02170168216308807,Tokyo
2021-03-26,78.23999786376953,81.12999725341797,77.12000274658203,80.37999725341797,22031,38.11801762786267,-1.1821805713544506,-0.25937412705955754,-0.9228064442948931,2.1353923894460345,84.5358558370841,83.77833205583035,76.84024578456906,91.19379373348562,79.68220571719797,-0.050779440673844545,0.022738297841217215,Tokyo
2021-03-29,80.73999786376953,80.8499984741211,79.93000030517578,80.48999786376953,11472,38.48524669433314,-1.3402554556488013,-0.4755503927774063,-0.864705062871395,2.0485785165531256,84.15053603010176,83.64937777378876,76.88858687171079,90.64015479083402,79.2588442326035,-0.048806484858916144,0.021533338384118736,Tokyo
2021-03-30,80.4800033569336,81.19999694824219,79.81999969482422,80.63999938964844,10761,39.01670473765409,-1.4368637993347022,-0.6678130740888655,-0.7690507252458367,2.0008227120434716,83.81619920720144,83.53136293519503,76.93827445472984,90.09815460096199,78.92084411729972,-0.034598341097602514,0.021582193276939873,Tokyo
2021-03-31,80.69999694824219,81.4000015258789,78.5999984741211,80.87999725341797,20609,39.9112031790042,-1.4770344521288052,-0.8296573496968535,-0.6473771024319518,2.0579070220230675,83.53656092588872,83.42738781041946,76.99048270371908,89.90251877021922,78.51447952079641,-0.018922915354072756,0.02091022911085014,Tokyo
2021-04-01,80.75,81.5199966430664,77.75,77.94999694824219,22212,33.45876839455276,-1.72540710242734,-1.0088073002429507,-0.7165998021843893,2.1801991378118775,83.00450721373191,83.21258816876545,77.0031915016598,90.12346031927811,77.52953803277268,-0.006246882686293809,0.022075118667961673,Tokyo
2021-04-05,78.75,79.5999984741211,77.6500015258789,77.87999725341797,10987,33.32017286771,-1.9059223214514702,-1.1882303044846547,-0.7176920169668155,2.163756124271185,82.51645864608297,83.00346695639888,77.01480482287515,90.13083918022191,76.6891589887234,-0.031102265307600407,0.021919034067588786,Tokyo
2021-04-06,77.69999694824219,80.87999725341797,77.69999694824219,79.22000122070312,21896,38.566319427327755,-1.9187368082373553,-1.334331605235195,-0.5844052030021603,2.236344994335799,82.20251031985632,82.85509575107749,77.04401272218414,89.80663607367495,76.25836255303403,-0.015778316272487602,0.022336547636519388,Tokyo
2021-04-07,79.22000122070312,80.63999938964844,78.83999633789062,79.5,18192,39.63504347880331,-1.8845746168209843,-1.4443802075523529,-0.4401944092686314,2.2051777127230854,81.9451283846319,82.7235233686823,77.07654235500289,89.82521460257438,75.91278435982797,-0.014136897300060958,0.019996926085698793,Tokyo
2021-04-08,79.80000305175781,81.94000244140625,79.5999984741211,81.41000366210938,20684,46.475350922944166,-1.6839677688271024,-1.4922977198073029,-0.19167004901979956,2.221950907629026,81.89416412534403,82.67201279195395,77.13393919350762,89.57202161839264,75.78497758815034,0.0065529973626328175,0.019583864291671166,Tokyo
2021-04-09,81.33000183105469,83.43000030517578,81.2699966430664,82.4000015258789,20738,49.659497261997174,-1.4286324569776099,-1.4795646672413643,0.050932210263754385,2.2175261043776224,81.94233911587118,82.66134568348042,77.20368836347279,88.73651300234016,76.0254865093786,0.057087937804429556,0.01776103474500644,Tokyo
2021-04-12,82.4000015258789,82.58999633789062,80.0199966430664,80.13999938964844,22018,43.323410649255024,-1.3925877824133153,-1.4621692902757544,0.06958150786243911,2.242702789409522,81.77068771337377,82.56246935823211,77.24257990024334,87.94494279013759,76.07505690468662,0.02901903204845424,0.018549187773166883,Tokyo
2021-04-13,80.13999938964844,81.97000122070312,79.83999633789062,81.81999969482422,23102,48.57596035588133,-1.214460588169004,-1.4126275498544043,0.19816696168540027,2.2346529389383063,81.77538409255952,82.53335290084357,77.30320797699277,87.270276438148,76.25972310408834,0.03281997518376234,0.01932788403767253,Tokyo
2021-04-14,81.69999694824219,84.33000183105469,81.38999938964844,84.19999694824219,16852,54.94612158695001,-0.871204907640319,-1.3043430214115874,0.43313811377126843,2.285035046257445,82.00629960262454,82.59871149093763,77.39455617528746,86.71662392134928,76.54137549881673,0.05911945846845512,0.02056213273413538,Tokyo
2021-04-15,84.16999816894531,85.2300033569336,83.48999786376953,85.0199966430664,16041,56.92592519299332,-0.5269310522812845,-1.1488606275855269,0.6219295753042424,2.246104363893632,82.2933183683809,82.69366384984464,77.49555538678123,86.37795725263676,76.73104161821284,0.044343358537855426,0.020698646607856315,Tokyo
2021-04-16,84.77999877929688,85.0999984741211,83.58999633789062,83.70999908447266,8030,52.92472725999044,-0.35569714119228024,-0.9902279303068776,0.6345307891145974,2.193525633346263,82.42824034134202,82.73352013355554,77.57786589933343,86.05196274285993,76.88303634161272,0.015898028329311753,0.02080397169943845,Tokyo
2021-04-19,83.80999755859375,85.04000091552734,83.12000274658203,83.26000213623047,8357,51.58346346353955,-0.2533831823220254,-0.8428589807099073,0.5894757983878819,2.1739879573176237,82.50745575037901,82.75416648660162,77.65312598194134,85.81236274039843,76.9806365271797,0.03893190379765632,0.02074567676558255,Tokyo
2021-04-20,83.48999786376953,84.5999984741211,83.48999786376953,83.7699966430664,5171,53.03611096034153,-0.12965179311970587,-0.7002175431918671,0.5705657500721613,2.114417127358552,82.62769774015875,82.79400296332572,77.73414413639334,85.65407676619144,77.05392189103513,0.023832766505932135,0.020803935436720582,Tokyo
2021-04-21,83.94999694824219,84.86000061035156,83.5,84.83000183105469,2637,55.99159950949359,0.05332508570307937,-0.5495090174128778,0.6028341031159572,2.060530233286624,82.83744098691074,82.87384605617785,77.82812900652131,85.89334230844058,76.94465665396176,0.007482243534993938,0.020782671984700515,Tokyo
2021-04-22,85.0,85.79000091552734,84.27999877929688,84.63999938964844,3159,55.31958291306063,0.18091845599958845,-0.40342352273038457,0.5843419787299731,2.021206797782613,83.0091132157429,82.94310697121593,77.91835245530446,86.2123219633805,76.84567669384606,-0.004469504450973827,0.02054034976890798,Tokyo
2021-04-23,84.5999984741211,87.7300033569336,84.5999984741211,87.51000213623047,1703,62.61798303573272,0.5077691110190727,-0.22118499598049313,0.7289541069995659,2.1004066609990337,83.43776930340839,83.12220089925572,78.04539417293262,87.1390265999697,76.8259720267393,0.04539485238702712,0.017903964129289483,Tokyo
2021-04-26,88.4000015258789,88.4000015258789,87.38999938964844,87.86000061035156,7,63.403080373752296,0.7859822476620195,-0.019751547251990603,0.8057337949140101,2.022520623515565,83.85893418978392,83.3079969663575,78.1753889601832,88.07776012635995,76.63523883604239,0.055248599040323754,0.017339171534558117,Tokyo
2021-04-27,87.63999938964844,88.9000015258789,87.63999938964844,90.06999969482422,7,67.97649212961164,1.1712946634779655,0.21845769489400063,0.9528369685839648,1.9680550172809155,84.450464237883,83.57317354394445,78.3329334732248,89.43544130312341,76.2355578423844,0.07520596041804017,0.017904921546595173,Tokyo
2021-04-28,88.73999786376953,88.73999786376953,88.73999786376953,88.73999786376953,0,62.88345334244312,1.3537325108453047,0.44551265808426144,0.9082198527610432,1.9224797896933277,84.85899124987219,83.77579410550622,78.47077538568236,90.25430133000071,76.22669766291921,0.046092136606361134,0.018472169735916442,Tokyo
2021-04-29,88.25,88.25,87.55999755859375,85.88999938964844,2,53.613647082213966,1.2538906894984336,0.6071882643670958,0.6467024251313378,1.869445540799217,84.95718250127945,83.85870411664906,78.56904325328456,90.50769547488939,76.47430373165359,0.01476843110838777,0.020284070033324976,Tokyo
2021-04-30,87.58999633789062,87.58999633789062,87.51000213623047,87.43000030517578,2,57.27838538023144,1.284226763590695,0.7425959642118157,0.5416307993788793,1.8573420699022862,85.19268895879338,83.99875494757168,78.68640692284605,90.6799648720879,77.25003467014842,-0.0009142021380612597,0.018200187966869813,Tokyo
2021-05-03,87.20999908447266,87.20999908447266,87.20999908447266,87.20999908447266,0,56.59054853264763,1.2758093252468967,0.849238636418832,0.4265706888280647,1.740389152102346,85.3848137326676,84.12468609019525,78.79930218326496,90.64407472769531,78.2189249976465,-0.007398150709804652,0.01823487760413868,Tokyo
2021-05-04,86.4000015258789,86.4000015258789,86.4000015258789,86.16999816894531,1,53.3302200340449,1.1717122925394676,0.9137333676429591,0.25797892489650853,1.673932609708875,85.45959320278928,84.204894407009,78.89692729565807,90.52409273834257,79.03390668182345,-0.04329967291099057,0.018435034101218942,Tokyo
2021-05-05,85.29000091552734,86.48999786376953,85.29000091552734,86.2300033569336,2,53.496691983979865,1.0815886802858188,0.9473044301715311,0.13428425011428768,1.6400800624612544,85.53296559842208,84.28431044426094,78.99405413090676,90.3218092572127,79.90919049864668,-0.028284815948375286,0.01845137342584447,Tokyo
2021-05-06,89.4800033569336,89.4800033569336,89.4800033569336,89.4800033569336,15415,61.505734426588404,1.2579124748986743,1.0094260391169598,0.24848643578171448,1.755074343714022,85.90887395637554,84.48806310750301,79.13294087562235,90.76683282063723,80.27116690470456,0.041797694641942496,0.019408681707415283,Tokyo
2021-05-07,90.80000305175781,91.0,88.5199966430664,89.66000366210938,15724,61.89714167794883,1.3960817118327356,1.0867571736601151,0.3093245381726204,1.80685498751542,86.26612440454068,84.69088430572286,79.27237217080761,91.22493817900255,80.5390617599623,0.025506157487701353,0.0193381960777592,Tokyo
2021-05-10,89.4000015258789,89.66999816894531,87.06999969482422,88.47000122070312,15080,57.718750962496344,1.3934952302092682,1.1481047849699457,0.24539044523932252,1.8635080937015396,86.4760174346514,84.83908496905542,79.39419507213073,91.01924776426375,81.57775235780656,0.014447909063844966,0.01832170377090257,Tokyo
2021-05-11,88.18000030517578,88.8499984741211,87.3499984741211,87.75,12054,55.28693324899084,1.3181525021552005,1.1821143284069968,0.1360381737482037,1.8375432298657153,86.59734910754175,84.9532384996807,79.50486798508264,90.85367718816315,82.33632296442474,0.018335869381787884,0.018149265447359723,Tokyo
2021-05-12,87.69000244140625,89.73999786376953,87.44000244140625,88.2300033569336,15259,56.599743956264085,1.282392484407751,1.2021699596071476,0.08022252480060343,1.8705755293298272,86.75283998843621,85.08173908231807,79.62043269199458,90.95829958234462,82.63470121111241,0.02319378316293652,0.017170402904128853,Tokyo
2021-05-13,88.2699966430664,88.2699966430664,84.75,84.9800033569336,23547,46.619161635765806,0.9805019578602412,1.1578363592577663,-0.1773344013975251,1.9883913231681543,86.58399840448358,85.07774944602848,79.69142038292092,90.95993076967113,82.62907069517263,-0.050290565837929235,0.019229317071277813,Tokyo
2021-05-14,84.9800033569336,86.25,82.0999984741211,82.43000030517578,22928,40.57371718710241,0.529385182700068,1.0321461239462266,-0.5027609412461587,2.142792051933208,86.18837953788284,84.9739161463872,79.72769296467264,91.1283263051046,82.33267528180946,-0.08063799979509723,0.020132186776156125,Tokyo
2021-05-17,82.69999694824219,83.56999969482422,82.0,82.31999969482422,16939,40.33075471224143,0.16113825680351113,0.8579445505176836,-0.6968062937141725,2.101878312139709,85.81996240997249,84.86984099142394,79.76202815315148,91.25418776999335,82.1128135727801,-0.06951510614922118,0.020103612158095304,Tokyo
2021-05-18,82.31999969482422,84.30000305175781,82.31999969482422,84.01000213623047,14835,45.70965988451193,0.005604384184138667,0.6874765172509746,-0.6818721330668359,2.0931729581964147,85.64758524104467,84.83612182063204,79.81829270921875,91.23513497235862,82.15586691973121,-0.04262105827657581,0.02059722693388594,Tokyo
2021-05-19,84.19000244140625,84.26000213623047,82.16000366210938,82.91999816894531,15976,43.016256589118505,-0.2032683895795202,0.5093275358848757,-0.7125959254643959,2.0936604950481774,85.38781504370186,84.76097971664433,79.85937490073832,91.37892917758602,81.8210723482929,-0.06018366752754967,0.02058050503915842,Tokyo
2021-05-20,83.2300033569336,83.79000091552734,81.5,81.52999877929688,21349,39.79590700509372,-0.4754818429608463,0.3123656601157313,-0.7878475030765776,2.1076848107966892,85.02040397090138,84.6342745818464,79.8815023693285,91.67318587064116,81.21581559420258,-0.040597839978259165,0.020880869435942542,Tokyo
2021-05-21,81.52999877929688,83.97000122070312,81.52999877929688,82.81999969482422,15495,43.98692847369671,-0.5804298391809368,0.1338065602563977,-0.7142363994373345,2.131421784411658,84.81084165889403,84.56312654706122,79.92042286370594,91.65373892900767,80.76626229169544,0.004731279730735949,0.019650961527041346,Tokyo
2021-05-24,82.69999694824219,82.93000030517578,82.12000274658203,82.81999969482422,9200,43.98692847369671,-0.6560394676817936,-0.02416264533124056,-0.631876822350553,2.0370343397103787,84.62123766231596,84.49476863128722,79.95882785484658,91.5448721764387,80.3711289527117,0.006073858137191301,0.019599046098893173,Tokyo
2021-05-25,82.5999984741211,83.52999877929688,82.4000015258789,82.70999908447266,13429,43.686173844706616,-0.7165765248238216,-0.16264542122975678,-0.5539311035940648,1.972245976403778,84.4392149406166,84.42477766866703,79.99526720888136,91.0033346512115,80.17666641690374,-0.01547438422450853,0.01848767733574191,Tokyo
2021-05-26,82.69999694824219,83.12999725341797,81.8499984741211,82.44000244140625,10342,42.91063846893985,-0.7773779226033781,-0.2855919215044811,-0.49178600109889703,1.9227997480389993,84.2488137502156,84.34694334602935,80.02764780798765,90.64960757733007,79.90039394854884,-0.005788660614307939,0.018318355308212367,Tokyo
2021-05-27,82.45999908447266,82.77999877929688,81.6500015258789,82.61000061035156,11402,43.589665156014526,-0.8025942302059264,-0.38899238324477015,-0.4136018469611562,1.8661709984232113,84.0927363083238,84.27882794463022,80.06185115636333,90.60542815100284,79.61657349694637,0.013246680329019433,0.017028886535959156,Tokyo
2021-05-28,82.61000061035156,82.91000366210938,81.93000030517578,82.12000274658203,11371,42.037619824277435,-0.8522923722441789,-0.4816523810446519,-0.37063999119952695,1.8028733097453815,83.90485692149124,84.19416813294205,80.0891114423265,90.38112685652148,79.30987503556837,-0.008452027901733161,0.01639763550277749,Tokyo
2021-06-01,82.38999938964844,84.8499984741211,82.30000305175781,84.25,18122,50.31864069086189,-0.7116026186140942,-0.5276424285585404,-0.18396019005555386,1.8690963395877873,83.93772769087303,84.19635761792472,80.14422254905065,90.12415398276609,79.27084800087648,0.017266364530850842,0.01761400587542119,Tokyo
2021-06-02,84.06999969482422,84.55999755859375,83.30000305175781,83.7699966430664,14992,48.63242356679225,-0.6315570381907634,-0.548425350484985,-0.08313168770577839,1.8255890658197982,83.92175330536763,84.17963757969498,80.19224604698465,89.97310709607103,79.18189473498364,0.012815833276834665,0.017476680677077715,Tokyo
2021-06-03,83.94000244140625,84.62000274658203,83.55000305175781,84.20999908447266,13158,50.27730555333841,-0.5265461232945938,-0.5440495050469067,0.01750338175231292,1.771618396462971,83.94920528433002,84.18082822694117,80.24546131900436,89.81720755789378,79.13579384591482,0.02147011876090632,0.017534946927056243,Tokyo
2021-06-04,84.20999908447266,86.33999633789062,83.58000183105469,85.80000305175781,19092,55.786954238788944,-0.3114341655350046,-0.4975264371445264,0.1860922716095218,1.8422166900610402,84.12547173837076,84.24432527889478,80.31903140817991,89.13799692904014,79.44700444425088,0.03861520902841531,0.015833073452567323,Tokyo
2021-06-07,85.83000183105469,86.5,84.0999984741211,84.36000061035156,15772,50.34589988334543,-0.2542220382226077,-0.44886555736014266,0.19464351913753497,1.8820584640480307,84.14780782141655,84.2488615664029,80.37255417906961,88.1649909289503,79.89001013916494,0.027277128456535182,0.016137615530719674,Tokyo
2021-06-08,84.5,85.9000015258789,84.26000213623047,85.13999938964844,15852,53.018841734034616,-0.1442784798633312,-0.3879481418607804,0.24366966199744922,1.8647685301623456,84.24230225648625,84.28380814770665,80.43569914874615,87.48146342221196,80.24053746279782,0.010563790975055554,0.01616729188344048,Tokyo
2021-06-09,85.86000061035156,86.7699966430664,85.22000122070312,86.62000274658203,13239,57.67458555432899,0.061566780713292246,-0.2980451573459659,0.3596119380592582,1.847999153252033,84.46874992220967,84.37542362217235,80.51761045467775,87.19755088756776,80.41145027210021,0.034021800378710054,0.016641219721233218,Tokyo
2021-06-10,86.55000305175781,87.44999694824219,85.79000091552734,87.36000061035156,17670,59.81867106088778,0.2811711104035055,-0.18220190379607165,0.46337301419957716,1.834570358927948,84.74410713060414,84.49246585700291,80.60823813885887,86.93007517894067,80.59192570606909,0.03740650231713083,0.01671395357996094,Tokyo
2021-06-11,87.19999694824219,87.73999786376953,86.61000061035156,87.0,17975,58.27213772154199,0.421303558076886,-0.06150081142148012,0.48280436949836614,1.784243708534378,84.95895407054661,84.5908005292773,80.69289723635742,87.31104424472686,80.41295630458954,0.013985977920283998,0.014315160652266823,Tokyo
2021-06-14,87.0,87.0,83.0999984741211,84.94999694824219,16253,50.297596415150636,0.36275975018131135,0.02335130089907818,0.3394084492822332,1.9353692669161302,84.95810101127952,84.60488666335436,80.7492826630049,87.40070513533281,80.57529507829024,0.006993792480108452,0.013603783631236611,Tokyo
2021-06-15,84.9000015258789,85.5999984741211,84.13999938964844,85.27999877929688,8536,51.449419332552516,0.33908301256742845,0.08649764323274824,0.25258536933468023,1.9014142538844536,84.98875794156689,84.63136164829328,80.8092921479889,87.50052378964695,80.77147633242338,0.0016443433245485473,0.013596418902079386,Tokyo
2021-06-16,85.44999694824219,85.94999694824219,84.55999755859375,85.33000183105469,5795,51.63232551076728,0.32065751557348676,0.13332961770089596,0.1873278978725908,1.864884620724738,85.02125735961334,84.65875930251921,80.86916909743348,87.60765291345633,80.79634717809641,-0.014892644592743864,0.012875929245667727,Tokyo
2021-06-17,85.1500015258789,85.4800033569336,83.6500015258789,84.16999816894531,6063,47.19073775963603,0.21003146350884094,0.14866998686248498,0.06136147664635597,1.8623929928911631,84.9401850557402,84.63959219924182,80.91288868778464,87.61654921385637,80.91245087769637,-0.03651559545694716,0.012912167539540815,Tokyo
2021-06-18,84.13999938964844,85.19999694824219,84.11000061035156,84.41999816894531,3969,48.22446622956083,0.14090812968601085,0.14711761542719015,-0.006209485741179299,1.8072218032482674,84.89064344747402,84.63098066864195,80.95934046899208,87.50402785753292,81.31397217298465,-0.029655193460398688,0.012228723706276532,Tokyo
2021-06-21,84.3499984741211,84.5,83.5999984741211,84.08999633789062,3666,46.918881529440874,0.05882094851919817,0.12945828204559176,-0.07063733352639359,1.7424203548647417,84.81439134179942,84.6097655968478,81.00080610963974,87.48116747140193,81.46383222342229,-0.010123609667408662,0.011830551265602942,Tokyo
2021-06-22,83.88999938964844,84.8499984741211,83.5999984741211,84.22000122070312,2797,47.52164350278507,0.004208065624041524,0.10440823876128172,-0.1002001731372402,1.7072474723744029,84.75778275883786,84.59448071935192,81.04344445548163,87.45282212431245,81.63217772309967,-0.012429615077000689,0.011830364954745109,Tokyo
2021-06-23,84.5,86.66000366210938,84.19999694824219,86.45999908447266,2443,56.654774221631314,0.14006152752398293,0.11153889651382196,0.028522631010160976,1.7610159896238875,84.9198985993745,84.66763830229785,81.11518690089875,87.62638610886957,81.83361373854255,0.013242672321222448,0.013103236289463293,Tokyo
2021-06-24,85.27999877929688,86.2699966430664,85.27999877929688,86.02999877929688,99,54.687200633677755,0.21060126361363984,0.13135136993378554,0.0792498936798543,1.7195148693061657,85.02562242603378,84.72106420335663,81.18028374697025,87.64905430696528,82.16994517423588,0.022098142459480385,0.013146603765896173,Tokyo
2021-06-25,86.43000030517578,86.43000030517578,86.43000030517578,86.43000030517578,0,56.21069241784015,0.2953763778438514,0.16415637151579873,0.13122000632805267,1.6252639162042184,85.15937270023778,84.78808130538876,81.24981641661536,87.69377492085334,82.50722452983024,0.02380954963073978,0.01315850870034206,Tokyo
2021-06-28,85.16999816894531,85.16999816894531,85.16999816894531,86.66000366210938,4,57.103782833437805,0.3767773604537581,0.20668056930339063,0.17009679115036747,1.5991737890632363,85.30228993470175,84.86149002526015,81.3214745258272,87.59684802029108,83.05815152194526,0.03056258099824305,0.013015864397056669,Tokyo
2021-06-29,86.48999786376953,86.48999786376953,86.48999786376953,86.48999786376953,1,56.1915357259281,0.4226975838793834,0.24988397221858918,0.1728136116607942,1.4970903611544226,85.41540497556534,84.92535307775071,81.3899317885814,87.70604066667777,83.17295866193551,0.026953177513234117,0.011870651886763856,Tokyo
2021-06-30,85.19999694824219,85.19999694824219,85.19999694824219,84.02999877929688,2,44.99119903018884,0.25761865721641186,0.2514309092181537,0.006187747998258164,1.4822982578953456,85.28346152830167,84.89024114447801,81.42489956329287,87.68139191507723,83.22360762715911,-0.02810548613124131,0.01359419850771422,Tokyo
2021-07-01,85.01000213623047,85.01000213623047,85.01000213623047,85.01000213623047,0,49.324653195789324,0.2035243966265483,0.24184960669983263,-0.03832521007328432,1.446420050683792,85.25741777667585,84.8949376539585,81.47238436558344,87.65523731468402,83.32976253272808,-0.011856290335225173,0.013792166511123007,Tokyo
2021-07-02,86.02999877929688,86.02999877929688,86.02999877929688,86.02999877929688,0,53.43620929016292,0.2401907406639765,0.24151783349266143,-0.0013270928286849282,1.4159612358539788,85.3309969197826,84.93944985495216,81.53275011940745,87.6760474366282,83.33195198353782,-0.004628040315475368,0.013398214004295715,Tokyo
2021-07-06,86.37999725341797,86.37999725341797,86.37999725341797,86.37999725341797,0,54.79164913165204,0.29410082306574736,0.2520344314072786,0.04206639165846876,1.3398210385873441,85.43090171346216,84.99594190979396,81.5969520682023,87.74061863079353,83.46938045367912,-0.003231091586185064,0.01280028417049301,Tokyo
2021-07-07,86.62999725341797,86.62999725341797,86.62999725341797,86.62999725341797,0,55.78177802737582,0.3529295107245076,0.27221344727072444,0.08071606345378318,1.261976678688248,85.54510128869605,85.0600225115047,81.6636149183376,87.85048115459036,83.50851771625925,0.001618677224029419,0.012669256021581974,Tokyo
2021-07-08,85.87999725341797,85.87999725341797,85.87999725341797,85.87999725341797,6,52.095570302146264,0.3351693143235508,0.28480462068128976,0.05036469364226104,1.2254069159248018,85.57699614247909,85.09217838373658,81.71946104198105,87.77079426341237,83.51420405812084,0.02201592884679293,0.012225215893004864,Tokyo
2021-07-09,86.98999786376953,88.0,86.98999786376953,87.98999786376953,11,60.08674460760222,0.48575417421609757,0.3249945313882513,0.16075964282784627,1.2893066181146038,85.80680583022104,85.20581836334573,81.80251450981932,87.92446724667471,83.4235308002003,0.035054648307896175,0.013293323131221883,Tokyo
2021-07-12,88.0999984741211,88.41000366210938,88.0,88.47000122070312,8,61.65386687714914,0.6364889712751562,0.38729341936563233,0.24919555190952392,1.2272137024164067,86.06044348645743,85.3338255342225,81.89082559208268,88.26096550320194,83.23403266574336,0.028362228013810498,0.013295481231790683,Tokyo
2021-07-13,88.66999816894531,88.66999816894531,88.66999816894531,88.7699966430664,11,62.641133508516916,0.7712638576920057,0.46408750703090706,0.3071763506610986,1.1538410771182481,86.31849616803923,85.46857734241246,81.98194044044008,88.75865400269096,83.11834413573676,0.027668435582797635,0.011962191924914939,Tokyo
2021-07-14,89.5,90.33000183105469,89.5,90.56999969482422,65,67.96977149867345,1.011657372743528,0.5736014801734313,0.4380558925700968,1.1828527993232505,86.72340126582829,85.66863312093841,82.09568956963723,89.67911372489809,82.72688450508238,0.04548080995409243,0.012612379718533143,Tokyo
2021-07-15,90.43000030517578,90.7300033569336,90.05000305175781,89.83999633789062,37,63.983846089548784,1.1302371253191694,0.6849286092025789,0.4453085161165905,1.1469347640270025,87.02021984411994,85.83221599219144,82.19826316921674,90.23554612080422,82.62145155985984,0.046110843166277116,0.012847251914098516,Tokyo
2021-07-16,89.6500015258789,90.68000030517578,89.6500015258789,90.69999694824219,7,66.47788569363034,1.2788653320054237,0.803715953763148,0.47514937824227577,1.1385821936891363,87.37067480641728,86.02310936301696,82.3108689146343,90.85525472330215,82.65474283529159,0.0307989447694772,0.012339261149725157,Tokyo
2021-07-19,90.55000305175781,90.55000305175781,86.94000244140625,87.11000061035156,205,50.695979435337584,1.0943564945403494,0.8618440619185883,0.23251243262176113,1.325825930342479,87.34584869250627,86.06573254918695,82.37443357285572,90.84103323689705,82.93796456583733,-0.015372449322780257,0.015803134798186878,Tokyo
2021-07-20,87.87999725341797,89.3499984741211,87.56999969482422,88.87000274658203,15,56.18740510770166,1.077726020276529,0.9050204535901766,0.1727055666863525,1.3911239255872687,87.49100622146587,86.17570392947695,82.46046760164681,90.94293771777122,83.3140607258323,0.0011265755018301515,0.016264561095880505,Tokyo
2021-07-21,88.47000122070312,88.91999816894531,88.47000122070312,89.08999633789062,5,56.834577948357115,1.0699640147294645,0.9380091658180343,0.13195484891143017,1.3239005700626199,87.6432909944587,86.28998990627748,82.54827592927917,91.02293937936436,83.72105857595791,-0.016340988869608775,0.01626222290562137,Tokyo
2021-07-22,89.30999755859375,90.62999725341797,89.30999755859375,90.2699966430664,20,60.228126955696666,1.1458204277225121,0.9795714181989299,0.16624900952358224,1.339336309024386,87.89345343718324,86.44606860183784,82.6505503758194,91.40561519587193,83.7193825153097,0.004786290323950393,0.01551546587451425,Tokyo
2021-07-23,90.62000274658203,90.62999725341797,89.7300033569336,90.31999969482422,20,60.37030676220455,1.1961831551054587,1.0228937655802357,0.173289389525223,1.3079547081286709,88.1245530807681,86.59798746822946,82.7521324860049,91.73707277694653,83.81692502578785,-0.0041896060220907305,0.015430471315900538,Tokyo
2021-07-26,89.56999969482422,90.37999725341797,88.6500015258789,90.29000091552734,17,60.23119140227536,1.21961635051737,1.0622382825676626,0.15737806794970743,1.3381004952294133,88.33078620788802,86.74277230929997,82.85197180295222,92.0286783358459,83.91131952792362,0.03650557092061235,0.015433108916331926,Tokyo
2021-07-27,90.69999694824219,91.0,90.44999694824219,90.73999786376953,35,61.6584796821379,1.2599741222751533,1.1017854505091609,0.15818867176599238,1.2932361087467878,88.5602349370196,86.8995262526125,82.95644896932068,92.36347572869954,83.984521555236,0.02104191582529702,0.015445509835659869,Tokyo
2021-07-28,91.0,91.51000213623047,90.79000091552734,90.91000366210938,41,62.21027961893019,1.2907964957731792,1.1395876595619647,0.1512088362112145,1.2558624061549415,88.7840224346472,87.05679987651435,83.06179406458939,92.67576875991173,84.11422910385781,0.020428862936709757,0.015413559150090914,Tokyo
2021-07-29,91.30000305175781,91.43000030517578,90.41000366210938,90.76000213623047,30,61.37102770737161,1.2882692137340257,1.169323970396377,0.11894524333764878,1.2390148516486175,88.97221097765514,87.20202349454243,83.16375708540583,92.60635924900014,84.85663895046277,0.0054282210190121916,0.013594719849691347,Tokyo
2021-07-30,90.43000030517578,90.43000030517578,89.26000213623047,89.83000183105469,50,56.299842593937576,1.197419960284961,1.1749431683740938,0.022476791910867044,1.2576566479594307,89.05390534464557,87.3050814685233,83.25205171779854,92.45220322605019,85.49279494289513,-0.0054251313709604565,0.013818119491488059,Tokyo
2021-08-02,90.08999633789062,90.69000244140625,89.75,90.06999969482422,12,57.28086182025131,1.131741087481302,1.1663027521955356,-0.0345616647142335,1.2349670617770607,89.15067623513877,87.41350963426059,83.34235566451412,92.39433039455052,85.95466786594751,-0.002436606694787291,0.013648804600940869,Tokyo
2021-08-03,89.83999633789062,90.19999694824219,89.63999938964844,90.30000305175781,17,58.248206256226446,1.085733792960525,1.1501889603485336,-0.0644551673880085,1.1867549544068243,89.26013593195964,87.5267054545546,83.43450993454384,92.34172757576609,86.39927126456594,-0.00484896211560748,0.013642699745807856,Tokyo
2021-08-04,90.69000244140625,91.0199966430664,90.44000244140625,90.72000122070312,39,60.0281677893345,1.0708192845998639,1.1343150251987997,-0.06349574059893581,1.1534148570426648,89.39917072136377,87.6519327395016,83.53100650787046,92.30527166728795,86.84472756977259,-0.0020900058712178815,0.013652840796854181,Tokyo
2021-08-05,90.37999725341797,91.41000366210938,90.37999725341797,91.16999816894531,35,61.90222130302618,1.0828282521588477,1.1240176705908094,-0.041189418431961666,1.1445999678747176,89.56782095446678,87.78989608967586,83.63218520536815,92.03519417615243,87.64380515246086,0.004517364731872142,0.01341293980342486,Tokyo
2021-08-06,91.13999938964844,92.44000244140625,91.13999938964844,92.41999816894531,47,66.58831945275229,1.1796121640394404,1.1351365692805357,0.04447559475890461,1.1557001881520816,89.83945687965522,87.97146872023545,83.74858007905792,92.36235734917445,87.75964200995641,0.028832197318237718,0.012716630137949535,Tokyo
2021-08-09,92.13999938964844,92.13999938964844,90.69999694824219,91.30000305175781,46,59.52364660712741,1.152652801731037,1.138639815770636,0.014012985960400792,1.1960074047628706,89.97855651509356,88.10199947833438,83.84859892637846,92.43906582217382,87.96593372006252,0.013656082614645237,0.013104176272152348,Tokyo
2021-08-10,91.8499984741211,92.86000061035156,91.81999969482422,92.73999786376953,13,64.70805365725994,1.2332665307754525,1.1575651587715994,0.07570137200385307,1.2220067014650764,90.24155092925318,88.2838817679593,83.96636579972139,92.8009720886686,88.00102757563803,0.027020982608529698,0.01347505772130606,Tokyo
2021-08-11,92.62999725341797,92.69000244140625,92.4800033569336,91.63999938964844,6,58.53976708567023,1.1946219498316566,1.1649765169836108,0.029645432848045772,1.1532915447058523,90.37473649690986,88.41549422371182,84.06800333071381,92.91721895744028,87.99178067634877,0.010141073154387836,0.01313527241506616,Tokyo
2021-08-12,91.79000091552734,94.0999984741211,91.55999755859375,93.7699966430664,32,65.41471230706338,1.3206452419593688,1.1961102619787625,0.12453497998060636,1.2523422140502447,90.69809460606763,88.62547471074532,84.19650655339397,93.50356436598548,87.79843529832115,0.028518136737296862,0.013871341798202576,Tokyo
2021-08-13,93.19999694824219,95.5,93.19999694824219,95.20999908447266,35,69.14032512517689,1.5192033408957286,1.2607288777621557,0.2584744631335729,1.3271751310293567,91.12779979448715,88.88369135285228,84.3423806266533,94.3833776474353,87.36962223049439,0.030188281441286824,0.014088573672364144,Tokyo
2021-08-16,94.9800033569336,95.0,94.58000183105469,94.8499984741211,13,67.19161998569521,1.628737947032704,1.3343306916162656,0.2944072554164383,1.2773767111999719,91.48229490683323,89.11766418113734,84.48155437297737,94.72830645894963,87.798693205357,0.03888275250495665,0.010026427822842918,Tokyo
2021-08-17,95.80999755859375,97.33000183105469,95.18000030517578,95.69999694824219,41,69.38563483981977,1.763800688271786,1.4202246909473697,0.34357599732441635,1.3632786144666593,91.88398081553885,89.37579487788656,84.63014301635836,95.40650730094919,87.80349178352347,0.0319171787001844,0.009396870550762779,Tokyo
2021-08-18,95.44000244140625,96.31999969482422,94.38999938964844,95.5199966430664,41,68.34333960465409,1.8351597838351523,1.5032117095249262,0.3319480743102261,1.4037587352315966,92.23026803720813,89.61674396671715,84.7743794882353,95.9154093643233,87.93758975066694,0.042339560009384325,0.009476985992520323,Tokyo
2021-08-19,95.23999786376953,95.48999786376953,93.2699966430664,93.47000122070312,21,57.7106841245227,1.7066220069645368,1.5438937690128485,0.16272823795168834,1.464204539857911,92.34833786420765,89.76785209432444,84.88955328601632,96.05228903913863,88.12071053361527,-0.0031992687757599336,0.010726608318057381,Tokyo
2021-08-20,92.77999877929688,94.54000091552734,92.77999877929688,93.9000015258789,13,59.14642532848671,1.6207691063310392,1.5592688364764866,0.06150026985455259,1.4853329395988082,92.49611535579538,89.92989717007168,85.00889697131252,96.21872630752858,88.31227344833079,-0.013759033412357069,0.010741038317977378,Tokyo
2021-08-23,94.87000274658203,95.0199966430664,94.37000274658203,94.54000091552734,19,61.25485111093765,1.5860892169026215,1.5646329125617138,0.021456304340907728,1.4592373808551435,92.69077112338891,90.11068555224642,85.13513675865312,96.44100325886134,88.51499649699804,-0.0032682927103929726,0.010779669621925841,Tokyo
2021-08-24,94.38999938964844,95.87999725341797,93.08999633789062,95.76000213623047,10,64.96657947828999,1.6381653072708673,1.5793393915035447,0.058825915767322545,1.554291919046015,92.98307883889763,90.33222737906934,85.27586345239587,96.86081492702672,88.59718525607875,0.0006270134785975046,0.011022279039085868,Tokyo
2021-08-25,95.87000274658203,96.20999908447266,95.6500015258789,95.94999694824219,8,65.52054835114009,1.6754533937623677,1.5985621919553092,0.07689120180705844,1.4832708932994245,93.265642468359,90.55253206805651,85.41724270399648,97.25792663681196,88.70407287490679,0.004501678394970954,0.011021874418335085,Tokyo
2021-08-26,95.66000366210938,95.66000366210938,95.31999969482422,95.36000061035156,7,62.22980856075535,1.6385089856403567,1.606551550692319,0.03195743494803782,1.4223227761650348,93.46510514854877,90.74106024618573,85.54893486169655,97.4797677054657,88.94223165366516,0.02022038477549315,0.011161069501852723,Tokyo
2021-08-27,95.19000244140625,96.30999755859375,95.1500015258789,96.2699966430664,11,65.13812480626868,1.6634837455831075,1.6179379896704766,0.04554575591263088,1.4035851516328783,93.73223767183617,90.95788128135753,85.69093567999285,97.69824273755862,89.36775610277343,0.02523956420314155,0.010842083415864465,Tokyo
2021-08-30,96.01000213623047,96.08000183105469,95.52999877929688,95.61000061035156,5,61.442821399080714,1.6114445293036397,1.6166392975971093,-0.005194768293469654,1.3561860596426392,93.91107223740907,91.14031733347495,85.82231402344131,97.73551472762966,89.8844842042551,0.011317957313965676,0.011086304440171729,Tokyo
2021-08-31,95.26000213623047,95.26000213623047,94.45999908447266,93.91000366210938,13,53.088572694803744,1.4166967311701768,1.576650784311723,-0.1599540531415462,1.3414585929452296,93.91097046833292,91.24893248361748,85.92943574050976,97.55152399784902,90.4294749950709,-0.019319114795854353,0.012034798333821583,Tokyo
2021-09-01,94.0999984741211,95.25,93.88999938964844,94.1500015258789,36,54.038680007490974,1.2671169840880054,1.5147440242669796,-0.2476270401789742,1.3427830227599675,93.93373533095635,91.3626998970395,86.03831740654115,97.37300986078434,90.95098916265316,-0.018759723602015832,0.012019369233247668,Tokyo
2021-09-02,95.13999938964844,95.13999938964844,95.13999938964844,95.13999938964844,0,57.83255378989196,1.2144589835227606,1.4546870161181358,-0.24022803259537517,1.3175840828320793,94.04861762226037,91.51082928890652,86.1588694857876,97.2693483841183,91.45165076138952,-0.0023070597660970193,0.012156429752442102,Tokyo
2021-09-03,95.5,95.5,95.37999725341797,95.62000274658203,7,59.57490666835225,1.1976535929376126,1.4032803314820312,-0.2056267385444186,1.2491852633691851,94.19827334838624,91.67197334607027,86.2841825091094,97.3302743858476,91.71072521742387,-0.006751780608181712,0.011877874130926544,Tokyo
2021-09-07,95.9000015258789,95.9000015258789,95.87999725341797,95.41000366210938,9,58.43726238212423,1.1540864386700775,1.3534415529196406,-0.1993551142495631,1.17995765736402,94.3136762354075,91.81856277022868,86.4050543124604,97.11348784558659,92.33851181872005,-0.002091799466221622,0.01146564000570068,Tokyo
2021-09-08,95.83999633789062,96.12000274658203,95.83999633789062,95.19999694824219,3,57.259676818085694,1.0900479738081543,1.3007628370973434,-0.2107148632891891,1.1463891878717798,94.39808773186795,91.95116803211155,86.5215436188946,97.05202927901102,92.64597029374288,0.013736484249050163,0.011051063587110613,Tokyo
2021-09-09,95.58999633789062,95.58999633789062,94.55000305175781,94.55999755859375,9,53.70769918420739,0.9763991058810433,1.2358900908540833,-0.25949098497304,1.1387894806047107,94.41350771536565,92.05347507236576,86.62801320749989,96.6115508818858,93.37844850776263,0.004354710845141607,0.010781558073035843,Tokyo
2021-09-10,94.76000213623047,95.30999755859375,93.5,95.2300033569336,32,56.73360708052535,0.9296786706959637,1.1746478068224593,-0.24496913612649562,1.186732914746785,94.49126920503879,92.17804480901547,86.74194685186325,96.58011897119003,93.55588108984513,0.0009460160590977207,0.009645725619715717,Tokyo
2021-09-13,94.18000030517578,94.18000030517578,94.18000030517578,94.41000366210938,2,52.23356648783723,0.8170666313405235,1.1031315717260721,-0.28606494038554864,1.1769664959618586,94.4835296295217,92.26557260717601,86.84351051822412,96.56639918013283,93.489601338666,-0.012654246493586374,0.009230001072457118,Tokyo
2021-09-14,94.51000213623047,95.0999984741211,93.72000122070312,94.95999908447266,60,54.82197795557323,0.7634008036427105,1.0351854181093998,-0.27178461446668933,1.1914686929230094,94.52890767285037,92.3712363905994,86.95101367804199,96.570005066093,93.49699551374097,-0.004716534538981798,0.009295013178690035,Tokyo
2021-09-15,94.7699966430664,94.7699966430664,94.63999938964844,94.66999816894531,6,53.18543213564603,0.6895212268157991,0.9660525798506797,-0.27653135303488063,1.1292209073445243,94.54234486295465,92.46138391131886,87.05325188321952,96.49328380873368,93.47071689317062,-0.005567214246708696,0.009077214951299713,Tokyo
2021-09-16,95.54000091552734,95.54000091552734,93.4000015258789,93.41000366210938,47,46.66707678785066,0.5232681934082137,0.8774957025621866,-0.35422750915397283,1.2014193703662324,94.43450284382654,92.49858468585967,87.13744727101938,96.51858051833719,93.2344208854714,-0.012161526292043146,0.009521191995709215,Tokyo
2021-09-17,93.12000274658203,93.27999877929688,93.11000061035156,93.31999969482422,15,46.23120551874779,0.37986999385064735,0.7779705608198787,-0.39810056696923135,1.137032490465631,94.3283596867787,92.5307970391524,87.21933538259296,96.53925769112806,93.19874356009265,-0.020056742568310693,0.008199744736684363,Tokyo
2021-09-20,92.37000274658203,92.8499984741211,90.52999877929688,89.88999938964844,56,33.420399155346516,-0.010426283638395262,0.620291191928224,-0.6307174755666193,1.2551016636843249,93.90565870609962,92.427236347015,87.254708415799,97.4328922137246,91.90410882387305,-0.04787632768914929,0.011615864703414873,Tokyo
2021-09-21,89.79000091552734,91.87999725341797,89.79000091552734,91.18000030517578,48,40.13881806160909,-0.21318909144514464,0.45359513525355033,-0.666784226698695,1.3147369975562033,93.64607219172592,92.37832512968797,87.30669903685036,97.67565015707702,91.32535081948548,-0.039806221732735514,0.01203129877527913,Tokyo
2021-09-22,92.04000091552734,92.11000061035156,91.77999877929688,91.83000183105469,45,43.246439073479884,-0.31776736226127866,0.29932263575058454,-0.6170899980118632,1.287255805243316,93.47311310975724,92.35682225523176,87.36661033213784,97.63362687212431,90.9743740739206,-0.029998905596495873,0.011729441748822362,Tokyo
2021-09-23,92.13999938964844,92.13999938964844,92.13999938964844,93.30999755859375,3,49.655122499749304,-0.2780182872022863,0.1838544511600104,-0.4618727383622967,1.2174516447683472,93.45757829536072,92.39420167889303,87.44533069275316,97.43553795648467,90.9084630505954,-0.001070614490899402,0.012385465458198542,Tokyo
2021-09-24,96.8499984741211,96.8499984741211,96.8499984741211,96.8499984741211,0,60.99935438929622,0.038685685517933166,0.15482069803159496,-0.11613501251366179,1.3833480212511327,93.78066593143313,92.56893880811766,87.56989582893021,97.68743168291194,90.80556911054511,0.03782681944749999,0.015026259678183568,Tokyo
2021-09-27,98.91000366210938,98.91000366210938,98.91000366210938,98.91000366210938,0,65.82521935681763,0.4507056143488626,0.21399768129504848,0.2367079330538141,1.4316806760180718,94.26917428673563,92.81760801807813,87.72009593268095,98.31337270697962,90.4436287883817,0.10034491415848934,0.015590447638523392,Tokyo
2021-09-28,100.91000366210938,100.91000366210938,100.91000366210938,100.91000366210938,0,69.7400895997477,0.9279211641241147,0.35678237786086175,0.571138786263253,1.4722749134453526,94.90163422724741,93.13495686686367,87.89479669730915,99.52708713944223,89.75991466109487,0.10671203470462443,0.01599779311621065,Tokyo
2021-09-29,101.91000366210938,101.91000366210938,101.91000366210938,103.94000244140625,2,74.50508370864898,1.5329426950415126,0.5920144412969919,0.9409282537445207,1.4385409910563989,95.76243120002445,93.55868414429672,88.10731597868792,101.53811552480656,88.75188615366025,0.1318741192299122,0.016297748702740044,Tokyo
2021-09-30,107.80000305175781,107.80000305175781,107.80000305175781,107.80000305175781,0,79.03439125011693,2.2974132571838624,0.933094204474366,1.3643190527094964,1.6115023924346248,96.90886661447524,94.11716723870695,88.36814627104647,104.33736551153515,87.31763631951952,0.1552888851386487,0.01772329842850571,Tokyo
2021-10-01,106.52999877929688,106.52999877929688,106.52999877929688,106.52999877929688,0,74.35397069484819,2.7688652000086478,1.3002484035812225,1.4686167964274253,1.5871096695793614,97.82516491588683,94.60394494618107,88.6087006089041,106.14723679278947,86.64676497723005,0.09994837849958604,0.01817517340454498,Tokyo
2021-10-04,106.93000030517578,106.93000030517578,106.93000030517578,106.93000030517578,0,74.85897250845444,3.1385913145425093,1.66791698577348,1.4706743287690294,1.5023162307436146,98.69229209581911,95.08731966614165,88.85136683004677,107.7768506318262,86.1481508940527,0.08108377662651645,0.018179754732094183,Tokyo
2021-10-05,110.93000030517578,110.93000030517578,110.93000030517578,110.93000030517578,0,79.25758037169271,3.7115836684987755,2.076650322318539,1.6349333461802367,1.6807222142619278,99.85778811575784,95.70860125982927,89.14379906150543,110.18755937233237,85.28944181785317,0.0992963658649515,0.019348013508212285,Tokyo
2021-10-06,113.0999984741211,113.0999984741211,113.0999984741211,113.0999984741211,48,81.18115583518141,4.291317319195215,2.5195837216938743,1.771733597501341,1.7156704967393126,101.11895100703053,96.39061683686033,89.46109971597717,112.77311780070069,84.49388354207274,0.08812772577986583,0.01937789638061776,Tokyo
2021-10-07,113.6500015258789,113.6500015258789,113.6500015258789,113.6500015258789,26439,81.6457532552179,4.7404955816281245,2.963766093680724,1.7767294879474003,1.6324085363834913,102.31238438977799,97.06745545211598,89.78148252140633,115.08225873589062,84.09374300361132,0.054267145719025134,0.019065074312875047,Tokyo
2021-10-08,111.61000061035156,116.4800033569336,110.33000183105469,110.5999984741211,32335,71.15494828796814,4.795088044287169,3.3300304838020134,1.465057560485156,1.9550937499188783,103.10168096923923,97.59814341376324,90.05722445455488,116.45358920727543,84.25941204394528,0.038205197986120654,0.020733419998003152,Tokyo
2021-10-11,110.0,110.93000030517578,107.3499984741211,109.79000091552734,22843,68.63277517088565,4.71859984888394,3.6077443568183987,1.1108554920655416,2.0711586128571504,103.73866382126667,98.07625547265596,90.31858573218366,117.49366679805243,84.75733417851006,0.026746475284664673,0.020682265870928522,Tokyo
2021-10-12,109.41999816894531,112.88999938964844,106.06999969482422,106.37999725341797,24515,59.130319928544935,4.332876898255748,3.7527708651058687,0.5801060331498791,2.4103615472833697,103.99021938623346,98.40189240523486,90.53131965961724,117.95546155614426,85.43753923731276,-0.04101688487551114,0.02245839643284664,Tokyo
2021-10-13,106.37999725341797,106.4000015258789,103.5,103.86000061035156,25100,53.26154038895117,3.780269419561648,3.7582705759970247,0.02199884356462345,2.4453358314687654,103.97781759805424,98.61593586425906,90.70785848015677,118.09514021555101,86.21686082204666,-0.08169759494633222,0.023355648265957412,Tokyo
2021-10-14,104.0,107.86000061035156,103.91000366210938,107.0999984741211,20790,58.90854944464596,3.562696216901884,3.7191557041779966,-0.1564594872761127,2.5563832720781394,104.27516815767966,98.94864420190072,90.92497291716293,118.36872030625628,87.31228021254256,-0.057633110108373686,0.023644653279294353,Tokyo
2021-10-15,107.44999694824219,111.0999984741211,106.44999694824219,107.33000183105469,27340,59.28462633593308,3.3699802009334974,3.649320603529097,-0.27934040259559945,2.7059274330639087,104.5661046980011,99.27732489324009,91.14225806834031,118.51500148415641,88.56699924826546,-0.02956597367251812,0.02360083496058505,Tokyo
2021-10-18,107.23999786376953,109.69000244140625,105.41000366210938,107.04000091552734,15931,58.55692476194686,3.1574535603927245,3.5509471949018225,-0.393493634509098,2.8183611006519778,104.80171386157502,99.58174356078077,91.35282419876664,117.98049641702352,90.81650446798625,-0.025047818353839513,0.021326624039890326,Tokyo
2021-10-19,107.12999725341797,108.37000274658203,105.25,107.83000183105469,14642,59.99742099843985,3.0179817234824213,3.4443541006179426,-0.42637237713552123,2.8399069325041246,105.09012223962071,99.90520466941895,91.57106496210821,117.3655163003875,93.09648473721015,0.013630425033594573,0.021288424888434684,Tokyo
2021-10-20,107.3499984741211,111.0,106.5,110.7300033569336,16189,64.83008682336384,3.1056551157341232,3.376614303641179,-0.27095918790705564,2.9584850087538297,105.62725377460289,100.32970657873325,91.82482573554961,116.76111935936909,95.59088183081646,0.06614676204707548,0.02166702483272915,Tokyo
2021-10-21,110.41999816894531,111.3499984741211,105.87999725341797,106.13999938964844,20954,53.75986209322139,2.772798851695086,3.2558512132519604,-0.4830523615568745,3.137879023893065,105.67608669032151,100.55756119876915,92.01443068461052,115.50444583509818,98.13055553819282,-0.00896357701353867,0.02447117102505393,Tokyo
2021-10-22,106.29000091552734,109.05000305175781,106.23999786376953,108.26000213623047,13639,57.379817227715805,2.649532210346891,3.134587412670947,-0.4850552023240562,3.1216022123370872,105.92217387564617,100.85961770612057,92.22960381642007,114.71020397443972,100.06579776506224,0.00866486806400757,0.023611113697352856,Tokyo
2021-10-25,107.83999633789062,110.13999938964844,107.69999694824219,108.54000091552734,11645,57.84916487870418,2.545097767635127,3.016689483663783,-0.471591716028656,3.072916514413456,106.17149073658723,101.16080920452869,92.44563556607713,114.01653171541031,101.72246974943343,0.014013452794939374,0.023333391986783886,Tokyo
2021-10-26,108.52999877929688,109.55000305175781,108.33999633789062,108.70999908447266,11798,58.1504949372517,2.4478330551399665,2.9029181979590204,-0.4550851428190539,2.939851528660151,106.41325343638584,101.45685586648727,92.66105759943336,113.46502982353526,103.05397118354482,0.008160968547480163,0.02305670499113515,Tokyo
2021-10-27,108.80999755859375,110.94999694824219,107.66000366210938,110.5199966430664,16856,61.321010037193396,2.4881202445527606,2.8199586072777687,-0.3318383627250081,2.964861654193913,106.80437183702209,101.81227315184331,92.89759983842188,113.46595115992825,103.71104926731785,-0.0018965655874698673,0.022462618828414858,Tokyo
2021-10-28,110.55999755859375,114.19999694824219,109.5,113.7300033569336,21371,66.21020830570745,2.747398546827938,2.805446595187803,-0.05804804835986488,3.0887998894830755,107.46395579129938,102.27963512067038,93.17352571283926,114.25656940767381,103.51343105008986,0.07150936509262307,0.021911230118727462,Tokyo
2021-10-29,113.75,115.1500015258789,112.1500015258789,114.8499984741211,22844,67.74232033136519,3.00857177252486,2.8460716306552145,0.16250014186964545,3.082457040234284,108.1673884277586,102.7725905462959,93.46063131232644,115.17026701700658,103.4317334102395,0.060871939847165546,0.021689371022480388,Tokyo
2021-11-01,115.13999938964844,119.8499984741211,115.06999969482422,119.83999633789062,38039,73.50623562998082,3.5769714595963507,2.9922515964434417,0.5847198631529089,3.219424394503264,109.27906537158069,103.44190057733883,93.81002687557894,117.3555242383535,102.53747579216409,0.10410904115578234,0.023357742286068444,Tokyo
2021-11-02,120.36000061035156,121.66999816894531,116.68000030517578,117.25,26534,66.83128929387257,3.7749262477597085,3.1487865267066955,0.6261397210530131,3.3458939280222832,110.03820200285872,103.98339467234514,94.12049009576995,118.35566162418546,102.16933837581455,0.07855763947612004,0.02293108356433998,Tokyo
2021-11-03,117.5,119.47000122070312,115.75,118.81999969482422,23911,68.68749664056944,4.012242068867863,3.3214776351389292,0.6907644337289338,3.372615877499486,110.87456368780782,104.5652223202855,94.44763591827399,119.42976350653994,101.66723661553037,0.07509955939071711,0.02273910269239363,Tokyo
2021-11-04,118.58999633789062,118.58999633789062,116.19000244140625,116.45999908447266,20157,62.98178170783491,3.9641875544502625,3.4500196190011962,0.5141679354490662,3.319571690065092,111.40650991606162,105.0316841541752,94.73919039729648,119.86100192325198,101.5169979546777,0.024004182247064243,0.023277610148371514,Tokyo
2021-11-05,116.69999694824219,117.56999969482422,115.7699966430664,116.87000274658203,21721,63.54829554953879,3.9140689244115947,3.5428294800832765,0.37123944432831824,3.2110310730431433,111.92684256658738,105.49593194211272,95.03231373967112,120.5812916780262,101.42370862714957,0.01758819590159688,0.02229610659983275,Tokyo
2021-11-08,117.19999694824219,118.37999725341797,116.31999969482422,116.55000305175781,19423,62.741256155124894,3.804670376225374,3.595197659311696,0.20947271691367808,3.128814393439615,112.36714356517504,105.92942492680469,95.31731624711598,121.21175225954644,101.4692482592524,-0.027453215843370238,0.022209790737185972,Tokyo
2021-11-09,116.55000305175781,120.5,116.19999694824219,119.37999725341797,22188,66.7615042427851,3.9013557192178894,3.656429271292935,0.24492644792495444,3.2124707261766288,113.03503439262674,106.45689835137776,95.63602725382198,122.19292100500189,101.78807951379693,0.018166287875633014,0.021108931030500225,Tokyo
2021-11-10,118.83999633789062,120.75,118.44999694824219,118.68000030517578,20208,64.89624375859472,3.876806237438089,3.700504664521966,0.17630157291612303,3.1472944637181417,113.57265019382189,106.93623568289925,95.94124543993263,122.59464124971743,102.86835923856381,-0.0011782476856422308,0.020132495594810125,Tokyo
2021-11-11,118.81999969482422,119.20999908447266,117.54000091552734,118.54000091552734,18162,64.50805584566763,3.802224142425686,3.72084856010271,0.08137558232297604,3.0417732998057967,114.0457312149367,107.39128529986506,96.24056670451004,123.11829639247216,103.48870433994972,0.017860225377006822,0.019376297850064273,Tokyo
2021-11-12,118.6500015258789,118.91000366210938,116.52999877929688,117.69000244140625,23517,62.08004211523228,3.6326545413615747,3.7032097563544832,-0.07055521499290851,2.9945041271634185,114.39280466507665,107.79515656031766,96.52466519109146,123.39955409419808,104.24344669925894,0.007016340169019086,0.019562324376066316,Tokyo
2021-11-15,117.6500015258789,118.19000244140625,116.5,117.62000274658203,9018,61.87350192817574,3.452819071523521,3.653131619388291,-0.20031254786476982,2.9013254353236206,114.70015686331526,108.18044464605352,96.80407363553505,123.51110088174218,105.18990009482033,0.009180606321812279,0.019526457412175187,Tokyo
2021-11-16,117.8499984741211,118.41000366210938,117.06999969482422,117.9800033569336,11986,62.56333106773178,3.301291967814933,3.5827636890736194,-0.28147172125868636,2.789802473320873,115.01252319604082,108.56474106608803,97.08454952588471,123.61325895130145,106.10274217784894,-0.011727206640091414,0.01951951469503474,Tokyo
2021-11-17,117.91000366210938,121.62999725341797,117.61000061035156,119.69999694824219,8447,65.75165529782697,3.2821600566055764,3.522642962580011,-0.24048290597443467,2.877673485445554,115.45894926767903,109.00141776734898,97.38409187584972,124.09034472698004,106.52265576130121,0.008594511631644597,0.018981494820126114,Tokyo
2021-11-18,119.69999694824219,120.48999786376953,117.0999984741211,117.58999633789062,6535,59.101879423812676,3.0614479970647324,3.4304039694769557,-0.36895597241222333,2.914268192888617,115.66190613150872,109.33822477011533,97.65171974951913,123.57212940498837,108.1858707781171,-0.00801421098616073,0.016460856356843506,Tokyo
2021-11-19,117.62000274658203,120.29000091552734,117.20999908447266,119.22000122070312,4626,62.27590320017765,2.9836660265711714,3.3410563808957994,-0.35739035432462796,2.926106309900479,116.0007723304796,109.72574541523642,97.93739235178647,123.35873049294706,109.49526959860567,0.01300024426508628,0.016232518755849763,Tokyo
2021-11-22,118.93000030517578,119.45999908447266,117.5,117.70999908447266,2846,57.80069519088126,2.768267833390368,3.226498671394713,-0.45823083800434494,2.8570986509413485,116.1635558308599,110.03885340226529,98.19928118268298,122.75189131599458,111.01910859245268,0.0007651448375198822,0.01669901110651804,Tokyo
2021-11-23,117.6500015258789,120.62999725341797,116.80000305175781,120.36000061035156,214,62.846660834543044,2.779357486570774,3.1370704344299254,-0.3577129478591514,2.9265911902784065,116.56321723843054,110.44360427317064,98.49280064530112,122.10006935791063,112.83593070312452,0.02017288680877205,0.017171262059883816,Tokyo
2021-11-24,119.83000183105469,120.77999877929688,119.48999786376953,120.37999725341797,91,62.88272789082388,2.7579675455000654,3.0612498566439537,-0.30328231114388826,2.809691884939045,116.92672009700078,110.83326674298426,98.78269728911724,121.43300269436492,114.48899742770539,0.005680871533102927,0.016986998730341617,Tokyo
2021-11-26,117.5,118.5,114.97000122070312,116.5999984741211,97,52.50638704334863,2.408240850922425,2.930648055499648,-0.522407204577223,2.9954278954944598,116.89560375196463,111.05941308538179,99.01868803328948,121.03526079113473,115.17373884265433,-0.008419065350804278,0.017792436061344633,Tokyo
2021-11-29,118.02999877929688,118.19999694824219,116.01000213623047,116.6500015258789,29,52.61776978120768,2.110782962138032,2.766675036827325,-0.6558920746892931,2.937896960959978,116.872213063766,111.27865184775423,99.25221536431715,120.79657384714038,115.59242609182446,-0.021556782993707335,0.01767835232641459,Tokyo
2021-11-30,116.4000015258789,116.4000015258789,111.5,111.6500015258789,49,42.008645523079366,1.454817004120187,2.5043034302858977,-1.0494864261657106,3.0959044298827587,116.37485958396722,111.2932145802297,99.41642445254976,121.59441366726648,113.9755867904972,-0.05148243654513063,0.01748665727092541,Tokyo
2021-12-01,110.97000122070312,113.25,110.41000366210938,109.38999938964844,8,38.25416894118765,0.7440193793742083,2.15224662010356,-1.4082272407293517,3.077625280454749,115.7096348035559,111.21857869040299,99.54852478284246,122.74345999728925,112.04054039943927,-0.09114324663570705,0.017412171009454684,Tokyo
2021-12-02,110.05000305175781,110.05000305175781,109.44999694824219,108.9000015258789,3,37.472199243592016,0.13955965143065896,1.7497092263689797,-1.6101495749383208,2.904938022001508,115.06109830092,111.12765409571578,99.67238540195554,123.40406201302021,110.38793856681379,-0.09536464520240806,0.016958844975047307,Tokyo
2021-12-03,108.9000015258789,110.58999633789062,108.9000015258789,109.30000305175781,24,38.57602672668056,-0.3037013772462416,1.3390271056459355,-1.642728482892177,2.8181563641450946,114.51242256290456,111.05598150575665,99.79990351652245,123.88118809301817,109.19481288354434,-0.06260716567662294,0.016629270341044614,Tokyo
2021-12-06,110.55000305175781,110.55000305175781,110.55000305175781,112.01000213623047,1,45.584777798472096,-0.4313424114682505,0.9849532022230982,-1.4162956136913487,2.706145195277588,114.27409680798321,111.09339407950071,99.96162667704839,123.90860301084335,108.681397904684,-0.039777105263209545,0.017700307655540565,Tokyo
2021-12-07,111.93000030517578,112.1500015258789,111.38999938964844,111.2699966430664,9,44.104853184965215,-0.5854622649547991,0.6708701087875188,-1.256332373742318,2.5671349767742226,113.98799203037208,111.10031967022877,100.11140641169763,123.96672478308832,108.09527549156988,-0.003403536745357094,0.017728764793065954,Tokyo
2021-12-08,111.55000305175781,111.55000305175781,111.55000305175781,111.55000305175781,9451,44.834653112215584,-0.6772028097001623,0.40125552508998263,-1.0784583347901449,2.403768650482593,113.7558026038374,111.11795431264167,100.2629110029567,123.65176483666565,107.62723601782653,0.019745897012170444,0.016670127749819855,Tokyo
2021-12-09,106.29000091552734,107.0,105.01000213623047,106.58999633789062,10134,35.89430812759596,-1.137031945182926,0.09359803103540093,-1.230629976218327,2.699213812271504,113.07334486422342,110.94038733323967,100.34671345772404,123.86405852699765,106.20594193076603,-0.02121216855483088,0.019149054233088686,Tokyo
2021-12-10,106.29000091552734,107.11000061035156,105.72000122070312,106.2300033569336,9021,35.34344238862438,-1.5130566971596409,-0.22773291460360745,-1.2853237825560333,2.6056984963698566,112.42159805400533,110.75566639299238,100.42463782724998,123.9112077860241,104.9277929158802,-0.02808782807966126,0.019130001478728918,Tokyo
2021-12-13,106.2300033569336,107.81999969482422,106.01000213623047,106.80999755859375,9152,37.02044622855132,-1.7441528292350768,-0.5310168975299013,-1.2131359317051755,2.548862715100135,111.88715991158517,110.60093428183949,100.50921212832739,123.81456758575791,103.93643262786514,-0.04642446637321096,0.01927864362442555,Tokyo
2021-12-14,106.72000122070312,107.04000091552734,105.63999938964844,105.9000015258789,8779,35.466142243440984,-1.9779269429667607,-0.8203989066172732,-1.1575280363494875,2.4668012015843326,111.31695435104172,110.41658397768417,100.58061331240093,123.67114784452527,102.90785224702746,-0.04826094436232842,0.019268348428075316,Tokyo
2021-12-15,105.9000015258789,106.62999725341797,105.44999694824219,105.79000091552734,9658,35.273353646286495,-2.147317799360451,-1.085782685165909,-1.061535114194542,2.3748868518408646,110.79057783337369,110.23514934779567,100.64961182370062,123.33003338299194,102.02996646442016,-0.0516360553890608,0.019197083268081457,Tokyo
2021-12-16,105.87999725341797,109.79000091552734,105.87999725341797,109.68000030517578,17271,46.37471261212155,-1.9452472335503757,-1.2576755948428024,-0.6875716387075732,2.4909663624236598,110.68480854497389,110.2133787971047,100.76921961815725,122.37146256039284,101.98653762271263,0.028989624481174037,0.02091225624182394,Tokyo
2021-12-17,109.22000122070312,109.4000015258789,106.94000244140625,107.30000305175781,12205,41.66615322019063,-1.9546191098003192,-1.397064297834306,-0.5575548119660132,2.5087543268055077,110.36244611704856,110.09912876787541,100.8557200609864,121.74513759115067,101.58386326334153,0.010072481041246029,0.02107249437512047,Tokyo
2021-12-20,107.69000244140625,107.69000244140625,104.2699966430664,105.54000091552734,14244,38.54911149008408,-2.080085917048166,-1.5336686216770778,-0.546417295371088,2.5738437176293885,109.90316562166558,109.92033944033236,100.91776351601344,120.75434519073517,101.20665563323945,-0.011890241289161274,0.02077133330902493,Tokyo
2021-12-21,105.77999877929688,108.3499984741211,105.72000122070312,107.2699966430664,9671,43.05837471846022,-2.0166760821589094,-1.630270113773444,-0.38640596838546526,2.5907118491268433,109.65238762370375,109.81640442867487,101.0018990541201,119.82574671611006,101.09125386372394,0.012936686472593717,0.02128855718726626,Tokyo
2021-12-22,107.02999877929688,109.3499984741211,106.56999969482422,108.83000183105469,9278,46.84609820153367,-1.819569090173573,-1.66812990905347,-0.15143918112010302,2.6042323441389885,109.57406516726098,109.77772197386625,101.1055825346093,118.02228945334817,101.74171124855614,0.02873618384742027,0.020835086177881074,Tokyo
2021-12-23,108.6500015258789,109.44999694824219,108.20999908447266,109.12000274658203,0,47.54464617637106,-1.6212707289444097,-1.658758073031658,0.0374873440872483,2.5067870241125987,109.53082112719632,109.75192906299236,101.21173379569504,115.78817911824541,102.8498221329753,-0.0051057399437964834,0.020875298449568775,Tokyo
2021-12-27,108.91000366210938,112.69000244140625,108.51000213623047,112.27999877929688,11076,54.55330956278165,-1.1953532897141912,-1.5660771163681648,0.37072382665397363,2.626302258474255,109.79264757025351,109.85106905186706,101.35833333190169,114.78973950438062,103.41626177735766,0.0464118880326303,0.02113592335383468,Tokyo
2021-12-28,112.12000274658203,112.66999816894531,109.75,110.05000305175781,9561,49.5244740530402,-1.0259264276741078,-1.4580469786293535,0.4321205509552457,2.647280537793616,109.81715761611106,109.85887038519611,101.47345478514482,113.25388025954575,104.29212117478042,0.04273263309747555,0.021510984930738206,Tokyo
2021-12-29,110.05000305175781,113.95999908447266,110.0,112.98999786376953,12202,55.3661551335732,-0.646963614260855,-1.2958303057556537,0.6488666914947987,2.7410461482706907,110.11933287779283,109.98165969808134,101.62599177956369,113.53687494315005,104.14312612496519,0.05332340262614199,0.020170429817208173,Tokyo
2021-12-30,112.98999786376953,115.33000183105469,112.0,114.33999633789062,10994,57.78229993147361,-0.23499043642301842,-1.0836623318891268,0.8486718954661083,2.7831144113266904,110.52130082637358,110.15257486042681,101.79438919093226,114.3891450196808,103.78585574325865,0.050629370707808485,0.019684544671279388,Tokyo
2021-12-31,114.0,114.48999786376953,112.36000061035156,112.5999984741211,7797,53.74408480964185,-0.048344722845968136,-0.8765988100804951,0.828254087234527,2.7364631857617816,110.71927203092096,110.24855225704228,101.93750984368974,114.80000672945793,103.74499372830574,0.03189145564467166,0.02002532697793445,Tokyo
2022-01-03,112.76000213623047,114.61000061035156,112.76000213623047,113.2300033569336,8190,54.97114375555297,0.1486954106122198,-0.6715399659419522,0.820235376554172,2.684573110795259,110.95838930006502,110.3654719080184,102.08707929419629,115.27312106743994,103.66487942084132,0.008461031243009565,0.02003992585220604,Tokyo
2022-01-04,113.43000030517578,117.68000030517578,113.37000274658203,116.38999938964844,17431,60.6147767615013,0.5534565045568627,-0.4265406718421893,0.979997176399052,2.81067481347004,111.47568549907297,110.60172788769017,102.27652194446719,116.18498657883622,103.19101363478684,0.05761014231784123,0.020231555985767403,Tokyo
2022-01-05,116.26000213623047,117.66000366210938,115.51000213623047,116.27999877929688,12212,60.33130889353753,0.8554948456585976,-0.17013356834203197,1.0256284140006295,2.7634838643563877,111.93323914480857,110.82440517755711,102.4619984588358,117.04962101019038,102.82737941705571,0.029117629681647106,0.020144927861471377,Tokyo
2022-01-06,115.75,116.12999725341797,114.5999984741211,114.72000122070312,12438,56.30950799245802,0.9579410928942451,0.05548136390522346,0.9024597289890217,2.6860921815577727,112.19864505679853,110.97717364983735,102.62435611131086,117.49488817396667,102.69911207017395,0.003323464185616576,0.020448111721508212,Tokyo
2022-01-07,114.95999908447266,116.86000061035156,114.80000305175781,115.12000274658203,12577,57.099214070694245,1.0591974927313856,0.2562245896704559,0.8029729030609297,2.647085553564249,112.47686959868267,111.1396375359842,102.78986136475817,118.05246179663389,102.99453908837587,0.022380144818919367,0.01721487825019511,Tokyo
2022-01-10,115.12999725341797,116.37999725341797,114.81999969482422,115.22000122070312,13645,57.30696928831155,1.1344358894826172,0.43186684963288824,0.702569039849729,2.569436411066356,112.73812022935128,111.29965179813006,102.9544989787442,118.49611530991757,103.44988536146914,0.017574828267879594,0.0171469875162788,Tokyo
2022-01-11,115.08000183105469,116.58000183105469,115.0,116.0199966430664,10672,59.01686899435242,1.2442726056502238,0.5943480008363554,0.6499246048138684,2.498762512494094,113.05067988780033,111.48476336067658,103.12755192794052,119.01099265801594,103.85600792181805,-0.003178990879992516,0.01715641253305279,Tokyo
2022-01-12,115.9000015258789,118.98999786376953,115.69999694824219,117.63999938964844,18911,62.30891031466154,1.4453782564416287,0.7645540519574101,0.6808242044842185,2.555279541282183,113.48775793559538,111.7261451657343,103.31976977511546,119.61200513489743,104.42899523131351,0.011695911804513237,0.017015439234579856,Tokyo
2022-01-13,117.6500015258789,118.44999694824219,116.44000244140625,116.83999633789062,14037,59.756187832571584,1.5226502094121486,0.9161732834483578,0.6064769259637908,2.5163306102503085,113.80701873581398,111.92668834895612,103.49884562362904,119.85745062423418,105.28854928421309,0.01847973408846948,0.017176485214983207,Tokyo
2022-01-14,116.94999694824219,119.9000015258789,116.26000213623047,119.69999694824219,12652,65.23901642644928,1.7939869710049834,1.091736020959683,0.7022509500453005,2.596592665921604,114.36825475604523,112.23152398030068,103.71343040938551,120.88027155605906,105.26772801669486,0.03978452130289001,0.01621858597726066,Tokyo
2022-01-18,119.7699966430664,121.37000274658203,119.05000305175781,121.08000183105469,15842,67.53722963316184,2.0962143165114213,1.2926316800700306,0.8035826364413907,2.5768360251289337,115.007468763189,112.57852311170281,103.94345122291756,121.85090540839427,105.67509404228933,0.050859230587289916,0.015044029179617441,Tokyo
2022-01-19,121.08999633789062,124.77999877929688,120.91000366210938,123.94999694824219,17235,71.72418733403552,2.5380591200141964,1.541717168058864,0.9963419519553325,2.6692045317045454,115.85913811414645,113.02446326215534,104.20843858351789,123.01768205440453,106.34931699955055,0.06835028904174423,0.01453251198319619,Tokyo
2022-01-20,123.9800033569336,124.77999877929688,122.11000061035156,122.87000274658203,13288,68.16150489213004,2.7691566893496002,1.7872050723170112,0.981951617032589,2.669261220078886,116.52683950771174,113.41056284977991,104.45561161879026,123.79630302303806,107.13069664126857,0.0444576962263552,0.01486036126149611,Tokyo
2022-01-21,121.86000061035156,122.87999725341797,120.66999816894531,120.75,15815,61.684324756048746,2.7495416691374572,1.9796723916811005,0.7698692774563567,2.6364567818212983,116.92904526888205,113.69838391449443,104.67143133244866,124.09440534463495,108.02459413656622,0.033464599320955024,0.015680854752048022,Tokyo
2022-01-24,121.19999694824219,122.5,119.19999694824219,120.37999725341797,17635,60.60192806913223,2.6733240789973536,2.1184027291443512,0.5549213498530023,2.683852943959621,117.25770736264738,113.96040796700123,104.8794918082231,124.17343973121095,109.07155920067382,0.005680871533102927,0.01578164376503953,Tokyo
2022-01-25,120.4000015258789,121.44000244140625,120.05000305175781,120.91999816894531,13360,61.65934295992346,2.626221207288637,2.2199664247732085,0.40625478251542857,2.5914348329373937,117.60649696324718,114.23333307295982,105.09194884611347,124.54776691387366,109.56123195697594,-0.001321470595388896,0.014769530211606315,Tokyo
2022-01-26,120.93000030517578,122.69000244140625,120.7699966430664,122.33000183105469,12474,64.34989671584806,2.6718677257786965,2.310346684974306,0.3615210408043903,2.543475616180426,118.05635456970505,114.5508494948459,105.32026742869547,124.7460556070916,110.5909431416877,-0.013069747132498644,0.013749338058009864,Tokyo
2022-01-27,121.91999816894531,122.13999938964844,120.8499984741211,121.62999725341797,10742,62.02288066718445,2.621341211555972,2.372545590290639,0.24879562126533283,2.4675133119485095,118.39670149196343,114.82846313243697,105.53629034028121,125.02883430244766,111.17216438529648,-0.010092011601249506,0.013013697177801133,Tokyo
2022-01-28,121.80000305175781,125.5999984741211,120.01000213623047,123.76000213623047,22800,66.0463640704019,2.7217969963459296,2.4423958715016973,0.2794011248442323,2.690547813801518,118.90749202951267,115.17871956395828,105.77766400645272,125.7012805221804,111.44171874539772,0.024927553923233647,0.013250990100792675,Tokyo
2022-01-31,123.76000213623047,127.70999908447266,123.25,127.56999969482422,19566,71.80127326795743,3.0734154706265144,2.568599791326661,0.5048156792998535,2.8169371902780282,119.73249275954234,115.6646521181099,106.06630421424573,126.93673423653027,111.70326515311817,0.0597275511335178,0.013678117022067634,Tokyo
2022-02-01,127.44999694824219,129.3699951171875,124.5999984741211,127.33000183105469,25488,70.98509185792079,3.2947302237863596,2.713825877818601,0.5809043459677588,2.9564414369057697,120.45606505206732,116.12211681273519,106.34794259327633,127.87492278413187,112.17507645292868,0.053010285801969204,0.0137983751022061,Tokyo
2022-02-02,127.45999908447266,128.4499969482422,125.87000274658203,126.33000183105469,15461,67.54005954710452,3.3508061104638927,2.8412219243476593,0.5095841861162334,2.92955234867394,121.01548760244707,116.52242602913988,106.61260562953831,128.65640734898656,112.38759213221462,0.03269843816011919,0.013128730107298162,Tokyo
2022-02-03,126.19999694824219,127.69999694824219,125.2699966430664,127.62000274658203,18190,69.59033622290018,3.4594604410314815,2.9648696276844237,0.4945908133470578,2.8938700598526426,121.64448904474563,116.9576251160984,106.89084929996274,129.5526445306762,112.6253553472535,0.04924776476549453,0.013139047265868117,Tokyo
2022-02-04,127.69999694824219,128.8300018310547,125.69999694824219,126.73999786376953,21676,66.50434613383914,3.4349646074793867,3.0588886236434165,0.3760759838359702,2.910736832921204,122.12977559893838,117.34124757679139,107.15375192994695,129.95410982080438,113.42588972143196,0.024078827376382783,0.012736264148148877,Tokyo
2022-02-07,126.76000213623047,126.94000244140625,125.3499984741211,125.56999969482422,24554,62.53384341659093,3.2832946320172454,3.1037698253181825,0.1795248066990629,2.8163987710900575,122.45741598902275,117.66394373828288,107.39767574140228,130.03733339894652,114.38766583811402,-0.015677667200630574,0.013128706142260537,Tokyo
2022-02-08,125.56999969482422,127.31999969482422,125.05000305175781,127.1500015258789,23177,65.52701397392507,3.253088448226279,3.1336335498998023,0.11945489832647693,2.777370047659797,122.90432889729477,118.03594600446311,107.6592959504682,130.1960545759133,115.4219446916648,-0.001413651948380612,0.01322402787120689,Tokyo
2022-02-09,127.06999969482422,127.37000274658203,125.83000183105469,126.43000030517578,22197,63.05488357649366,3.13491440687271,3.133889721294384,0.0010246855783258013,2.688986538221765,123.24010712661678,118.36512460449107,107.90791455119282,130.1474858422961,116.51151379149294,0.000791565524196125,0.013422644119188604,Tokyo
2022-02-10,126.44999694824219,127.26000213623047,125.5,125.66000366210938,21935,60.42922470343047,2.945178153295558,3.096147407694619,-0.15096925439906128,2.622630509508101,123.47057346333035,118.65119829302513,108.14304155928443,130.06583524761345,117.3951648134217,-0.015358086838194729,0.013416228653172822,Tokyo
2022-02-11,125.5999984741211,126.41000366210938,124.91999816894531,125.27999877929688,22279,59.12081129153466,2.7326473297466976,3.023447392105035,-0.29080006235833755,2.541728722626384,123.64289968389859,118.91115125327109,108.3700211251124,129.620271114958,118.68472919021778,-0.011519639490936262,0.013291806996143327,Tokyo
2022-02-14,125.27999877929688,125.47000122070312,121.62000274658203,122.93000030517578,16361,51.670060741346035,2.347529030401077,2.8882637197642436,-0.5407346893631666,2.6351765620188634,123.57500450497261,119.06875317687519,108.56286853147085,129.40592461119311,119.22207602967603,-0.02102412515779639,0.013255184622368663,Tokyo
2022-02-15,123.19000244140625,123.44999694824219,122.5,123.04000091552734,9770,51.9751576340098,2.0278206789714233,2.7161751116056796,-0.6883544326342563,2.514806589606244,123.5240517821683,119.22448838231253,108.75461862927293,129.31374626009338,119.510254289223,-0.03232403115241056,0.013038920780283205,Tokyo
2022-02-16,123.04000091552734,123.27999877929688,121.55999755859375,121.91000366210938,10000,48.582293090616744,1.6640856292428055,2.505757215133105,-0.8416715858902997,2.458034777541735,123.37033291359126,119.32980270701044,108.92886213964162,129.33556162009134,119.28443960061179,-0.03575098182516867,0.012064941733442441,Tokyo
2022-02-17,122.26000213623047,122.72000122070312,121.43000030517578,121.93000030517578,6761,48.646179408153415,1.3617392611901664,2.2769536243445176,-0.9152143631543512,2.37460378739785,123.23315837945646,119.43177124027183,109.10106264514539,129.36230650552076,119.16369447104174,-0.029683298171495398,0.011920693475941872,Tokyo
2022-02-18,121.93000030517578,124.19000244140625,121.93000030517578,122.98999786376953,6196,52.047436308782196,1.1938980172624838,2.060342502928111,-0.8664444856656273,2.3664179551716082,123.21000023510533,119.57130953923252,109.2850220520146,129.24255921095292,119.50744155198655,-0.018279062402942636,0.011374062000709863,Tokyo
2022-02-22,121.62999725341797,121.69999694824219,119.69999694824219,121.11000061035156,279,46.20262661209182,0.8988215008953375,1.8280383025215565,-0.929216801626219,2.4323881666255898,123.01000027084307,119.63165036555091,109.44164428457536,129.16247586901835,119.66052522961446,-0.01480517115680502,0.011922867074302696,Tokyo
2022-02-23,121.8499984741211,122.5,120.58000183105469,122.4000015258789,53,50.32481655738813,0.7602992719216246,1.6144904964015703,-0.8541912244799457,2.395788881076999,122.95190515227506,119.74021315615201,109.6132781553211,129.04993784213855,119.92106359218762,-0.005201555468841601,0.012112614471895397,Tokyo
2022-02-24,123.44999694824219,125.33000183105469,122.69999694824219,122.58999633789062,24,50.921297275732684,0.6582623621805084,1.423244869557358,-0.7649825073768497,2.4339468399411976,122.9174376461432,119.85196935935744,109.78515521734188,129.03850487837,119.95849600663978,0.005577825078784793,0.01183832209191926,Tokyo
2022-02-25,120.0,122.20999908447266,120.0,122.12000274658203,7,49.3428994551766,0.533324982738435,1.2452608921935735,-0.7119359094551385,2.445093232651871,122.84149146523261,119.94091184513097,109.94853068130533,129.00271468344306,120.04328675088313,0.0015582911582932013,0.011796545149134146,Tokyo
2022-02-28,123.11000061035156,123.12000274658203,123.11000061035156,122.56999969482422,15,50.91180358013543,0.46525898636595286,1.0892605110280495,-0.6240015246620967,2.3418722874624516,122.81563510614609,120.04401332943267,110.11570245631883,129.0168907181762,119.91011047200932,-0.003414896952925628,0.011126757225906404,Tokyo
2022-03-01,121.62000274658203,128.0,121.62000274658203,126.3499984741211,17,61.65496283772065,0.7081671939796479,1.0130418476183691,-0.30487465363872124,2.630309785030703,123.15224114119133,120.2913068645185,110.33072624463409,128.81104690156604,119.99395416654922,0.04326643412898856,0.011134413610031202,Tokyo
2022-03-02,124.56999969482422,125.27999877929688,121.63999938964844,122.04000091552734,26,48.59560127252839,0.5465921417780066,0.9197519064502967,-0.37315976467229006,2.778859020705128,123.0463135006519,120.35988310181298,110.48581597537441,128.44049719852944,119.83550377803306,-0.0029411814204548525,0.013516350162730824,Tokyo
2022-03-03,123.44999694824219,123.83000183105469,123.44999694824219,123.55000305175781,8,52.399675966068926,0.5342290417549123,0.8426473335112199,-0.30841829175630764,2.708226298906715,123.09428393409056,120.48498584494808,110.65885156579009,128.18126817047096,119.81673292816184,0.007831036320623985,0.01381354519335737,Tokyo
2022-03-04,123.75,123.75,120.4000015258789,120.19999694824219,11,44.526961009643905,0.2512178179036084,0.7243614303896977,-0.47314361248608927,2.7540671685648848,122.81863755448595,120.47380980978315,110.78522435231264,127.77406799203342,119.4819325267654,-0.015722287546325653,0.014731362881435785,Tokyo
2022-03-07,119.30000305175781,120.79000091552734,119.30000305175781,120.66000366210938,47,45.73265679173155,0.06331818872286021,0.5921527820563302,-0.5288345933334699,2.6637765039366452,122.61305337425961,120.48111152948222,110.91601613125034,127.40032699263462,119.2476741059982,-0.01558289987329986,0.01477644120829506,Tokyo
2022-03-08,121.23999786376953,122.0,121.23999786376953,122.16999816894531,3,49.60471244737646,0.035837206990123605,0.4808896670430889,-0.4450524600529653,2.569220777790501,122.57085764042016,120.54734237808862,111.06507549598804,127.11797736651909,119.19002357952584,-0.033082709581764846,0.015044402521782609,Tokyo
2022-03-09,121.66999816894531,121.66999816894531,121.66999816894531,121.66999816894531,10646,48.37389564968751,-0.025987917808919292,0.3795141500726873,-0.4055020678816066,2.421419293662608,122.4850615002797,120.59136809537712,111.20553804794774,126.41538541610647,119.3446151942451,-0.003031815337646071,0.014692362029405225,Tokyo
2022-03-10,117.47000122070312,118.47000122070312,116.66999816894531,116.86000061035156,9164,38.48185283066172,-0.45783375623948075,0.2120445688102537,-0.6698783250497344,2.6056036298295644,121.94934141552463,120.44503995870946,111.28043159182064,126.46490967608486,118.33809096478427,-0.05414813659376161,0.016988287271538526,Tokyo
2022-03-11,117.0999984741211,121.7300033569336,116.91999816894531,121.02999877929688,18291,48.34399828777497,-0.45830760755849553,0.07797413353650386,-0.5362817410949994,2.7673464238833123,121.86178497397914,120.46797952030113,111.40956493205212,125.97083043567945,118.36916971690844,0.0069051734785989805,0.01907707223410342,Tokyo
2022-03-14,121.02999877929688,121.26000213623047,117.6500015258789,118.7699966430664,13727,44.20759639410843,-0.6337410505697676,-0.06436890328475042,-0.5693721472850172,2.8275360086310446,121.56732894246365,120.401391956488,111.50705409378742,125.63892536170731,118.05007457725755,-0.015663906528095684,0.019451674293460217,Tokyo
2022-03-15,118.7699966430664,119.76000213623047,117.05000305175781,118.5999984741211,14652,43.90329958318257,-0.7775278920406663,-0.20700070103593363,-0.5705271910047327,2.8191405140483026,121.28472604071675,120.33074907482654,111.60100037697065,125.64899576015839,117.60700399570098,-0.02922157443177964,0.019071258078351496,Tokyo
2022-03-16,118.5,121.48999786376953,118.16000366210938,119.80000305175781,10029,46.69269795884572,-0.7855938227030776,-0.32271932536936243,-0.4628744973337152,2.855630063163435,121.14332385129208,120.30993550529443,111.70959643888837,125.50848185949744,117.423518109985,-0.015369402032791246,0.019248758680119844,Tokyo
2022-03-17,119.80000305175781,122.66999816894531,119.62999725341797,121.86000061035156,11660,51.18051276019772,-0.618630358317688,-0.38190153195902754,-0.23672882635866044,2.868799409760857,121.21157878072631,120.37072237215942,111.84403887824551,125.50488718706096,117.42211247724568,0.042786239721763986,0.01957566168161766,Tokyo
2022-03-18,121.86000061035156,126.86000061035156,121.83999633789062,126.86000061035156,18974,59.98591327826524,-0.08190820977280566,-0.3219028675217832,0.23999465774897755,3.02245689995372,121.7495237168811,120.62520387169637,112.04292578860453,126.417669035612,117.00233065921222,0.048169890852316044,0.021544687092390154,Tokyo
2022-03-21,127.33999633789062,131.7100067138672,127.0999984741211,130.00999450683594,22796,64.34862553863276,0.5908155873511305,-0.13935917654720048,0.7301747638983309,3.15299612877957,122.53623522068632,120.99323487699596,112.28090020871356,128.0444453936284,116.07755396550246,0.09463667745607962,0.022088878242717224,Tokyo
2022-03-22,130.25999450683594,130.4499969482422,128.1199951171875,130.0399932861328,11117,64.38844662768605,1.1135385152143584,0.1112203618051113,1.0023181534092471,3.0942108217992215,123.25087884596695,121.34800971656995,112.51611998457342,129.44830783135623,115.56669079535274,0.09645864215173638,0.02168460749196691,Tokyo
2022-03-23,130.1999969482422,132.9600067138672,129.86000061035156,130.02999877929688,12688,64.36265295038419,1.509592090456863,0.3908947075354616,1.1186973829214013,3.09462477049325,123.89650931580789,121.68847987589258,112.74809188913929,130.60086301290718,115.1771353391436,0.08539228269568033,0.021633550427424982,Tokyo
2022-03-24,130.0399932861328,131.61000061035156,129.36000061035156,130.89999389648438,13524,65.65250675863147,1.8720884668418023,0.6871334593967298,1.1849550074450725,3.0342944297437326,124.56350784730088,122.04971571983737,112.98851443228294,131.8037849555526,114.80521315235757,0.07418343378347969,0.021645477528645214,Tokyo
2022-03-25,130.89999389648438,135.89999389648438,130.89999389648438,135.89999389648438,15240,71.93861788262834,2.5336216566950327,1.0564310988563903,1.4771905578386424,3.174701970476323,125.64317318531836,122.59286388362744,113.29197773644455,134.15927080101008,113.8277264218903,0.07125960304776457,0.022868013697971087,Tokyo
2022-03-28,135.6999969482422,141.8000030517578,134.0500030517578,139.07000732421875,27201,75.05560982271652,3.2759222736734444,1.5003293338198012,1.7755929398536432,3.501508972585157,126.92191929378507,123.23902637149378,113.63340859191176,136.98005311114275,112.6569448746971,0.06968704868998699,0.023201797285241372,Tokyo
2022-03-29,139.5800018310547,141.58999633789062,136.67999267578125,136.80999755859375,17765,69.15766330800602,3.639878704262813,1.9282392079084036,1.7116394963544093,3.602115736122601,127.86364103329066,123.77122132000751,113.94038328021219,138.62798683091785,112.05501106336926,0.05206093987996896,0.023004868531952882,Tokyo
2022-03-30,137.0399932861328,140.1999969482422,136.36000061035156,139.83999633789062,13504,72.3003999652858,4.125258959007368,2.367643158128197,1.7576158008791714,3.6191072076774597,129.0042463003954,124.4013693599245,114.28342451276423,140.89965726405796,111.56334017246547,0.07544411021063291,0.02142307467006053,Tokyo
2022-03-31,139.83999633789062,140.6699981689453,135.36000061035156,135.69000244140625,18805,62.853678603755725,4.127477492104703,2.7196100249234982,1.4078674671812044,3.739885089885766,129.64098498049168,124.84406085331594,114.5669553462562,142.0346862377024,111.64231113778585,0.036592885930230246,0.022900213865214472,Tokyo
2022-04-01,136.0,137.49000549316406,134.1199951171875,134.5500030517578,15922,60.51461244153103,3.9912387562733045,2.9739357711934598,1.0173029850798447,3.71346546746368,130.10851051108847,125.22468603756856,114.83163147480589,142.7874830876388,112.32451489820104,-0.00993370791285586,0.02186417258706303,Tokyo
2022-04-04,134.60000610351562,138.60000610351562,134.60000610351562,137.94000244140625,12877,64.71925634811134,4.10944210536573,3.201037038027914,0.9084050673378159,3.7375038663418323,130.85436688540443,125.72332589654259,115.13770261343637,143.96168393049726,112.87831393327231,-0.008125439155101777,0.022275354589139734,Tokyo
2022-04-05,137.92999267578125,140.4499969482422,136.86000061035156,137.52999877929688,16015,63.833902234885535,4.122513473000737,3.3853323250224787,0.7371811479782582,3.726967614309603,131.49014135148943,126.18633267625844,115.43428931761997,144.94581724965644,113.43018067514822,0.005262782205626149,0.022332703886044036,Tokyo
2022-04-06,137.67999267578125,138.44000244140625,135.13999938964844,135.69000244140625,22044,59.87527234992072,3.9389940278346103,3.496064665584905,0.44292936224970525,3.6964701455559035,131.8901281219577,126.55902560822503,115.70257690866352,145.48518402595548,114.29281432609528,-0.029676730586125633,0.02264996905102705,Tokyo
2022-04-07,135.85000610351562,136.4600067138672,132.8699951171875,133.1999969482422,26169,54.912411996810086,3.551689249086394,3.507189582285203,0.044499666801190774,3.688865963493317,132.0148775339848,126.81945585685315,115.93433081647251,145.0935139936334,116.31848399220642,-0.018350692374991318,0.02077669677131409,Tokyo
2022-04-08,133.39999389648438,134.58999633789062,132.3000030517578,132.41000366210938,25578,53.40012368810986,3.1447508355142872,3.43470183293102,-0.2899509974167329,3.5889464865389953,132.05250859380618,127.03869302568674,116.15255164886506,144.93289626811566,117.61710220600544,-0.01590486318179596,0.01981551458655109,Tokyo
2022-04-11,132.4600067138672,136.27000427246094,131.5800018310547,135.2899932861328,22597,57.94700116559646,3.019829588785683,3.351727384101953,-0.33189779531626984,3.667593340458085,132.36084046926587,127.36227342805718,116.40602769704078,144.51623412102563,119.68576401740208,-0.019211317300063868,0.01936341563501472,Tokyo
2022-04-12,135.24000549316406,139.25,135.17999267578125,138.50999450683594,20846,62.3681383206819,3.1444089989685153,3.3102637070752654,-0.16585470810675007,3.6963371964409895,132.9464741871297,127.79943896055832,116.69879546935596,144.06183756252892,122.13116017917031,0.007125687022739857,0.019626787181566904,Tokyo
2022-04-13,138.8300018310547,143.3800048828125,137.49000549316406,142.77000427246094,18906,67.27060093090569,3.5460100680338087,3.3574129792669742,0.18859708876683445,3.8530273530986645,133.88204848097078,128.38651995318196,117.04410949323814,144.10221598170295,124.38778188206659,0.05217777068072493,0.02026270836981252,Tokyo
2022-04-14,142.9199981689453,146.13999938964844,140.72999572753906,141.97999572753906,12774,65.56477374833119,3.757223784452634,3.4373751403041064,0.31984864414852776,3.9642399465994296,134.6532815520725,128.9195974345293,117.37438613210306,143.80711364074958,126.69488373473868,0.06591590826168359,0.020406327316873134,Tokyo
2022-04-18,142.0,145.33999633789062,142.0,144.74000549316406,5539,68.56394507649563,4.10005897053486,3.5699119063502573,0.5301470641846029,3.921079994010296,135.61392192741457,129.54000559369146,117.73684466668665,144.7458729677757,127.54412489599383,0.09311986624907154,0.019144853042668403,Tokyo
2022-04-19,144.8000030517578,145.61000061035156,139.02000427246094,139.67999267578125,12022,58.50372393273657,3.918289971685141,3.6395875194172342,0.2787024522679067,4.111716875716033,136.00116676059235,129.9376521459303,118.02748238866143,144.8563574298808,128.40064025078328,0.032448810758411106,0.020825880123966068,Tokyo
2022-04-20,139.8000030517578,142.4499969482422,139.3800048828125,140.38999938964844,5182,59.40382721078649,3.787864197946874,3.669242855123162,0.11862134282371173,4.03730796069558,136.41915082050247,130.34754811627218,118.3236746668202,144.91839592051008,129.37360237050552,0.01357306300896366,0.020812940457471975,Tokyo
2022-04-21,140.3800048828125,140.85000610351562,138.5500030517578,138.58999633789062,3259,56.08254050535463,3.4989222320807016,3.6351787305146703,-0.1362564984339687,3.913214752914311,136.62589801263468,130.67078137986508,118.59210276842379,144.60374348241297,130.54425456446202,-0.029277914194029364,0.02113480075902303,Tokyo
2022-04-22,138.60000610351562,141.42999267578125,136.39999389648438,139.4600067138672,1582,57.324497224529864,3.3020719784790344,3.5685573801075434,-0.266485401628509,3.9929850405130654,136.89581312703777,131.0154568831593,118.86849884717138,144.32793955461358,131.67605977399973,-0.01774890188409184,0.021131441784170913,Tokyo
2022-04-25,138.32000732421875,139.0,138.32000732421875,141.41000366210938,30,60.051372639374435,3.265769434024378,3.507999790890911,-0.24223035686653294,3.789200351165592,137.3257360351398,131.4230861686083,119.1670618248527,144.6972271712991,131.8577731338767,-0.02300678253886046,0.019726418335952664,Tokyo
2022-04-26,141.92999267578125,142.3300018310547,141.17999267578125,142.52999877929688,13,61.57024455427628,3.2894548637113417,3.464290805454997,-0.17483594174365535,3.600686694316152,137.82138010601193,131.85865136902746,119.4765046984215,145.14092259192034,131.76007685876323,0.02040382483503511,0.019157024508960292,Tokyo
2022-04-27,143.2899932861328,143.30999755859375,142.97000122070312,146.0800018310547,19,65.9848236063787,3.5537162858147155,3.482175901526941,0.07154038428777465,3.399208986100489,138.60791550839696,132.41635138714616,119.82886889885373,146.36686596763474,131.46113391029496,0.040529969842180824,0.019364821350260963,Tokyo
2022-04-28,153.0800018310547,153.0800018310547,153.0800018310547,153.0800018310547,1,72.65520104766492,4.278665077652818,3.6414737367521166,0.6371913409007011,3.656408344236169,139.98620944388816,133.22669062024062,120.26928125557163,149.3620591504782,129.7899412767679,0.10455304045060054,0.02132658067247452,Tokyo
2022-04-29,155.0,155.14999389648438,154.75999450683594,152.3300018310547,3,71.047611873528,4.738056124504254,3.8607902143025443,0.87726591020171,3.543092895749991,141.1618087188564,133.97584007948825,120.69392656120716,151.5398616133617,129.27613875284922,0.09228448657394028,0.01986573404807747,Tokyo
2022-05-02,155.0,156.63999938964844,155.0,157.16000366210938,5,74.89940609152384,5.429282234634371,4.17448861836891,1.2547936162654612,3.5978718002388312,142.68544633249954,134.88502296508125,121.17692095989462,154.59195302223168,128.48504740501443,0.11137825890757824,0.020344673161111198,Tokyo
2022-05-03,153.3300018310547,153.3300018310547,153.3300018310547,153.3300018310547,18,67.25822557297772,5.603441779015299,4.460279250498187,1.1431625285171112,3.6144525167256782,143.6992135228381,135.60835546962923,121.6027895807047,156.2523460562565,128.36365430995443,0.07577354342422526,0.021151953805956063,Tokyo
2022-05-04,158.02000427246094,158.02000427246094,158.02000427246094,158.02000427246094,0,71.14084219330874,6.050165927015513,4.778256585801653,1.2719093412138598,3.691277511345719,145.06309835613553,136.48724365797557,122.08513679516506,158.73351527413178,127.93148564139555,0.08173605073756218,0.02175779303139382,Tokyo
2022-05-05,152.02000427246094,152.02000427246094,152.02000427246094,152.02000427246094,0,61.15040488182457,5.852583240383012,4.993121916717925,0.8594613236650872,3.8561862605353103,145.725660824357,137.0963715252103,122.48162510612262,159.57549840297006,128.72250269566277,-0.0069244678985802555,0.023653552587386446,Tokyo
2022-05-06,146.8699951171875,146.8699951171875,146.8699951171875,146.8699951171875,19170,54.12452058595545,5.220258943707421,5.038549322115824,0.18170962159159654,3.9486021815880337,145.8346450427218,137.47965088175843,122.8046498744811,159.4040636815067,130.26093723402064,-0.03584327872537374,0.024755162741775805,Tokyo
2022-05-09,143.47999572753906,148.1699981689453,142.61000061035156,142.92999267578125,17047,49.444056434829164,4.3510558504880805,4.901050627790276,-0.5499947773021958,4.063701851374156,145.55801148396554,137.6933897756417,123.07121070628641,158.7540000248603,131.96299979203425,-0.0905447356499326,0.02568287644307051,Tokyo
2022-05-10,142.57000732421875,145.22000122070312,142.10000610351562,142.94000244140625,10849,49.45601492751229,3.621270093793612,4.645094520990944,-1.023824427197332,3.996294227503681,145.3086772894361,137.89913929194617,123.33437351072509,158.33912414792928,133.14287658449257,-0.06776233786977037,0.025350770178157053,Tokyo
2022-05-11,143.17999267578125,144.9600067138672,142.36000061035156,143.60000610351562,12967,50.29093884553495,3.0608824558246965,4.328252107957695,-1.2673696521329987,3.896559361504534,145.1459467003008,138.12270269632145,123.60279248546405,158.17733758213194,133.81366430995791,-0.09125425755641725,0.02488358536559559,Tokyo
2022-05-12,143.5800018310547,147.9499969482422,143.05999755859375,145.52999877929688,14081,52.74894481087121,2.740909990460352,4.010783684458227,-1.2698736939978748,3.967519363514813,145.1825230887766,138.41318489565384,123.89321905889231,158.22367430800097,134.04332703477246,-0.042691786020030764,0.024140004395802314,Tokyo
2022-05-13,145.52999877929688,146.6199951171875,143.5500030517578,145.1999969482422,11409,52.27298525916076,2.4326589385897535,3.6951587352845325,-1.262499796694779,3.903410270794447,145.1841872658686,138.6793343879122,124.1754280375592,158.2366403949432,134.35236106990055,-0.011370587761052375,0.024104602852632433,Tokyo
2022-05-16,145.66000366210938,150.97000122070312,145.66000366210938,150.64999389648438,15677,58.87303914057965,2.5981866865442385,3.475764325536474,-0.8775776389922356,4.0367384137706255,145.7047402783082,139.14877201569936,124.52608453900191,158.66195364882728,134.5180466563485,0.05401246495698753,0.02510159268430385,Tokyo
2022-05-17,150.52000427246094,151.9499969482422,148.25,148.4600067138672,14819,55.5488315574041,2.5235648712394436,3.2853244346770683,-0.7617595634376246,4.012685451947165,145.9671466055043,139.51391847445103,124.84309013072199,158.67393722553936,135.384064483445,0.03861763102126492,0.02385715772655603,Tokyo
2022-05-18,148.94000244140625,149.1699981689453,143.16000366210938,144.47000122070312,16384,50.008541840554884,2.118050875506185,3.0518697228428917,-0.9338188473367066,4.15535038443922,145.82456133076133,139.70827466057855,125.10304921800652,158.52586219912,135.9401396929698,0.00605846156134815,0.024789015244206306,Tokyo
2022-05-19,144.4499969482422,148.86000061035156,141.1199951171875,147.6999969482422,19702,54.00759184795821,2.033866624914822,2.848269103257278,-0.8144024783424562,4.411397177919566,146.00317424671186,140.02167553460458,125.40234653893681,158.22293922391097,137.15406272921402,0.014911002454114142,0.024959104169916726,Tokyo
2022-05-20,147.35000610351562,148.0,141.86000061035156,142.27000427246094,13619,47.17541995117141,1.5115705270967226,2.580929388025167,-1.0693588609284443,4.534868764471629,145.64763424916416,140.10984528903035,125.62575922414905,157.96892230157067,137.68907940741371,-0.020179013342718433,0.02653970131629259,Tokyo
2022-05-23,142.61000061035156,144.9499969482422,140.8300018310547,142.75,12400,47.80400488124535,1.1234285651671598,2.2894292234535656,-1.1660006582864058,4.505234932522762,145.3716690825771,140.2133807678919,125.85257036025304,157.87374937053798,137.91825197223548,-0.05243939075040838,0.02637457232550052,Tokyo
2022-05-24,142.75,142.82000732421875,140.67999267578125,141.5399932861328,13333,46.30804665721485,0.7100013806099525,1.973543654884843,-1.2635422742748905,4.336290626516671,145.00674757815386,140.26540478821508,126.06035079635741,157.94542505311364,137.7475757403434,-0.04661197032727871,0.026386787501346588,Tokyo
2022-05-25,141.39999389648438,147.13999938964844,140.75,145.16000366210938,19079,51.225648943602245,0.6667757659423614,1.7121900770963467,-1.0454143111539853,4.482984109597512,145.02134339567345,140.4573498420933,126.31332633100314,157.94159722087258,137.6594037556899,0.004776094937191555,0.02641963592647031,Tokyo
2022-05-26,144.57000732421875,145.3699951171875,140.36000061035156,140.61000061035156,20395,45.57547338463893,0.26234775298914315,1.422221612274906,-1.159873859285763,4.520627709400256,144.60121551135708,140.46333614673088,126.50268625523292,157.48339968113697,136.87060117335523,-0.04800268438986588,0.024842998903896456,Tokyo
2022-05-27,140.6999969482422,141.99000549316406,139.0500030517578,139.4199981689453,11381,44.20225457791862,-0.1524304889865391,1.1072911920226172,-1.2597216810091563,4.4077259045435415,144.10776624065122,140.42242093191578,126.6737764792556,157.0929805266299,135.97001996165136,-0.020032375187517326,0.02486098413429828,Tokyo
2022-05-31,139.4199981689453,142.0,138.64999389648438,138.97999572753906,12501,43.678213491593766,-0.5107620073533496,0.7836805521474238,-1.2944425595007734,4.332174490184404,143.61940714416434,140.3658552376265,126.83677276068981,155.4351942408588,135.80980545396542,-0.02640983728519042,0.023413211352006927,Tokyo
2022-06-01,139.1999969482422,139.75,135.58999633789062,136.05999755859375,20895,40.26646797455688,-1.0186197516608217,0.42322049138577467,-1.4418402430465964,4.319876573893331,142.89946337411,140.19699807374286,126.95893467854286,154.75369111212,134.76430815545814,-0.03871694211869059,0.02328229934003308,Tokyo
2022-06-02,136.10000610351562,140.63999938964844,134.1199951171875,139.11000061035156,15857,45.09102534346685,-1.1616007067283363,0.1062562517629525,-1.2678569584912887,4.477028552362445,142.53856215851397,140.15437072223733,127.11987594916285,151.9268199898464,135.7001789115208,-0.04167816822215353,0.02269321157901814,Tokyo
2022-06-03,139.13999938964844,140.6999969482422,136.05999755859375,138.17999267578125,11953,43.926008813416225,-1.3345738747756855,-0.1819097735447751,-1.1526641012309105,4.488669326454302,142.12346030301563,140.07694413218024,127.26636756143594,150.62568352036206,135.61731422133718,-0.017281899751242946,0.021383590698869838,Tokyo
2022-06-06,139.47999572753906,141.58999633789062,136.9600067138672,137.74000549316406,15548,43.35529008096961,-1.4899840366765034,-0.44352462617112076,-1.0464594105053826,4.4987636334235255,141.7059884163631,139.9852994796698,127.40509124265088,150.3183736134438,135.01162516585308,-0.01204986872647551,0.020209316848116138,Tokyo
2022-06-07,137.74000549316406,138.47000122070312,136.10000610351562,136.9499969482422,18342,42.292756124501345,-1.6577848846361576,-0.6863766778641281,-0.9714082067720294,4.346708739406666,141.25303684797063,139.86626800784913,127.53151383477793,150.43191443458377,134.3000847719592,-0.014606409855390634,0.01942349228658039,Tokyo
2022-06-08,137.47000122070312,141.89999389648438,137.07000732421875,140.6199951171875,16023,48.595382930876966,-1.4775972633252934,-0.8446207949563613,-0.6329764683689321,4.389800754323489,141.19274715932463,139.89582593370554,127.70487120275686,150.3478234480373,134.15217502608377,0.033514608558110615,0.020449502862020148,Tokyo
2022-06-09,140.3000030517578,146.6199951171875,139.57000732421875,146.50999450683594,16928,56.758026792253965,-0.849728409126044,-0.8456423177902979,-0.0040860913357461115,4.579814114226722,141.69915166861142,140.15520509343614,127.95394568360561,150.69745448329041,134.09354283116272,0.0531952689527464,0.022479425884393132,Tokyo
2022-06-10,146.9199981689453,147.6999969482422,144.5,145.05999755859375,25754,54.4651336485465,-0.46379412425275746,-0.7692726790827898,0.3054785548300324,4.481255745227827,142.01923222956214,140.34754989599134,128.1805159071154,150.6391836116334,134.10481358074944,0.049790166793215906,0.022409417951254246,Tokyo
2022-06-13,145.3000030517578,146.5500030517578,143.8000030517578,145.66000366210938,12174,55.27037313953982,-0.10827482016273393,-0.6370731072987786,0.5287982871360447,4.357594620568697,142.3659723659952,140.55588141623127,128.41203230122127,150.69779460187087,134.09220326189867,0.05749962141055942,0.022423396757180553,Tokyo
2022-06-14,145.64999389648438,145.9199981689453,143.36000061035156,143.47999572753906,7975,51.693496230526776,-0.0024039206258805734,-0.5101392699641991,0.5077353493383185,4.229194830427629,142.47206982899937,140.67055256569432,128.61160797574203,149.4051353779962,134.6678626688788,0.04768162778247276,0.020906624598913365,Tokyo
2022-06-15,143.63999938964844,145.4499969482422,142.5,143.17999267578125,8173,51.20241389122788,0.056638893066235596,-0.3967836373581122,0.45342253042434777,4.137823553128668,142.53949105250243,140.76896198177616,128.8045667134909,148.52468326956463,135.02031337350175,0.01820507500700974,0.020708404947810264,Tokyo
2022-06-16,143.50999450683594,147.5,143.4499969482422,143.52999877929688,6840,51.777984222193425,0.13017276512178455,-0.29139235686213283,0.4215651219839174,4.150836679635103,142.63382512172095,140.8772379346201,128.9996055487996,148.41138456289605,135.03961183602974,-0.020339880139713107,0.019834979670326883,Tokyo
2022-06-17,143.57000732421875,145.8800048828125,143.17999267578125,143.4499969482422,5106,51.62808648337465,0.1799194103789432,-0.19713000341391762,0.37704941379286083,4.047206360163399,142.71155577186582,140.97813044495823,129.191001461375,147.64670573874542,135.37929066018035,-0.011098860040317016,0.019120135716824204,Tokyo
2022-06-21,143.5,146.0,143.39999389648438,143.50999450683594,8436,51.74092238266777,0.22163046862630154,-0.1133779090058738,0.33500837763217534,3.9438349132599866,142.78759755614868,141.07741923169854,129.38065699840098,147.7657260266536,135.3842693957097,-0.014760463416305103,0.01714037422481856,Tokyo
2022-06-22,143.5800018310547,145.0,143.0,143.32000732421875,6298,51.33258180197382,0.23662869663269248,-0.04337658787816055,0.28000528451085305,3.8049895623128447,142.83830324834585,141.16536386277775,129.56528415503433,147.8221878846432,135.38480827014195,-0.0011150572071672027,0.01713021017353552,Tokyo
2022-06-23,143.5,143.72999572753906,136.32000732421875,136.32000732421875,5807,39.091299701542304,-0.31272173665729497,-0.09724561763398745,-0.21547611902330752,4.062489479527664,142.21751316033374,140.97534988087347,129.65475068707653,147.99541769346,134.68957986513374,-0.04791161965691915,0.02044331664941759,Tokyo
2022-06-24,132.25,132.25,100.0,103.76000213623047,174,17.812887174256673,-3.336940048542715,-0.745184503815733,-2.5917555447269818,6.3665978970056,138.5548930628001,139.51592447912276,129.31177388507857,157.17524193267624,121.36975547332962,-0.27708490894798876,0.06333897318405837,Tokyo
2022-06-27,102.0,102.0,102.0,100.3499984741211,7,16.782566187055465,-5.940337137184855,-1.7842150304895577,-4.156122106695298,6.037555342664519,134.91633167340208,137.98000581225995,128.92817421076126,162.19960683917523,112.31939035320758,-0.30045311530868757,0.06335958817548472,Tokyo
2022-06-28,103.0,103.0,103.0,100.12000274658203,6,16.7123519133726,-7.930686798720274,-3.013509384135701,-4.917177414584573,5.795587212894119,131.6023955851335,136.49529980968435,128.54660902580525,165.21366239913752,105.37533525100898,-0.3023482225705686,0.0634178757827004,Tokyo
2022-06-29,103.0,105.0,103.0,104.27999877929688,3,22.98832990727945,-9.067847826672832,-4.224377072643128,-4.843470754029704,5.730187930074393,129.0002625560062,135.2319546712378,128.2251969695601,166.45520176493494,100.6637961903873,-0.2723974780199774,0.0646522935291471,Tokyo
2022-06-30,104.0,105.0,104.0,103.94000244140625,34,22.83686802075289,-9.882570871804447,-5.356015832475392,-4.526555039329055,5.392317363640508,126.61357111652049,134.00481928967577,127.9035387638892,167.37452144089957,96.53247700270397,-0.2375293657797496,0.06467662048691651,Tokyo
2022-07-01,109.0,109.0,109.0,103.68000030517578,2,22.71362290631714,-10.429005668780036,-6.370613799736321,-4.058391869043715,5.368580234708596,124.42942151544004,132.8156107020483,127.58269719489962,167.58448393754364,92.7795144755423,-0.0007710276542751693,0.06419468313434569,Tokyo
2022-07-05,99.68000030517578,99.68000030517578,99.68000030517578,99.68000030517578,0,20.84941319848872,-11.057363351096754,-7.3079637100084085,-3.7493996410883454,5.270824503657982,122.07233378112916,131.51617500021015,127.21312505066487,167.8264838991082,88.68751527691717,-0.0066766136435776335,0.06439538176253033,Tokyo
2022-07-06,94.69000244140625,94.69000244140625,94.69000244140625,94.69000244140625,0,18.77879027650937,-11.821719047445058,-8.210714777495738,-3.6110042699493192,5.2507654579516645,119.46449270115555,130.07201137045314,126.78235521478065,168.1106021984982,84.09839667235138,-0.054234919658560976,0.06477765919643291,Tokyo
2022-07-07,98.12000274658203,98.12000274658203,98.12000274658203,98.12000274658203,57,24.340986879704673,-12.012234522547857,-8.971018726506163,-3.041215796041694,5.120710804181959,117.4316841340533,128.81899142441898,126.40272140725484,167.62273062168254,80.70326882900103,-0.05907169260475498,0.06586407172623779,Tokyo
2022-07-08,100.3499984741211,102.77999877929688,98.76000213623047,102.61000061035156,93,31.002136434538755,-11.666430754392678,-9.510101132083467,-2.1563296223092117,5.087802606220023,116.02009522703409,127.791187863083,126.08758603246143,166.0154309332089,78.5095690667911,-0.012795861071914438,0.0666173337264951,Tokyo
2022-07-11,104.0,104.08999633789062,101.19999694824219,102.44000244140625,9,30.891242782658225,-11.276112205874782,-9.86330334684173,-1.412808859033051,4.930816662179195,114.7267530569743,126.7970237288996,125.77437300476535,163.1034016941116,77.01459909934545,-0.011959855903932004,0.06537430101828454,Tokyo
2022-07-12,101.20999908447266,101.20999908447266,98.62999725341797,98.44000244140625,14,28.323982993728904,-11.160892691157073,-10.1228212157048,-1.0380714754522735,4.850758699736987,113.17563395072973,125.68498367840968,125.41232836154207,160.1160757036469,75.33992557809138,-0.012439785914658996,0.06552450156967397,Tokyo
2022-07-13,98.0,98.0,94.26000213623047,95.41000366210938,40,26.525659671543224,-11.185140635625217,-10.335285099688884,-0.8498555359363333,4.802847385839758,111.48366916133732,124.4977295601234,125.01494657744362,156.57706526087736,73.85393602086093,0.007603772332233971,0.06533370810061602,Tokyo
2022-07-14,95.19000244140625,95.19999694824219,91.41000366210938,91.41000366210938,57,24.329569829766896,-11.395760641853798,-10.547380208121867,-0.848380433731931,4.745501143994062,109.57189149474418,123.20017168176992,124.56984799578356,153.02683985061,72.1971622245853,-0.06838563897926919,0.06549235690377611,Tokyo
2022-07-15,90.8499984741211,96.41000366210938,90.8499984741211,96.41000366210938,16,31.9173549918538,-11.032049699248233,-10.644314106347142,-0.38773559290109105,4.8036800042793635,108.31837836782657,122.1495768574695,124.19686992513887,148.59949165517665,71.94751151865148,-0.06042293062433446,0.0675393043691387,Tokyo
2022-07-18,97.06999969482422,100.81999969482422,97.06999969482422,100.41999816894531,11,37.34375314962236,-10.3014840177527,-10.575748088628256,0.2742640708755566,4.775559720596184,107.56615168221883,121.29743651674306,123.88194447141446,143.2878466284236,72.94815648436933,-0.019718901057390603,0.0687352109884096,Tokyo
2022-07-19,100.56999969482422,100.77999877929688,97.44000244140625,100.19999694824219,19,37.16872058939406,-9.629257623728236,-10.386449995648253,0.7571923719200164,4.673019478974358,106.86461313612583,120.4700859454293,123.5682762922996,137.0620325509935,74.84897056179948,0.01787885476621698,0.06871451144523717,Tokyo
2022-07-20,99.9000015258789,101.13999938964844,99.88999938964844,100.37999725341797,16,37.42713679409663,-8.978490394678175,-10.104858075454237,1.1263676807760614,4.428518087619047,106.24703067110603,119.68223933005632,123.26114676860581,129.44400227052236,78.15400111692881,0.05209090661928517,0.06873455638992085,Tokyo
2022-07-21,100.54000091552734,102.94999694824219,98.4800033569336,99.5999984741211,80,36.72231510732809,-8.428533176025297,-9.76959309556845,1.3410599195431523,4.431480623596872,105.6139799856789,118.89470047296082,122.94775407596363,119.28881608436228,83.93718641807914,0.08959626390876707,0.06866772187603218,Tokyo
2022-07-22,100.19000244140625,100.33000183105469,99.25,99.43000030517578,8,36.56071474309093,-7.91516446063163,-9.398707368581086,1.483542907949456,4.19208928127243,105.0250295399167,118.13137889775356,122.63626064853598,106.5151824901854,93.0218193103517,0.031324515385879215,0.06833681037474311,Tokyo
2022-07-25,98.94000244140625,98.98999786376953,97.31999969482422,97.5199966430664,78,34.712417633384874,-7.575116164230707,-9.03398912771101,1.458872963480303,4.0433686619209395,104.31026450212143,117.32308939756976,122.30359490011917,106.00005414451111,92.91294710670958,-0.02887872514197798,0.03195652254906976,Tokyo
2022-07-26,97.51000213623047,99.83999633789062,95.0199966430664,99.69000244140625,84,38.51548679676051,-7.049264573003654,-8.637044216769539,1.5877796437658844,4.098842307128317,103.87023954395806,116.6315957914457,122.00407711920907,105.95472695314884,92.89227469480038,-0.005089765692302128,0.03159032217542089,Tokyo
2022-07-27,99.83999633789062,101.5,98.94999694824219,99.83000183105469,36,38.763323248245094,-6.545771043688532,-8.218789582153338,1.673018538464806,3.9882109317447094,103.48545499987202,115.9727097537833,121.71038075777656,105.93500170047587,92.88299985592063,-0.005479133666190239,0.03158903994222337,Tokyo
2022-07-28,100.63999938964844,102.8499984741211,100.63999938964844,102.37000274658203,36,43.23406566003954,-5.874079219269234,-7.749847509576518,1.8757682903072839,3.9190527682676874,103.37922145193964,115.43927026330483,121.45421681060843,105.59052298362192,93.03647896950307,0.0278112883021846,0.030708107158957998,Tokyo
2022-07-29,103.05000305175781,104.05999755859375,103.05000305175781,103.12999725341797,12,44.53878962905972,-5.2202575247284955,-7.243929512606914,2.0236719878784184,3.7598343428208323,103.3554858139852,114.95655367468183,121.21151191581122,105.43370979585107,93.1122916384751,0.03721207821468342,0.030757831035567285,Tokyo
2022-08-01,102.37999725341797,102.37999725341797,99.12999725341797,100.29000091552734,33,40.767920819786035,-4.875066360521458,-6.7701568821898235,1.8950905216683651,3.7769890326193445,103.06353487127492,114.38139474295028,120.93440580984719,104.93122282527028,93.27577867009106,0.02840447464943474,0.03136888978991693,Tokyo
2022-08-02,99.80999755859375,102.37000274658203,98.0,100.87000274658203,14,41.85070948503488,-4.50279317855977,-6.3166841414638135,1.8138909629040434,3.8193471550452505,102.8546270498756,113.85153623328878,120.66865212689005,105.03960048081365,93.2864012586883,0.011836696521994039,0.030113505149559718,Tokyo
2022-08-03,100.86000061035156,100.86000061035156,100.4800033569336,100.36000061035156,5,41.13857296204621,-4.200496204373863,-5.893446554045824,1.6929503496719613,3.5743937432311923,102.61704357944474,113.32245640493831,120.3996633650816,104.94972774873226,93.94327380766423,0.005309013017888331,0.027583147065309555,Tokyo
2022-08-04,100.29000091552734,100.29000091552734,99.77999877929688,100.12000274658203,5,40.78685004584894,-3.9349300718010056,-5.501743257596861,1.566813185795855,3.3605086066471563,102.37923016679115,112.80471312421845,120.13105858867763,105.02084604637605,94.07215551002042,-0.021979094848418645,0.026501349462687007,Tokyo
2022-08-05,101.69000244140625,101.7300033569336,100.30000305175781,101.68000030517578,10,44.13054829668052,-3.5575786803897103,-5.1129103421554305,1.5553316617657202,3.235472321197471,102.3126368466373,112.36844987641287,119.88667371075046,104.87976226281688,94.12023926306202,-0.01405989515038153,0.02470598662680659,Tokyo
2022-08-08,101.4800033569336,102.37999725341797,101.38999938964844,101.58000183105469,11,43.95918701452278,-3.229367882428818,-4.736201850210109,1.506833967781291,3.0750812885240464,102.24286208324848,111.94537348247727,119.6442012355227,104.75088051652229,94.16312094832146,0.012862707186670486,0.024704718944932286,Tokyo
2022-08-09,101.33000183105469,104.7300033569336,101.23999786376953,104.54000091552734,26,50.13193799841554,-2.699295474069288,-4.328820574981945,1.629525100912657,3.104718731712619,102.46163721013218,111.6549667151459,119.44414560214528,105.49393578116428,94.03006553109157,0.036383444721078684,0.02368381876707026,Tokyo
2022-08-10,104.13999938964844,108.41000366210938,103.7699966430664,106.75,66,54.18915153869162,-2.076939153384444,-3.8784442906624452,1.801505137278001,3.214382180807644,102.87005271392913,111.46261507925783,119.27601122330893,106.47672769474859,94.18127325129633,0.06367077870453253,0.02255736366603474,Tokyo
2022-08-11,106.94000244140625,110.4000015258789,106.91000366210938,110.44000244140625,20,60.03566799881818,-1.271310056058951,-3.357017443741747,2.085707387682796,3.245497848312734,103.59100030702218,111.4225126228715,119.15897799440957,107.50609996426334,95.05490085971127,0.10307630255410216,0.02030137146107502,Tokyo
2022-08-12,110.4000015258789,114.44000244140625,108.80000305175781,114.44000244140625,20,65.217752636023,-0.306542984865942,-2.7469225519665863,2.4403795671006443,3.416533672693856,104.62423860553496,111.54084555693169,119.09647500695257,110.35509663665272,94.00890406525158,0.1254917594210605,0.01860836986820549,Tokyo
2022-08-15,116.05999755859375,119.44000244140625,116.05999755859375,119.44000244140625,23,70.38681487790001,0.8516824183179352,-2.027201557909682,2.878883976227617,3.5296384103585807,106.0352637327608,111.85061641514638,119.101025039197,114.31516300577306,91.95083812337734,0.1758220150463854,0.018795993625483596,Tokyo
2022-08-16,120.20999908447266,125.0,120.20999908447266,122.25,73,72.83055753805193,1.9735775403775335,-1.2270457382522388,3.2006232786297724,3.67466406380395,107.57952432964072,112.25843537925829,119.14273331682352,118.20155445329773,90.26944698102845,0.1694088284807178,0.018882835673574783,Tokyo
2022-08-17,122.1500015258789,122.1500015258789,117.26000213623047,118.31999969482422,27,64.77906575617868,2.51655999012101,-0.4783245925775891,2.994884582698599,3.768616478087206,108.60242674537248,112.49614378379027,119.13183618275731,120.30801186453697,89.95698981392984,0.10838407208266254,0.021107898129984135,Tokyo
2022-08-18,118.73999786376953,118.75,118.73999786376953,117.12000274658203,12,62.50678433589629,2.8175685917397857,0.18085404428588586,2.6367145474539,3.5301438943078183,109.41362445977339,112.6774715862527,119.10518938227817,121.84749844768878,90.16950365802411,0.060485332827838745,0.021210032840047594,Tokyo
2022-08-19,115.80999755859375,118.5999984741211,115.38999938964844,119.75,11,65.37356858377962,3.2310928486455026,0.7909018051578092,2.4401910434876934,3.507276407891021,110.3980411778902,112.95482564169377,119.11372992026125,123.67292586965657,90.37607620553875,0.04639983786536961,0.02130180200518279,Tokyo
2022-08-22,121.04000091552734,121.43000030517578,121.04000091552734,117.88999938964844,4,61.77603524928874,3.3698814018211323,1.306697724490474,2.063183677330658,3.376756686268504,111.11156100758146,113.14836186710376,119.09752156886242,124.73547874105397,91.35052360879955,-0.012977252344901768,0.02105146065849378,Tokyo
2022-08-23,116.0,116.69000244140625,116.0,116.26000213623047,8,58.726089022298446,3.3101873944715976,1.7073956584866987,1.6027917359848989,3.270559736509928,111.60188873411946,113.27038697569697,119.05993853001962,125.46289148950598,92.28011082982997,-0.048997937535947056,0.021455769246742615,Tokyo
2022-08-24,117.05999755859375,117.93000030517578,116.7300033569336,117.56999969482422,6,60.41747954303129,3.330196881769652,2.0319559031432894,1.2982409786263625,3.1562339102553127,112.17028025418658,113.43899923919216,119.04020424081175,126.21087184706077,93.30613025865212,-0.006338742409858322,0.021416563856007275,Tokyo
2022-08-25,117.18000030517578,117.18000030517578,117.18000030517578,117.18000030517578,0,59.633977433237334,3.2768118064697376,2.2809270838085793,0.9958847226611582,2.9586457302119644,112.6473964495189,113.5857051633484,119.01556577808809,126.8841954037726,94.11380645779968,0.0005122742246135292,0.021175124435082262,Tokyo
2022-08-26,119.33000183105469,122.18000030517578,119.31999969482422,122.12000274658203,53,65.70137194927655,3.591717576914249,2.543085182429713,1.0486323944845357,3.1044567494825386,113.54954943019158,113.9203834999458,119.05668414853172,128.23175597216877,94.66524643871989,0.01979125466874354,0.02254152242427059,Tokyo
2022-08-29,121.43000030517578,121.61000061035156,120.83999633789062,122.0199966430664,12,65.48677482171675,3.7895296728291754,2.792374080509606,0.9971555923195696,2.9741388679974574,114.35625868856062,114.23801538791132,119.09593332064478,129.08860479111758,95.98139719252501,0.035032634445671285,0.021001681233278904,Tokyo
2022-08-30,119.47000122070312,119.47000122070312,117.12999725341797,117.47000122070312,42,56.45234784990391,3.5383625385246518,2.9415717721126153,0.5967907664120364,3.1109860481153846,114.65280559638371,114.36475993037375,119.07439779614224,129.10036229826198,97.62963953279272,0.010407698797861853,0.023568305725013262,Tokyo
2022-08-31,119.11000061035156,119.11000061035156,117.11000061035156,118.29000091552734,12,57.58794358873649,3.3666690324484136,3.026591224179775,0.34007780826863865,3.0316299018214283,114.99920515058787,114.51869094939939,119.06400843348509,128.88058677073616,99.64241509083608,0.0061240216260272096,0.02338026446088399,Tokyo
2022-09-01,117.66999816894531,117.94999694824219,113.30000305175781,113.29000091552734,29,49.16844084512017,2.7949243307368477,2.98025784549119,-0.18533351475434223,3.171513327674864,114.83642379486781,114.47050702650245,118.98753151271744,127.95798853573815,101.88201314272864,-0.03319678596618525,0.025988808860914838,Tokyo
2022-09-02,113.2699966430664,113.79000091552734,109.30000305175781,108.38999938964844,45,42.595896438787584,1.9242419004854554,2.769054656490043,-0.8448127560045875,3.2656907945387688,114.22247861341835,114.23205574662582,118.84716684883573,127.15455370120478,103.35644788570929,-0.11243042129163294,0.02819882133416971,Tokyo
2022-09-06,110.8499984741211,110.8499984741211,108.41000366210938,108.29000091552734,8,42.471122847181334,1.212177532404354,2.4576792316729055,-1.2455016992685515,3.2081413866769033,113.65748073742873,113.99903398854353,118.70733683647404,126.17189860804704,105.01010288731429,-0.11252250537018227,0.02819834927164553,Tokyo
2022-09-07,108.55999755859375,109.02999877929688,106.29000091552734,106.0999984741211,17,39.72656825565118,0.4657773053066592,2.059298846399656,-1.593521541092997,3.174702563612091,112.93772052187562,113.68926788993873,118.54035222240316,125.92489490027246,105.41310635094824,-0.09679069233361137,0.027997937103764987,Tokyo
2022-09-08,106.61000061035156,108.5,106.61000061035156,108.31999969482422,8,43.69841130038663,0.05277691358755021,1.6579944598372351,-1.605217546249685,3.119366775202578,112.49793758596597,113.47870835287542,118.40498331475311,125.7365155514171,105.75848566928603,-0.08428439549867661,0.027989930573545565,Tokyo
2022-09-09,109.5199966430664,109.5199966430664,109.5199966430664,109.5199966430664,0,45.77834983554295,-0.17567408591763467,1.2912607506862614,-1.4669348366038961,2.9822689304196928,112.21432416283268,113.32346475641232,118.28730137208177,125.80128604934137,105.60171459152778,-0.03327746704911738,0.027007797602298298,Tokyo
2022-09-12,110.20999908447266,110.20999908447266,110.20999908447266,110.20999908447266,9,46.990997548737106,-0.2976149980569005,0.973485600937629,-1.2711005989945297,2.8185356097758754,112.02343606013173,113.20136806339508,118.18031723582205,125.8741733671484,105.10582693802739,0.016791214180946312,0.02571627115130669,Tokyo
2022-09-13,108.33999633789062,108.33999633789062,106.48999786376953,106.31999969482422,7,41.37321663952478,-0.7000744674478625,0.6387735872605308,-1.3388480547083934,2.882926010556393,111.48025164438816,112.93151048031386,118.02322693726579,125.80839289018327,103.85960714033432,-0.018191903260208142,0.02451819062754069,Tokyo
2022-09-14,105.9800033569336,105.9800033569336,105.9800033569336,107.08999633789062,2,42.83015484261461,-0.945989425302173,0.3218209847479901,-1.267810410050163,2.7012881767945522,111.0621320913884,112.70243149433648,117.87841593594956,124.98768764363426,103.16431202067237,0.009330799981217774,0.023768112962380808,Tokyo
2022-09-15,105.23999786376953,105.23999786376953,105.23999786376953,105.23999786376953,9,40.24255098815655,-1.2754555591600507,0.0023656759663819305,-1.2778212351264326,2.6404817694607337,110.50764311732947,112.40978703823582,117.71101967009288,124.8197603268155,102.02423915438567,-0.028434285817320326,0.02312415551419842,Tokyo
2022-09-16,102.44999694824219,102.44999694824219,102.44999694824219,101.23999786376953,9,35.27954875085611,-1.8381375095141124,-0.365734961129717,-1.4724025483843954,2.6511617084654913,109.62501023603805,111.97175609021754,117.49286044087006,125.10268722421826,100.15331176870167,-0.07560262082806657,0.024259688254705248,Tokyo
2022-09-19,97.54000091552734,97.54000091552734,97.54000091552734,97.54000091552734,3,31.419567236652853,-2.5531942071212086,-0.8032268103280154,-1.7499673967931932,2.726078511306684,108.47405696741798,111.40580490689635,117.22858415576619,125.21686808771709,97.81813099675556,-0.1149623289555981,0.024096774181108137,Tokyo
2022-09-20,95.38999938964844,95.38999938964844,94.01000213623047,93.54000091552734,14,27.869513698032733,-3.403415902316283,-1.3232646287256689,-2.080151273590614,2.7835013875916976,107.05176591485697,110.70518514252893,116.91482808635905,125.82167139075256,94.778327846308,-0.12020314913449925,0.025098249482182495,Tokyo
2022-09-21,94.30999755859375,97.54000091552734,94.30999755859375,97.25,44,35.18447815569439,-3.734804301758288,-1.8055725633321926,-1.9292317384260955,2.870394145620862,106.1182643991563,110.17753082321407,116.654366787202,125.64346190883487,93.05553711460263,-0.09188529904178389,0.027501288060500787,Tokyo
2022-09-22,97.44999694824219,98.69999694824219,96.55999755859375,96.83000183105469,46,34.75477736888716,-3.9853813426984317,-2.2415343192054404,-1.7438470234929913,2.818223091622832,105.23366796409901,109.65409831371763,116.3917924169219,125.03781339067784,91.5871858463827,-0.07991254469238362,0.02711950736322834,Tokyo
2022-09-23,98.26000213623047,98.26000213623047,94.19000244140625,94.48999786376953,2,32.38192062825587,-4.322951918116459,-2.6578178389876443,-1.6651340791288147,2.9076357061372167,104.21046128787717,109.05942770783732,116.10170242284042,124.44027201553206,89.91572697738786,-0.06667325308602756,0.02726927187567076,Tokyo
2022-09-26,90.31999969482422,90.31999969482422,90.31999969482422,90.31999969482422,0,28.630544813206782,-4.8708153064297335,-3.1004173324760624,-1.770397973953671,2.9978044534806525,102.88756018377688,108.32454817791523,115.76022291650908,122.91337128315325,88.26262740459089,-0.07402092631674129,0.025367970567939612,Tokyo
2022-09-27,90.04000091552734,90.04000091552734,90.04000091552734,90.04000091552734,0,28.392696776090744,-5.266881222044404,-3.533710110389731,-1.733171111654673,2.80367547675324,101.66398311061026,107.60750710880198,115.4195577244431,120.8250145223753,87.15298459261494,-0.037417147378058346,0.025305405552058513,Tokyo
2022-09-28,90.44000244140625,90.44000244140625,90.44000244140625,90.44000244140625,0,29.2963503796789,-5.485258883529426,-3.9240198650176703,-1.5612390185117553,2.631984480262216,100.59503257068606,106.93427163164922,115.08870268758169,119.25518851238722,86.01981072467332,-0.07002568183643954,0.02507052334622751,Tokyo
2022-09-29,87.11000061035156,87.11000061035156,87.11000061035156,87.11000061035156,3,26.31868211213586,-5.859483591916302,-4.311112610397397,-1.5483709815189046,2.681842862461678,99.31074381255897,106.15684923865717,114.71812385212169,117.36018988450621,84.79680932203675,-0.10038212368995114,0.025172337648278715,Tokyo
2022-09-30,93.0,93.0,93.0,93.22000122070312,1,38.641711719223814,-5.598497390631067,-4.568589566444132,-1.0299078241869353,2.9109969001178753,98.73067308952508,105.64952186540408,114.43338050601018,115.64615257323148,84.50384666382907,-0.013440540499296216,0.030391652988026804,Tokyo
2022-10-03,92.13999938964844,92.13999938964844,92.13999938964844,92.13999938964844,0,37.4494450190826,-5.416374474259456,-4.738146548007197,-0.6782279262522586,2.780211538041933,98.10298988001303,105.11973667027641,114.13810393493254,114.70209807968115,83.82290115737939,0.020150572419992185,0.02930073453538915,Tokyo
2022-10-04,96.13999938964844,96.13999938964844,96.13999938964844,96.13999938964844,0,44.303746795938395,-4.892872195344282,-4.769091677474615,-0.12378051786966715,2.8673392853246527,97.9160384047402,104.76759011025177,113.89971844426654,113.54536240378361,83.76463668068904,0.06774765006770611,0.03139577181977891,Tokyo
2022-10-05,91.2300033569336,91.2300033569336,91.2300033569336,91.2300033569336,0,38.69807970805122,-4.818642205124817,-4.779001783004656,-0.03964042212016139,3.013243338709666,97.27927316209195,104.23670435521969,113.599457317282,112.72138642528579,83.10161314746811,0.00873508286379332,0.03294885991096072,Tokyo
2022-10-06,90.9000015258789,90.9000015258789,90.9000015258789,90.9000015258789,0,38.346893922208494,-4.731896436289148,-4.769580713661554,0.03768427737240643,2.821583231020025,96.67172348245262,103.71369640112789,113.29880227368727,111.31216445406257,82.76883530179681,0.04350821821802353,0.032293258388438904,Tokyo
2022-10-07,92.2300033569336,92.2300033569336,92.2300033569336,92.2300033569336,17276,40.68328313591618,-4.5039114692107916,-4.7164468647714015,0.21253539556060996,2.715041702451072,96.24870251811748,103.26335549743399,113.01974533439252,109.31443551500247,83.03756491224361,-0.010620015563244434,0.03241566907824139,Tokyo
2022-10-10,84.75,88.2300033569336,83.55000305175781,88.2300033569336,16061,36.23574334638379,-4.593052461166934,-4.691767984050508,0.0987155228835741,3.1411101740742655,95.48501688371903,102.6738122762379,112.6914043810487,106.88215114458701,83.27184970990517,-0.04243538157819993,0.03316095612255519,Tokyo
2022-10-11,88.63999938964844,89.77999877929688,87.05000305175781,88.86000061035156,19677,37.396564631673286,-4.5602936003338215,-4.665473107307171,0.10517950697334921,3.1117448564646084,94.85406295292213,102.13209417169334,112.3757566489865,105.05195441274272,83.3560465333022,-0.07572289188178138,0.03286144332388138,Tokyo
2022-10-12,88.48999786376953,88.76000213623047,84.86000061035156,84.91999816894531,21059,33.31212134817579,-4.7969608573963,-4.691770657324997,-0.10519020007130298,3.175191652431422,93.90796154492433,101.45711001472283,112.01210421878729,102.87775480519967,83.31324632395071,-0.06916589889074809,0.03359290425200173,Tokyo
2022-10-13,84.91999816894531,85.58000183105469,82.0,84.79000091552734,21950,33.183342758807186,-4.938087852719093,-4.7410340964038165,-0.19705375631527655,3.204106665190227,93.03958434212463,100.80349789318575,111.65154655914147,100.71953037264726,83.42647106167891,-0.06721672725838257,0.03363574791239418,Tokyo
2022-10-14,84.79000091552734,85.86000061035156,83.0,83.1500015258789,12790,31.527478236003645,-5.123209092642298,-4.817469095651513,-0.305739996990785,3.179527661273179,92.09771931200599,100.11120391799724,111.27404265141614,99.55828712364817,82.77871467688894,-0.09844954462285704,0.03306503038760206,Tokyo
2022-10-17,83.04000091552734,84.68000030517578,83.0,83.08999633789062,13029,31.465609589389643,-5.214649690568194,-4.89690521463485,-0.31774447593334454,3.0724185644090793,91.2398409335188,99.44370558152248,110.90074402474693,99.01241646744158,81.87958487533184,-0.05825690608045342,0.0324759091516776,Tokyo
2022-10-18,83.08999633789062,83.75,81.77999877929688,82.29000091552734,15750,30.603358299149804,-5.290682276019808,-4.975660626911842,-0.31502164910796626,2.9936744684300827,90.38747521751962,98.77101128089522,110.52179378488972,99.05084428667442,80.71615705609901,-0.0739365254298553,0.03149240321552674,Tokyo
2022-10-19,82.58000183105469,83.69000244140625,78.29000091552734,78.29000091552734,25444,26.668307604603683,-5.609047609054329,-5.102338023340339,-0.50670958571399,3.16555497253357,89.23533480780607,97.96783440382198,110.09488262105712,98.79088389516671,79.08011753915945,-0.07807345026348,0.03102056792892492,Tokyo
2022-10-20,78.19999694824219,79.66000366210938,77.13999938964844,77.4000015258789,21487,25.871208428239967,-5.86555546961965,-5.254981512596202,-0.6105739570234485,3.1194442082426677,88.1081602095273,97.16125272233401,109.66183783833954,98.35862574708456,77.56937565672403,-0.0871564961652822,0.030982689294375768,Tokyo
2022-10-21,77.5,79.93000030517578,75.80000305175781,79.12999725341797,25078,30.236234322665894,-5.861673872485454,-5.376319984574052,-0.4853538879114021,3.1916265686123317,87.25309707085022,96.45414466472947,109.25744259880416,97.82746924079153,76.5645321019819,-0.04834641249176386,0.03167547536483829,Tokyo
2022-10-24,79.4000015258789,80.80000305175781,76.12999725341797,76.12999725341797,17879,27.240670328727433,-6.031149272195279,-5.507285842098298,-0.5238634300969807,3.2972250850214397,86.19375423109476,95.6571192760506,108.81866848826925,98.0897019406688,74.883299157964,-0.0837645852837613,0.03131583633323951,Tokyo
2022-10-25,76.12999725341797,79.08999633789062,76.05000305175781,78.47000122070312,17090,32.830553027096855,-5.908531114780573,-5.587534896634754,-0.3209962181458188,3.2788513851008236,85.45815870629555,94.98311464642913,108.41669938538759,97.91200422997926,73.90399689917112,-0.046421189115619765,0.032488557172005106,Tokyo
2022-10-26,78.47000122070312,79.63999938964844,77.66999816894531,77.81999969482422,12697,32.09297752601515,-5.796981043488387,-5.62942412600548,-0.1675569174829068,3.185362087643845,84.73071499091732,94.31005131499364,108.01144508485034,97.60044823245579,72.9535526220364,-0.006003336507943602,0.03237986940562219,Tokyo
2022-10-27,77.80999755859375,78.0999984741211,74.81999969482422,75.11000061035156,18100,29.15234208303201,-5.859704065100729,-5.67548011382453,-0.1842239512761994,3.192121851333347,83.81445647848248,93.55710815010572,107.5756643633338,97.76920769715862,71.58479315733358,-0.02958657455273661,0.03228207774654515,Tokyo
2022-10-28,74.73999786376953,75.37000274658203,72.11000061035156,72.11000061035156,16486,26.281447472341128,-6.081385018613503,-5.756661094782325,-0.32472392383117743,3.196970443111713,82.69974639580334,92.71604510933105,107.10592047256583,97.20820441394608,70.03479637951096,-0.0887147338143397,0.027785178459021738,Tokyo
2022-10-31,72.11000061035156,73.22000122070312,70.20999908447266,72.0,22708,26.17964319035329,-6.194538121836885,-5.844236500193238,-0.35030162164364675,3.183615564048767,81.68072292953636,91.90365118347493,106.640941393459,96.52440955217172,68.70459130232048,-0.05424927626977616,0.027899945759783988,Tokyo
2022-11-01,72.1500015258789,75.0,72.0,75.0,13666,33.72028388280984,-5.973281571691828,-5.870045514492956,-0.10323605719887219,3.170500166616712,81.04446360291385,91.24076290177004,106.22185607698935,94.30404163746265,68.81095927806469,-0.04422073616315447,0.0277287577483916,Tokyo
2022-11-02,78.4000015258789,79.0,76.5199966430664,79.0,31098,42.19833236475548,-5.412772518766857,-5.778590915347737,0.3658183965808792,3.2297501547155187,80.84975278358871,90.76073298405356,105.86130169186367,92.88671197961946,69.00528860021453,0.015163201102585733,0.0295650756775314,Tokyo
2022-11-03,79.9000015258789,83.0,77.69000244140625,83.0,35910,49.19663074190214,-4.592854912985004,-5.54144371487519,0.9485888018901862,3.378339254992535,81.05453823277074,90.45639051409067,105.5585029939582,91.59420819878534,69.50779222846074,0.10504592365242305,0.03216475176479734,Tokyo
2022-11-04,83.44999694824219,87.87000274658203,81.25,86.93000030517578,36848,54.965782740370734,-3.5846247996320955,-5.150079931826571,1.5654551321944759,3.6098866472489277,81.61410604919027,90.31810070197636,105.31176785900745,90.36110882101762,70.21089130105268,0.20551933947282164,0.033891686359864406,Tokyo
2022-11-07,86.2300033569336,88.25,84.8499984741211,87.48999786376953,33512,55.737107879105814,-2.7091783266656932,-4.6618996107943955,1.9527212841287023,3.594894852865355,82.17371479343592,90.20719470832118,105.07571792529569,90.20601417789294,70.29198539486097,0.21513885921902132,0.03250198346923646,Tokyo
2022-11-08,87.45999908447266,89.30999755859375,86.25,87.68000030517578,21385,56.01239312358261,-1.977256498369968,-4.12497098830951,2.147714489939542,3.556687903274526,82.69812293741114,90.10808904545274,104.84531106940007,89.94409157162025,70.43590797061609,0.16906667073567716,0.0324604160768555,Tokyo
2022-11-09,87.68000030517578,88.75,84.19000244140625,86.5,24710,53.77554949552811,-1.4754117113902652,-3.595059132925661,2.119647421535396,3.628352878654471,83.06020646718152,89.96659535739578,104.60232681682524,90.2082294770582,70.3297702482836,0.09493670886075956,0.03089760286723617,Tokyo
2022-11-10,86.48999786376953,87.44000244140625,84.93000030517578,86.37999725341797,18529,53.5413775912855,-1.0749875337244958,-3.0910448130854284,2.0160572793609326,3.548470682767042,83.37637701825166,89.82594445135743,104.36097145836952,90.46386360077335,70.23313575835752,0.0407228584749153,0.030897018882667156,Tokyo
2022-11-11,86.5199966430664,88.75,86.37999725341797,88.19999694824219,19789,56.62627990068568,-0.6038291563795894,-2.5936016817442606,1.9897725253646712,3.4642944016109696,83.83576939253646,89.76218180417645,104.14691881585128,91.24890770639384,69.95309119497334,0.014609417216242537,0.030808926943311547,Tokyo
2022-11-14,88.19999694824219,88.4000015258789,85.12000274658203,85.27999877929688,15438,50.798273897875966,-0.4607410604681803,-2.1670295574890446,1.7062884970208643,3.4511304285885345,83.9733150484184,89.58640992084784,103.89702583523467,91.51014271727325,69.91085642823455,-0.025260019870086636,0.031877670561666245,Tokyo
2022-11-15,85.3499984741211,89.27999877929688,85.2300033569336,88.73999786376953,14469,56.51002419890158,-0.06737306906435947,-1.7470982598041076,1.6797251907397481,3.4939064995724447,84.4272848403566,89.5532172911585,103.69627049786428,92.40148108071439,69.66451775961765,0.012089388171810711,0.03288318078261554,Tokyo
2022-11-16,88.80000305175781,91.8499984741211,87.80999755859375,88.44000244140625,9021,55.90404815019198,0.2176577516938636,-1.3541470575045134,1.571804809198377,3.532913243569223,84.80944842140894,89.5095618068545,103.49420072228205,93.29312347156505,69.78787552135486,0.022427773889089675,0.03044833314012908,Tokyo
2022-11-17,88.06999969482422,88.81999969482422,85.63999938964844,87.04000091552734,6717,53.04530285099887,0.32681103367997366,-1.017955439267616,1.3447664729475897,3.50770517654112,85.02188199227736,89.41271628170443,103.27626430100052,93.85060268112977,70.194396250755,0.007640700197906858,0.03060180280163009,Tokyo
2022-11-18,87.04000091552734,87.12999725341797,84.18000030517578,85.16000366210938,8735,49.39265372810014,0.258634353667901,-0.7626374806805126,1.0212718343484135,3.4678688745197674,85.03503643702327,89.24594323779874,103.03631382896224,94.14907071390805,70.49892885884587,-0.03446704525303723,0.03095016900674529,Tokyo
2022-11-21,84.98999786376953,84.98999786376953,81.16000366210938,81.16000366210938,7984,42.661565671859854,-0.11681614324946565,-0.6334732131943033,0.5166570699448376,3.5058782406254982,84.66598569655528,88.92884756816386,102.74656137642114,94.05479595878009,71.09620425484295,-0.04831138808819613,0.031694307882641146,Tokyo
2022-11-22,81.0,83.94000244140625,80.04000091552734,83.22000122070312,2713,46.690747809371935,-0.24531098780403227,-0.555840768116249,0.3105297803122168,3.534029903857885,84.52827288933128,88.70497124081247,102.48793144058382,94.13005517802185,71.49594503560121,-0.06220415569020532,0.031480795199421464,Tokyo
2022-11-23,83.56999969482422,84.0199966430664,82.0,83.94000244140625,484,48.06443281960737,-0.2857520251875343,-0.5018230195305061,0.21607099434297183,3.4258846709442077,84.47224713238603,88.51810971926713,102.24226350681988,94.19602343365568,72.04197705462556,-0.050881952462420665,0.03138969115189832,Tokyo
2022-11-25,83.5999984741211,83.5999984741211,83.47000122070312,81.33999633789062,2,43.68660494434432,-0.5215880595982014,-0.5057760275440453,-0.015812032054156155,3.2147501387841304,84.17393753291029,88.23661507686022,101.96541228603937,93.89253405280051,72.96846600823464,-0.06548718425645006,0.031139496823805006,Tokyo
2022-11-28,81.86000061035156,81.86000061035156,79.98999786376953,80.19999694824219,126,41.88520382481623,-0.7913559802098717,-0.5628920180772106,-0.22846396213266118,3.1186967536268377,83.79546700103714,87.9214535816203,101.67712863918113,92.99920115296649,74.67079854185772,-0.05824338305041743,0.029659135868940683,Tokyo
2022-11-29,80.80000305175781,80.80000305175781,80.80000305175781,81.5999984741211,4,44.890564956871074,-0.8820132779955259,-0.6267162700608737,-0.25529700793465215,2.938790278618894,83.58637476037846,87.67355338132622,101.41120638533928,91.70257529630572,76.92742424593061,0.00542132567962339,0.029729307137320655,Tokyo
2022-11-30,83.19999694824219,85.5,83.19999694824219,86.05000305175781,37,53.17891447589887,-0.5880035218851134,-0.6189737204257217,0.03097019854060834,3.0074482248517524,83.82100602622411,87.60988474095097,101.20774673853688,90.83889101513668,78.89610883227542,0.03400627000171985,0.0305947200026965,Tokyo
2022-12-01,87.75,87.76000213623047,85.9800033569336,85.93000030517578,39,52.947652506450645,-0.36052597170389333,-0.5672841706813561,0.20675819897746273,2.919773264454976,84.02186262421951,87.54400691994019,101.00539248114139,90.5188792507888,79.9091206271409,0.023707383915775315,0.02872538954301238,Tokyo
2022-12-02,84.27999877929688,84.27999877929688,84.27999877929688,84.27999877929688,0,49.744430370744475,-0.3098183151168712,-0.5157909995684591,0.2059726844515879,2.8290752831281134,84.04644701994117,87.41600660069928,100.78386408773947,90.50066161168013,80.05533814417925,0.03614460995539415,0.02710203389503738,Tokyo
2022-12-05,84.80000305175781,85.3499984741211,84.72000122070312,84.94000244140625,5,51.02086374787287,-0.21390953631070886,-0.45541470691690905,0.2415051706062002,2.7034270268206924,84.13154753627117,87.31890839837406,100.57401161560261,90.3441570491822,80.01284292030022,0.059102315131297045,0.024985682151493837,Tokyo
2022-12-06,85.27999877929688,86.05999755859375,85.27999877929688,85.38999938964844,4,51.91756608559235,-0.10043242272746511,-0.38441825007902025,0.28398582735155514,2.5903247475611786,84.25140009373568,87.2432649078358,100.372898870888,90.12544645371965,80.02155366835068,0.04644609051958892,0.024968811400479646,Tokyo
2022-12-07,82.61000061035156,82.61000061035156,82.61000061035156,82.61000061035156,17226,46.280478987822654,-0.23214760761068476,-0.3539641215853532,0.12181651397466842,2.603872892685157,84.09507633341339,87.06156826871876,100.13762869525176,89.82988530157199,79.81011485101591,-0.03997678465318755,0.02594356480902641,Tokyo
2022-12-08,82.1500015258789,84.0999984741211,80.76000213623047,80.8499984741211,13719,43.09058613606794,-0.4730967393112451,-0.37779064513053157,-0.09530609418071351,2.656453138771262,83.78602129919507,86.8179772963816,99.88216339430964,89.78028751640176,79.29471248359823,-0.059117907750649734,0.026175245014627483,Tokyo
2022-12-09,80.9000015258789,83.75,80.0999984741211,80.94999694824219,18902,43.329587010249774,-0.6485060469608754,-0.43193372549660036,-0.21657232146427507,2.7274208807075224,83.51592374196146,86.58786041998398,99.63140622283856,89.66704347703745,78.86495649244497,-0.03951117559665518,0.026192314048596673,Tokyo
2022-12-12,80.94999694824219,81.87999725341797,79.02999877929688,79.38999938964844,14218,40.47393037868948,-0.9029888590874577,-0.5261447522147719,-0.3768441068726859,2.7361764230942063,83.1229785655507,86.30559135997082,99.3633081190877,89.31197693955964,78.3390232740634,-0.06534027421986888,0.02578826693041886,Tokyo
2022-12-13,79.29000091552734,82.38999938964844,78.80000305175781,81.62999725341797,18266,45.97934061691975,-0.913390220092893,-0.6035938457903961,-0.30979637430249685,2.797163559865379,82.9807898691571,86.1222347283413,99.12842982947619,89.16844974322517,78.11755031781,-0.044033284495915814,0.025888864854158814,Tokyo
2022-12-14,81.47000122070312,82.55000305175781,80.62999725341797,81.37000274658203,10979,45.45386263319811,-0.9318707317382717,-0.6692492229799712,-0.2626215087583005,2.7345094340421263,82.82738157176901,85.93587268984093,98.89321887473587,88.33188908178437,78.21711146753205,-0.015010263341096675,0.023932678647817382,Tokyo
2022-12-15,81.37000274658203,81.97000122070312,80.41000366210938,81.02999877929688,11576,44.733862331294745,-0.962852979201287,-0.7279699742242344,-0.2348830049770526,2.6506157286529564,82.65620225820024,85.74348547766274,98.65661993307442,87.425331496768,78.38266868633747,0.0022263489000979853,0.023931677437008688,Tokyo
2022-12-16,81.02999877929688,82.30000305175781,79.80000305175781,81.91999816894531,13485,47.09618533631519,-0.9051570339744046,-0.7634073861742685,-0.1417496478001361,2.6398574623206024,82.5860875830331,85.59354479888951,98.43494282361577,86.74299341920148,78.55300648924579,0.011982720905145072,0.024001733737747357,Tokyo
2022-12-19,81.91999816894531,85.75,81.33000183105469,84.08000183105469,16981,52.41263035571354,-0.6773304937682667,-0.7461920076930681,0.06886151392480144,2.7670103699366533,82.72836513046373,85.53419017269992,98.24481115484014,86.57645509770697,78.61154462763483,0.05907548151483888,0.02441066326178991,Tokyo
2022-12-20,84.08000183105469,88.08000183105469,83.62999725341797,87.83999633789062,16356,59.95634798244288,-0.1911724689159513,-0.6351880999376448,0.4440156310216935,2.8872242419152294,83.21518715021867,85.62461394388387,98.10699903805934,87.48333829321817,78.37266069970175,0.076074963780703,0.023638143768992332,Tokyo
2022-12-21,87.80000305175781,89.6500015258789,87.36000061035156,88.30000305175781,15598,60.775589202027,0.2285948664069366,-0.46243150666872856,0.6910263730756652,2.8445654328875234,83.69945533131764,85.7295311638005,97.97710505148582,88.33340442734773,78.03059474867767,0.08516652416442105,0.02311612359795551,Tokyo
2022-12-22,88.30000305175781,88.5999984741211,84.30000305175781,84.30000305175781,13093,51.0040442359512,0.2357790195356131,-0.3227894014278603,0.5585684209634734,2.9485247178500775,83.75665035231194,85.67347123783804,97.79595138261526,88.36505425290095,78.0349449841596,0.040355477251919014,0.025548973278449735,Tokyo
2022-12-23,84.30000305175781,85.79000091552734,84.01000213623047,85.20999908447266,9295,52.860905612360185,0.3113129652571587,-0.19596892809085653,0.5072818933480152,2.8650585793819916,83.89506451727962,85.6552958592747,97.62925002767298,88.55512208593997,78.23187742577879,0.04016114488604239,0.02451681790920304,Tokyo
2022-12-27,85.2300033569336,85.63999938964844,84.0199966430664,84.23999786376953,7355,50.657081748288334,0.2895652417036132,-0.09886209413196259,0.38842733583557576,2.7761260198962803,83.92791531218343,85.59979397709803,97.45190893940936,88.54265544624404,78.64834415702744,0.001902902345748414,0.02442984702084841,Tokyo
2022-12-28,84.08999633789062,85.08000183105469,82.36000061035156,83.26000213623047,10367,48.458954125500526,0.1910502408057937,-0.04087962714441134,0.23192986795020504,2.7721171056681975,83.86430453352123,85.50803743431891,97.26393666387058,88.53964366962973,78.81735629985269,-0.05214019117262336,0.024362889853171404,Tokyo
2022-12-29,83.25,83.88999938964844,82.5199966430664,82.63999938964844,7102,47.06744059336993,0.06223000401256229,-0.020257700913016617,0.08248770492557891,2.6719660800191853,83.7477040436286,85.39556535413575,97.07024213043718,88.2568270382386,78.7591725650329,-0.06409969950727767,0.021091677586601527,Tokyo
2022-12-30,82.63999938964844,84.63999938964844,82.55000305175781,83.37000274658203,7527,48.92704394304066,0.018827180251761888,-0.012440724680060916,0.031267904931822806,2.630396812724288,83.71173249152893,85.31613152638855,96.88878200614771,87.98992600960243,78.77007383780968,-0.011032031690494604,0.021230229851966743,Tokyo
2023-01-03,83.37000274658203,85.8499984741211,82.80000305175781,83.13999938964844,13015,48.350683659674075,-0.0337402819971544,-0.016700636143479615,-0.017039645853674783,2.660368141984216,83.65728171992126,85.23079301122227,96.70667892513448,87.91422408507529,78.73177582337198,-0.0242929200453591,0.020814865691020774,Tokyo
2023-01-04,83.16999816894531,84.25,80.37000274658203,80.44000244140625,18860,42.083521592580254,-0.28992548296935183,-0.07134560550865407,-0.21857987746069776,2.7474845070866265,83.35087416958649,85.04291887122949,96.49122625647584,87.7953976203227,78.40060228812457,-0.04510915857937847,0.021911465199636417,Tokyo
2023-01-05,80.51000213623047,83.7300033569336,80.5,82.58000183105469,16637,47.8529538566657,-0.3166241878848126,-0.12040132198388578,-0.19622286590092683,2.786235679118106,83.27745775639299,84.94633388926185,96.30697162832458,87.53275604931474,78.38224410327314,-0.008167190580456118,0.022798611294989692,Tokyo
2023-01-06,82.58000183105469,86.0999984741211,82.11000061035156,85.68000030517578,16468,54.866846653922885,-0.0866403982119408,-0.1136491372294968,0.02700873901755599,2.8722186923074937,83.50627133246755,84.97510512125848,96.16621704126301,87.84056220833958,78.38143791373074,0.03678607136955203,0.023087632662670724,Tokyo
2023-01-09,85.66999816894531,87.97000122070312,84.58000183105469,86.22000122070312,21882,55.97760797189759,0.13761068266457244,-0.06339717325068295,0.20100785591525538,2.909203027831847,83.7647217980138,85.02392457613867,96.0344790833748,88.17782259291337,78.58117780381514,0.03418493918950882,0.02243499390960363,Tokyo
2023-01-10,86.0,86.1500015258789,84.30000305175781,84.76000213623047,14170,52.2345568820558,0.19527059760801535,-0.01166361907894329,0.20693421668695863,2.8385455379113798,83.85951040165347,85.01357467653443,95.88514826288284,88.26357965853589,78.87642125699145,0.01948523885584419,0.022889204654359844,Tokyo
2023-01-11,84.61000061035156,85.83999633789062,83.4000015258789,84.26000213623047,14877,50.97739512086035,0.1983343988017907,0.030335984497203514,0.1679984143045872,2.810077628918547,83.89765247161318,84.98402281220879,95.73117281749671,88.07986485990679,79.54713633027876,0.04748880630140162,0.02240686534339525,Tokyo
2023-01-12,84.4000015258789,84.87000274658203,81.8499984741211,82.04000091552734,19971,45.71634280123479,0.021380477301491396,0.02854488305806109,-0.0071644057565696945,2.8250723891715754,83.7207332757955,84.86857097312324,95.54983279230507,88.05993731869759,79.6080642376989,-0.006539124528382789,0.02254114421158789,Tokyo
2023-01-13,82.0,83.4000015258789,81.6500015258789,82.29000091552734,18126,46.38736000212916,-0.09755926720504249,0.0033240530054403743,-0.10088332021048287,2.7482815042307487,83.58447305100805,84.76745057870772,95.37420588002988,88.01199122913056,79.74801014416045,-0.03956581906598866,0.0225341568814114,Tokyo
2023-01-17,82.4000015258789,83.22000122070312,81.97000122070312,82.81999969482422,14294,47.85887434838431,-0.14735478529665613,-0.026811714654978926,-0.12054307064167721,2.641261396785695,83.51166606470483,84.69107995581032,95.20792500340464,87.91489855298852,80.02410291185524,-0.03943402317028155,0.022541316470617835,Tokyo
2023-01-18,82.86000061035156,86.30000305175781,82.86000061035156,84.80999755859375,21390,53.0676109204323,-0.025942842699691937,-0.02663794026392153,0.0006950975642295923,2.7011715367962594,83.63531668317044,84.6957433912136,95.07020411009589,87.95361823097997,80.27438317282864,0.0005898468747431718,0.02301295008100623,Tokyo
2023-01-19,84.80000305175781,85.63999938964844,83.2300033569336,83.38999938964844,18151,49.284231982237806,-0.04380008812847791,-0.030070369836832804,-0.013729718291645106,2.6803732865047296,83.61195313140645,84.6445377440934,94.91549941181182,87.93277983847237,80.22622132119561,-0.010325216289164385,0.02262602146600795,Tokyo
2023-01-20,83.58000183105469,86.79000091552734,83.56999969482422,86.69999694824219,19412,56.98290623430142,0.20675372811147952,0.01729444975282966,0.18945927835864987,2.731775303602885,83.90605254253366,84.72514398739335,94.80668480964535,87.66977956448646,80.37522165621665,0.05680151122271471,0.022151334043848194,Tokyo
2023-01-23,86.69999694824219,88.68000030517578,85.80000305175781,87.38999938964844,22806,58.400553317956046,0.45574333754997554,0.10498422731225884,0.35075911023771666,2.7423625857325336,84.23785700416364,84.82964812081512,94.70845056567188,87.41637532342263,80.53762553106957,0.061975919520967926,0.02219728809752708,Tokyo
2023-01-24,87.31999969482422,87.31999969482422,85.62999725341797,86.23999786376953,13358,55.13904298108997,0.5538889971533507,0.19476518128047723,0.35912381587287345,2.6721939821966716,84.42853708603087,84.88495595387215,94.59628562922285,87.65811192514661,80.48988841054674,0.0412943513830879,0.01969176351021211,Tokyo
2023-01-25,86.16000366210938,87.5,85.12000274658203,86.66000366210938,12755,56.10326179442654,0.657976355432055,0.2874074161107928,0.3705689393212622,2.651322787283907,84.64105771232406,84.95456566792068,94.49116931177764,87.88279791789995,80.41020287555708,0.021813537988106813,0.019584520742078435,Tokyo
2023-01-26,86.80000305175781,88.87999725341797,86.62999725341797,87.5,17023,58.04545688849712,0.7990362288390571,0.3897331786564457,0.4093030501826114,2.622656873906485,84.91333793019795,85.05438662211988,94.39857104274748,88.33613428528227,80.2828667217978,0.04928649287005227,0.019455269913750104,Tokyo
2023-01-27,87.3499984741211,87.55999755859375,86.11000061035156,86.88999938964844,10049,56.104154520441774,0.8517863803539285,0.4821438189959423,0.36964256135798623,2.538895450644749,85.10159140252657,85.12637143653276,94.29911976257398,88.64372013024905,80.33828060217283,0.0021914930576028002,0.019310051561012544,Tokyo
2023-01-30,87.25,87.4000015258789,84.5,85.0999984741211,18477,50.74132020215964,0.740615783517498,0.5338382119002535,0.20677757161724453,2.564688741732903,85.10143969505938,85.1253372027127,94.17727709650175,88.68071323432281,80.54728740654633,-0.026204381868877746,0.019881429688724795,Tokyo
2023-01-31,85.30000305175781,86.8499984741211,85.01000213623047,86.22000122070312,22411,53.722058893098875,0.7344211955978608,0.573954808639775,0.1604663869580858,2.5129249986013114,85.2079693641683,85.1682652034182,94.07188271404084,88.83937372921203,80.67362675906922,-0.0002318720264580243,0.019987225023436184,Tokyo
2023-02-01,86.01000213623047,87.0,85.30000305175781,85.61000061035156,17239,51.88068204237414,0.6725373963097354,0.593671326173767,0.07886607013596836,2.454858709289945,85.246258054281,85.18558816055285,93.95980480538272,88.9060250668524,80.85397554349917,-0.012116351343023357,0.02006136910758705,Tokyo
2023-02-02,85.80000305175781,87.29000091552734,85.43000030517578,86.38999938964844,16548,54.04952626748605,0.6786108191896147,0.6106592247769367,0.06795159441267806,2.412368845080061,85.35518580050646,85.23281997345856,93.85954248199552,88.66548105196188,81.68951925321392,-0.012685721261160743,0.01839231460149083,Tokyo
2023-02-03,86.1500015258789,86.44999694824219,85.05000305175781,85.43000030517578,17020,51.00259438754177,0.5990546187621817,0.6083383035739858,-0.009283684811804083,2.340056348751798,85.36231099142735,85.24055253548669,93.74789291673963,88.58703431209338,82.05296584049452,-0.016802843764855524,0.017858828679193566,Tokyo
2023-02-06,85.12999725341797,85.5999984741211,83.06999969482422,83.2699966430664,22341,44.87309222016366,0.3575894445979202,0.5581885317787727,-0.2005990871808525,2.3536236652193034,85.16304295825012,85.16327583382315,93.60911283364463,88.5862136658078,81.81278612056914,-0.02150413471054513,0.016818596552291936,Tokyo
2023-02-07,83.2699966430664,86.98999786376953,83.2699966430664,85.62999725341797,32551,51.702732177521895,0.35259439165284334,0.5170697037535869,-0.1644753121007435,2.4512220620395766,85.20751479588516,85.18157863459157,93.5034291835754,88.52945432247684,81.81054506717159,-0.00684300578673025,0.01799760830407475,Tokyo
2023-02-08,85.61000061035156,85.88999938964844,84.13999938964844,85.37000274658203,23424,50.95379149374285,0.3239224163881289,0.4784402462804953,-0.1545178298923664,2.4011347718938922,85.22298983880867,85.18896781545395,93.39570168109867,88.55535453631579,81.84564491436781,-0.002803385843458517,0.017579480839911406,Tokyo
2023-02-09,85.31999969482422,86.30000305175781,85.0999984741211,85.5,27192,51.33338585230502,0.3081373458250596,0.4443796661894082,-0.13624232036434863,2.31533975801838,85.24937175892212,85.20116515602439,93.29112285088544,88.58989076593524,81.9351084711253,-0.010302111308442496,0.01751831407356384,Tokyo
2023-02-10,85.30000305175781,85.6500015258789,84.26000213623047,85.2699966430664,17697,50.58738178846375,0.27391074245670666,0.41028588144286793,-0.13637513898616127,2.249244017420527,85.25133603360254,85.20386443002603,93.18488276866269,88.38634879159042,82.46165001822402,-0.001872921240053893,0.016321435663685945,Tokyo
2023-02-13,85.1500015258789,86.7300033569336,84.52999877929688,85.63999938964844,16690,51.80087102749825,0.27348942624068684,0.3829265904024317,-0.10943716416174487,2.2457269145788263,85.2883515913212,85.22096776177592,93.08495053847707,88.16043422749797,83.02256442972859,0.02846166497088931,0.016328586756562822,Tokyo
2023-02-14,85.5,85.9000015258789,84.4000015258789,85.4000015258789,9372,50.92722563194212,0.25089751783637837,0.3565207758892211,-0.10562325805284273,2.192460706394624,85.29898491842194,85.22798869370153,92.98316313433669,87.9386027664751,83.50239607385694,-0.00268592473334317,0.01632732782894877,Tokyo
2023-02-15,85.25,85.5,82.02999877929688,82.55000305175781,14275,41.89179194824024,0.002987768098705601,0.285814174331118,-0.2828264062324124,2.2837136002738028,85.03717712159678,85.12296964891944,92.84497558357407,88.21669684839364,82.99830254125479,-0.03303267663227438,0.017265589823613585,Tokyo
2023-02-16,82.5,83.79000091552734,81.0,81.25,7681,38.533475657702844,-0.2949815130963884,0.16965503684561672,-0.46463654994200515,2.31987697993477,84.67649358620662,84.97108848621671,92.69139974803004,88.61849799015266,82.38250146053093,-0.049707602339181256,0.017219102396918685,Tokyo
2023-02-17,81.25,81.75,80.0,80.25,6547,36.13383077667578,-0.6048436962196604,0.014755290232561308,-0.6195989864522217,2.279171481368001,84.25492276847265,84.78594776126704,92.5266129964005,89.0231038967382,81.33289585912118,-0.05887178187750752,0.014521490999087701,Tokyo
2023-02-21,80.36000061035156,83.5,79.80000305175781,80.91999816894531,4284,38.8801400429304,-0.7872732598764998,-0.14565041978925092,-0.6416228400872488,2.380659014716157,83.937310901851,84.63434189490148,92.37288299868587,88.99346763311179,80.71553200067727,-0.055114447154861246,0.014538289408704125,Tokyo
2023-02-22,81.87000274658203,82.77999877929688,81.87000274658203,82.25,89,44.02567731529387,-0.8151336179864472,-0.2795470594286902,-0.535586558557757,2.3434691286901144,83.77661462548424,84.54083829117985,92.23880507817347,88.89615963559103,80.41384021182108,-0.03688526311002882,0.01502594384750229,Tokyo
2023-02-23,83.05999755859375,83.05999755859375,82.0,82.41000366210938,15,44.62960971592206,-0.8149084369871105,-0.38661933494037426,-0.4282891020467362,2.2517925879689455,83.64646120040092,84.45727614886336,92.1086222779607,88.68655862677542,80.19844122063668,-0.0016959343970061047,0.014966173888095869,Tokyo
2023-02-24,82.0,82.5999984741211,82.0,85.12999725341797,7,53.762644491781934,-0.588465761547198,-0.42698862026173906,-0.16147714128545892,2.1338072941226702,83.78775034830731,84.48365736864982,92.01619015843035,88.33452969013888,80.31346988261504,0.04775381234975962,0.016710999442103656,Tokyo
2023-02-27,85.0,85.0,85.0,85.0,0,53.31006205759906,-0.4147173977395937,-0.42453437575731,0.009816978017716305,1.9906780055009057,83.90320269608756,84.503906099291,91.92326048745777,88.07095459773183,80.38804503605724,0.05919003115264787,0.016658813182222416,Tokyo
2023-02-28,84.75,84.75,83.75,84.19000244140625,3,50.459725323386195,-0.33847882794637485,-0.407323266195123,0.06884443824874814,1.9377724336794122,83.93051695754649,84.49159615192298,91.82083322856967,88.00353616646444,80.36446386405314,0.04041033547274431,0.01614015441010886,Tokyo
2023-03-01,84.56999969482422,84.56999969482422,84.56999969482422,84.56999969482422,0,51.76274507223171,-0.2445772749531585,-0.3747740679467301,0.13019679299357162,1.826502777946452,83.99142007538246,84.49467080066421,91.72479569832139,87.80539937892993,80.39760049899976,0.028206683219747397,0.015871223142452363,Tokyo
2023-03-02,82.8499984741211,82.8499984741211,82.8499984741211,82.8499984741211,0,45.88037278813534,-0.30542855132561897,-0.3609049646225079,0.055476413296888905,1.818895523857643,83.88271325621471,84.43017384668214,91.6072487152194,87.63628562678285,80.29071403752378,0.00533909467855076,0.016420134685589182,Tokyo
2023-03-03,84.30000305175781,84.30000305175781,84.30000305175781,84.37000274658203,1,51.16228611222669,-0.22836948342879282,-0.33439786838376484,0.10602838495497202,1.7925461705561485,83.92912177910684,84.42781419569782,91.51139115272089,87.36130472185235,80.36369527814765,-0.008927458373733543,0.01685348425256424,Tokyo
2023-03-06,84.86000061035156,84.86000061035156,84.86000061035156,84.86000061035156,0,52.7627830149451,-0.12630491992200632,-0.2927792786914131,0.1664743587694068,1.6995070057856758,84.01777690589205,84.444762682547,91.4232932647425,87.28804323158514,80.37995679893245,-0.001647051642922781,0.016750759645842363,Tokyo
2023-03-07,83.12000274658203,83.12000274658203,83.12000274658203,82.88999938964844,1,46.206475084819694,-0.20205152828563655,-0.2746337286102578,0.07258220032462126,1.7023992099273797,83.91036952339266,84.38379157302155,91.31026950480748,87.28624402331735,80.34375628185842,-0.015441299608734194,0.016588279857360177,Tokyo
2023-03-08,82.73999786376953,82.73999786376953,82.73999786376953,82.73999786376953,0,45.740411065208484,-0.2710605137883846,-0.2739190856458832,0.002858571857498604,1.5915136610667744,83.79890555580951,84.3193290746195,91.19675597313811,87.06334395754097,80.27765640866998,-0.021638900764554325,0.01520489091795774,Tokyo
2023-03-09,82.30000305175781,82.30000305175781,82.30000305175781,82.30000305175781,15573,44.32801158139587,-0.3571376753109803,-0.29056280357890263,-0.06657487173207766,1.509262314705699,83.65615293637602,84.240139818821,91.07891818609997,86.86357128520748,80.17042911152103,-0.0066384481894116165,0.015224011877864454,Tokyo
2023-03-10,82.19999694824219,82.25,78.18000030517578,78.18000030517578,37570,33.8025419870377,-0.7491682896180123,-0.3822839007867246,-0.3668843888312877,1.695743774125437,83.13461459054741,84.00248728887414,90.90807159165064,87.12645028563779,79.17555014160831,-0.07336733720394495,0.018786087791514246,Tokyo
2023-03-13,78.69000244140625,81.18000030517578,77.94999694824219,81.18000030517578,34654,44.19351732276105,-0.808461012626438,-0.46751932315466727,-0.3409416894717707,1.8053337443260198,82.94846084908345,83.89180152480753,90.77922296533971,86.88359141008885,79.00940938336817,-0.04336554653202396,0.021021044585274942,Tokyo
2023-03-14,80.5999984741211,82.48999786376953,80.30000305175781,81.37000274658203,20007,44.78466679811954,-0.8305453044140023,-0.5401245194065343,-0.29042078500746804,1.8328095348749984,82.79813150598808,83.7929074550732,90.65459753197868,86.51514758153473,78.95085354761565,-0.018337515433209495,0.020991890666017646,Tokyo
2023-03-15,81.30000305175781,81.7300033569336,78.22000122070312,79.11000061035156,21827,39.433892229265126,-1.0186679791672049,-0.6358332113586684,-0.3828347678085364,1.9526090064003891,82.44688094449889,83.60926404939784,90.50168896348032,86.31132928975278,78.52567174784487,-0.043872339220925705,0.02175967566305372,Tokyo
2023-03-16,79.25,79.87000274658203,77.55000305175781,79.16000366210938,20984,39.6058234377092,-1.1504599398260353,-0.7387585570521418,-0.41170138277389356,1.9788511984306627,82.13384501284274,83.43478324989633,90.35146796611117,86.40409771825124,78.09390338038158,-0.038153089589482936,0.02058266749897498,Tokyo
2023-03-17,79.0999984741211,79.31999969482422,76.86000061035156,77.83000183105469,17533,36.6274944186088,-1.3467021070380127,-0.860347267049316,-0.4863548399886968,2.0132189045765196,81.72395518600578,83.21498790013783,90.18562073253426,86.66522965185422,77.49077162988405,-0.0044768287638126125,0.020621745363087477,Tokyo
2023-03-20,77.5999984741211,79.48999786376953,76.68000030517578,77.22000122070312,17454,35.31576296277355,-1.5337670775365524,-0.9950312291467633,-0.538735848389789,2.07013166557775,81.29500718931028,82.97989038329726,90.0138906727749,86.94755552690704,76.90544587690157,-0.04878047634375504,0.020528309701214907,Tokyo
2023-03-21,77.30000305175781,79.16000366210938,77.22000122070312,77.8499984741211,14038,37.79356225428546,-1.6125929336084965,-1.11854357003911,-0.49404936356938656,2.0608367209940717,80.96691112119703,82.77871815156486,89.85277951782585,87.10188502909833,76.44411640522785,-0.043259237478750046,0.020523395017730643,Tokyo
2023-03-22,78.01000213623047,79.80000305175781,77.77999877929688,78.27999877929688,13918,39.49712627261041,-1.6216719368575525,-1.2191692434027985,-0.402502693454754,2.057920117527419,80.71101470768272,82.60229778402494,89.69949765373937,87.11993551231345,76.0290657999424,-0.01049174345406445,0.02015725457230435,Tokyo
2023-03-23,78.19999694824219,79.47000122070312,77.1500015258789,77.58000183105469,13791,37.687724111594214,-1.6661447365636661,-1.308564342034972,-0.35758039452869417,2.0766400873343334,80.41282300514672,82.40534500155552,89.5389745302601,87.13976225819884,75.52623887095156,-0.019959597750890068,0.020179288659069514,Tokyo
2023-03-24,77.54000091552734,77.86000061035156,75.69999694824219,76.54000091552734,17861,35.11394380039424,-1.7649637297479757,-1.3998442195775729,-0.3651195101704028,2.0825946283896934,80.04398280613535,82.17533150798577,89.36680269430339,86.79781641114158,75.00918508421975,-0.016574597008587322,0.018469391627648404,Tokyo
2023-03-27,76.83999633789062,79.54000091552734,76.55000305175781,79.5199966430664,18669,46.40774624403824,-1.5845520141798772,-1.4367857784980338,-0.14776623568184344,2.148123583504715,79.99407936203355,82.07120072896933,89.23638142210157,86.2238643235562,75.03513683611177,0.029784970033730485,0.020877333700441803,Tokyo
2023-03-28,79.66000366210938,82.5199966430664,79.66000366210938,82.5199966430664,21277,54.91535911485577,-1.185829991849559,-1.386594621168339,0.20076462931878014,2.208971898968664,80.23464291260811,82.08880056873784,89.14742268330642,85.96366453611662,75.12833604371735,0.05998713244031362,0.022668185582673556,Tokyo
2023-03-29,82.5199966430664,83.41999816894531,81.30999755859375,82.76000213623047,22288,55.52366124643148,-0.8407814735679722,-1.2774319916482657,0.43665051808029354,2.2019025212102994,80.47515331485786,82.11512219883559,89.06282108665641,85.64583731127053,75.26516351270408,0.057230498553845655,0.022650558309364622,Tokyo
2023-03-30,82.68000030517578,83.94999694824219,82.05000305175781,83.5,16772,57.430791125344705,-0.5018315914960283,-1.1223119116178182,0.6204803201217899,2.180337619444162,80.76323395153807,82.1694311322146,88.98914133716427,85.74912540363327,75.22687557292922,0.07630830148518486,0.022272574481015762,Tokyo
2023-03-31,83.63999938964844,83.69000244140625,82.26000213623047,82.77999877929688,16291,54.96136411460208,-0.2879896833590436,-0.9554474659660632,0.6674577826070196,2.1267420969964204,80.955306792277,82.19337496151195,88.90690103838458,85.4667759901453,75.35022458968868,0.08152597059224287,0.02195056411502766,Tokyo
2023-04-03,83.37999725341797,83.63999938964844,81.87999725341797,82.37999725341797,15886,53.58291471697138,-0.14907674675933436,-0.7941733221247176,0.6450965753653832,2.100546385513138,81.09099159809995,82.20069348276317,88.82045198163006,84.99278288812738,75.57621735601325,0.035965803962353826,0.02190741018427035,Tokyo
2023-04-04,82.37999725341797,83.0,80.22000122070312,81.05000305175781,17752,49.1673812083966,-0.14463934816824064,-0.6642665273334223,0.5196271791651816,2.1490786993548334,81.08708792701975,82.15556836782179,88.71753212825428,84.75610322969655,75.62889738065502,-0.017813786368253703,0.02158308576785431,Tokyo
2023-04-05,81.0,81.97000122070312,80.51000213623047,81.06999969482422,13538,49.23511607484642,-0.137919268364584,-0.5589970755396547,0.4210778071750707,2.0998587268632494,81.08546047633446,82.11299704731208,88.61624030794395,84.53539389182669,75.68260690163035,-0.020420521964515603,0.021584534353536737,Tokyo
2023-04-06,81.44999694824219,83.43000030517578,81.19999694824219,83.19999694824219,0,55.965898686134494,0.038831791792560466,-0.43943130207321174,0.4782630938657722,2.1184402899695574,81.28684490223044,82.15562449440738,88.54450198529891,84.6910945622306,75.61690562087486,-0.0035928509192552083,0.022373602138511677,Tokyo
2023-04-10,83.0,83.62999725341797,82.33000183105469,82.44999694824219,19613,53.28680000514115,0.11704037975852088,-0.32813696570686524,0.4451773454653861,2.0599799422833946,81.3976212875649,82.16716851220481,88.4637800642783,84.91533011687544,75.81966973053666,-0.003986492340190995,0.018945809623175373,Tokyo
2023-04-11,82.33000183105469,83.06999969482422,81.9000015258789,82.75,20090,54.23062037678739,0.20091298836483418,-0.22232697489252534,0.4232399632573595,1.9964098156163887,81.52641926017778,82.1900246489811,88.38810085812892,85.1057042644317,75.78629555246283,0.0044914148933972164,0.017073014724741743,Tokyo
2023-04-12,82.69000244140625,83.16999816894531,82.04000091552734,82.44999694824219,23937,53.075757001234294,0.24040367202313462,-0.12978084550939337,0.370184517532528,1.9345232040307874,81.61437903999344,82.20021964110897,88.30945047521652,85.22930168724483,75.77069754981571,0.017273212137824956,0.0170997819526594,Tokyo
2023-04-13,82.5,83.80999755859375,82.25,83.3499984741211,23172,56.09632858199732,0.3403990168737039,-0.03574487303277392,0.3761438899064778,1.9077713722138563,81.77967612895797,82.24530900710946,88.24376236924175,85.55764721512715,75.86635180831034,0.02812382864042906,0.015815571575958434,Tokyo
2023-04-14,83.31999969482422,83.7699966430664,82.76000213623047,82.86000061035156,18248,54.05613004478962,0.37577560827216416,0.046559223228213695,0.32921638504395045,1.8436444532582907,81.88256417480498,82.26941456017778,88.172454266475,85.77557015163546,76.01842856662626,-0.004086494595692547,0.015925534999525637,Tokyo
2023-04-17,82.88999938964844,83.95999908447266,82.6500015258789,83.30000305175781,12605,55.61711634796786,0.4343098776763412,0.12410935411783922,0.31020052355850203,1.8055268179251094,82.01755835356239,82.30982979514171,88.10791848879664,85.93713916972497,76.40385967060705,0.010309352758972379,0.015275446741701226,Tokyo
2023-04-18,83.30000305175781,84.93000030517578,83.19999694824219,84.55000305175781,10075,59.79617531419131,0.574935759657663,0.21427463522580398,0.360661124431859,1.800132284997144,82.25874356291435,82.39767972677372,88.0607937810213,86.14939063300532,76.92460839043217,0.02175230274027573,0.015239944845399447,Tokyo
2023-04-19,84.5,84.93000030517578,83.0999984741211,83.23999786376953,5731,54.052062756410635,0.5740589198928916,0.2862314921592215,0.2878274277336701,1.8022658240012541,82.35219635347198,82.43071181057748,87.9969421794683,86.13281658225196,77.48018238015038,0.009581576043274698,0.015857560901665697,Tokyo
2023-04-20,83.12000274658203,83.25,79.23999786376953,79.23999786376953,5553,41.076762850375935,0.24774163608979904,0.278533520945337,-0.030791884855537965,1.9599612748747697,82.05579649730984,82.30558577344776,87.88095616204183,86.03491711335202,77.67408175749758,-0.04931014619787488,0.019720860041660737,Tokyo
2023-04-21,79.19000244140625,79.97000122070312,78.41999816894531,78.41000366210938,1587,38.98550288474113,-0.07695368367285482,0.20743608002169864,-0.2843897636945535,1.93067854465213,81.70857813205265,82.15281784751292,87.75551308257252,85.91095218527602,77.88104686867905,-0.05370500742774864,0.01976345670828149,Tokyo
2023-04-24,80.95999908447266,81.44999694824219,79.6500015258789,78.9800033569336,307,41.19950014416932,-0.28499757753316146,0.10894934851072663,-0.3939469260438881,2.0099153119007505,81.4487138677556,82.02839374984315,87.63928116567665,85.45427348691807,78.58172581117763,-0.051860738734187284,0.0195313918130133,Tokyo
2023-04-25,76.22000122070312,76.22000122070312,76.22000122070312,77.0,6,36.27534646308439,-0.6026960803695971,-0.03337973726533812,-0.5693163431042589,2.063492942210016,81.02502683273126,81.8312018380846,87.49836353434318,85.85792513609069,77.92607449769837,-0.08929630726489779,0.01839790072423815,Tokyo
2023-04-26,76.51000213623047,76.51000213623047,76.51000213623047,76.51000213623047,73,35.155531507323445,-0.8838249810650041,-0.20346878602527133,-0.6803561950397328,1.951100436607124,80.59502448068356,81.62252733997266,87.35282232377216,86.21355692693676,76.9694432561687,-0.08085050336682331,0.016004090893415323,Tokyo
2023-04-27,78.62999725341797,78.62999725341797,78.62999725341797,78.62999725341797,0,43.30952150602612,-0.9248941676340365,-0.34775386234702443,-0.5771403052870121,1.9631643423628653,80.4078790304678,81.5051732189313,87.23728821688006,86.15394433209586,76.61605536272835,-0.007698140166539136,0.017411375241271794,Tokyo
2023-04-28,80.81999969482422,80.81999969482422,80.81999969482422,79.02999877929688,1,44.72193399937064,-0.9146218226520801,-0.4611274544080356,-0.45349436824404454,1.9793670637231071,80.2766523398801,81.40810755463193,87.12858239651472,85.93207204500362,76.39092752775028,0.007907092057529264,0.01729944375898276,Tokyo
2023-05-01,79.54000091552734,79.54000091552734,79.54000091552734,79.54000091552734,0,46.55041639977758,-0.8554667173099233,-0.5399953069884131,-0.31547141032151016,1.8744124260450616,80.20649506137032,81.33484847074547,87.0280713835215,85.75869152612732,76.24030826024962,0.0070903714205095,0.01735719591180244,Tokyo
2023-05-02,78.5999984741211,78.5999984741211,78.5999984741211,78.5999984741211,0,43.68237226747805,-0.8743571660878189,-0.6068676788082943,-0.2674894872795246,1.807668855713718,80.0534953863942,81.22759945127001,86.91644127876124,85.63858584072575,75.9824140677215,0.020779200962611544,0.017488997882186705,Tokyo
2023-05-03,76.98999786376953,76.98999786376953,76.98999786376953,76.98999786376953,0,39.22474150054502,-1.0076262881374447,-0.6870194006741244,-0.32060688746332033,1.7935496953307066,79.76173371757281,81.06141899685822,86.78496520703949,85.72587023504916,75.48912915459927,0.006273633696734171,0.017700891985894533,Tokyo
2023-05-04,79.98999786376953,79.98999786376953,79.98999786376953,79.98999786376953,0,49.55469815301542,-0.8612402579696266,-0.7218635721332248,-0.13937668583640173,1.879724717092799,79.78347316006773,81.01940248183514,86.69496563957895,85.67411300715303,75.43288619938996,0.017296205746623494,0.019917381946387175,Tokyo
2023-05-05,83.5,83.5,83.5,82.12999725341797,40,55.380710645716036,-0.5660234424762223,-0.6906955462018244,0.12467210372560211,1.9961731041740614,80.0069516451487,81.06295521797564,86.63450248214636,85.52566824498003,75.47433099208051,0.0392255918259381,0.019950487577308454,Tokyo
2023-05-08,81.52999877929688,81.52999877929688,81.52999877929688,81.52999877929688,16344,53.5145719338307,-0.37614093320213726,-0.6277846236018869,0.25164369039974965,1.8964463448845637,80.15200375316282,81.08127065175294,86.56689316157882,85.42101678130157,75.48698263886445,0.02501883129072291,0.01991595892035745,Tokyo
2023-05-09,83.18000030517578,83.18000030517578,80.4000015258789,80.98999786376953,21699,51.82206994545854,-0.2661630752294428,-0.5554603139273981,0.2892972386979553,1.9595572330568716,80.23181271607774,81.07769132673398,86.49302699869392,85.22288347748152,75.50911572906146,0.03040711750694669,0.019934655176064277,Tokyo
2023-05-10,80.95999908447266,81.5999984741211,80.19999694824219,80.76000213623047,14457,51.081055036065585,-0.19531212687529376,-0.4834306765169773,0.28811854964168354,1.9195889682584455,80.282116470378,81.0652329271064,86.41709289455534,85.04360164400138,75.51939808134041,0.04896745521582946,0.019930112659206106,Tokyo
2023-05-11,80.7300033569336,81.23999786376953,79.5199966430664,79.62000274658203,17793,47.45864926441046,-0.2285164676310245,-0.43244783473978676,0.20393136710876225,1.9053327005759226,80.21905802049267,81.0085572337525,86.32706521047622,84.63824062704771,75.55175952554018,-0.0046255172780181875,0.019931278550753,Tokyo
2023-05-12,79.5999984741211,81.76000213623047,79.5999984741211,80.52999877929688,16110,50.47761611511928,-0.17933481213611913,-0.38182523021905324,0.2024904180829341,1.9235234835425978,80.24867142609307,80.98979023553855,86.2502828736394,84.3390278457425,75.6179721237399,-0.019481292190771438,0.020139480724830898,Tokyo
2023-05-15,80.54000091552734,83.23999786376953,80.52999877929688,82.37000274658203,17250,55.98473414054434,0.008022468757431511,-0.3038556904237563,0.31187815918118783,1.979700312180459,80.45070298042535,81.04391621636378,86.19888843487044,84.16124957652073,75.7027503624441,0.010303004781823555,0.020803692535560157,Tokyo
2023-05-16,82.3499984741211,83.97000122070312,81.5,83.37999725341797,20901,58.6996801211347,0.23529029941867918,-0.1960264924552692,0.4313167918739484,2.014721805646364,80.72968338737702,81.13552723742472,86.16155212783134,83.85914260484569,75.88785675428517,0.029509809268899678,0.020706408221973442,Tokyo
2023-05-17,83.19999694824219,87.0,82.83999633789062,86.94000244140625,41227,66.53512080865852,0.6946567880165162,-0.017889836360912126,0.7125466243774283,2.1679562239651506,81.32114234490362,81.36315371601223,86.17186272801115,84.94398991398201,75.17300990291251,0.07652303295820895,0.02243788868851709,Tokyo
2023-05-18,86.5,87.16000366210938,85.62000274658203,86.66000366210938,32316,65.48284939726787,1.0243069059425238,0.19054951209977508,0.8337573938427487,2.1231022733624503,81.82960532749465,81.57087332174154,86.17832817084688,86.11475613821176,74.74424425851674,0.08842000342469913,0.018980371217744027,Tokyo
2023-05-19,86.30000305175781,87.9800033569336,86.12999725341797,86.72000122070312,23929,65.60836328740993,1.2756929072146193,0.4075781911227439,0.8681147160918754,2.103595404087677,82.29535731732403,81.77279990601454,86.18550264832842,87.09537902250496,74.59462113008293,0.07686579579332631,0.018676887372758445,Tokyo
2023-05-22,86.72000122070312,87.25,84.61000061035156,85.31999969482422,20543,60.11522023439817,1.3464289072042277,0.5953483343390407,0.751080572865187,2.141909974484874,82.58341849613358,81.91190578008552,86.17403903305022,87.65259238512444,74.67140740125252,0.03581397171149914,0.019261886897734736,Tokyo
2023-05-23,85.31999969482422,85.66000366210938,83.86000061035156,84.3499984741211,15477,56.58048547909606,1.3091259162886786,0.7381038507289683,0.5710220655597102,2.1174880514329413,82.75166420832286,82.00751725828299,86.1498795554485,87.85816434252605,75.200835291263,0.011633500271713615,0.018379075042023085,Tokyo
2023-05-24,84.3499984741211,84.4000015258789,81.4000015258789,81.72000122070312,22721,48.28971768773388,1.0551807616942739,0.8015192329220294,0.25366152877224446,2.180524619187731,82.65341059045431,81.99624211955437,86.09120567022009,87.66108330809196,75.91891623414436,-0.06004142022219494,0.019972657551327565,Tokyo
2023-05-25,81.70999908447266,82.77999877929688,79.86000061035156,80.12000274658203,25928,44.05990980076388,0.7165608248406272,0.784527551305749,-0.06796672646512181,2.2333441584561298,82.41213365294267,81.922664104928,86.01211688977456,87.60306712068277,76.12593297086997,-0.07546735101728186,0.019765146309515983,Tokyo
2023-05-26,80.11000061035156,83.73999786376953,80.11000061035156,83.3499984741211,30517,53.00846066059798,0.7007578460286226,0.7677736102503239,-0.0670157642217013,2.3331050938105466,82.50145411210252,81.97863800175911,85.97685704320962,87.69368302153322,76.46731703950195,-0.03886073223183362,0.021563709946020148,Tokyo
2023-05-30,83.63999938964844,86.54000091552734,82.76000213623047,83.98999786376953,26840,54.559541899212434,0.7314448327885543,0.76050785475797,-0.02906302196941568,2.4364546427738563,82.64322018368986,82.05751485909286,85.9505410275879,87.84450040073972,76.76149935511967,-0.015588394700092434,0.021576621021234442,Tokyo
2023-05-31,84.48999786376953,84.48999786376953,82.55999755859375,83.4800033569336,19748,53.05665815566784,0.7064684676501543,0.7496999773364069,-0.04323150968625267,2.400279332945422,82.72291381923688,82.11329872175328,85.91781867433421,87.82548632094475,77.26851392319588,-0.010314109459698684,0.021408287212970206,Tokyo
2023-06-01,83.7699966430664,86.88999938964844,83.55000305175781,86.41999816894531,26191,59.91207676136436,0.9133786683700009,0.7824357155431259,0.13094295282687507,2.4724019543575237,83.07501709063769,82.28218889615297,85.9244700583688,87.87475108690948,78.16224918774871,0.057513422393971725,0.021754053708233363,Tokyo
2023-06-02,86.41999816894531,87.16000366210938,85.5,86.05000305175781,16756,58.7492988439637,1.035563646270944,0.8330613016886896,0.20250234458225447,2.4143735049112274,83.35834908693484,82.42994631401983,85.92613274702296,88.13818355033216,78.50481724312486,0.07401398030317408,0.02045480610168421,Tokyo
2023-06-05,85.98999786376953,86.44999694824219,84.37999725341797,84.79000091552734,20752,54.84553404932527,1.018978331522277,0.8702447076554072,0.14873362386686972,2.389775375619298,83.49469688013413,82.52249747486326,85.91108464329454,88.27954722634027,78.62945393332771,0.017276574298358938,0.020112800482489247,Tokyo
2023-06-06,84.69000244140625,85.70999908447266,84.4800033569336,85.33999633789062,17012,56.21325070829056,1.038246129084115,0.9038449919411488,0.1344011371429662,2.306933972184996,83.67043968563475,82.63298762635453,85.90352055977925,88.45093297416845,78.83906794135889,0.016073324305958092,0.02002697242773711,Tokyo
2023-06-07,85.33000183105469,85.5,84.05999755859375,85.01000213623047,20246,55.13418399625601,1.0151857933766593,0.926113152228251,0.0890726411484083,2.2450102914150856,83.79801706188196,82.72620388164378,85.89168587867265,88.51880798748809,79.17319335528535,0.018327727812313288,0.019971456250027428,Tokyo
2023-06-08,85.0,86.95999908447266,84.11000061035156,84.30999755859375,27976,52.81801152106604,0.9297086889125978,0.9268322595651204,0.0028764293474774494,2.2882237330369435,83.84677710918785,82.78831343760261,85.87073636449942,88.46679561118589,79.58020527382388,-0.02441565210666463,0.020083260481270085,Tokyo
2023-06-09,84.30999755859375,84.62999725341797,83.7699966430664,84.04000091552734,20293,51.91215140090371,0.8306062829606731,0.907587064244231,-0.0769807812835579,2.1862077957022734,83.86517937645829,82.83739922105063,85.84648821285741,88.17578654487622,80.31321415702809,-0.023358536489783477,0.019759303759578184,Tokyo
2023-06-12,84.0999984741211,84.0999984741211,83.08000183105469,83.48999786376953,14447,50.02980594451581,0.6996214618272063,0.8659939437608261,-0.16637248193361975,2.102906999085426,83.82944780382127,82.86299132468666,85.81527642015426,87.93903234756041,80.84596826279116,-0.01533203252412918,0.01975232618706414,Tokyo
2023-06-13,83.52999877929688,84.2699966430664,82.5999984741211,82.72000122070312,11123,47.43651358417722,0.527600898679438,0.7983153347445484,-0.27071443606511036,2.0719849397897034,83.72378622447668,82.85738386962848,85.77427939764497,87.91775425983246,80.90224619793122,-0.030700670607179625,0.019266351760829255,Tokyo
2023-06-14,82.72000122070312,82.9000015258789,81.69999694824219,81.79000091552734,7331,44.440262394518,0.3126263488068588,0.7011775375570105,-0.3885511887501517,2.0097006282073475,83.53961619505293,82.8155257145657,85.72150749721958,88.00466893167706,80.65633189229754,-0.03787791012571673,0.01921393085725891,Tokyo
2023-06-15,82.05000305175781,82.05999755859375,80.5,80.63999938964844,7680,40.99226168539408,0.04889828802396323,0.570721687650401,-0.5218233996264378,1.9775789803778048,83.26346221358583,82.73021095672581,85.65420275407294,87.82541773355348,80.20558278524535,-0.043529809930248686,0.01654719678616291,Tokyo
2023-06-16,80.52999877929688,81.9800033569336,80.52999877929688,81.45999908447266,6825,44.31018586847871,-0.0928704254014292,0.43800326504003495,-0.5308736904414642,1.9398950944677273,83.09170382033696,82.68039872644138,85.59865038758817,87.51494214022334,79.99605792081182,-0.03069968827877534,0.016836376697047024,Tokyo
2023-06-20,81.6500015258789,81.77999877929688,80.51000213623047,80.66000366210938,6751,41.83850637036557,-0.26670172544856996,0.29706226694231397,-0.5637639923908839,1.8920452050819188,82.86011332907718,82.60116754744797,85.53323784817785,87.18264268060535,79.72235762457042,-0.03389620642077218,0.016876954274655836,Tokyo
2023-06-21,80.66000366210938,80.91999816894531,79.19999694824219,79.30999755859375,6167,37.98759682975406,-0.507547798125529,0.13614025392874538,-0.6436880520542744,1.879756349054862,82.52200706522162,82.47210205768897,85.45081082447474,87.20320110209501,79.10079898945772,-0.04122344791813082,0.01690126938980399,Tokyo
2023-06-22,79.0999984741211,79.94000244140625,78.0,79.29000091552734,4443,37.93190418580596,-0.6920560169275802,-0.029499000242519738,-0.6625570166850605,1.8840596413656756,82.21419695572692,82.3473137776042,85.36921069323041,87.25567081306922,78.54232952262414,-0.030566083531188615,0.016815025417826236,Tokyo
2023-06-23,79.5999984741211,79.70999908447266,76.91000366210938,78.05999755859375,2498,34.574202753950274,-0.9268469858648842,-0.20896859736699264,-0.7178783884978917,1.9494836257226476,81.81855891790471,82.17918372979986,85.27239992323523,87.5612663056306,77.87073366385184,-0.031994070567737065,0.015727264391224585,Tokyo
2023-06-26,80.8499984741211,80.8499984741211,80.55000305175781,77.06999969482422,116,32.11045345495114,-1.1792118539556213,-0.4030172486847184,-0.776194605270903,2.009520574994412,81.36631518237323,81.97882357156553,85.16375886060727,87.91802313108012,77.20897653322653,-0.053891473594249395,0.015391695365018741,Tokyo
2023-06-27,79.55999755859375,79.62999725341797,79.55999755859375,77.63999938964844,36,34.98318522601021,-1.3180252438531994,-0.5860188477184146,-0.7320063961347848,2.048840359537222,81.0114279640185,81.80867360364721,85.06410641728333,88.04868698233209,76.50731277352729,-0.03744116210447934,0.012176155003282126,Tokyo
2023-06-28,80.12000274658203,80.12000274658203,80.12000274658203,80.12000274658203,50,45.741045923414816,-1.2139269169366287,-0.7116004615620575,-0.5023264553745712,2.079637716494106,80.92653032426264,81.74245121709563,84.99862160045285,87.87298437554391,76.29601586859671,0.010213153611432935,0.014304219598898974,Tokyo
2023-06-29,81.25,81.25,81.25,81.25,4,49.815588543646406,-1.0283922426759204,-0.7749588177848301,-0.25343342489109033,2.01180625484581,80.95733696004716,81.72313940466051,84.9489709832283,87.73414800688055,76.21185190156673,0.024719372705781284,0.014727811247405114,Tokyo
2023-06-30,82.83999633789062,82.83999633789062,82.83999633789062,82.83999633789062,0,54.94273467926515,-0.7444734339769639,-0.7688617410232569,0.024388307046293023,1.9816769750632968,81.13663785317512,81.76693771576757,84.92103754421721,87.18388310823848,76.40411661710333,0.06123493375347455,0.013070696273307474,Tokyo
2023-07-03,83.29000091552734,83.30000305175781,83.29000091552734,83.43000030517578,3,56.71014146701975,-0.4664800516062826,-0.7083854031398621,0.2419053515335795,1.8729862421207175,81.35505332479423,81.83215585652867,84.90128870661401,86.73534394072426,76.59065550995932,0.08252239049611254,0.013218152828336898,Tokyo
2023-07-05,84.0,84.0,84.0,82.44999694824219,1,52.991892757683075,-0.32153986253443634,-0.631016295018777,0.30947643248434065,1.7799157744566818,81.45933366988451,81.8563849189488,84.86882126610578,86.41866566184333,76.67333339211174,0.06195257079349048,0.013079398618719356,Tokyo
2023-07-06,82.87999725341797,82.87999725341797,82.87999725341797,82.87999725341797,0,54.40451307102776,-0.17001644376001934,-0.5388163247670255,0.3687998810070061,1.6834932409366175,81.59463496355436,81.89652657912407,84.84247922620264,86.00812921798567,76.83786992752215,0.03444825776611293,0.013042399814301789,Tokyo
2023-07-07,81.19999694824219,81.19999694824219,81.19999694824219,81.19999694824219,101,48.297827507923195,-0.18338112355181124,-0.46772928452398266,0.2843481609721714,1.6832437455251292,81.55705039066748,81.86921169163851,84.79423442781906,85.49540051609483,76.96959811061416,-0.0006154221754807176,0.013715124723062973,Tokyo
2023-07-10,80.76000213623047,80.76000213623047,80.41999816894531,79.94999694824219,3,44.312346745889954,-0.2914773128638757,-0.4324788901919613,0.1410015773280856,1.6187262479373967,81.40399768186508,81.79394836836806,84.73007234199686,85.05487154959637,76.97412701607745,-0.034886522421616384,0.013974509943722634,Tokyo
2023-07-11,82.87999725341797,82.94999694824219,81.83000183105469,82.94999694824219,23,54.10154479367971,-0.13353014138057517,-0.37268914042968404,0.23915899904910887,1.7173886587990115,81.55123570723433,81.83928360679451,84.70649518446369,84.85533972649037,77.06465844245494,-0.005753366357159395,0.016526773530896866,Tokyo
2023-07-12,83.52999877929688,83.97000122070312,82.26000213623047,82.51000213623047,21,52.639990395730294,-0.04335994768511853,-0.30682330188077095,0.2634633541956524,1.7168608320614147,81.64254679571015,81.86558629422338,84.67740256130828,84.69541526397613,77.12658333221528,0.0007277767156976811,0.016505620258624464,Tokyo
2023-07-13,82.33000183105469,82.66000366210938,82.11000061035156,82.79000091552734,226,53.50087193123702,0.050116430882695795,-0.2354353553280776,0.2855517862107734,1.6335138477540145,81.75182814045465,81.901837848,84.65240386401318,84.70608231809028,77.12291624758355,-0.0010858631862094015,0.016397750897048972,Tokyo
2023-07-14,82.4800033569336,85.23999786376953,82.16000366210938,82.66000366210938,263,53.01900633802142,0.11241163113031405,-0.16586595803639928,0.2782775891667133,1.7368338730330248,81.83832104727891,81.93156984071018,84.62601445736546,84.81133485239569,77.10466398793635,0.017980378925356533,0.01618626874204121,Tokyo
2023-07-17,82.2699966430664,83.29000091552734,82.2699966430664,83.48999786376953,3,55.75879800455353,0.22614773138688804,-0.08746322015174182,0.31361095153862983,1.685631758706447,81.9956236012304,81.99268466514388,84.61096787996685,85.1118697308423,77.08912895690185,0.04427768668733112,0.015931599015746527,Tokyo
2023-07-18,83.9000015258789,84.5,83.44999694824219,83.77999877929688,14,56.70875599916807,0.33581400568823483,-0.002807774983746486,0.33862178067198134,1.6402297082101163,82.16556409437959,82.0627754147185,84.59996166671294,85.40203950110175,77.03095915612481,0.010006050169870218,0.015816463707618123,Tokyo
2023-07-19,84.19999694824219,86.06999969482422,84.19999694824219,85.62000274658203,22,62.24767774513895,0.5646888788908058,0.11069155579116398,0.4539973230996418,1.686641937304204,82.4945582517322,82.20227452577198,84.613472144592,86.07718479867314,76.85181376700068,0.03769240734252688,0.016204249060746884,Tokyo
2023-07-20,86.31999969482422,86.31999969482422,85.93000030517578,85.93000030517578,4,63.104176178842714,0.7623007485653659,0.24101339434600438,0.5212873542193615,1.6161672952283457,82.82174320920302,82.34845985045449,84.63090960367259,86.69818872095927,76.89281011937275,0.03792727811239249,0.015515457402596158,Tokyo
2023-07-21,86.87999725341797,86.9000015258789,84.25,85.08000183105469,48,59.14208822355076,0.8406315288811896,0.36093702125304145,0.4796945076281482,1.6900125974176714,83.03681545890318,82.45557914381136,84.63685784509488,87.04816800197037,77.12183092991441,0.029276531112163662,0.01580406260429374,Tokyo
2023-07-24,84.76000213623047,85.80000305175781,84.76000213623047,85.58000183105469,68,60.705018627784696,0.932307991762471,0.4752112153549274,0.45709677640754365,1.6435831915683623,83.27902368482238,82.57810552370327,84.64934981841886,87.27750260554663,77.64449675358424,0.02503298623501471,0.01514997800532311,Tokyo
2023-07-25,86.18000030517578,88.68000030517578,86.05000305175781,88.55000305175781,54,68.43017036401176,1.2304328621470404,0.62625554471335,0.6041773174336904,1.747612854607843,83.78102171976862,82.81229758362699,84.70101409965514,87.88251433691615,78.18748535790807,0.056934881140624505,0.01592885155422478,Tokyo
2023-07-26,88.23999786376953,90.33000183105469,87.9000015258789,89.9800033569336,25,71.35061770391738,1.5640585500447344,0.8138161457796269,0.7502424042651075,1.7963548153626958,84.37140092330813,83.09338408454097,84.77093448716876,88.74338892382369,78.56061116772904,0.050922687111518705,0.01605797596467482,Tokyo
2023-07-27,89.76000213623047,89.76000213623047,86.2300033569336,86.62000274658203,69,57.8168308193641,1.5395879314744718,0.958970502918596,0.5806174285558758,1.9359008999796463,84.58555347790565,83.2316828556014,84.79542545749212,88.94748511097818,79.00651498057455,0.008029820073964133,0.01798042364653595,Tokyo
2023-07-28,87.81999969482422,87.8499984741211,85.0199966430664,85.05999755859375,65,52.80846008297908,1.3784257745047057,1.042861557235818,0.33556421726888774,1.9997652521992921,84.63073862844738,83.30338147140503,84.79892972373187,88.98769272972983,79.34730711768229,-0.00023512308451356656,0.018461909019810877,Tokyo
2023-07-31,85.04000091552734,87.19999694824219,84.5,85.44000244140625,29,53.85702564499089,1.2667643512968851,1.0876421160480314,0.17912223524885373,2.049781801916642,84.7078113725387,83.38717052905214,84.80742075310505,89.10717740515211,79.48782305261155,-0.0016358890704958329,0.018031446970976372,Tokyo
2023-08-01,86.5999984741211,86.68000030517578,85.94999694824219,86.87000274658203,7,57.66877160551399,1.2789183677002427,1.1258973663784737,0.153021001321769,1.991940092048991,84.91373436054282,83.52375218464155,84.83473971990607,89.39323997190127,79.54576073000302,-0.018972334808320834,0.018308455364961927,Tokyo
2023-08-02,85.83000183105469,85.87000274658203,84.80000305175781,85.08000183105469,8,51.89037940481759,1.1310740811058082,1.1269327093239407,0.0041413717818674645,1.9975157779615071,84.92956935773442,83.5847815825401,84.8379882246895,89.43734824030183,79.76465294988371,-0.05445656082542616,0.01877149074576488,Tokyo
2023-08-03,84.94000244140625,85.25,83.8499984741211,85.27999877929688,16,52.46350300087659,1.0183061022251536,1.1052073879041833,-0.08690128567902966,1.9548361885270358,84.96294358835942,83.65126068829527,84.84384266912139,89.49626398749166,79.94573735528178,-0.015469913701174898,0.01875326907275913,Tokyo
2023-08-04,85.0,86.05000305175781,85.0,85.2699966430664,10,52.4298635293501,0.9175526024658041,1.0676764308165074,-0.15012382835070337,1.8902052501863769,84.99218673642676,83.71474052965884,84.84948709261735,89.4058209089314,80.44318040332446,0.002468834828357469,0.018040608612128386,Tokyo
2023-08-07,85.0,86.05000305175781,85.0,86.37999725341797,1,55.81576528151768,0.9167052926257924,1.0374822031783646,-0.12077691055257223,1.8301908074414794,85.1243591666164,83.81926040117881,84.8697587503763,89.10390127984742,81.38810006292603,0.011001811623968072,0.017667712879747482,Tokyo
2023-08-08,85.5,86.18000030517578,85.26000213623047,86.19999694824219,13,55.13048774356347,0.8912356632200158,1.008232895186695,-0.11699723196667922,1.7794625438519094,85.22680086010456,83.91262261871071,84.88737779935467,89.13059648867709,81.68640485409635,-0.007712740614207125,0.01590029380459525,Tokyo
2023-08-09,85.43000030517578,85.43000030517578,85.43000030517578,86.11000061035156,1,54.768431371716176,0.8539450985465038,0.9773753358586568,-0.12343023731215297,1.707357836652945,85.31091512203285,83.99879430465741,84.90357147897053,89.06016926721007,82.11683192297546,0.012106238330156227,0.015826416964269452,Tokyo
2023-08-10,86.66999816894531,87.68000030517578,86.66999816894531,87.29000091552734,16,58.60686993506996,0.9091283545736104,0.9637259396016475,-0.05459758502803713,1.697546540808036,85.49939948331804,84.12786123057387,84.93517981587857,89.09984551361077,82.52715567657478,0.02356944377347281,0.016032725256384744,Tokyo
2023-08-11,87.30999755859375,90.16000366210938,87.04000091552734,89.29000091552734,9,64.15862354823511,1.1015468217791948,0.991290116037157,0.11025670574203783,1.7991505555061786,85.86040914352846,84.3302980809642,84.9928595655428,89.42954055307503,82.86046036245232,0.04714441691945126,0.016602267904159276,Tokyo
2023-08-14,88.5999984741211,88.5999984741211,86.69000244140625,87.6500015258789,14,57.36435925217215,1.1089226288568739,1.0148166186011005,0.09410601025577336,1.856353978264387,86.03084651327612,84.46048252978439,85.0280534987923,89.45120641014202,83.25479487159626,0.014702527354047534,0.017260114901486878,Tokyo
2023-08-15,86.58000183105469,86.58000183105469,85.83999633789062,86.19999694824219,9,52.11001012140127,0.9863942193329649,1.0091321387474734,-0.022737919414508534,1.853043350387522,86.04695607851097,84.52869878148861,85.04357592858635,89.3285417951583,83.6194593034745,0.0,0.017776748996718154,Tokyo
2023-08-16,86.06999969482422,86.06999969482422,85.2699966430664,85.31999969482422,17,49.1666460146793,0.8089560068198125,0.9690969123619413,-0.1601409055421288,1.7871117043009692,85.97772213720748,84.55973018985472,85.04723717052327,89.33550532362011,83.58249546983691,-0.009174322493645137,0.01728629609124212,Tokyo
2023-08-17,85.0999984741211,85.0999984741211,84.77999877929688,84.36000061035156,5,46.107048234180375,0.5841374688322674,0.8921050236560066,-0.3079675548237393,1.69803236224571,85.82365342036405,84.55189765732518,85.03813469952763,89.39993036438453,83.36107045959007,-0.0335662764857938,0.017435745446573534,Tokyo
2023-08-18,85.1500015258789,85.16000366210938,84.52999877929688,84.31999969482422,6,45.97865745456865,0.39814979516654603,0.7933139779581146,-0.3951641827915686,1.6338874114965745,85.68044830364597,84.54280361958006,85.02862297761104,89.44872608616794,83.23627452418361,-0.05566134135674372,0.017306031702361592,Tokyo
2023-08-21,85.54000091552734,85.56999969482422,85.54000091552734,84.45999908447266,2,46.539754982686354,0.25906367970048905,0.6864639183065896,-0.42740023860610055,1.606466882103962,85.56421504467708,84.53955638290918,85.02109153531782,89.48948298743254,83.08351734826083,-0.03639477907441213,0.01725084500638331,Tokyo
2023-08-22,84.9000015258789,84.9000015258789,84.61000061035156,84.98999786376953,3,48.71158422945912,0.1894198886701446,0.5870551123793006,-0.39763522370915605,1.5231479934826968,85.50952769411445,84.55722075470763,85.02067969860859,89.17459672599527,83.04240309089927,-0.014037112845829758,0.015310773851995503,Tokyo
2023-08-23,86.08000183105469,86.23999786376953,84.93000030517578,86.20999908447266,23,53.40416650913454,0.2300190684184571,0.515647903587132,-0.2856288351686749,1.5079229624192005,85.57623925510096,84.62203559116901,85.03643227325581,88.38941801838978,83.45058137125865,0.010431310276978634,0.015205714506328573,Tokyo
2023-08-24,86.7699966430664,86.94000244140625,85.98999786376953,86.08999633789062,67,52.89154775364286,0.24963337398205,0.4624449976661156,-0.2128116236840656,1.4680716492204517,85.62516850108094,84.67960267927575,85.05038676417813,88.34257983839787,83.44441891038143,0.02050729866076817,0.01264162669474594,Tokyo
2023-08-25,86.05000305175781,87.68000030517578,86.05000305175781,87.51000213623047,7,58.02588628466837,0.3754326984480656,0.4450425378225056,-0.06960983937443999,1.4796377638059888,85.80467646633328,84.79059873641123,85.08296445122518,88.53367215405997,83.49832705248299,0.03783209740217841,0.012429431777387714,Tokyo
2023-08-28,87.05999755859375,87.0999984741211,87.05999755859375,87.06999969482422,2,55.98958260330114,0.4346150775790818,0.4429570457738209,-0.008341968194739091,1.4060925362224694,85.92518344047528,84.87998700929018,85.10928279882252,88.64205011418248,83.55294881770227,0.030902209787394996,0.012488572410531664,Tokyo
2023-08-29,86.4000015258789,86.81999969482422,86.4000015258789,87.08999633789062,2,56.065042753232554,0.47762533386561756,0.44989070339218024,0.027734630473437327,1.3535143671312437,86.03611800213388,84.96665404178431,85.13551741523402,88.66896268783957,83.54803560317605,0.024708771936754026,0.011932723380604159,Tokyo
2023-08-30,87.83999633789062,88.30000305175781,87.18000030517578,88.27999877929688,29,60.41484909668347,0.6008087740442676,0.48007431752259777,0.12073445652166981,1.3432638204695255,86.24982093329226,85.0965891295299,85.17716617502293,88.95517094243279,83.58182704340705,0.024011132314198713,0.011211483876881066,Tokyo
2023-08-31,87.94999694824219,88.55000305175781,87.80999755859375,88.0999984741211,7,59.45596694893585,0.6761141940101822,0.5192822928201146,0.15683190119006762,1.3001739399477066,86.42602831813309,85.21436988814132,85.21587918560702,89.17264428857388,83.64635366674838,0.023347685233270354,0.011244050593657188,Tokyo
2023-09-01,88.79000091552734,90.13999938964844,88.4000015258789,89.61000061035156,42,64.54041884839134,0.8478651727253919,0.58499886880117,0.26286630392422183,1.3530187239176805,86.72926377453486,85.38674756352212,85.27407946937848,89.67933497426452,83.57366337778626,0.023997239433864337,0.011744274733191732,Tokyo
2023-09-05,88.63999938964844,88.63999938964844,86.79000091552734,88.0,28,56.416648447191115,0.8443325270443012,0.6368656004497963,0.20746692659450483,1.4578030789824332,86.8502862721982,85.48922805122714,85.31018437706882,89.81821428694812,83.59678433976086,0.010681064757498415,0.01232887805686196,Tokyo
2023-09-06,87.0,87.0,86.0,86.0,6,48.28583101488294,0.6723986020571715,0.6439722007712714,0.028426401285900127,1.496531430483688,86.76930662722695,85.50925832372805,85.31932100783612,89.81635883948874,83.57864009239603,-0.012515746741585287,0.013434406590959057,Tokyo
2023-09-07,85.56999969482422,85.56999969482422,83.41000366210938,83.62000274658203,22,40.75798428148198,0.340172542583133,0.5832122691336438,-0.24303972655051076,1.5746360667270407,86.46937292430839,85.43516986972233,85.29681348119699,89.97641657694783,83.16958256855997,-0.05278654391879867,0.014819846624360122,Tokyo
2023-09-08,83.61000061035156,84.80000305175781,83.61000061035156,84.41000366210938,8,43.885244056178614,0.13902487622719661,0.4943747905523544,-0.3553499143251578,1.5471622363469841,86.27324251838468,85.39496727334534,85.28506765577862,89.94647984494665,82.91151957521936,-0.04188416431239361,0.014623118985666655,Tokyo
2023-09-11,86.25,87.44999694824219,86.12999725341797,86.97000122070312,12,52.61448322685787,0.18406255112131475,0.4323123426661465,-0.24824979154483173,1.6537930256174005,86.33960049003404,85.45673331049663,85.30738465663855,89.57710758858632,83.04889186209728,-0.02946099064464769,0.015327945612375736,Tokyo
2023-09-12,87.41000366210938,87.6500015258789,86.20999908447266,87.48999786376953,16,54.17388501224467,0.25873211350666736,0.3975962968342507,-0.13886418332758332,1.6385222696023183,86.44916214467553,85.53646917533086,85.33629344083897,89.55606807664898,83.05393100782368,-0.005795478820800781,0.01485073513289839,Tokyo
2023-09-13,86.70999908447266,86.70999908447266,85.05999755859375,85.66999816894531,23,48.19561665906524,0.16910023244361128,0.35189708395612285,-0.18279685151251157,1.6950564150004228,86.37495605174884,85.541705606453,85.34071337101257,89.54178911854707,83.0152100879959,-0.0038372305936591466,0.015134921529134121,Tokyo
2023-09-14,86.4000015258789,86.4000015258789,86.05999755859375,86.47000122070312,9,50.767449688149775,0.16076666329006173,0.31367099982291063,-0.1529043365328489,1.6261240537099348,86.38400797260164,85.57810935603143,85.35567082597535,89.56855947042114,83.10343988870973,0.03408273595443756,0.01508971658393366,Tokyo
2023-09-15,86.75,86.75,85.19999694824219,85.38999938964844,16,47.34991452348039,0.06625142272051221,0.26418708440243094,-0.19793566168191873,1.620686839284783,86.28934048851086,85.57073249460464,85.35612550893792,89.51873958343549,83.25625965362505,0.011609947696033185,0.015144597736243973,Tokyo
2023-09-18,85.77999877929688,85.97000122070312,85.77999877929688,85.54000091552734,7,47.87476014646488,0.003411952284878339,0.2120320579789204,-0.20862010569404207,1.5463521958397763,86.21797481489338,85.56952733464082,85.35856094478679,89.45520904110954,83.44179031802132,-0.016442454698222697,0.015144426540414478,Tokyo
2023-09-19,86.52999877929688,86.52999877929688,86.52999877929688,86.05999755859375,7,49.7450166723272,-0.00437892000309148,0.16874986238251805,-0.17312878238560953,1.5066126006919016,86.20292936191245,85.58876146107035,85.36785149596304,89.39427699034495,83.66272221619802,-0.016344728998650027,0.01519072836557393,Tokyo
2023-09-20,85.7300033569336,85.7300033569336,85.3499984741211,85.37000274658203,6,47.31886790890524,-0.06547529873672886,0.12190483015866867,-0.1873801288953975,1.4497116352476698,86.12360301759527,85.58018268795315,85.36787998934872,89.37511321085053,83.7198864839737,-0.003501755909597115,0.015263803032127696,Tokyo
2023-09-21,85.0,85.0199966430664,84.69999694824219,84.87000274658203,12,45.58391254043546,-0.15248271456808027,0.06702732121331888,-0.21951003578139916,1.394018361182825,86.004212515594,85.5523324941739,85.36128558878228,89.40367233691539,83.55732772411976,-0.01850350932732514,0.014950414800890524,Tokyo
2023-09-22,84.87000274658203,84.87000274658203,84.87000274658203,84.04000091552734,6,42.77985452842867,-0.28512419537970857,-0.0034029821052866116,-0.28172121327442196,1.2944456210983373,85.8171447441591,85.49302537344266,85.34378512953387,89.49609233177007,83.25990818702876,-0.015809796039004897,0.015086867611238541,Tokyo
2023-09-25,86.41999816894531,86.41999816894531,86.41999816894531,86.41999816894531,0,51.914145156667765,-0.19593897414316075,-0.041910180512861446,-0.1540287936302993,1.3719850234068824,85.8745593560435,85.5293772477761,85.35803960687707,89.3960541660371,83.25094595603322,0.010287552536818234,0.01599024773993944,Tokyo
2023-09-26,88.18000030517578,88.18000030517578,88.18000030517578,88.18000030517578,0,57.33778331545671,0.01656744053228465,-0.03021465630383223,0.04678209683611688,1.39970053146571,86.09412516072277,85.63332325002708,85.39541656976846,89.54694888314708,83.2110512999584,0.024634008909175664,0.01660526866200369,Tokyo
2023-09-27,88.4000015258789,88.4000015258789,88.4000015258789,88.4000015258789,0,57.97585407269632,0.20042222245051278,0.015912719447036774,0.18450950300347602,1.3154362949826681,86.31373243359478,85.74182043731538,85.43521239700172,89.7264653688835,83.16253533302081,0.03549254634899479,0.01661007749507253,Tokyo
2023-09-28,89.19999694824219,89.19999694824219,89.19999694824219,88.7300033569336,1,58.9672162554689,0.3685089102204273,0.08643195760171489,0.2820769526187124,1.2786190897955692,86.54385347391276,85.85900408122198,85.47885201236507,89.8075959444767,83.12640521519126,0.045481330098189776,0.016353896110611017,Tokyo
2023-09-29,90.75,90.75,85.20999908447266,86.86000061035156,22,51.54653903685941,0.34682721959806884,0.1385110100009857,0.20831620959708314,1.5830035059192675,86.57396272500218,85.89825884707021,85.4971453712788,89.66299101876668,83.14701035452434,0.03355544578894909,0.017048442076242235,Tokyo
2023-10-02,87.45999908447266,87.45999908447266,87.45999908447266,87.45999908447266,0,53.56567086878699,0.37375081924437836,0.18555897184966424,0.18819184739471412,1.5127888607908266,86.65834714018985,85.95950356226247,85.52314343370523,89.23648545300235,83.35851576770078,0.01203426217961967,0.01664090327289661,Tokyo
2023-10-03,87.13999938964844,87.13999938964844,87.13999938964844,87.13999938964844,0,52.313572773334855,0.36505849779329935,0.2214588770383913,0.14359962075490806,1.4275896346503545,86.70421878299543,86.00579751627761,85.54455874437998,89.11265867347603,83.39634248619194,-0.01179406795110094,0.016174826485525144,Tokyo
2023-10-04,86.72000122070312,86.72000122070312,86.72000122070312,86.72000122070312,0,50.640434827672024,0.3205839361959164,0.24128388886989632,0.07930004732602008,1.355618815671423,86.70572187230093,86.03380550468646,85.56012751890081,89.1532954377441,83.42770584399418,-0.01900452801105401,0.01533322367295135,Tokyo
2023-10-05,86.25,86.25,86.25,86.25,0,48.761004279800936,0.24459284114249158,0.2419456793244154,0.0026471618180761713,1.2923604160308302,86.66231978922464,86.04228372018895,85.56926490275643,88.99527647228167,83.8487245347984,-0.027949997330184884,0.013887687682303789,Tokyo
2023-10-06,86.8499984741211,86.8499984741211,86.8499984741211,86.8499984741211,0,51.24844735348121,0.23013140174397506,0.23958282380832735,-0.009451422064352288,1.2429059916087062,86.68019394969096,86.07395880857845,85.58622826131756,88.94095800862611,84.14704247965513,-0.00011515238498949198,0.013824985921713401,Tokyo
2023-10-09,86.66999816894531,86.66999816894531,86.66999816894531,86.66999816894531,23365,50.45707227836844,0.20181963540071024,0.23203018612680396,-0.030210550726093716,1.1669841568634973,86.67922292295329,86.09733290114187,85.60058282963051,88.91847612070195,84.13952406240351,-0.009032711225669288,0.01210291394440001,Tokyo
2023-10-10,87.0999984741211,87.37000274658203,85.36000061035156,85.44999694824219,27442,45.345996576503275,0.08001607851842607,0.2016273646051284,-0.12161128608670232,1.227199726818281,86.56215378250461,86.07194717749874,85.59858831464524,88.81791400554036,84.03608608601238,-0.019394106647274145,0.012399765600826432,Tokyo
2023-10-11,85.5,86.1500015258789,84.37999725341797,85.05000305175781,28531,43.78016362176832,-0.04823426780141915,0.1516550381238189,-0.19988930592523804,1.2659714800784707,86.4181394271954,86.03187093727361,85.59132228467323,88.84364489806221,83.94835568177179,-0.01925735868816647,0.011531701795341682,Tokyo
2023-10-12,85.01000213623047,85.69999694824219,84.13999938964844,84.91999816894531,22993,43.25733753778202,-0.15853638998234487,0.08961675250258613,-0.248153142484931,1.286973342829562,86.27545930736206,85.98826808361368,85.58243057453114,88.85289761611645,83.78410265854174,-0.015420311084691996,0.011306373488930209,Tokyo
2023-10-13,85.0999984741211,86.48999786376953,84.7300033569336,86.05999755859375,19832,49.00792471468706,-0.15220862681901792,0.04125167663826532,-0.19346030345728324,1.3207605688300175,86.2549391408127,85.99108100420112,85.58875596504853,88.85220320908964,83.85179688246309,-0.009096153476188529,0.011383292924386421,Tokyo
2023-10-16,86.19999694824219,86.2300033569336,84.58000183105469,85.1500015258789,23441,45.08047586918712,-0.21810868248519455,-0.010620395186426657,-0.2074882872987679,1.3442777800477952,86.14970698700948,85.95809749524732,85.58294464797343,88.86524056013693,83.79975959245095,-0.01753774864634805,0.011639181175294134,Tokyo
2023-10-17,85.1500015258789,85.1500015258789,82.97000122070312,83.2300033569336,32468,38.13619087023411,-0.42041645829351637,-0.0925796078078446,-0.3278368504856718,1.4039722461283655,85.8716399746213,85.85111341139188,85.55177986266166,89.07912352713913,83.30287720528275,-0.02598003125328685,0.012570831399165911,Tokyo
2023-10-18,83.30999755859375,84.5,82.01000213623047,84.23999786376953,35021,43.101462675913126,-0.49355926832971875,-0.17277553991221944,-0.3207837284174993,1.481545504531306,85.71624548787352,85.78793240952433,85.53440526664986,89.13237625576416,83.13662398837646,-0.009523870181349037,0.012835400926472815,Tokyo
2023-10-19,84.18000030517578,84.38999938964844,82.41000366210938,84.2699966430664,20510,43.2471638978262,-0.5428472166668286,-0.24678987526314128,-0.2960573414036873,1.5171490918890027,85.57850750265379,85.72840551672206,85.51765813256267,89.16696908139339,83.04203055239567,-0.007654280969080496,0.0127778296776836,Tokyo
2023-10-20,84.11000061035156,84.12999725341797,81.51000213623047,82.4000015258789,31366,36.90336217884754,-0.7244502372004149,-0.34232194765059604,-0.38212828954981887,1.6059237643852124,85.27579264772285,85.59787987002234,85.47636466757348,89.39032227226855,82.65467742255566,-0.04252842361775511,0.01355742258943776,Tokyo
2023-10-23,82.29000091552734,84.9000015258789,81.68000030517578,83.7300033569336,33193,43.27647529934669,-0.7523789506716412,-0.42433334825480507,-0.3280456024168361,1.7212150112650635,85.12857462002864,85.52462981068552,85.45323405418752,89.40072326980774,82.3752769438153,-0.016676431514963008,0.012435519143369992,Tokyo
2023-10-24,83.7300033569336,84.44000244140625,82.56999969482422,82.93000030517578,19572,40.618830635669426,-0.8295042095067373,-0.5053675205051915,-0.3241366890015458,1.731842706644847,84.91918659004267,85.42287963399887,85.41981373963107,89.20113952733065,82.0498606862924,-0.003604506063411339,0.011437478530629609,Tokyo
2023-10-25,82.77999877929688,84.16000366210938,82.7300033569336,83.80999755859375,14634,44.6457277494105,-0.8102777315748995,-0.5663495627191332,-0.2439281688557663,1.7102825351113422,84.8135495394285,85.35962935653201,85.39849167100806,88.80726519519318,81.98473462170135,-0.005104467189934736,0.011780796731283716,Tokyo
2023-10-26,83.76000213623047,85.19999694824219,83.51000213623047,84.58999633789062,19467,48.011075232014434,-0.7237581926066099,-0.5978312886966285,-0.1259269039099814,1.7088334120327977,84.79225875832964,85.32944766952647,85.38778312354955,88.23086710795229,82.14713200703795,0.003797314673923635,0.012001933719532096,Tokyo
2023-10-27,84.77999877929688,85.44000244140625,83.83000183105469,84.37999725341797,17145,47.179427145184164,-0.6644763361351806,-0.6111602981843389,-0.05331603795084172,1.7017739261984237,84.75299575786187,85.29221431987517,85.37443496632928,88.0210376630572,82.10896111623967,0.02402907391836906,0.01114864191404419,Tokyo
2023-10-30,84.37999725341797,85.25,82.79000091552734,82.91000366210938,19829,41.73023952436606,-0.7277225033216723,-0.6344727392118056,-0.09324976410986674,1.7559328660751548,84.57747270112354,85.19879429408044,85.3417934921012,87.71679525356423,81.95820398349632,-0.009793379457165852,0.011521767764087526,Tokyo
2023-10-31,82.94999694824219,83.0999984741211,81.1500015258789,81.22000122070312,26784,36.50939975320656,-0.9037962193398243,-0.6883374352374094,-0.21545878410241492,1.7697945862299427,84.25771351251208,85.0427631931637,85.28720021698335,87.63347919790931,81.4495202222567,-0.020619788715543153,0.012200483863450044,Tokyo
2023-11-01,81.37999725341797,81.37999725341797,79.30000305175781,79.44000244140625,32215,31.97228083605505,-1.173440244547649,-0.7853579970994573,-0.38808224744819175,1.7919517016178153,83.79888388669248,84.82304708525164,85.20975388883001,87.84932960081277,80.50566994142356,-0.05214169245300748,0.01289422702544359,Tokyo
2023-11-02,79.55000305175781,80.81999969482422,79.4800033569336,79.80000305175781,24071,33.76507622371335,-1.3426092726505487,-0.8968082522096756,-0.4458010204408731,1.7625263838892546,83.41803809288919,84.62606496629111,85.13810155986218,87.87673521857018,79.83326462884195,-0.05662600181467581,0.013042867332344594,Tokyo
2023-11-03,79.80000305175781,80.5,79.19999694824219,79.62000274658203,16748,33.29263512069241,-1.4742077176152861,-1.012288145290798,-0.4619195723244882,1.729489003022723,83.05632044085993,84.42974880081233,85.06501415836178,87.6781771499936,79.30882312466461,-0.05641140864866678,0.012801302553898015,Tokyo
2023-11-06,79.41999816894531,79.97000122070312,77.86000061035156,78.0,29926,29.316837633450902,-1.6897428127695093,-1.1477790787865403,-0.541963733982969,1.7566684035462117,82.57476611315899,84.17760178901578,84.97143781189341,87.63705257102754,78.48294788673613,-0.05922088343066001,0.01328660247921857,Tokyo
2023-11-07,77.94999694824219,78.16000366210938,76.25,76.4800033569336,36280,26.160174217261655,-1.9606063054253298,-1.3103445241142984,-0.6502617813110314,1.7676209220150092,81.994312517328,83.8757351838361,84.85896848136414,87.90441386396655,77.31858723466625,-0.05835998267088549,0.0135354090372043,Tokyo
2023-11-08,76.5,76.91999816894531,74.7699966430664,74.88999938964844,36591,23.330273217242123,-2.277316124065308,-1.5037388441045003,-0.7735772799608078,1.7949338222910018,81.31771126707281,83.52335338798561,84.72692915564605,88.28641274293255,75.92058798948932,-0.05727596817628278,0.013966179773711214,Tokyo
2023-11-09,75.0,77.29000091552734,74.9000015258789,76.5199966430664,35683,31.509870906071086,-2.3694700059286475,-1.67688507646933,-0.6925849294593176,1.8381529439758522,80.86078606478648,83.24871194700839,84.6182280627642,88.1934081815501,75.17359239828389,-0.04110283562976824,0.015276571756331323,Tokyo
2023-11-10,76.27999877929688,77.75,75.52999877929688,77.31999969482422,27663,35.165830876409586,-2.3508499262690634,-1.8116780464292765,-0.5391718798397869,1.865427820884943,80.52356831526627,83.0162134273149,84.52156278636765,87.69249972011215,74.80050107334489,-0.028887251600309027,0.015102196198860095,Tokyo
2023-11-13,77.30000305175781,78.0,76.81999969482422,77.4800033569336,23202,35.90277680709289,-2.2967074073216907,-1.9086839186077595,-0.3880234887139311,1.816468712620003,80.23370498590126,82.79910715004503,84.42829709856059,87.24347308018166,74.48252789638083,-0.006666623629056456,0.01513559736819175,Tokyo
2023-11-14,77.4800033569336,79.87999725341797,77.30999755859375,78.68000030517578,19467,41.292428428185424,-2.1323884988014896,-1.9534248346465057,-0.17896366415498388,1.8702923542060184,80.08573311154645,82.63757354828546,84.35216071719125,86.98500849213873,74.285992179248,0.02876564921126845,0.015141786407669574,Tokyo
2023-11-15,78.54000091552734,79.19000244140625,78.04000091552734,78.41000366210938,8681,40.46791968717678,-2.000886083324545,-1.9629170843821138,-0.03796899894243122,1.8188430093255104,79.92613983064768,82.4717864939256,84.27345665023653,86.52994729751437,74.15805395370633,0.047002327428880886,0.01473159578826366,Tokyo
2023-11-16,78.2300033569336,79.48999786376953,77.91000366210938,78.68000030517578,7847,41.721120636027116,-1.8535168109732183,-1.9410370297003348,0.08752021872711646,1.8017823802065565,79.80745987584083,82.32308899632757,84.1993711357324,86.0037767962368,74.12522482119483,0.028227963367339015,0.014790987008062218,Tokyo
2023-11-17,78.62000274658203,79.41000366210938,78.2300033569336,78.91999816894531,5649,42.8723184341489,-1.697788727423216,-1.8923873692449111,0.19459864182169517,1.7573693748472154,79.72293971327936,82.18963445407728,84.12944566597365,85.74498246863129,74.03601881310698,0.020693203316556552,0.014151152395936457,Tokyo
2023-11-20,78.5999984741211,79.12000274658203,77.0199966430664,77.97000122070312,7393,39.542628380216236,-1.632214757807347,-1.8403528469573982,0.20813808915005128,1.781843426894959,79.55599319017686,82.0241586410038,84.04786362034093,85.22377036017915,73.98123070793608,0.0063241848546677915,0.013638636753006653,Tokyo
2023-11-21,77.75,77.75,76.68000030517578,77.33999633789062,10659,37.464587064955815,-1.6124952023747312,-1.7947813180408647,0.1822861156661335,1.7467118189401294,79.3449458709115,81.84046600166603,83.95901769607006,84.8017241012003,73.84427657018642,-0.017031062049919776,0.013608003725467575,Tokyo
2023-11-22,77.5999984741211,79.75,77.55000305175781,79.58000183105469,3756,47.9402310837615,-1.3999794976395208,-1.715820953960596,0.3158414563210752,1.7940898077379328,79.36733215282989,81.75182034791656,83.90101748593742,84.17148243957979,74.05151865905302,0.014921542077553696,0.015098881437848783,Tokyo
2023-11-23,77.5999984741211,79.75,77.55000305175781,79.58000183105469,3756,47.9402310837615,-1.2175244070619158,-1.6161616445808602,0.3986372375189444,1.823083174916808,79.38758640789891,81.66665099431414,83.84378549050851,83.2275435865863,74.49445806136292,0.01143875854585752,0.014856267125041357,Tokyo
2023-11-24,79.58000183105469,80.68000030517578,78.2699966430664,80.38999938964844,376,51.3574664349618,-0.9960851501453618,-1.4921463456937605,0.49606119554839867,1.8650060668591342,79.48305431092267,81.61658622550372,83.79803997923885,82.26411154684982,75.05889031472245,0.018626473071581495,0.015146463234676224,Tokyo
2023-11-27,80.41999816894531,80.41999816894531,80.41999816894531,78.58999633789062,35,44.385046324473386,-0.9548314441527168,-1.384683365385552,0.4298519212328351,1.733934117747544,79.3980011706339,81.4978964259895,83.72905926875742,81.44274595701229,75.4482551721381,0.007951713575488295,0.015452793048832743,Tokyo
2023-11-28,78.79000091552734,78.79000091552734,78.79000091552734,78.5999984741211,5,44.430192717064884,-0.9108310033007427,-1.2899128929685901,0.3790818896678474,1.624367722025342,79.32200091382316,81.38425336905348,83.66112468869602,81.01554602285486,75.61345483163731,0.016291727384180943,0.014871904435209258,Tokyo
2023-11-29,78.81999969482422,78.81999969482422,78.81999969482422,78.58999633789062,1,44.39138528951423,-0.8667757741467881,-1.2052854692042299,0.3385096950574418,1.5240558290737551,79.25228619230577,81.27467466194906,83.59395742577145,80.9247977481922,75.61920249594841,-0.012440380376791182,0.014066090305258802,Tokyo
2023-11-30,79.7699966430664,79.7699966430664,79.06999969482422,79.4000015258789,9,48.327568251355075,-0.7577659838972295,-1.1157815721428297,0.3580155882456002,1.499480434509614,79.26635431931274,81.2011580683777,83.53840834100465,80.86197833031298,75.64202176123976,-0.0022618786257119217,0.014232037152110123,Tokyo
2023-12-01,76.0,79.4800033569336,76.0,78.41999816894531,6,44.24682079641987,-0.7419008492531276,-1.0410054275648895,0.29910457831176185,1.6409463575398984,79.1857489716587,81.09209297428231,83.47061482879195,80.7235576064148,75.66044202737427,-0.024505550885186245,0.01448654633778997,Tokyo
2023-12-04,78.41999816894531,78.41999816894531,78.25,77.68000030517578,35,41.40384577568924,-0.7800473585448913,-0.9888138137608898,0.20876645521599857,1.5358786297831422,79.04234433675556,80.95828541863106,83.39391794768446,80.71669545086887,75.63530421343778,-0.011579031366821813,0.013889314610378272,Tokyo
2023-12-05,78.68000030517578,78.68000030517578,78.68000030517578,78.68000030517578,0,46.414479354978326,-0.7212727164396284,-0.9353055942966375,0.21403287785700909,1.497601584798632,79.00783538136702,80.86894090437792,83.33148195241944,80.70511220419088,75.86688715493999,0.001017835020455271,0.013381665224860288,Tokyo
2023-12-06,78.75,78.75,78.75,78.75,15441,46.75769039374486,-0.6614205543319827,-0.8805285863037067,0.21910803197172402,1.395630021229031,78.98327963076063,80.78584518263762,83.27080007225494,80.29906325871056,76.65893616145544,0.0020359291203100316,0.012302429838991826,Tokyo
2023-12-07,79.61000061035156,82.75,79.5199966430664,82.58999633789062,35322,61.37339307912496,-0.3006657843665437,-0.7645560259162741,0.46389024154973046,1.5816564482841,79.3267764600111,80.85659620833381,83.26178280425012,81.16468596256297,76.40031342708548,0.04017625630614119,0.015413083113772392,Tokyo
2023-12-08,82.7300033569336,83.12999725341797,81.12000274658203,81.44000244140625,23492,56.381673453995184,-0.1063341724679816,-0.6329116552266157,0.5265774827586341,1.6122520238949456,79.52803607728684,80.87947488414058,83.2376532630204,81.5444031201666,76.43259654414004,0.038510639415659575,0.015825951302543217,Tokyo
2023-12-11,81.45999908447266,82.5,81.38999938964844,82.0,16661,58.16600152362303,0.09180389477589301,-0.487968545226114,0.579772440002007,1.576376922927561,79.76346121278334,80.92341704554684,83.2212605045698,81.99798860887333,76.43101071973996,0.05561276619274658,0.0158536919816184,Tokyo
2023-12-12,81.9800033569336,82.36000061035156,80.5999984741211,81.05000305175781,15833,54.12122886163487,0.17021084167669187,-0.35633266784555284,0.5265435095222447,1.5894930095920543,79.88598900697139,80.92838120265316,83.19250212771138,82.22052791281313,76.44547169045835,0.030122048009526114,0.01588070173890299,Tokyo
2023-12-13,81.05000305175781,81.70999908447266,80.77999877929688,81.18000030517578,12002,54.58660650072072,0.2400712124080968,-0.23705189179482292,0.4771231042029197,1.5423863878480348,80.00922817822895,80.93824861843835,83.16584647443275,82.4372864108201,76.50571285675804,0.030857146732390817,0.015838429947912586,Tokyo
2023-12-14,81.18000030517578,82.27999877929688,80.69999694824219,80.80999755859375,15886,52.94057609674177,0.2625533782120897,-0.1371308377934404,0.39968421600553006,1.5450732052199385,80.08549192873988,80.93321916511111,83.13464317753423,82.57690260557702,76.57909638734291,-0.021552232209995248,0.015894227636272837,Tokyo
2023-12-15,80.80999755859375,81.5,79.83000183105469,79.93000030517578,15218,49.14488280377868,0.20697633829057338,-0.06830940257663765,0.275285740867211,1.553996416914608,80.07068320268615,80.89387724903521,83.09219757657584,82.61473743817727,76.64226176836569,-0.01854128304228464,0.016121426040244597,Tokyo
2023-12-18,80.0,80.12000274658203,79.05000305175781,79.0999984741211,17264,45.8088217645946,0.09486339640706376,-0.03567484277989737,0.1305382391869611,1.5194252224795803,79.97823703806091,80.82352906178367,83.0393207672718,82.58049614364742,76.78950278823734,-0.03536587226681598,0.016056048035252988,Tokyo
2023-12-19,79.18000030517578,79.87000274658203,78.86000061035156,79.45999908447266,14595,47.474290490627325,0.03466255448755362,-0.02160736332640717,0.05626991781396079,1.4830378591760722,79.92888104248107,80.77005729796755,82.99191253306255,82.47233449152827,77.1096647150147,-0.01961756825931016,0.01593857293216978,Tokyo
2023-12-20,79.45999908447266,80.58999633789062,79.01000213623047,79.20999908447266,14506,46.40764794841344,-0.03284138211022025,-0.023854167083169786,-0.008987215027050466,1.4899633122106497,79.8604160940993,80.70887854449717,82.94182096420705,82.46504633932646,77.07995259255831,-0.024267075798194204,0.014612431188949475,Tokyo
2023-12-21,79.5,79.8499984741211,78.30999755859375,79.12999725341797,17454,46.05107793248256,-0.09173673340787047,-0.037430680348109924,-0.05430605305976055,1.4935374267332706,79.7908523949868,80.64696163112153,82.89133323293832,82.45680235078308,77.04319612333802,-0.020789510653773324,0.014613330076912479,Tokyo
2023-12-22,79.26000213623047,80.88999938964844,79.25,79.76000213623047,15234,49.35136472990814,-0.08657758228100931,-0.0472600607346898,-0.03931752154631951,1.5125706202687847,79.78791427510525,80.61217890583168,82.84985864887598,82.40855414760969,77.02844460116961,-0.0021268380870292924,0.014539028000610242,Tokyo
2023-12-26,79.76000213623047,80.5,79.62000274658203,80.05000305175781,6761,50.84210613760257,-0.05841489702808644,-0.04949102799336913,-0.008923869034717313,1.4673868083508694,79.81287511097692,80.59013279390722,82.81277446878171,82.43138285535902,77.15161656480699,0.012010171883221066,0.0135778395821493,Tokyo
2023-12-27,80.0,80.76000213623047,79.51000213623047,80.52999877929688,13598,53.292542779329665,0.0026058391649570467,-0.039071654561703896,0.04167749372666094,1.45185917918295,79.88117260319787,80.58777459725583,82.78253902918588,82.48525049731376,77.29074895336984,0.013465891104362138,0.013622811485894547,Tokyo
2023-12-28,80.4800033569336,81.30000305175781,80.19000244140625,80.94999694824219,13252,55.38808209530746,0.0838885395264839,-0.014479615744066334,0.09836815527055023,1.427440709980708,79.982965397964,80.60197939533373,82.7582669486436,82.56916700436021,77.44283250735855,0.021966896652958257,0.013647314549132317,Tokyo
2023-12-29,80.80999755859375,81.75,80.44000244140625,81.0,14269,55.64323659704674,0.15060441955648685,0.018537191316044303,0.13206722824044254,1.4190519134530684,80.07982583625314,80.6175880464971,82.73497864468806,82.66932589152933,77.50267346760154,0.02363203350801646,0.013490426755584182,Tokyo
2024-01-02,80.87000274658203,81.75,79.69000244140625,79.94000244140625,18900,49.21695019705516,0.11660019644936881,0.03814979234270921,0.0784504041066596,1.4648337452488314,80.06650932245819,80.59101606198374,82.69795909232671,82.62561775139243,77.69838203498453,0.0022567740766648026,0.013530852354223286,Tokyo
2024-01-03,80.25,81.44999694824219,80.11000061035156,80.93000030517578,18949,54.502054418723745,0.1676041225043292,0.06404065837503321,0.103563464129296,1.4680595139336245,80.14874655890748,80.60430956171676,82.67454241964921,82.51207674038778,78.13692304598916,0.010993094564268668,0.013523131059701756,Tokyo
2024-01-04,80.80999755859375,81.25,80.08000183105469,80.12000274658203,15899,49.92402571955387,0.14103925508116788,0.07944037771626014,0.06159887736490774,1.4467694178630308,80.14600905297172,80.58531713759383,82.64070745709203,82.44665271985868,78.34634731065891,-0.005091221146525715,0.013533089499635706,Tokyo
2024-01-05,80.12000274658203,80.56999969482422,79.58999633789062,80.19000244140625,15706,50.31245352417409,0.12420306104523604,0.08839291438205532,0.03581014666318072,1.4134289849394996,80.1501988994893,80.56981460048844,82.6082477880101,82.37101081253503,78.56598946212317,-0.009388443922015988,0.013533091061388655,Tokyo
2024-01-08,80.01000213623047,80.80999755859375,79.5999984741211,80.41999816894531,16715,51.639779162413376,0.12794412875757644,0.09630315725715954,0.03164097150041689,1.3988982777632963,80.17589406800892,80.56393944631029,82.579264349347,81.97955243069056,78.7404480270731,-0.0071605164327739335,0.007954413782866985,Tokyo
2024-01-09,80.45999908447266,81.2300033569336,80.30000305175781,80.7300033569336,15329,53.444999202721846,0.15414687055111642,0.10787189991595092,0.0462749706351655,1.3654055654356168,80.22866638123983,80.57045175653082,82.55477082626868,81.87398588974973,78.77501465956668,0.00988242295972408,0.007440927605459589,Tokyo
2024-01-10,80.72000122070312,81.0999984741211,79.91999816894531,80.18000030517578,18115,49.88696762907476,0.12904453739385247,0.11210642741153123,0.01693810998232123,1.3521623325599141,80.22403151685278,80.55513993490905,82.52331691208202,81.56745072741926,78.89954985241472,-0.009267267974445215,0.007364207505260746,Tokyo
2024-01-11,80.02999877929688,81.94999694824219,80.0199966430664,81.36000061035156,24270,56.56760908308113,0.20203795271322633,0.13009273247187025,0.07194522024135608,1.3934364734610476,80.33221904956694,80.5867030986519,82.5079087491452,81.6292964132164,78.86870392247695,0.01547675762932288,0.00772047978600541,Tokyo
2024-01-12,81.36000061035156,82.22000122070312,81.05999755859375,81.30999755859375,21837,56.22555067264782,0.25293525172392606,0.15466123632228143,0.09827401540164463,1.3767627012216423,80.4253408123314,80.61506758727707,82.49204237576042,81.65534163334901,78.85565842768615,0.013966767465880325,0.007715058862020177,Tokyo
2024-01-16,81.30999755859375,81.5199966430664,80.68000030517578,81.33000183105469,15884,56.33929614448443,0.2915253823505566,0.18203406552793647,0.10949131682262012,1.3384222466979983,80.51149900459076,80.64310422428795,82.47665111026764,81.74267927963365,78.82032120864761,0.011315638930974092,0.007637108925507491,Tokyo
2024-01-17,81.30999755859375,82.44999694824219,81.01000213623047,81.69999694824219,21917,58.4878515191753,0.3479528686017801,0.21521782614270518,0.13273504245907491,1.3456774299346925,80.62468928493851,80.68455099777637,82.46636430017459,81.95103212510612,78.78896802748177,0.012015279957563463,0.007207329063129408,Tokyo
2024-01-18,81.87000274658203,82.5999984741211,81.6500015258789,82.51000213623047,18093,62.80339603161064,0.4528129612181573,0.2627368531577956,0.19007610806036168,1.3174145383852278,80.80424288982346,80.75613731693143,82.46694228475812,82.2730793901356,78.80792112866321,0.029059638590501313,0.006921559043292241,Tokyo
2024-01-19,82.5,84.72000122070312,82.30999755859375,83.94999694824219,45229,68.97774964007834,0.6446794237849929,0.33912536728323506,0.3055540565017578,1.3954566186512383,81.10383851443477,80.88138671423773,82.48658539288374,82.9990842320324,78.53091607314337,0.031833779725428,0.007701617466435793,Tokyo
2024-01-22,83.88999938964844,84.98999786376953,83.54000091552734,84.83000183105469,33550,72.03297541561774,0.8578551965185994,0.4428713331303079,0.4149838633882915,1.3993523564791632,81.45871121125572,81.03623436587762,82.51762402120389,83.80795475549516,78.28404582433882,0.04329116194997229,0.007752534831608784,Tokyo
2024-01-23,84.81999969482422,84.83000183105469,84.02999877929688,84.5999984741211,26242,70.09003246803346,0.9967492783463001,0.5536469221735064,0.4431023561727937,1.3565416918562097,81.7578814267667,81.17598982110286,82.54520513978558,84.35260381707175,78.28639688483256,0.040206523662191795,0.007813022305802695,Tokyo
2024-01-24,84.5,85.48999786376953,84.29000091552734,85.4000015258789,24638,72.83467478489972,1.1580283690541364,0.6745232115496325,0.48350515750450396,1.345359924455208,82.10475000763454,81.34163733893722,82.58301701244906,85.04507953315982,78.15792110770931,0.045287695420364704,0.007865666319555594,Tokyo
2024-01-25,85.30000305175781,85.83000183105469,85.08000183105469,85.76000213623047,22811,73.9912798042124,1.299907723921038,0.7996001140239135,0.5003076098971244,1.3028342155655501,82.452869257977,81.51490654667421,82.62509628561173,85.71439236803283,78.05960818128358,0.03938916392989533,0.007867548542401386,Tokyo
2024-01-26,85.68000030517578,85.86000061035156,84.16000366210938,84.37000274658203,23260,62.86227534459484,1.285369857204671,0.896754062660065,0.38861579454460604,1.33120298218531,82.6354533997489,81.62687110353335,82.64820762946565,86.00379306738859,78.15420787865634,0.005003047213912204,0.008991879749821803,Tokyo
2024-01-29,84.45999908447266,85.20999908447266,83.86000061035156,84.26000213623047,21851,62.0666669264216,1.2505567236842694,0.967514594864906,0.2830421288193634,1.3325455173235803,82.79017232703286,81.73013114403128,82.66955590107843,86.24721817503075,78.24178328981299,-0.006719317252396384,0.00900017172674158,Tokyo
2024-01-30,84.5,84.93000030517578,83.6500015258789,84.77999877929688,21341,64.36282941332189,1.250511331641576,1.02411394222024,0.2263973894213358,1.3287921788931014,82.97967960820085,81.84973379639463,82.69750878688264,86.54430406654014,78.32269727623331,0.0021276632201221446,0.009040307500945225,Tokyo
2024-01-31,84.68000030517578,85.37000274658203,84.5,85.16999816894531,20541,66.02395514303242,1.267335989111217,1.0727583515984356,0.19457763751278145,1.2960215051565964,83.1882813758908,81.97994024237701,82.73025699061857,86.80332548450356,78.58667543102378,-0.002693247691147871,0.008283046682499877,Tokyo
2024-02-01,85.0999984741211,86.9000015258789,84.80000305175781,86.48999786376953,35547,70.9581680420307,1.3713742463841072,1.13248153055557,0.23889271582853722,1.3534484315112034,83.50273056521257,82.15680524713751,82.78005488297819,87.32375804648919,78.62224262489752,0.008512076834833238,0.00848736250085504,Tokyo
2024-02-02,86.41999816894531,87.31999969482422,85.80000305175781,87.11000061035156,28330,72.94557939535878,1.4867164135317097,1.203328507150798,0.2833879063809117,1.365344732336575,83.84628009332104,82.35104820255768,82.83740515751295,87.82852806648623,78.81647239127744,0.03247597220068288,0.007912068320018227,Tokyo
2024-02-05,86.93000030517578,87.44999694824219,86.51000213623047,87.04000091552734,27689,72.3436419740787,1.5545575498746729,1.273574315695573,0.28098323417909987,1.334962595170514,84.1504439811502,82.53492870110551,82.89306867748665,88.20966753454378,79.120332770632,0.03299310122022314,0.007957743003065997,Tokyo
2024-02-06,87.0,87.83000183105469,86.94999694824219,87.54000091552734,18566,73.99437986731064,1.629879721654774,1.3448353968874134,0.28504432476736064,1.30246561571637,84.47325892728136,82.73120604284755,82.95461744885144,88.61063113720496,79.43136944262903,0.032554873507552484,0.007960129208997076,Tokyo
2024-02-07,87.58999633789062,88.68000030517578,87.20999908447266,88.47000122070312,29945,76.77154227268565,1.7445067498537412,1.4247696674806791,0.3197370823730621,1.3144324446439957,84.8539010504644,82.956256834136,83.02766888953822,89.1325151705428,79.68348519566814,0.0387460740014558,0.008083494173143793,Tokyo
2024-02-08,88.47000122070312,89.27999877929688,88.13999938964844,89.0999984741211,29499,78.45039867586743,1.8646900229335301,1.5127537385712495,0.35193628436228064,1.3019729407157414,85.25829128128885,83.19718787884129,83.10809709595654,89.58209073754456,80.12590944556091,0.030176906865723163,0.007636046089707679,Tokyo
2024-02-09,89.43000030517578,92.0,88.55999755859375,91.77999877929688,39786,83.810819744282,2.1513898763526953,1.6404809661275388,0.5109089102251565,1.4546893336222064,85.87940628109914,83.53376869846701,83.22295672090144,90.73603098588842,80.01396901411158,0.05361035628772992,0.009184903536559989,Tokyo
2024-02-12,91.5199966430664,91.6500015258789,89.4000015258789,90.52999877929688,28352,74.50213662934183,2.2517799053694034,1.7627407539759117,0.48903915139349174,1.520782756464761,86.32231985235606,83.80813066242112,83.31973873491992,91.30971619102827,80.36228393104203,0.04009648238809871,0.010104269526202601,Tokyo
2024-02-13,90.25,92.5,90.0999984741211,91.5199966430664,17961,76.70858123905214,2.3837459411063264,1.8869417914019948,0.4968041497043316,1.5835840971371997,86.81733668956656,84.11055677930918,83.42835142244505,91.94868398421059,80.74231561906089,0.04546488103626589,0.010100101180187079,Tokyo
2024-02-14,91.5199966430664,94.48999786376953,90.91000366210938,93.4800033569336,15177,80.33650348234036,2.6163267503698933,2.0328187831955744,0.5835079671743189,1.7261848188888396,87.45187637217295,84.47798605686309,83.5614858851535,92.94346646357874,80.92553378056189,0.05662938925175531,0.010652967372510562,Tokyo
2024-02-15,93.4800033569336,95.19999694824219,93.0999984741211,94.62999725341797,9358,82.09838573614135,2.8604698975139513,2.19834900605925,0.6621208914547014,1.752885794262572,88.13550693229152,84.8761041430025,83.70808868473316,94.0908914762424,80.99010827961698,0.06206508276095035,0.010702465680135111,Tokyo
2024-02-16,94.62999725341797,95.93000030517578,92.95999908447266,93.87000274658203,5945,77.17682717430657,2.95852585102719,2.350384375052838,0.6081414759743518,1.8398226104368973,88.68164939079539,85.22880604902522,83.84268357296958,94.9351928351135,81.13780750057987,0.02277188924692597,0.010900164267093993,Tokyo
2024-02-20,93.55000305175781,93.72000122070312,90.5,91.19000244140625,10965,62.865242938879454,2.7878457235830467,2.43787664475888,0.3499690788241665,1.9491211915901212,88.92054015752024,85.46257845656957,83.93999905467072,95.21709564224042,81.4919047544881,0.007290441522245006,0.01327862298836418,Tokyo
2024-02-21,91.0999984741211,93.93000030517578,90.88999938964844,92.5999984741211,4175,66.39593865222176,2.7348299713737845,2.4972673100818614,0.23756266129192305,2.0270411718713515,89.27096475910128,85.74247728078728,84.0547010337363,95.62825270890963,81.88074768781888,0.011800719740700627,0.013438578886592532,Tokyo
2024-02-22,92.5999984741211,94.55000305175781,92.12999725341797,94.19999694824219,2582,69.89394010630014,2.789762465767936,2.5557663412190763,0.23399612454885954,2.055110073761958,89.74039639616231,86.0741447187267,84.18907581406087,96.28725427117189,82.10174566779295,0.007702113451573789,0.013694939029859736,Tokyo
2024-02-23,93.87999725341797,95.41999816894531,93.51000213623047,94.93000030517578,222,71.35884271104486,2.8592424660228204,2.616461566179825,0.24278089984299545,2.044744785115735,90.23464438749693,86.42143317309726,84.33133971460545,96.99222072339377,82.3137790324656,0.0031702743365236152,0.013708050257972759,Tokyo
2024-02-26,94.77999877929688,96.12999725341797,94.77999877929688,96.58000183105469,8,74.3918734340667,3.012718457278126,2.695712944399485,0.31700551287864087,1.9951200486161178,90.83896414402624,86.81980841458578,84.49357364992267,97.78153241247907,82.74546725182756,0.02886970283561996,0.012983405700567217,Tokyo
2024-02-27,96.75,99.0,96.70999908447266,100.75,33,80.12129253599711,3.4312796324820027,2.842826282015989,0.5884533504660139,2.025468485782489,91.78287232078563,87.3660904375432,84.70889055522171,99.40795121346508,82.76804823721852,0.10483602700566319,0.015050792220067754,Tokyo
2024-02-28,103.79000091552734,107.25,103.79000091552734,103.06999969482422,10,82.47106142817357,3.9051804760894697,3.055297120830685,0.8498833552587848,2.3450778796551686,92.85783683259884,87.98193001626011,84.95208405375949,101.35921766499224,82.64578187724409,0.11306696968930474,0.015344636915632839,Tokyo
2024-02-29,101.55999755859375,101.55999755859375,101.55999755859375,101.55999755859375,0,76.16086078522143,4.111510818748272,3.2665398604142024,0.8449709583340694,2.28542961226769,93.68661404459834,88.51440325321437,85.17205641806194,102.52370754582873,83.12029193537245,0.07813164383004678,0.016270250563637054,Tokyo
2024-03-01,97.55999755859375,97.55999755859375,97.55999755859375,97.55999755859375,0,62.51520641330317,3.9072225023841014,3.3946763888081826,0.5125461135759188,2.407898925677141,94.0555077125979,88.86913244166061,85.33613510866502,102.8157497108651,83.93524973981849,0.027704595438356572,0.019508853040004534,Tokyo
2024-03-04,99.0,99.0,99.0,98.44000244140625,3,64.04162064580692,3.772840621213362,3.4703092352892186,0.3025313859241434,2.3387634625149345,94.47307863915108,89.24446067694475,85.50969626539008,103.15624828583569,84.72775134795339,0.019258651636859803,0.01951872875215392,Tokyo
2024-03-05,98.0999984741211,98.0999984741211,98.0999984741211,98.0999984741211,0,62.97461579040814,3.597437513262392,3.4957348908838535,0.10170262237853844,2.1959949271413786,94.81849957581488,89.59173666899089,85.67645523504214,103.2828078428906,85.70719154675783,-0.026302744673736056,0.019577219527208263,Tokyo
2024-03-06,99.13999938964844,99.13999938964844,99.13999938964844,99.13999938964844,22019,64.9009593640389,3.501980022935328,3.4969839172941484,0.004996105641179582,2.1134239263118046,95.23007098665617,89.96617834431079,85.85478032318262,103.45162729243378,86.69837194462676,-0.03812942967703459,0.019603563897385847,Tokyo
2024-03-07,94.86000061035156,99.27999877929688,94.86000061035156,99.27999877929688,27154,65.16370963971875,3.398450829141794,3.477277299663678,-0.07882647052188396,2.2781792293570553,95.61577839547911,90.33142620450631,86.03259778617752,103.58267815425936,87.64832083866057,-0.022449771899427762,0.019603650703061762,Tokyo
2024-03-08,99.19999694824219,101.5,95.27999877929688,95.27999877929688,30104,52.964051387673926,2.9595211094557783,3.373726061622098,-0.4142049521663198,2.559737943024632,95.58379938441414,90.52548787410595,86.15507991853673,103.28387422565616,88.56512479778134,-0.02337022177483683,0.022221652443705456,Tokyo
2024-03-11,94.86000061035156,97.52999877929688,94.55000305175781,95.05999755859375,23698,52.38317534037898,2.564353612215996,3.211851571740878,-0.6474979595248822,2.589756356204234,95.53391349624076,90.70331178330156,86.27302584754412,103.20104492088477,88.97595398048243,-0.03433568467071457,0.021364687900193156,Tokyo
2024-03-12,95.05999755859375,95.7699966430664,94.05000305175781,95.2300033569336,20011,52.81384098075173,2.2390877608305715,3.0172988095588167,-0.7782110487282452,2.527630444425974,95.5049696734496,90.88082909991458,86.39166131124465,102.95722568250187,89.68977367662899,-0.02925581204717964,0.021052881110857492,Tokyo
2024-03-13,95.2300033569336,96.2300033569336,94.5199966430664,94.9000015258789,13685,51.83383121770673,1.9324082410475398,2.800320695856562,-0.867912454809022,2.469228749386061,95.44735365939525,91.03844370485436,86.5043545591206,102.77382575024888,90.21117409716322,-0.04276778182240182,0.020997914766519122,Tokyo
2024-03-14,95.05000305175781,95.54000091552734,93.19999694824219,93.4800033569336,22296,47.72964575300742,1.5568343104635147,2.5516234187779525,-0.9947891083144378,2.4599984078074253,95.25998696392271,91.13419114219082,86.59674725842939,102.77382575024888,90.21117409716322,-0.05842058313534926,0.020801531714736803,Tokyo
2024-03-15,93.62999725341797,94.55000305175781,93.26000213623047,93.94000244140625,14917,49.13468757155299,1.2815346130639966,2.2976056576351613,-1.0160710445711647,2.376427158358848,95.13427415225448,91.24422295784632,86.69400891648206,102.78977518524985,90.12622518096109,-0.01406377366769851,0.02063886203136136,Tokyo
2024-03-18,93.87999725341797,96.19999694824219,93.80000305175781,94.56999969482422,16245,51.07439566531782,1.1014957750542749,2.058383681118984,-0.9568879060647091,2.3781104967963853,95.08053372773732,91.37464557498271,86.7983266751356,102.77206038672709,90.21393967430807,-0.005154616835199244,0.02061279781865363,Tokyo
2024-03-19,94.56999969482422,94.6500015258789,92.19000244140625,93.33999633789062,24585,47.28321901424632,0.8497671210741089,1.816660369110009,-0.9668932480359,2.383959681630405,94.91476826203764,91.45171815392028,86.88497130643037,102.56292364454274,90.63807580614085,-0.01984675997499441,0.01970953827107429,Tokyo
2024-03-20,93.41999816894531,93.47000122070312,91.80999755859375,92.18000030517578,16312,43.96849570471229,0.5503245648209543,1.5633932082521982,-1.013068643431244,2.332248537378903,94.65431417090794,91.48027823828325,86.95510414085085,102.6038863137711,90.55511332001795,-0.028661761611894043,0.01963874415441628,Tokyo
2024-03-21,92.5,93.5,91.83999633789062,92.20999908447266,16106,44.07767925081675,0.3118401334574372,1.3130825932932462,-1.001242459835809,2.2842310462882227,94.4215222579141,91.50889474205539,87.02470539838227,102.73132152421373,90.2286783231984,-0.013585838969342956,0.01921183550725277,Tokyo
2024-03-22,92.22000122070312,92.8499984741211,91.41999816894531,91.52999877929688,15275,42.07619762513225,0.06719458444401027,1.0639049915233991,-0.9967104070793888,2.223214564780191,94.14613906947437,91.50972235135897,87.08437815839437,102.91378449307724,89.70621520174699,-0.025654711512410056,0.01914525124135549,Tokyo
2024-03-25,91.69000244140625,92.30999755859375,90.9800033569336,92.0199966430664,16372,44.047802124100244,-0.08615688031645163,0.8338926171554291,-0.9200494974718807,2.159413110271617,93.94364931457838,91.52973310789652,87.14975058865494,102.95588471294948,89.2081144630759,-0.026964185893905368,0.018701802793693136,Tokyo
2024-03-26,92.02999877929688,94.2699966430664,92.02999877929688,93.41000366210938,18482,49.317967576898,-0.09443844372003696,0.6482264049803359,-0.7426648487003729,2.165883602395073,93.89282591910515,91.60346920806174,87.23266784790599,102.31794116426204,89.11205837797428,0.000750024929991655,0.016082412093294498,Tokyo
2024-03-27,93.41000366210938,93.41000366210938,90.55999755859375,90.7699966430664,21775,41.35141778308059,-0.3104494770371531,0.4564912285768381,-0.7669407056139912,2.214749495332255,93.59541360710146,91.57078400943448,87.27951988492799,101.08044133344687,89.11955790361368,-0.015296199364735807,0.015722133337960253,Tokyo
2024-03-28,90.9800033569336,91.97000122070312,90.51000213623047,91.37999725341797,20169,43.6177189263773,-0.4274899874765197,0.27969498536616655,-0.7071849728426862,2.1608387516994267,93.38442157341731,91.5633021758652,87.33383084345104,99.95780240826154,89.22419679828143,-0.009001212875995535,0.015849980959083083,Tokyo
2024-04-01,91.56999969482422,92.87999725341797,91.54000091552734,92.76000213623047,12909,48.46907421986532,-0.40423085272486503,0.14290981774796024,-0.5471406704728252,2.1136359837208962,93.32495305559,91.61023158607561,87.40570066189845,99.58646238577332,89.11553727853332,0.013438253833035096,0.014167825019403288,Tokyo
2024-04-02,92.76000213623047,92.9000015258789,90.69999694824219,90.80999755859375,22771,42.857474257616296,-0.5369571852212118,0.006936417154125837,-0.5438936023753377,2.119805169000598,93.0854334844475,91.5788498595077,87.45079068702024,99.06037335752944,88.87862581849595,-0.013149305896696384,0.014484849250348477,Tokyo
2024-04-03,90.80999755859375,91.1500015258789,88.86000061035156,88.9800033569336,29024,38.36805163121029,-0.7808083257969827,-0.15061253143609588,-0.6301957943608868,2.1319620080382227,92.69444013897,91.47693431038715,87.47104515946943,98.67980902673122,88.34719063757541,-0.04742533060163834,0.01493541778521613,Tokyo
2024-04-04,88.9000015258789,89.25,87.0999984741211,87.13999938964844,30417,34.45941298143586,-1.1097426318913932,-0.34243855152715535,-0.7673040803642379,2.1332505450268426,92.16544578189175,91.3068584311425,87.46666044728637,98.11562645026298,87.71137321404366,-0.039991157735657534,0.014881049239549244,Tokyo
2024-04-05,87.19999694824219,87.5999984741211,86.16999816894531,86.25,34886,32.72295634629975,-1.42580515769923,-0.5591118727615703,-0.8666932849376598,2.083018385037481,91.60206999314015,91.1085502573722,87.4505457393753,97.36980515214383,87.15419463423312,-0.05613917058009199,0.01478511578745837,Tokyo
2024-04-08,86.33000183105469,88.23999786376953,86.12000274658203,86.6500015258789,31716,34.32477828434031,-1.6252750472768724,-0.7723445076646307,-0.8529305396122417,2.085659580191054,91.13044442482955,90.93370520907835,87.43994250475947,97.30942270496321,86.35157735607196,-0.06586891407546769,0.012612931285215486,Tokyo
2024-04-09,86.79000091552734,87.2300033569336,85.95999908447266,86.04000091552734,32185,33.03311254543122,-1.8116942396831064,-0.9802144540683259,-0.8314797856147805,2.02739848678176,90.64564028108649,90.74179523678224,87.42140023205441,97.21262752947347,85.54637286725504,-0.05252721915325065,0.012609404813331417,Tokyo
2024-04-10,86.11000061035156,86.69000244140625,85.25,85.30999755859375,36691,31.50518183137426,-1.995336960330178,-1.1832389553206963,-0.8120980050094817,1.9854416263977952,90.13748383132527,90.5287835631278,87.39343463373042,97.01731799744755,84.74968181944698,-0.041245287254238594,0.012528452313952953,Tokyo
2024-04-11,85.33999633789062,85.4800033569336,83.1500015258789,83.37000274658203,28458,27.822151691924887,-2.2712351229311736,-1.4008381888427919,-0.8703969340883817,2.010053069587573,89.49296182325449,90.24804706051816,87.34014414515892,96.99376618380042,83.62023375516442,-0.043263675343957475,0.013109742603903204,Tokyo
2024-04-12,83.36000061035156,83.97000122070312,81.69999694824219,82.62000274658203,21652,26.530872385473955,-2.5213406905196365,-1.624938689178161,-0.8964020013414755,2.0286210126499564,88.83839429214284,89.94890806781478,87.27762571603868,97.09828850373466,82.42971137419502,-0.04208692467730979,0.012970049515190167,Tokyo
2024-04-15,82.5999984741211,84.2699966430664,82.5999984741211,82.93000030517578,15084,28.017955855579103,-2.6638299688219718,-1.8327169451069234,-0.8311130237150484,2.003005095242482,88.27569010290789,89.67365678300543,87.2200412735107,96.87357463336804,81.5534250309386,-0.042931346280381866,0.012920225396491574,Tokyo
2024-04-16,83.06999969482422,83.4000015258789,79.5,81.29000091552734,15199,25.121026281910446,-2.875935993232261,-2.041360754731991,-0.8345752385002698,2.1385048402879407,87.6103863707764,89.34488596467295,87.14149769261027,96.5493205390074,80.54967924736957,-0.055206879933247244,0.012892560877049635,Tokyo
2024-04-17,81.2699966430664,81.94000244140625,79.02999877929688,79.55999755859375,7256,22.48047331034276,-3.1473476933292517,-2.2625581424514434,-0.8847895508778083,2.193611898989472,86.84368267437806,88.96116485070907,87.04108047229218,96.473271950743,79.24772795770426,-0.06740124445614604,0.013215918010888313,Tokyo
2024-04-18,79.6500015258789,79.93000030517578,77.41000366210938,78.0999984741211,8597,20.520147304465738,-3.440592140960561,-2.498164942153267,-0.9424271988072941,2.2169250949949673,86.01095084578216,88.53523675750955,86.92265554516409,96.54911992466029,77.76387980068151,-0.06321223580236712,0.013391469668352479,Tokyo
2024-04-19,78.2699966430664,79.7699966430664,77.86000061035156,78.69000244140625,4183,23.426113594905743,-3.5840671935268915,-2.715345392427992,-0.8687218010988995,2.195001590546387,85.31371766441302,88.14914913727021,86.81361378220042,96.27905458530886,76.6819454757263,-0.04756717713058134,0.013727795339879875,Tokyo
2024-04-22,78.80000305175781,80.36000061035156,78.77999877929688,80.04000091552734,2821,29.75479498265574,-3.547940166194266,-2.8818643471812466,-0.6660758190130194,2.15750134614631,84.81145892642391,87.83114332465284,86.72389705548953,95.80482545483746,76.00717481982075,-0.03484866006286591,0.014818953049640671,Tokyo
2024-04-23,80.0,80.80999755859375,78.12999725341797,80.22000122070312,1221,30.578648975413117,-3.4648441498803777,-2.9984603077210727,-0.46638384215930495,2.194822700362701,84.37417724016478,87.53266716371364,86.637752739797,95.08625235321496,75.54574837920693,-0.01316274674342921,0.014702310745626815,Tokyo
2024-04-24,79.51000213623047,79.51000213623047,79.51000213623047,79.51000213623047,0,29.127519069724386,-3.416893133582363,-3.0821468728933312,-0.3347462606890317,2.0887638706562695,83.91092246836152,87.21805284891039,86.54334544703453,93.93381983523001,75.30818074460397,-0.0006283989931806788,0.013774482185599242,Tokyo
2024-04-25,79.58000183105469,79.58000183105469,79.58000183105469,79.58000183105469,0,29.482827840620843,-3.3348016991910043,-3.1326778381528664,-0.20212386103813795,1.9445664295254086,83.49845383623705,86.91852143644546,86.4511157302666,93.16096956289928,74.96203153573353,0.018950107373228775,0.013010620051954197,Tokyo
2024-04-26,80.06999969482422,80.06999969482422,80.06999969482422,79.4000015258789,1,29.079116198562048,-3.246840608850661,-3.1555103922924252,-0.09133021655823592,1.8406686748285601,83.10812504477437,86.62367751838404,86.35772348914888,92.09895668590678,74.82604483997213,0.009022735575606733,0.012679421177287705,Tokyo
2024-04-29,80.18000030517578,80.18000030517578,80.18000030517578,80.0199966430664,2,32.50725907362467,-3.091465892154801,-3.1427014922649006,0.05123560011009953,1.7649065394334396,82.81401757794504,86.36470964092061,86.273780087214,90.38699125817493,75.26400971838757,-0.00024992843868221204,0.0121102120560858,Tokyo
2024-04-30,79.30000305175781,79.30000305175781,79.30000305175781,77.91999816894531,9,27.634720894904774,-3.1020244295206254,-3.1345660797160457,0.032541650195420324,1.6902699002816648,82.34792049137363,86.03354448515688,86.16313396909125,89.04188634431351,75.32011469328414,-0.02867119193167289,0.01248554540245061,Tokyo
2024-05-01,75.80999755859375,75.80999755859375,75.80999755859375,75.80999755859375,0,23.778150562391573,-3.2432652191142637,-3.1563059075956894,-0.08695931151857428,1.7202506652866574,81.72526116444222,85.63262107627206,86.02600633451513,88.16021732955348,74.8847831282102,-0.046535083363439256,0.012957340687765,Tokyo
2024-05-02,74.91999816894531,74.91999816894531,74.91999816894531,74.91999816894531,0,22.360652551755805,-3.3879607723107057,-3.2026368805386927,-0.18532389177201303,1.6609470027410702,81.0771408791568,85.2125182171612,85.87890688861356,87.62130343744134,74.20169689825202,-0.05855747115968135,0.012637060983615837,Tokyo
2024-05-03,77.36000061035156,77.36000061035156,77.36000061035156,77.36000061035156,0,33.98053242695039,-3.2680729252463294,-3.2157240894802204,-0.05234883576610905,1.7165938197885833,80.72312752022296,84.9045763502275,85.766073692875,86.85801195906518,74.07598843766334,-0.025692706250924235,0.015399573817276465,Tokyo
2024-05-06,76.55999755859375,76.55999755859375,76.55999755859375,76.55999755859375,1,32.27495487354513,-3.2007186113019657,-3.2127229938445696,0.012004382542603942,1.6511230506435282,80.32663895244875,84.57733796624187,85.64413890963948,85.87339367192581,74.0516063280742,-0.043239180575152636,0.015248376185380596,Tokyo
2024-05-07,77.0,77.0,77.0,77.0,0,34.23026439153617,-3.076372801788338,-3.1854529554333237,0.10908015364498569,1.564614435698008,80.00981619507267,84.2801874577618,85.52964700355155,84.81616647910616,74.20483342934111,-0.011806958297798986,0.01547647022797492,Tokyo
2024-05-08,80.05999755859375,80.05999755859375,80.05999755859375,80.05999755859375,28975,45.92329551283137,-2.6997901224036553,-3.0883203888273902,0.3885302664237349,1.6714275159048468,80.01459537255087,84.11468981465717,85.45720131553885,83.8133756452747,74.68262426317256,0.05606120745110377,0.018369665492900113,Tokyo
2024-05-09,80.2300033569336,80.2300033569336,77.77999877929688,78.5999984741211,25699,42.07927704016205,-2.490447037061287,-2.9687457184741697,0.4782986814128827,1.727040163171409,79.8798718584147,83.89842740914595,85.36637743684459,83.14646949513366,74.87252998606752,0.049119065604851464,0.01813572565653301,Tokyo
2024-05-10,78.37999725341797,78.58000183105469,76.6500015258789,77.30999755859375,16775,38.97499874517884,-2.4009566923814134,-2.8551879132556186,0.4542312208742052,1.7429656478193218,79.63512192509842,83.64005761108508,85.25967041858961,82.5756332406951,74.91236572170725,-0.0006463682958027794,0.018345077433327552,Tokyo
2024-05-13,77.44999694824219,78.43000030517578,77.11000061035156,77.62999725341797,14068,40.154419302040615,-2.277954803459579,-2.7397412912964105,0.4617864878368314,1.7127537940339572,79.44415767065266,83.40436896960794,85.15861514487872,81.78929041028088,75.16870824694568,0.013975963021750637,0.018353095088671837,Tokyo
2024-05-14,77.73999786376953,77.91000366210938,74.62999725341797,74.62999725341797,28504,33.59845503734314,-2.394942442583954,-2.6707815215539195,0.2758390789699656,1.8247004093666321,78.98566620234459,83.0602759611299,85.0191632522766,81.60237184348416,74.68962644753147,-0.030779256449117276,0.019744320462348506,Tokyo
2024-05-15,74.5999984741211,75.91000366210938,73.68000030517578,75.41000366210938,25618,36.5013372032031,-2.3970838999785684,-2.6160419972388493,0.21895809726028093,1.8536506199071294,78.64512691279837,82.76026528273695,84.89188961532075,81.53297153360184,74.34402736776535,-0.058081364455215834,0.019566530776700633,Tokyo
2024-05-16,75.63999938964844,77.23999786376953,75.22000122070312,76.23999786376953,18848,39.5306764020541,-2.305234120882048,-2.553880421967489,0.24864630108544095,1.8655324787042205,78.41606700336706,82.50456852120882,84.77729502258497,81.5177835502789,74.17321529005314,-0.03002545364079856,0.019419684069276893,Tokyo
2024-05-17,75.91999816894531,76.83000183105469,75.55000305175781,75.88999938964844,9604,38.69240466849545,-2.2349216751279783,-2.4900886725995868,0.2551669974716084,1.8237086430322673,78.17548913539386,82.2451736533045,84.65958249764542,81.45490568067734,73.9560928544789,-0.01836758781254766,0.019321794932985196,Tokyo
2024-05-20,75.91000366210938,76.9800033569336,75.5,76.02999877929688,13523,39.24736301124524,-2.143196341244689,-2.4207102063286072,0.2775138650839182,1.7991582654537908,77.97115672052747,82.00144130530421,84.54528337554808,81.15636165270018,73.85363666883302,-0.020610569763360953,0.01883570358733222,Tokyo
2024-05-21,76.02999877929688,76.70999908447266,74.9800033569336,76.37999725341797,15887,40.69273193729438,-2.018987767289474,-2.340365718520781,0.3213779512313071,1.7942180841741673,77.8196177236599,81.78099251895574,84.43713389048676,80.7614536829451,73.86454424185959,0.02344901600435012,0.018874550599719188,Tokyo
2024-05-22,76.2300033569336,79.37999725341797,76.2300033569336,79.37999725341797,20584,51.37196547024152,-1.6593487105748324,-2.2041623169315914,0.544813606356759,1.8910592136248965,77.96822529792257,81.68683584187583,84.37015194827393,80.73796468499503,73.87503275152841,0.052645450185853315,0.020893315569058,Tokyo
2024-05-23,79.37999725341797,82.5999984741211,78.36000061035156,81.72000122070312,38868,57.76087962207865,-1.1720032788859243,-1.9977305093224582,0.825727230436534,2.058840545778085,78.32553729056833,81.6881364449671,84.33505061413392,81.25269437653178,73.5743029989565,0.07187832516372317,0.021887600479716853,Tokyo
2024-05-24,81.4000015258789,82.16999816894531,79.52999877929688,80.5199966430664,22721,53.85333512071919,-0.8725506331418558,-1.7726945340863378,0.900143900944482,2.1003518917688244,78.53453341937767,81.642327040971,84.28452009796084,81.4603743101984,73.47862257700862,0.06100931994538272,0.02217322198032794,Tokyo
2024-05-28,80.66000366210938,83.19000244140625,80.30000305175781,82.43000030517578,24063,58.64843903484961,-0.47562817544597635,-1.5132812623582657,1.0376530869122893,2.156755284474511,78.90553026564416,81.67321618858686,84.25995692189746,82.02585278732803,73.15414446608995,0.08417731985577293,0.022706694855014534,Tokyo
2024-05-29,82.33000183105469,82.5,80.25,81.0999984741211,16692,54.408793734593445,-0.26532578997982625,-1.263690167882578,0.9983643779027518,2.1634156212977604,79.11452723788007,81.65073706252939,84.21810316762227,82.45443534683653,73.04356193709901,0.06179629995328262,0.022145061332194103,Tokyo
2024-05-30,81.08999633789062,82.16999816894531,77.20999908447266,77.76000213623047,26689,45.51124770451035,-0.36397376233831835,-1.0837468867737263,0.719773124435408,2.3631715829531106,78.98552484724678,81.49815922228237,84.13256540561709,82.46273245188378,73.23026528981545,-0.020408102459561928,0.02337392942734622,Tokyo
2024-05-31,78.4800033569336,78.83000183105469,76.06999969482422,76.1500015258789,24767,41.95003278696561,-0.5655473077487869,-0.9801069709687386,0.41455966321995164,2.391516622472922,78.71547500711651,81.2884275479136,84.02683608270665,82.39091892186957,73.42507915552301,-0.06815956450834093,0.02372843747830897,Tokyo
2024-06-03,76.1500015258789,76.52999877929688,73.1500015258789,73.1500015258789,33071,36.25691478928045,-0.9563465549194063,-0.9753548877588722,0.019008332839465902,2.462122381826139,78.1854299136653,80.96927358626519,83.88277204884139,82.65862680357584,72.73637136536946,-0.09152999781976678,0.02421696475584012,Tokyo
2024-06-04,73.1500015258789,74.04000091552734,72.26000213623047,73.4800033569336,27890,37.26548058226294,-1.2253048326479217,-1.0253448767366822,-0.1999599559112395,2.413399267359763,77.73729405111942,80.6755767145267,83.74498703305454,82.83360506314136,72.25339368563795,-0.10857693697812854,0.024200074996899575,Tokyo
2024-06-05,73.5999984741211,75.36000061035156,73.4800033569336,74.44000244140625,19144,40.22830476370134,-1.3454824186294303,-1.089372385115232,-0.25611003351419837,2.3752991235067777,77.42326627876578,80.4310443900906,83.62174220402609,82.88192156712005,71.94907742579987,-0.08212079109767234,0.024376446816391208,Tokyo
2024-06-06,74.33000183105469,75.91000366210938,73.69999694824219,75.44000244140625,21192,43.23568651069233,-1.3445334342146253,-1.1404045949351107,-0.20412883927951464,2.3634925228182357,77.23438400854107,80.23531725484808,83.51337478995165,82.57025892725689,71.79874055394428,-0.02983538620227566,0.0227455761767737,Tokyo
2024-06-07,75.61000061035156,76.0,73.54000091552734,73.83999633789062,23032,39.7863657705688,-1.4561034240935697,-1.2035443607668026,-0.25255906332676714,2.370385848650695,76.91110899228865,79.98452035614388,83.38525057204356,82.48734499791313,71.40565426966499,-0.03033493291793632,0.02286366762051169,Tokyo
2024-06-10,73.83999633789062,74.27999877929688,71.27999877929688,71.80999755859375,24595,35.875702233600975,-1.6888592626709027,-1.3006073411476227,-0.38825192152328003,2.415358288032788,76.42528885574627,79.66395083467133,83.2319359625939,82.66392674483228,70.67907252274586,-0.018318577434493832,0.023348932419410873,Tokyo
2024-06-11,72.11000061035156,73.54000091552734,71.51000213623047,72.7300033569336,19346,38.811108633854005,-1.7785807903192392,-1.396202030981946,-0.38237875933729315,2.387832608837366,76.0733569034784,79.39203132574045,83.09283751748582,82.65013563287417,70.20286424505551,-0.01020685854295389,0.023578587381214888,Tokyo
2024-06-12,73.0,73.23999786376953,71.5,71.73999786376953,18968,36.85593739745406,-1.9075815047084603,-1.498477925727249,-0.4091035789812114,2.3415586984753776,75.66065604255374,79.09195158213375,82.94246878035051,82.80811061773564,69.75588932122922,-0.03627088244337395,0.022162312183771272,Tokyo
2024-06-13,71.7300033569336,72.19999694824219,71.30000305175781,71.3499984741211,12084,36.084743855280614,-2.018022682339108,-1.6023868770496208,-0.4156358052894873,2.238589784047449,75.25011722651254,78.78834557789796,82.78892612728788,82.96213164718311,69.19586777298291,-0.05421532124766082,0.02197923791499943,Tokyo
2024-06-14,71.58999633789062,71.81999969482422,70.83999633789062,70.97000122070312,11388,35.30948188389887,-2.111866432238756,-1.7042827880874478,-0.4075836441513081,2.1486907535393165,74.84248713072117,78.48174383840012,82.63238407554505,83.06635030979157,68.56464944606779,-0.038867758119250806,0.021744873366830845,Tokyo
2024-06-17,70.8499984741211,71.22000122070312,68.29000091552734,69.94000244140625,12440,33.22575566121215,-2.2434890285742455,-1.8121240361848074,-0.43136499238943804,2.204498578656207,74.3755838269769,78.14677358753761,82.46427306052335,83.22959415467813,67.80640590635704,-0.026040874262134195,0.02188454292720368,Tokyo
2024-06-18,70.01000213623047,71.94999694824219,68.9000015258789,71.02999877929688,9937,37.43363473142568,-2.2340940440073638,-1.896518037749319,-0.33757600625804485,2.2648912103495693,74.05695667957879,77.8676843793713,82.31282571905017,83.22983347722403,67.30616658381113,-0.02337418533165314,0.02228691431776941,Tokyo
2024-06-20,71.01000213623047,71.9800033569336,70.69000244140625,70.8499984741211,5208,37.01876752235085,-2.215632538631297,-1.9603409379257146,-0.25529160070558254,2.1952561892908387,73.75153208858282,77.59248101053797,82.16100019262727,83.17182844438634,66.81117173871914,-0.012405902092978871,0.022209199641317727,Tokyo
2024-06-21,71.05999755859375,71.19999694824219,67.8499984741211,68.19000244140625,4805,31.4684818819385,-2.3881124382981653,-2.045895238000205,-0.3422172002979602,2.2777377810644284,73.22186259837554,77.2237563607681,81.97595386479654,82.8749990769153,65.989001624989,-0.04428866293334244,0.021126024043867472,Tokyo
2024-06-24,67.91999816894531,71.52999877929688,67.9000015258789,71.29000091552734,57,42.32196235865969,-2.248737980690777,-2.0864637865383195,-0.16227419415245725,2.374327743375396,73.03787577143761,76.99106006879788,81.83441806414397,81.72301444034201,66.0979862310447,0.00450894306495897,0.022751025082964702,Tokyo
2024-06-25,72.0,73.69000244140625,72.0,72.5999984741211,6,46.19952211872126,-2.0094135949203604,-2.0710537482147275,0.06164015329436712,2.3761615849827895,72.99617317169319,76.81886157488898,81.71210787089865,80.69361771883027,66.33538313566191,0.038032541319158675,0.023332220266317285,Tokyo
2024-06-26,73.25,73.29000091552734,70.08999633789062,72.69999694824219,7,46.49521997550525,-1.7910323477923242,-2.015049468130247,0.22401712033792265,2.4350075130294986,72.9679659123169,76.65733747188322,81.5927421633138,78.85456959826114,67.2014309205377,0.023511167079339312,0.022411110451267566,Tokyo
2024-06-27,72.0199966430664,72.0199966430664,72.0199966430664,72.0199966430664,0,44.69621163803613,-1.6537703426457284,-1.9427936430333432,0.2890233003876148,2.3096498553256612,72.87768312476922,76.47548096879237,81.4659508319198,76.99866591643911,68.14933441925425,0.016513735979439392,0.022302389075782362,Tokyo
2024-06-28,69.80999755859375,69.80999755859375,69.80999755859375,69.80999755859375,24,39.36525004951056,-1.703678723213656,-1.894970659069406,0.19129193585574988,2.3025319431218754,72.58552259465728,76.21408946251007,81.31156734485589,76.03119996977598,68.3217999081537,0.023757076685537726,0.021492437172273168,Tokyo
2024-07-01,71.9000015258789,71.9000015258789,71.9000015258789,70.06999969482422,1,40.26788518695845,-1.7026246774839393,-1.8565014627523126,0.15387678526837334,2.2873513734192525,72.34594898514938,75.97314476573807,81.16267240909389,75.34810478104716,68.39689491377707,-0.01711321651052755,0.021260342106995733,Tokyo
2024-07-02,69.33000183105469,69.33000183105469,69.33000183105469,69.33000183105469,0,38.510728026545095,-1.7414268965720794,-1.833486549516266,0.09205965294418661,2.1768261227299868,72.05871592285465,75.7126293565348,81.00594829547747,75.27921424240337,68.08378548293844,-0.04504127702195515,0.019584706507120787,Tokyo
2024-07-03,68.68000030517578,68.68000030517578,68.68000030517578,68.68000030517578,0,36.98409256619989,-1.8038341483884892,-1.8275560692907107,0.02372192090222147,2.0677672229549096,71.7369334830757,75.43683998197172,80.84269070620195,75.17200665774283,67.71099276242319,-0.05529569204698026,0.01956335316343365,Tokyo
2024-07-05,67.30999755859375,67.30999755859375,67.30999755859375,67.30999755859375,0,33.93098678163969,-1.9414601727766865,-1.850336889987906,-0.09112328278878046,2.0179269032139895,71.31532053788695,75.11814027909415,80.66344973735946,74.96858659852221,67.20141233336257,-0.06539849075272208,0.01950788587198874,Tokyo
2024-07-08,67.31999969482422,67.31999969482422,67.31999969482422,67.31999969482422,0,33.973841527654315,-2.026364036597755,-1.885542319309876,-0.14082171728787918,1.8745037055723093,70.93481379092859,74.81233084441689,80.48671529971,74.33681383162502,67.02118482560155,-0.03566821301891032,0.019071862656186128,Tokyo
2024-07-09,66.95999908447266,66.95999908447266,66.95999908447266,66.95999908447266,32,33.14062672420869,-2.098509687578513,-1.9281357929636036,-0.1703738946149096,1.7663249130565417,70.55626000936135,74.50439626559556,80.30755349553468,74.03494187148291,66.63505706040186,-0.04438419614523392,0.018708746890061453,Tokyo
2024-07-10,69.2699966430664,70.25,69.0999984741211,69.33000183105469,77,43.04397958168019,-1.9420593695303694,-1.930920508276957,-0.011138861253412458,1.8751589132330277,70.43947351618928,74.30147883679004,80.16215546024355,73.86879186677571,66.55320749235516,0.0,0.01986738886305478,Tokyo
2024-07-11,69.83999633789062,69.93000030517578,68.93000030517578,69.05999755859375,46,42.27570358171568,-1.8188914056772205,-1.9085146877570098,0.08962328207978931,1.8126475622878115,70.30809485356114,74.09593055137059,80.01510701121508,73.51758570228255,66.53741307701434,0.0055328662162124065,0.019574994369791637,Tokyo
2024-07-12,69.0999984741211,69.0999984741211,68.30000305175781,68.91999816894531,34,41.85851838347592,-1.7128322239901337,-1.8693781950036348,0.1565459710135011,1.7403152665789166,70.17589516931201,73.89295281088332,79.8681519272115,73.31254898659351,66.46044982322094,0.023919189849175737,0.019399327720371635,Tokyo
2024-07-15,69.33000183105469,71.55999755859375,68.9000015258789,70.86000061035156,64,49.32165345188663,-1.4554599384651112,-1.78659454369593,0.33113460523081883,1.8060067498743402,70.24104806845864,73.77401350890169,79.74883866473654,73.25078892211008,66.47321010132742,0.05258468406974037,0.020480113876774425,Tokyo
2024-07-16,70.6500015258789,70.94999694824219,69.80999755859375,70.37000274658203,42,47.65768627771908,-1.2763166960500172,-1.6845389741667476,0.4082222781167304,1.75843479557249,70.25332946637515,73.6405228907715,79.6246156724431,73.18997186193285,66.47402731409254,0.050925981313224344,0.02050374870844939,Tokyo
2024-07-17,71.0,72.04000091552734,71.0,71.12000274658203,28,50.415138472808096,-1.061588324402294,-1.559948844213857,0.49836051981156304,1.7521178936705486,70.3358697787758,73.54167896354839,79.51197179263038,73.2980684777429,66.48393072880006,0.02581856149216999,0.020359843969453076,Tokyo
2024-07-18,71.01000213623047,71.5999984741211,71.01000213623047,71.37000274658203,19,51.33544241840428,-0.8613129526053314,-1.4202216658921518,0.5589087132868205,1.6691092111148396,70.4343586328526,73.45651519033403,79.40413114301384,73.34228247516711,66.47371712810437,0.03344925093616413,0.02008135929747241,Tokyo
2024-07-19,70.30999755859375,71.04000091552734,69.93000030517578,69.9800033569336,7,46.20100477159868,-0.8054696587465457,-1.2972712644630306,0.4918016057164849,1.6527444418499404,70.39108670181268,73.32018139294578,79.27930825843,73.27046668269223,66.4585334088605,0.015380226583724843,0.020565508719886345,Tokyo
2024-07-22,70.12999725341797,70.87000274658203,69.8499984741211,70.12999725341797,28,46.81912747357691,-0.7405733238527716,-1.1859316763409788,0.4453583524882072,1.6075487154650117,70.36622104006081,73.19507613257214,79.15812533121131,73.27594215505655,66.64705741769734,-0.010302051236885656,0.018559109517143516,Tokyo
2024-07-23,70.63999938964844,70.63999938964844,67.58999633789062,68.02999877929688,94,39.90607817445629,-0.8488102807878022,-1.1185073972303434,0.26969711644254124,1.7105811680573546,70.14372368189281,72.99252407950253,79.01073292655019,73.15818823707542,66.43881112205543,-0.03325286167334718,0.01689272750019648,Tokyo
2024-07-24,68.01000213623047,68.01000213623047,65.9000015258789,67.01000213623047,84,37.0449348105834,-1.0053055173685408,-1.0958670212579829,0.09056150388944206,1.740539459868827,69.84527401087735,72.7579153758448,78.85178284985722,72.82706271820737,66.21093700713442,-0.05778965764380661,0.016395022324039114,Tokyo
2024-07-25,66.4000015258789,67.25,66.23999786376953,67.20999908447266,27,37.983825118911625,-1.1005050998171129,-1.096794636969809,-0.003710462847303919,1.6883582224660871,69.59429544645785,72.54035003108511,78.69758703839517,72.3458177751206,66.14318216384424,-0.05828784506118856,0.016426624288938863,Tokyo
2024-07-26,66.4000015258789,66.4000015258789,65.68000030517578,66.06999969482422,9,34.79811785250473,-1.2534904208548454,-1.1281337937468163,-0.12535662710802908,1.6770468336682862,69.25864823201655,72.28661080221214,78.53033422589755,72.06874945114413,65.82525079299648,-0.05587315625245637,0.016650718323491208,Tokyo
2024-07-29,66.7699966430664,67.73999786376953,66.7699966430664,67.51000213623047,23,41.47525078756657,-1.2441939343664927,-1.1513458218707517,-0.09284811249574099,1.6765433576166453,69.09211050860836,72.0992928153109,78.38436956245825,71.9891464419049,65.67485425999939,-0.03735912191355184,0.016346345494680045,Tokyo
2024-07-30,67.5199966430664,68.5,67.5199966430664,68.1500015258789,23,44.209818485570004,-1.1716774317114442,-1.1554121438388902,-0.01626528787255399,1.627504393770423,69.00238584358651,71.94441864709788,78.2488150189274,71.8511290522254,65.62087183278437,0.001763968083717593,0.01649495215868489,Tokyo
2024-07-31,68.3499984741211,68.36000061035156,67.16000366210938,67.9800033569336,39,43.626707897634596,-1.1150711661088337,-1.1473439482928791,0.03227278218404539,1.5969681476612632,68.9050160829529,71.78895138081693,78.11280426843742,71.78793683297677,65.54906420462088,0.014475469180423639,0.016355210242248872,Tokyo
2024-08-01,67.5999984741211,68.69999694824219,66.69999694824219,66.87999725341797,13,39.954452220082395,-1.1457639387392646,-1.1470279463821562,0.0012640076428915847,1.62575613711403,68.71215714680672,71.5964433758209,77.96402536757624,71.79877511739798,65.35822561502388,-0.0049100109440549655,0.016612990117333,Tokyo
2024-08-02,66.5199966430664,67.93000030517578,66.5199966430664,67.18000030517578,17,41.4031246272452,-1.1328219765432408,-1.1441867524143732,0.011364775871132382,1.610345246042269,68.56623744760377,71.42324952991325,77.82119059853783,71.80356076156332,65.34044024551676,0.016800372566651012,0.016047554219551622,Tokyo
2024-08-05,67.08999633789062,67.73999786376953,65.68000030517578,66.55000305175781,16,39.26098284896032,-1.1600288015735032,-1.1473551622461993,-0.01267363932730392,1.6424632683673748,68.37421512418986,71.23214182488755,77.6719033462626,71.8452178602192,65.22178348255424,-0.014220101527110729,0.01618198790888738,Tokyo
2024-08-06,66.69000244140625,66.69000244140625,66.22000122070312,66.19999694824219,7,38.082134285292966,-1.1960457034979157,-1.1570932704965426,-0.03895243300137308,1.5587159792484997,68.16714672648055,71.03480281011716,77.51995756615636,71.89939734787316,65.09160378127723,-0.02861341942738238,0.016180617849485227,Tokyo
2024-08-07,66.0,67.0,65.91999816894531,66.47000122070312,30,39.58906102494658,-1.1890951211227332,-1.1634936406217808,-0.025601480500952345,1.5245221115203702,68.00551382116842,70.85579098308132,77.37360052846824,71.8478572520209,64.85714381609432,-0.0222124457438182,0.013952878618561737,Tokyo
2024-08-08,66.06999969482422,66.0999984741211,65.30000305175781,65.79000091552734,17,37.13766270845491,-1.2243436051889915,-1.175663633535223,-0.04867997165376847,1.499198972765009,67.79451259205975,70.6571325490596,77.22017536803193,71.84714005165884,64.53086135214974,-0.016297792802838718,0.014068570297729293,Tokyo
2024-08-09,66.20999908447266,67.4000015258789,66.20999908447266,67.08999633789062,33,44.24547864550465,-1.1343039666456747,-1.1673917001573135,0.03308773351163885,1.507113375449763,67.7274158059484,70.51724485450396,77.08600081134132,71.77017150410819,64.42482971659493,-0.0013397434783610773,0.014904539233721311,Tokyo
2024-08-12,67.55000305175781,69.94999694824219,67.55000305175781,68.29000091552734,57,49.879130532412155,-0.9551066884695274,-1.1249346978197563,0.1698280093502289,1.6037481779427487,67.78099534019401,70.42990195493626,76.969497501463,71.40704887216248,64.53095237905822,0.026145721772789177,0.01401583261949809,Tokyo
2024-08-13,67.80000305175781,67.94999694824219,67.33999633789062,67.0999984741211,23,45.0209444018221,-0.8987545235323751,-1.0796986629622802,0.18094413942990517,1.557052206492318,67.71613849580612,70.29931750470821,76.83877566004126,71.0693870827811,64.54161374119352,0.013595189839397781,0.014415528096219455,Tokyo
2024-08-14,66.97000122070312,67.55000305175781,66.12000274658203,66.18000030517578,31,41.643945360941025,-0.9177519174885589,-1.047309313867536,0.12955739637897712,1.547977070683994,67.56983962050799,70.13777565374616,76.69759982752649,70.4978050990292,64.61919548080479,-0.004362884161299152,0.014291372730302225,Tokyo
2024-08-15,66.5999984741211,66.75,66.44999694824219,66.33999633789062,9,42.45239050838967,-0.9094139880070173,-1.0197302486954323,0.11031626068841494,1.4781215438368671,67.45271168883015,69.98884313155575,76.56041302633926,69.67920029360954,64.9347996453553,0.008359863424678426,0.014264794011802385,Tokyo
2024-08-16,66.3499984741211,66.36000061035156,65.77999877929688,66.45999908447266,17,43.08922386091597,-0.8829448613296762,-0.9923731712222812,0.10942830989260499,1.4139701357809973,67.3581676312723,69.85045709049366,76.42663270922844,69.16661838317843,65.09538112854032,-0.009390330717042539,0.013796503348747746,Tokyo
2024-08-19,66.77999877929688,68.5,66.77999877929688,67.9800033569336,23,50.55327118372839,-0.7308909897898133,-0.9400767349357877,0.20918574514597443,1.4586866200485935,67.41739008133527,69.77710596368739,76.31475682376758,68.55756776124963,65.48943236082067,-0.004539428238948262,0.01488200231596919,Tokyo
2024-08-20,68.55000305175781,69.19000244140625,68.41999816894531,68.80000305175781,18,54.054169877709626,-0.5380181405371047,-0.8596650160560512,0.32164687551894644,1.4409232246503123,67.5490675070898,69.73878820243525,76.2152236612244,68.73480161210642,65.38919893720998,0.025335389214537374,0.013513423548657035,Tokyo
2024-08-21,68.81999969482422,69.75,68.81999969482422,69.70999908447266,51,57.63862020930817,-0.3081833968828107,-0.7493686922214031,0.4411852953385924,1.405857062049732,67.7548705144596,69.73765921741712,76.12906174630054,69.24569419692078,65.14830604721983,0.0533393587642641,0.013263315025224149,Tokyo
2024-08-22,69.79000091552734,70.87000274658203,68.51000213623047,69.58999633789062,41,57.007021569435146,-0.13417424819857615,-0.6263298034168377,0.4921555552182616,1.4740101726427197,67.92964440240542,69.73186851625921,76.0424516084408,69.62750406459688,65.00449590488554,0.048990053955485946,0.013286230257711182,Tokyo
2024-08-23,70.41999816894531,71.0999984741211,70.41999816894531,71.29000091552734,9,63.1649235765183,0.13929965794042687,-0.4732039111453849,0.6125035690858118,1.4765810271847017,68.24967835603607,69.79297174760306,75.97950524164725,70.41498446086513,64.73901563068762,0.07267532196194604,0.013407069188637866,Tokyo
2024-08-26,71.97000122070312,71.98999786376953,71.26000213623047,70.58000183105469,12,59.34204808886669,0.2953342767188474,-0.31949627357253846,0.6148305502913858,1.4232535057814417,68.47161392508546,69.8238356724443,75.90798864018244,70.86937428103124,64.59162578000391,0.03824651876625573,0.013060142978238248,Tokyo
2024-08-27,70.2699966430664,70.91000366210938,69.31999969482422,70.0199966430664,28,56.440536836824535,0.3695452106035191,-0.18168797673732695,0.551233187340846,1.435164253031707,68.61907894584554,69.83152825952753,75.83000199121402,71.1228191624218,64.52518041033211,0.017732464203392473,0.013133834461309949,Tokyo
2024-08-28,69.55000305175781,69.55000305175781,68.5999984741211,68.73999786376953,9,50.377371386838284,0.3213681740096632,-0.08107674658792892,0.4024449205975921,1.4340809613112504,68.63059503326687,69.78872314596839,75.73609465177766,71.185799804698,64.5381992187395,-0.01391480753754859,0.013845127672264233,Tokyo
2024-08-29,69.5,70.19999694824219,69.08999633789062,70.12999725341797,9,55.91573681147066,0.3908434593395924,0.013307294597575348,0.37753616474201707,1.4359322558227794,68.77339524470983,69.80210644429975,75.66184170610403,71.46199217696456,64.58700684647293,0.007759749158563034,0.013898703694304335,Tokyo
2024-08-30,69.93000030517578,69.93000030517578,69.55000305175781,69.79000091552734,10,54.3187693178079,0.41369939144054513,0.0933857139661693,0.32031367747437584,1.374793823382592,68.87021483240673,69.80163171768123,75.58406898040103,71.65510183547494,64.65489724899771,-0.02104081891901466,0.013980874818687799,Tokyo
2024-09-03,69.1500015258789,71.70999908447266,69.1500015258789,70.76000213623047,27,58.00390637138943,0.5042709525279747,0.1755627616785304,0.3287081908494443,1.459451233040532,69.05019457562804,69.83921487134984,75.52017405531268,71.96417531917135,64.76682367374858,0.002550301792378029,0.013954987668061133,Tokyo
2024-09-04,69.55000305175781,70.18000030517578,69.37000274658203,69.88999938964844,4,53.81095724782313,0.5000829712876111,0.24046680360034658,0.2596161676872646,1.4544903870839538,69.13017598648713,69.84120642108704,75.44560220543633,72.05844399423486,65.0415552428257,-0.0018565732597880524,0.01426507793031991,Tokyo
2024-09-05,69.9000015258789,70.05000305175781,69.33000183105469,69.48999786376953,5,51.95150020032261,0.4591938845330219,0.28421221978688166,0.17498166474614024,1.402026875199609,69.1644447367045,69.82743353648635,75.36672002872551,72.09045053440909,65.3115483669581,0.010910678255858564,0.014384080524068537,Tokyo
2024-09-06,69.0,69.0,66.93000030517578,67.12000274658203,16,42.566153392172716,0.23286585696352802,0.27394294722221096,-0.04107709025868295,1.4847390668706193,68.96973597574045,69.72125978001952,75.25749198525341,71.963121265643,65.57187781882965,-0.04292021424097858,0.01639675592267015,Tokyo
2024-09-09,67.62000274658203,68.41000366210938,67.25,67.54000091552734,16,44.48033738269069,0.08639371371853599,0.23643310052147598,-0.15003938680294,1.4708291989175282,68.83357073191063,69.6357202167061,75.15527356048884,71.94192824070973,65.6380713015266,-0.032239575447539526,0.015864647023030438,Tokyo
2024-09-10,68.47000122070312,68.52999877929688,67.77999877929688,68.08000183105469,5,46.929408983624135,0.013728788896656852,0.19189223819651216,-0.1781634492998553,1.4364841035498142,68.76180226516244,69.57471165256293,75.06156135215195,71.9398294251635,65.61917020862556,-0.03787450853967078,0.015445889042511443,Tokyo
2024-09-11,68.4000015258789,70.6500015258789,68.4000015258789,69.30999755859375,50,52.11122707779417,0.05476044385247292,0.16446587932770432,-0.1097054354752314,1.5174495029265573,68.81401134072733,69.56433070770139,74.98538169925715,71.9562161486989,65.82378339353744,-0.008298781458289661,0.01537681638165019,Tokyo
2024-09-12,70.05000305175781,70.05000305175781,70.05000305175781,70.05000305175781,0,54.960523279895874,0.14531547845655268,0.160635799153474,-0.015320320696921325,1.461917787943522,68.93172483701595,69.58337668197811,74.92001244564788,71.908600115145,66.25839970174952,0.008058788389749827,0.015053745109217755,Tokyo
2024-09-13,69.4800033569336,69.4800033569336,69.4800033569336,69.4800033569336,2,52.37554551105703,0.16913707716658166,0.16233605475609553,0.006801022410486135,1.3982093527207144,68.98394183891287,69.57932282609401,74.84795934513511,71.7556367120741,66.72536380672473,0.035160913494922896,0.015254277566298604,Tokyo
2024-09-16,70.0999984741211,72.47000122070312,70.0999984741211,71.75,33,60.369639522665885,0.36695558811372564,0.20325996142762154,0.1636956266861041,1.5119085320813441,69.2473759494926,69.66444742114915,74.80692677102736,71.89864433243969,67.11135627791188,0.06233341763998679,0.016646639616327126,Tokyo
2024-09-17,71.16000366210938,71.16000366210938,70.41999816894531,70.80999755859375,33,56.16531810515943,0.44277382115826924,0.2511627333737511,0.19161108778451813,1.4989151962937257,69.39619705512128,69.7093709559509,74.75398731126003,71.99472373338132,67.29827629713627,0.04009981865620005,0.016444097025906157,Tokyo
2024-09-18,71.0,71.0,69.68000030517578,69.68000030517578,12,51.52028636914353,0.40698748414092734,0.2823276835271864,0.12465980061374093,1.4861355176173323,69.42322593607885,69.70821916572443,74.68678218535163,72.00467040779154,67.37632934806783,0.005338374832133397,0.016745590603010885,Tokyo
2024-09-19,69.61000061035156,70.0199966430664,69.61000061035156,71.58000183105469,12,57.83474900394372,0.5258787949907173,0.33103790581989256,0.19484088917082476,1.4092684115528689,69.62863316417179,69.78162240750208,74.64563277668545,72.24776144399812,67.32023858651945,0.02184152337818457,0.017549927992320906,Tokyo
2024-09-20,71.91999816894531,74.58000183105469,71.86000061035156,72.20999908447266,42,59.708695018768815,0.6632905283224346,0.397488430320401,0.26580209800203364,1.5228920964419497,69.87447753753378,69.8768528654225,74.61337272778196,72.60367758647807,67.22632271869772,0.039291819165789166,0.017610646039375757,Tokyo
2024-09-23,74.04000091552734,74.05000305175781,71.62999725341797,71.69999694824219,12,57.48154811492102,0.7227064962383309,0.462532043503987,0.2601744527343439,1.5869716465775134,70.04833652902981,69.94834871180758,74.57478496911256,72.67410762031751,67.19689228812975,-0.0006969066447082284,0.016900542450158127,Tokyo
2024-09-24,73.0999984741211,73.0999984741211,73.0999984741211,73.0999984741211,0,61.70436068931554,0.8727025301885476,0.5445661408408992,0.32813638934764844,1.5736166379561844,70.33897099999088,70.0719428201336,74.55525137315242,73.13621897135995,66.98678060139396,0.03234007900695679,0.017230338403898277,Tokyo
2024-09-25,74.23999786376953,74.4000015258789,74.19999694824219,74.0199966430664,6,64.21923952941785,1.0536656297498723,0.6463860386226938,0.4072795911271785,1.5540728103705863,70.68954487075997,70.22676846024862,74.54816190652876,73.80889291875802,66.7141066539959,0.06228467736628662,0.017230624921999813,Tokyo
2024-09-26,73.86000061035156,73.86000061035156,73.86000061035156,73.86000061035156,5,63.43899457583644,1.170675034149724,0.7512438377280999,0.4194311964216242,1.4544958976808904,70.99149303643536,70.36924815240953,74.5390471873741,74.3315324448272,66.7034674025849,0.031852454889260695,0.01654587231475887,Tokyo
2024-09-27,73.54000091552734,73.54000091552734,73.54000091552734,73.54000091552734,0,61.821182214498336,1.2234810017231865,0.8456912705271173,0.3777897311960692,1.3734604546196996,71.23420807253936,70.49359139802199,74.52581478642249,74.72731888783882,66.64868132578424,0.018418527183455824,0.016165211182679537,Tokyo
2024-09-30,73.55999755859375,73.55999755859375,73.55999755859375,73.55999755859375,0,61.886591869338766,1.2525055689074236,0.9270541302031787,0.32545143870424487,1.2767844680801785,71.45571183311596,70.6138426200052,74.5130225052592,75.0875825626383,66.66541731529138,0.025941432210858206,0.016084874836952166,Tokyo
2024-10-01,73.0,73.0,73.0,73.0,0,58.846053782803075,1.2162998767689857,0.9849032795163402,0.2313965972526455,1.225585403116862,71.60278689662871,70.70741741922068,74.49298247207696,75.30438435699416,66.67261530731248,-0.001367968210785886,0.016015522196477373,Tokyo
2024-10-02,73.16000366210938,73.16000366210938,73.16000366210938,73.16000366210938,0,59.458936661677896,1.1868364513955356,1.0252899138921794,0.16154653750335624,1.1494724216163272,71.75109325524592,70.80359727188298,74.47532712360058,75.5398219635536,66.76417812799912,-0.011618387192099289,0.015676340982637413,Tokyo
2024-10-03,72.48999786376953,72.48999786376953,72.48999786376953,72.48999786376953,0,55.717075750197644,1.096779613398951,1.0395878537935337,0.057191759605417225,1.115224805668007,71.82146512272436,70.86973062842755,74.44903137181474,75.65557443986395,66.94842565168878,-0.018548642502854595,0.015788288816453246,Tokyo
2024-10-04,73.02999877929688,73.02999877929688,73.02999877929688,73.02999877929688,10,58.01063732135762,1.056800344829469,1.043030352000721,0.013769992828748023,1.074137384943674,71.93656356620745,70.95444702650084,74.43023623813902,75.5386491075381,67.65635058728611,-0.006935030322018698,0.013219451579493145,Tokyo
2024-10-07,73.29000091552734,73.29000091552734,73.29000091552734,73.29000091552734,0,59.10881081129832,1.034175158443503,1.0412593132892773,-0.007084154845774293,1.0159848671784448,72.06546236138077,71.04603737509012,74.4151337835349,75.39523331883878,68.37476637598543,-0.003670427569703816,0.013211502987767545,Tokyo
2024-10-08,72.02999877929688,72.02999877929688,72.02999877929688,72.02999877929688,0,52.00982779644891,0.9041504099980102,1.0138375326310238,-0.10968712263301361,1.0334146721107322,72.06208487737278,71.08462409682372,74.3835425914258,75.10142774978365,69.06357163986479,-0.013287687954837368,0.014008227435941687,Tokyo
2024-10-09,72.01000213623047,72.01000213623047,72.01000213623047,72.01000213623047,17267,51.90328863171427,0.7903802861565339,0.969146083336126,-0.17876579717959207,0.9610276700361375,72.05712461631161,71.12091343170242,74.35210496950269,74.94147294774316,69.49352689966895,-0.015718992185815184,0.013560515023059666,Tokyo
2024-10-10,72.19999694824219,72.72000122070312,71.75,72.66000366210938,16847,55.12142812438181,0.744088940069858,0.9241346546828724,-0.18004571461301433,0.9616686379409223,72.11454166829235,71.18126991132623,74.32969303165643,74.87791776561113,69.81808214283615,0.002345231112564461,0.013510106403645,Tokyo
2024-10-11,72.62000274658203,73.5,71.76000213623047,72.20999908447266,21777,52.50230972690819,0.6634433443207257,0.871996392610443,-0.20855304828971732,1.017263582642966,72.12363285078571,71.22161223184177,74.30161761513745,74.62794976595455,70.34104971524661,-0.011228258366843602,0.013440756008725248,Tokyo
2024-10-14,72.19999694824219,72.19999694824219,70.5999984741211,71.02999877929688,23567,46.29102624964339,0.4985677866192617,0.7973106714122068,-0.2987428847929451,1.0596019417650084,72.01947722492963,71.2140979788008,74.25828491532499,74.66677110915114,70.23022824997972,-0.030836432091675192,0.012007716328589322,Tokyo
2024-10-15,71.05999755859375,71.37999725341797,70.55000305175781,70.62000274658203,15029,44.328704583295405,0.3310038594671454,0.7040493090231946,-0.37304544955604924,1.0432013889003762,71.88619394127747,71.19080012655692,74.21009574752708,74.68822743558269,70.18977244234699,-0.01957512226308844,0.011706591910981093,Tokyo
2024-10-16,70.62000274658203,71.98999786376953,70.62000274658203,71.26000213623047,17861,48.03204477016044,0.2470035389698495,0.6126401550125256,-0.36563661604267605,1.0665437980637422,71.82655662651109,71.19351393085785,74.17102165996025,74.44746693944795,70.58853312158722,-0.010415219799343012,0.011242940663644289,Tokyo
2024-10-17,71.27999877929688,71.5,70.16000366210938,70.76000213623047,23989,45.48628245879011,0.1384904270250331,0.5178102094150271,-0.379319782389994,1.086076122337091,71.72498000838912,71.17651346832345,74.12584259342078,74.52179307991882,70.4322070116339,-0.026149207681222753,0.009586204170075887,Tokyo
2024-10-18,70.81999969482422,71.7300033569336,70.80000305175781,70.98999786376953,16221,46.8809525996702,0.07024203066653456,0.42829657366532864,-0.3580545429987941,1.0777850579346648,71.65498170890154,71.16919913088996,74.08430822614064,74.56449095829242,70.26750901118999,-0.016895183993506868,0.009380481568322465,Tokyo
2024-10-21,71.05000305175781,72.5999984741211,71.0,72.19999694824219,24054,53.6057582985197,0.1124947293673273,0.3651362048057284,-0.2526414754384011,1.1158004545358717,71.70688792217209,71.20962257470771,74.05935046087046,74.56591786128678,70.31608210819564,0.016471887780551864,0.010050883361100032,Tokyo
2024-10-22,72.3499984741211,72.41999816894531,71.72000122070312,72.08000183105469,18925,52.89065038193908,0.13474444430751475,0.31905785270608567,-0.1843134083985709,1.0861002040863228,71.7424225801609,71.24375509456446,74.0331339227272,74.49720992733067,70.2827903778451,0.020674016251625238,0.009005113792492143,Tokyo
2024-10-23,72.08000183105469,72.75,71.86000061035156,72.51000213623047,16046,55.19716146166562,0.1849430265760077,0.2922348874800701,-0.1072918609040624,1.0720930030550453,71.81552539502468,71.29341184129646,74.01295999178024,74.27919350153401,70.34980735295817,0.01754139717271297,0.008609466985677456,Tokyo
2024-10-24,72.45999908447266,72.69000244140625,71.25,71.52999877929688,16299,49.275750940357916,0.14398788134350582,0.26258548625275724,-0.11859760490925142,1.09837224865156,71.78833238400298,71.30268976043374,73.98007308830364,74.04991350034823,70.3460871710385,0.010881806385250936,0.009057376513172417,Tokyo
2024-10-25,71.45999908447266,71.6500015258789,70.61000061035156,70.66000366210938,20878,44.69208481576904,0.04085830941882307,0.21824005088597043,-0.17738174146714736,1.094202867714116,71.68087250572741,71.27748638402886,73.93609865881763,73.91440593292958,70.19359501311533,-0.004648460509794838,0.009350367334543464,Tokyo
2024-10-28,70.69000244140625,71.04000091552734,69.93000030517578,70.36000061035156,21182,43.199789100841905,-0.06433870188084256,0.16172430033260785,-0.2260630022134504,1.095331277902505,71.55507518235828,71.241506549767,73.88873312175186,73.75946935728062,70.02853189394007,-0.02548471489839066,0.00934732934896258,Tokyo
2024-10-29,70.36000061035156,71.11000061035156,70.0,70.55999755859375,17990,44.52953441422039,-0.13007063563895827,0.10336531313829463,-0.23343594877725288,1.096379087363152,71.4603058848569,71.21478070697589,73.8446439089948,73.65200741942552,69.89199358765457,-0.021087739093342606,0.009321332573374997,Tokyo
2024-10-30,70.51000213623047,70.73999786376953,69.77999877929688,69.91999816894531,17633,41.20515243386108,-0.23114180985858468,0.03646388853891877,-0.2676056983975035,1.0866376585852595,71.31360991191293,71.16400492117077,73.79266184621268,73.54401713499085,69.67598332277281,-0.03571926480458665,0.009415221366660464,Tokyo
2024-10-31,70.12000274658203,70.12000274658203,69.26000213623047,69.56999969482422,24518,39.469756839233035,-0.33561463876556274,-0.037951816921977535,-0.2976628218435852,1.0704492979971383,71.14755179599973,71.10149491229444,73.7367325461943,73.55296322068773,69.3750374201814,-0.02740107811996695,0.009298806345692872,Tokyo
2024-11-01,69.61000061035156,71.4000015258789,69.4000015258789,70.16999816894531,33376,43.836613442376404,-0.3657787758566542,-0.10351720870891287,-0.2622615671477413,1.1368457767116285,71.05445145056598,71.06496562824152,73.68949103126386,73.34927405498756,69.29272652484643,-0.0069346938546341885,0.009364757215865657,Tokyo
2024-11-04,70.18000030517578,70.98999786376953,69.70999908447266,69.93000030517578,27017,42.51536544397964,-0.4043883564326194,-0.16369143825365418,-0.2406969181789652,1.1470709911820032,70.94736086529072,71.02045718419973,73.63969645211037,73.04672596635716,69.25927455244168,-0.00611143123146185,0.00927663231059707,Tokyo
2024-11-05,69.93000030517578,70.18000030517578,69.41999816894531,69.94999694824219,20299,42.670411446509306,-0.4284344396998705,-0.21664003854289743,-0.21179440115697307,1.1194232158283222,70.85237382557182,70.97847835141708,73.59082626000615,72.96822184038162,69.12977849531175,-0.008645133665785787,0.008588867911511243,Tokyo
2024-11-06,69.94999694824219,70.0,68.94999694824219,69.69000244140625,32812,41.11756694728657,-0.46313182240955086,-0.26593839531622815,-0.19719342709332272,1.1144646326804286,70.74167178898462,70.92794988435784,73.53915971936246,72.88777497388068,68.97822539233024,-0.0032894126653626454,0.008598354270321283,Tokyo
2024-11-07,69.75,71.18000030517578,69.75,71.05000305175781,38882,51.135042230696286,-0.3765484488074975,-0.288060406014482,-0.08848804279301548,1.1412884349010788,70.7710366711535,70.93273628307942,73.50619075687763,72.63262314355478,69.072377161621,0.021273585790222427,0.009531126636916812,Tokyo
2024-11-08,71.02999877929688,71.36000061035156,70.01000213623047,70.9800033569336,41797,50.65734068494948,-0.31000534316443407,-0.2924493934444724,-0.01755594971996166,1.1561962948453655,70.79093826027541,70.9345898938188,73.4727313211168,72.45484430446852,69.12715642795335,0.011543468848867144,0.009455510387718373,Tokyo
2024-11-11,70.97000122070312,71.23999786376953,69.61000061035156,69.69000244140625,36125,42.73428012635815,-0.35724366285181475,-0.3054082473259409,-0.05183541552587384,1.1900392204576942,70.68608722990692,70.88578254274378,73.42262895184912,72.45392818828687,68.99407291034593,-0.0034319728688999573,0.009625314475855115,Tokyo
2024-11-12,69.87999725341797,70.0199966430664,68.72000122070312,68.7699966430664,29252,38.151326524117174,-0.463573365461869,-0.3370412709531265,-0.12653209450874248,1.1978932348795217,70.50360241211258,70.80281054667802,73.36100468285862,72.5700985095655,68.69290197871575,-0.016869197378934775,0.00996383983693622,Tokyo
2024-11-13,68.75,69.04000091552734,67.95999908447266,68.9000015258789,24301,39.14449453984334,-0.5312264652828702,-0.3758783098190753,-0.15534815546379493,1.189472420320605,70.35087851818557,70.72819058507805,73.30191854832908,72.57445903002515,68.45254139722094,-0.011335928940331974,0.009698017301577216,Tokyo
2024-11-14,68.80000305175781,69.73999786376953,68.2699966430664,68.31999969482422,15821,36.340737026189814,-0.6244451201523162,-0.4255916718857235,-0.19885344826659274,1.2095101917764994,70.15746148738924,70.63375172663673,73.23593286815021,72.66856510628311,68.11443507682235,-0.038423690917294806,0.009744113806335894,Tokyo
2024-11-15,68.3499984741211,68.37000274658203,66.6500015258789,66.80000305175781,13473,30.229856486633295,-0.8116167885692676,-0.5027966952224323,-0.30882009334683524,1.2459738366998296,69.83770354113862,70.48340864134737,73.15068876462183,72.94612075786144,67.41787994404287,-0.05888982963491873,0.010702239249237196,Tokyo
2024-11-18,66.83000183105469,67.0999984741211,66.41999816894531,66.62000274658203,12221,29.595188676321015,-0.9633710626584531,-0.5949115687096365,-0.3684594939488166,1.2055471558766833,69.53125584641894,70.33190252782715,73.06418961206502,72.92399446883272,66.88200681290556,-0.044052225387786526,0.00962293468638862,Tokyo
2024-11-19,66.61000061035156,67.08000183105469,66.0,66.88999938964844,12141,31.90458291094329,-1.0497500800887423,-0.6858792709854576,-0.3638708091032846,1.1965796326751121,69.2797076124408,70.1969259341731,72.98241225812573,72.76700912987663,66.51999190772104,-0.02733746321343633,0.00977992454638442,Tokyo
2024-11-20,66.79000091552734,68.97000122070312,66.75,68.45999908447266,11708,43.50850254133119,-0.9802208436724982,-0.7447475855228658,-0.23547325814963238,1.2696811746771128,69.2016401335867,70.12881115575347,72.92251274589192,72.29558749988915,66.58641323253273,-0.006386102056049836,0.011318826001630759,Tokyo
2024-11-21,68.45999908447266,71.45999908447266,68.05000305175781,69.19000244140625,4082,47.94988802368675,-0.8563418767685107,-0.7670664437719947,-0.08927543299651597,1.4225608073940936,69.20053178195046,70.09199512773985,72.87307552331596,72.00459270849075,66.64340839014207,0.012734232296080394,0.011404967711629488,Tokyo
2024-11-22,71.0199966430664,71.44999694824219,71.0199966430664,71.6500015258789,559,59.50411816639308,-0.5532875811249198,-0.7243106712425799,0.17102309011766004,1.4823775002113682,69.43381461470555,70.15309341786295,72.85687586772077,72.19103387200785,66.5559670130019,0.07260476425971474,0.013741708253314543,Tokyo
2024-11-25,71.98999786376953,73.33999633789062,71.98999786376953,73.19999694824219,51,64.80534313092016,-0.18590024935096494,-0.6166285868642569,0.430728337513292,1.4972073081971076,69.79249864647095,70.272579830819,72.86142051779392,72.79135975907084,66.23964075972799,0.09876904728884517,0.014435329258753767,Tokyo
2024-11-26,72.8499984741211,73.25,72.8499984741211,73.37000274658203,781,65.34125844245835,0.11761906571672398,-0.4697790563480608,0.5873981220647848,1.4188354666029501,70.133213322672,70.39404739614304,72.8681567062547,73.33652885044933,65.97547218714834,0.09687551825477225,0.014434168939314117,Tokyo
2024-11-27,73.47000122070312,73.69999694824219,73.47000122070312,73.56999969482422,10,65.99721968185816,0.3700328831854591,-0.30181666844135685,0.6718495516268159,1.3410610905356075,70.46052631049602,70.51859454511093,72.87745263987814,73.91483643772322,65.76216475246231,0.07464213670301612,0.014197352980312473,Tokyo
2024-11-29,73.62999725341797,73.6500015258789,73.38999938964844,73.3499984741211,4,64.54995573949026,0.5460261427053439,-0.13224810621201671,0.6782742489173605,1.2638425937995261,70.73571413560317,70.6296299933074,72.88371152509991,74.3917704402388,65.66323062787644,0.06012423595790084,0.01414774827631067,Tokyo
2024-12-02,72.43000030517578,72.43000030517578,72.43000030517578,72.43000030517578,0,58.74815401767145,0.6042999121260664,0.015061497455599912,0.5892384146704664,1.2392822777385109,70.89707472318152,70.70023275063558,72.87770210496846,74.63538346723212,65.64561781450615,0.010886235348022355,0.014470133242007424,Tokyo
2024-12-03,72.3499984741211,72.3499984741211,72.3499984741211,72.69000244140625,4,59.846563541703475,0.6638103017461532,0.14481125831371056,0.5189990434324426,1.156476531546809,71.06782974396482,70.77826293458737,72.87521601670937,74.91346247824426,65.64353901711708,-0.006967138361993919,0.014427196522578333,Tokyo
2024-12-04,72.80999755859375,72.81999969482422,72.80999755859375,72.5999984741211,187,59.258343483828114,0.6956906574571207,0.2549871381423926,0.44070351931472806,1.0831565831090348,71.21375057540828,70.84970354398085,72.87157075124463,75.1566125409914,65.6653891069578,-0.010494810462533422,0.014440395868540817,Tokyo
2024-12-05,72.83999633789062,72.94000244140625,72.83999633789062,72.38999938964844,15,57.83012331494234,0.6959879817461712,0.34318730686314836,0.3528006748830228,1.0300742534073293,71.32577427200259,70.91010730263449,72.86519232261422,75.35839787861181,65.73360346416163,-0.016039150605824948,0.014424742329079525,Tokyo
2024-12-06,71.4000015258789,71.4000015258789,71.4000015258789,71.4000015258789,22621,51.525367223125905,0.6093152525921965,0.396412896008958,0.21290235658323853,1.0272116541474865,71.33284353427653,70.92931884080093,72.84578582199521,75.38614928410988,65.74085190607568,-0.026584826023277608,0.014217321742477388,Tokyo
2024-12-09,70.01000213623047,70.75,69.75,69.94999694824219,20505,43.96502736639868,0.4187956238128834,0.4008894415697431,0.01790618224314028,1.071696644985445,71.20114385941612,70.8909140607006,72.8074310024753,75.33791896675474,65.68608158256167,-0.03424000202242683,0.014957873317092306,Tokyo
2024-12-10,69.94999694824219,70.16999816894531,69.25,69.4800033569336,22721,41.82291725259133,0.2272631424277023,0.3661641817413349,-0.13890103931363262,1.060861039554007,71.03722571632255,70.83558422918031,72.76335911313038,75.33585578343391,65.66714485743523,-0.04416011798954278,0.014455550137826343,Tokyo
2024-12-11,69.4800033569336,70.38999938964844,69.05000305175781,70.1500015258789,22937,45.87170625186822,0.12805933553262605,0.3185432124995931,-0.19048387696696706,1.0807992751494797,70.95272817437554,70.80869863297241,72.72874510535222,75.33975387193797,65.80124725721242,-0.03374651514786886,0.014265355574288985,Tokyo
2024-12-12,69.87000274658203,70.47000122070312,69.83999633789062,70.08999633789062,15616,45.56585336732232,0.04408945091168448,0.26365246018201144,-0.21956300927032696,1.0485996756968383,70.87056323756744,70.78051422924372,72.69379479055141,75.34083784748077,65.9191627628708,-0.031772386671503505,0.014269489727160798,Tokyo
2024-12-13,70.0,70.06999969482422,69.19999694824219,69.2699966430664,15256,41.49425244149165,-0.08761444518370354,0.19339907910886844,-0.281013524292572,1.0372710838362382,70.71812832380543,70.72127824547206,72.64844647071718,75.30875181001488,66.04624849516091,-0.029832000522303614,0.01440193973058939,Tokyo
2024-12-16,69.2699966430664,69.91000366210938,69.0199966430664,69.05999755859375,13699,40.49625606577711,-0.20655486686669633,0.11340828991375548,-0.31996315678045184,1.0267522220652905,70.56021110807099,70.65612998324154,72.6009173460533,75.12412091665477,66.4568788392046,-0.012723365668006692,0.013373339541081143,Tokyo
2024-12-17,69.05999755859375,69.19000244140625,68.55000305175781,68.69000244140625,20097,38.72884005850487,-0.3269031853185709,0.02534599486729021,-0.3522491801858611,0.9991270197498009,70.38209599696006,70.57902694238525,72.54911714864076,74.89429161337368,66.89370811196811,-0.011370191096119253,0.013432471474256509,Tokyo
2024-12-18,68.6500015258789,68.9000015258789,68.05000305175781,68.08000183105469,21110,35.94358922646494,-0.46612880333233875,-0.0729489647726356,-0.3931798385597032,0.9884749807763218,70.1628489335405,70.4810259576272,72.48992356827539,74.73230087431529,67.17469909516714,-0.029508191729127442,0.013616304468646648,Tokyo
2024-12-19,68.11000061035156,68.33999633789062,67.55999755859375,67.91000366210938,19798,35.184179923525164,-0.5834578018250056,-0.17505073218310963,-0.408407069641896,0.9735838235277898,69.94829224102325,70.3802015538814,72.42926237746525,74.78828874034885,67.06371168689724,-0.03110276486921071,0.0125718352324627,Tokyo
2024-12-20,67.91000366210938,68.20999908447266,67.4800033569336,68.05999755859375,18359,36.45978770298144,-0.6567678140091147,-0.2713941485483107,-0.385373665460804,0.9561846738143094,69.76845465222044,70.28921316190934,72.37139132026167,74.86932845407372,66.86967148489111,-0.017467866942559973,0.012322486212522453,Tokyo
2024-12-23,68.1500015258789,69.86000061035156,68.1500015258789,69.41999816894531,21944,46.702068789160094,-0.5982298225696496,-0.3367612833525785,-0.26146853921707114,1.0164574150959882,69.73526832047996,70.25512629944018,72.33230002024423,74.7904134603408,66.7255861429307,0.005212867406288568,0.010309633170609829,Tokyo
2024-12-24,69.37000274658203,69.6500015258789,68.68000030517578,68.77999877929688,0,43.17506317926226,-0.5966033723532007,-0.38872970115270294,-0.20787367120049777,1.013139115496498,69.6442902689387,70.19727816139535,72.28524967268203,74.48958807617868,66.58441171019828,0.0013101810262330371,0.008894833306153701,Tokyo
2024-12-26,68.77999877929688,69.16999816894531,68.5,68.75,7666,43.01109512686911,-0.5909232541804954,-0.4291684117582615,-0.16175484242223392,0.988629047885699,69.55911976713502,70.14052215506612,72.23842517370612,74.09821534398712,66.51378416773163,0.009841335941910723,0.008827310914723533,Tokyo
2024-12-27,68.66999816894531,69.0,68.30000305175781,68.88999938964844,8142,44.07845931472433,-0.5685708085270136,-0.4570488911120119,-0.11152191741500167,0.968012469339734,69.4953940168982,70.09148204661837,72.19407516332124,73.58335011392624,66.56064936727493,0.014430800687555534,0.008804118677653707,Tokyo
2024-12-30,68.77999877929688,69.25,68.26000213623047,68.4800033569336,10233,41.62000234315026,-0.5772850054705856,-0.48109611398372665,-0.09618889148685894,0.969582854656148,69.39869014452063,70.02828680388563,72.14488215926313,73.04584920508361,66.61115076439881,0.006171110981575634,0.008824035317106514,Tokyo
2024-12-31,68.5,68.88999938964844,68.2699966430664,68.4000015258789,0,41.13785167868594,-0.5839155336960289,-0.5016599979261871,-0.08225553576984179,0.9446128469365682,69.30357694274522,69.96443247925792,72.09528109127129,72.65770624968579,66.59629384186695,-0.01469312402723022,0.008564266542961621,Tokyo
2025-01-02,68.4000015258789,69.44000244140625,68.26000213623047,68.56999969482422,16088,42.65798820635815,-0.5688949764217881,-0.5151069936253073,-0.05378798279648078,0.9614262368107978,69.23371244294323,69.90974884065268,72.04858862244419,72.11665529729079,66.72534451960375,-0.003053199886590696,0.008524098223923979,Tokyo
2025-01-03,68.5,68.72000122070312,67.62999725341797,67.66000366210938,18805,37.13017431427772,-0.6232358760226759,-0.536732770104781,-0.0865031059178949,0.970610360416109,69.08383541619715,69.82152353953333,71.99046166932717,71.52664923891426,66.82135109677911,-0.015854492187500013,0.008824089693528237,Tokyo
2025-01-06,67.76000213623047,68.75,67.76000213623047,68.68000030517578,19355,45.634169349924406,-0.5773409981887596,-0.5448544157215768,-0.032486582467182834,0.9791379302357174,69.04537492943321,69.77675792249971,71.94661449894106,70.79516792573396,67.18183250151212,-0.0030483246673421727,0.009746333085558612,Tokyo
2025-01-07,68.5999984741211,69.1500015258789,68.41000366210938,68.51000213623047,16526,44.552528008234496,-0.5483651957197679,-0.545556571721215,-0.0028086239985529726,0.962056496916704,68.99438704436628,69.72708122499895,71.90109645440185,70.25823212134436,67.4297683669369,0.0004380662649869915,0.009387512896487227,Tokyo
2025-01-08,68.5199966430664,68.63999938964844,68.04000091552734,68.2300033569336,15483,42.75499622318432,-0.541750265117102,-0.5447953104003924,0.003045045283290415,0.9361952095741605,68.92158859794412,69.6683722889964,71.85247270476651,70.09619185230804,67.41980927684236,-0.0024853532917099574,0.008349490566966957,Tokyo
2025-01-09,68.22000122070312,68.75,67.86000061035156,68.5,15851,45.056987148585215,-0.5088556412365932,-0.5376073765676326,0.028751735331039363,0.9328955081508945,68.88143730290183,69.62255376785929,71.80806909278286,70.00704317944299,67.41095761401404,-0.0010208501551079996,0.008321231052349741,Tokyo
2025-01-10,68.51000213623047,68.69999694824219,66.9000015258789,67.01000213623047,30964,36.36592876740142,-0.5961448037820531,-0.5493148620105167,-0.04682994177153643,0.9948312163089221,68.70320538226646,69.52010076269737,71.74451853706692,69.8755107190127,67.2284901354795,-0.009606879850686645,0.009212098115270077,Tokyo
2025-01-13,67.08000183105469,67.80999755859375,66.76000213623047,67.63999938964844,30088,41.50372008733784,-0.6074838846628836,-0.5609486665409902,-0.04653521812189343,0.9987715167413763,68.60194766868379,69.44637129708761,71.69015404504813,69.59809558041384,67.26090557925413,-0.01514270400271045,0.00957183490305463,Tokyo
2025-01-14,67.63999938964844,67.9800033569336,67.36000061035156,67.5,18690,40.7169743137929,-0.6206129291464606,-0.5728815190620843,-0.04773141008437631,0.9717166045871374,68.49700027166628,69.3700430109273,71.63465531597465,69.50967621006795,67.17232528529338,-0.014742404097756512,0.00928037394877711,Tokyo
2025-01-15,67.48999786376953,67.83999633789062,67.27999877929688,67.7699966430664,16479,42.962533595265576,-0.6022885117975676,-0.578762917609181,-0.023525594188386623,0.9423081013018955,68.42776183084725,69.3072960945406,71.58346778388315,69.42021995832064,67.13278144548795,-0.006742000457786057,0.009343787458305355,Tokyo
2025-01-16,67.7699966430664,67.7699966430664,66.5999984741211,66.7300033569336,21379,37.12862193685659,-0.6640305151980925,-0.5958164371269633,-0.06821407807112922,0.9585716775621396,68.26607054761737,69.20622579110503,71.51918348683746,69.49575752894485,66.86124396641647,-0.025839367052064355,0.009854202727764579,Tokyo
2025-01-17,66.80000305175781,67.62999725341797,66.63999938964844,67.5999984741211,24864,43.981491534848935,-0.6354352604775642,-0.6037402017970835,-0.031695058680480614,0.9608164051483818,68.2026351120463,69.14323648455664,71.4672737515697,69.49657112977101,66.81243002989694,0.008804601090612874,0.010189309055062634,Tokyo
2025-01-21,67.66000366210938,68.30000305175781,67.36000061035156,67.66000366210938,22951,44.43138093542415,-0.6010034047689459,-0.6031928423914561,0.0021894376225102263,0.9593296934525153,68.15095592633801,69.08507049151949,71.41684633316626,69.49824166410458,66.7857594955634,0.00029574619517225287,0.010179902412573133,Tokyo
2025-01-22,67.62000274658203,67.95999908447266,67.11000061035156,67.13999938964844,18282,41.333403950184966,-0.6086596602958849,-0.604286205972342,-0.004373454323542969,0.951520320643128,68.0546743514152,69.0087931934069,71.36019935378192,69.52443846228745,66.66756288048599,-0.005333342375578698,0.010298323870415876,Tokyo
2025-01-23,67.13999938964844,67.69999694824219,66.76000213623047,67.47000122070312,17759,44.0018368015852,-0.5813969262765113,-0.5997083500331758,0.018311423756664502,0.9506970700265988,67.99899119610929,68.94844841016362,71.30867355069479,69.30764642848196,66.68935521946726,-0.004426670167084534,0.009223271143348036,Tokyo
2025-01-24,67.47000122070312,68.44000244140625,67.45999908447266,67.61000061035156,19029,45.14182722323959,-0.5422435859044583,-0.5882153972074323,0.04597181130297401,0.9527903762342412,67.96194447365617,68.89596026115139,71.25968450512732,69.20595959878091,66.67404223227379,0.013187430078654971,0.009063196650542588,Tokyo
2025-01-27,67.69000244140625,68.16999816894531,67.20999908447266,67.2699966430664,19018,42.859803665696184,-0.5325113013974772,-0.5770745780454414,0.04456327664796422,0.9533052839655566,67.89604468026667,68.8321969820108,71.20684095728546,69.10534529456959,66.62665620079173,-0.004881684001531772,0.009110302330635074,Tokyo
2025-01-28,67.30000305175781,67.5999984741211,66.91000366210938,66.9800033569336,17863,40.95798873132281,-0.5419511548638951,-0.5700498934091321,0.028098738545237034,0.934497393111711,67.80880264947304,68.75956193789013,71.15085635330729,68.97136859013433,66.5696333019555,-0.010050255222740834,0.00910648276946458,Tokyo
2025-01-29,67.0,67.16000366210938,66.62999725341797,66.66000366210938,23159,38.90642188500644,-0.5686980111000395,-0.5697795169473137,0.0010815058472741779,0.9056051799388322,67.69939322210507,68.67722631923206,71.09137486070865,68.92884481608775,66.43015710651969,-0.007149176823094683,0.009079137409601853,Tokyo
2025-01-30,66.66999816894531,66.68000030517578,66.01000213623047,66.2699966430664,27788,36.506356450190225,-0.6142843072645405,-0.578680475010759,-0.0356038322537815,0.8887761077250094,67.56326021457758,68.58282515546085,71.0275155465677,68.92284052365056,66.2231609106756,-0.01778575005077221,0.009134918940692625,Tokyo
2025-01-31,66.25,66.4800033569336,65.69999694824219,65.87999725341797,27249,34.23223707024975,-0.6741107378239093,-0.5977665275733891,-0.07634421025052018,0.8810068435083234,67.40294945637191,68.47683190440034,70.95933649632731,68.90139381709474,65.97560737309081,-0.025587980199910265,0.009130988882309586,Tokyo
2025-02-03,65.56999969482422,66.20999908447266,65.01000213623047,66.04000091552734,40493,35.99387630624115,-0.7005372988309375,-0.6183206818248989,-0.08221661700603866,0.9037918509893137,67.27314483343433,68.3812699048367,70.8941797336677,68.94301289694215,65.7719880185852,-0.018284462448621808,0.008772675658384257,Tokyo
2025-02-04,66.04000091552734,67.1500015258789,66.04000091552734,66.94000244140625,36669,44.92943024693753,-0.6414635448622761,-0.6229492544323744,-0.018514290429901714,0.9185210480866172,67.24141698657452,68.32474961215316,70.84180652449868,68.73694669251503,65.80405443663537,-0.0005972068307339429,0.00863901022827974,Tokyo
2025-02-05,66.9000015258789,67.30999755859375,65.94000244140625,66.04000091552734,34034,39.05740372279984,-0.6596655568388599,-0.6302925149136716,-0.029373041925188303,0.9507691958795375,67.12699640837955,68.23515162405019,70.77820645020766,68.58976284731104,65.70423815976905,-0.009300970784891338,0.009062972612609004,Tokyo
2025-02-06,66.02999877929688,66.51000213623047,65.75,66.02999877929688,27669,38.996405682844234,-0.667206727439023,-0.6376753574187419,-0.029531370020281056,0.9371429773331754,67.02252044370502,68.148675041903,70.71531628238104,68.46751153933822,65.60648900997818,-0.0036215161600531287,0.009054126431306852,Tokyo
2025-02-07,66.02999877929688,66.5999984741211,65.55999755859375,65.62999725341797,37787,36.538756771527915,-0.6974205101452782,-0.6496243879640493,-0.04779612218122886,0.9444899729184731,66.8898991874872,68.0499033639232,70.64796106345439,68.28124084490466,65.50575942975354,-0.0037947785431492465,0.009005863658813108,Tokyo
2025-02-10,65.7300033569336,67.08000183105469,65.7300033569336,66.54000091552734,37829,45.02688249564245,-0.640551580414737,-0.6478098264541869,0.0072582460394499115,0.9805981589697764,66.85657554253865,67.9906915032018,70.59355099526992,68.26533133039129,65.4746688221966,0.007571168883530932,0.008385788604285066,Tokyo
2025-02-11,66.56999969482422,67.62999725341797,66.56999969482422,67.4000015258789,36959,51.6135706901354,-0.5200923807355338,-0.6222663373104563,0.10217395657492256,0.9884123146069799,66.90833039809486,67.9675271903656,70.55125232680118,68.22937151839105,65.4866288478199,0.006871811587926047,0.008630724113135493,Tokyo
2025-02-12,67.4000015258789,67.97000122070312,67.31999969482422,67.47000122070312,25368,52.11647450226192,-0.41420451495262967,-0.5806539728388911,0.16644945788626142,0.9642401154121175,66.96182285739089,67.94801636802589,70.51044105387273,68.2249775670067,65.48802292127453,0.021653547627973335,0.008622812705513022,Tokyo
2025-02-13,67.44999694824219,67.52999877929688,66.75,66.83000183105469,25450,47.27820122634433,-0.3775777393402251,-0.5400387261391579,0.16246098679893284,0.9510800199753144,66.94926847393029,67.90417266069367,70.46169351449765,68.108691778539,65.51030922854108,0.012115751424315535,0.00881942800141096,Tokyo
2025-02-14,67.0,67.7300033569336,66.94000244140625,67.11000061035156,15537,49.4876025425968,-0.32224258244255566,-0.4964794973998375,0.17423691495728183,0.9474315561112853,66.96457629644661,67.87302865871948,70.41730023099903,68.13389612996704,65.52310460245482,0.022550714899755908,0.0081574110642072,Tokyo
2025-02-18,67.4000015258789,67.94999694824219,67.22000122070312,67.51000213623047,21687,52.547015586088044,-0.24330759326522866,-0.44584511657291576,0.2025375233076871,0.9397576119526667,67.01652161452127,67.85879232450424,70.37879297146567,68.11877598931753,65.52922510931529,0.014577715770315969,0.0077234273832708054,Tokyo
2025-02-19,67.5,67.58000183105469,66.20999908447266,66.23999786376953,17147,43.531819640112914,-0.28000208680391836,-0.41267651061911625,0.1326744238151979,0.9704894072833357,66.94256697159253,67.79531018878914,70.32397449321805,68.00993416034565,65.49606635845318,-0.017210736436912066,0.008798477952960888,Tokyo
2025-02-20,66.20999908447266,66.41000366210938,65.80000305175781,65.97000122070312,11853,41.886540929187056,-0.32709862065514983,-0.395560932626323,0.0684623119711732,0.9447402075024948,66.849941661984,67.72372944494263,70.2663059730523,67.98407946065961,65.4049212412447,-0.02223210275472365,0.008690740527968073,Tokyo
2025-02-21,65.97000122070312,66.25,65.4800033569336,66.08000183105469,5570,42.834496759165305,-0.35149501734068167,-0.3867477495691948,0.035252732228513106,0.9322585243284884,66.77661405903835,67.65926953851566,70.2108582360722,67.88815597448028,65.36184478845918,-0.011222504555603474,0.008607130622357862,Tokyo
2025-02-24,65.87999725341797,66.80999755859375,65.87999725341797,66.51000213623047,170,46.507826951344676,-0.3323013434781217,-0.3758584683509802,0.04355712487285851,0.9320972229604378,66.75122244734236,67.61420022862212,70.16184027448489,67.74530951553595,65.39469139999139,-0.008940522554972907,0.008746604085533367,Tokyo
2025-02-25,66.05000305175781,66.08000183105469,66.05000305175781,65.95999908447266,24,42.72601968123398,-0.3573515422334026,-0.3721570831274647,0.014805540894062108,0.8983759273541677,66.67586784135476,67.54932959551822,70.10618674878937,67.66142221179658,65.3475789478714,-0.022959606024452683,0.00885916610525475,Tokyo
2025-02-26,65.94999694824219,65.94999694824219,65.94999694824219,65.37000274658203,7,39.057068847840355,-0.4199706190131849,-0.3817197903046088,-0.0382508287085761,0.8349206565596178,66.5514997370907,67.46386579752073,70.04345583485285,67.66276893098431,65.1852321676485,-0.013133984680626765,0.009011735191899042,Tokyo
2025-02-27,65.19999694824219,65.19999694824219,65.19999694824219,65.19999694824219,0,38.043327744470695,-0.4778068754003755,-0.40093720732376215,-0.07686966807661333,0.7874267381153481,66.42278518577179,67.37508662696078,69.97930406152025,67.69851294042263,65.00348748682347,-0.011672036656250495,0.008979333372796603,Tokyo
2025-02-28,64.37000274658203,64.58000183105469,64.37000274658203,63.880001068115234,43,31.259138700663826,-0.6229739057377799,-0.44534454700656567,-0.17762935873121422,0.7904672712256916,66.18061526980449,67.23802444818253,69.89851859140893,67.9749800991316,64.48802077061937,-0.03329298883138876,0.009928429077308372,Tokyo
2025-03-03,64.69000244140625,64.69000244140625,64.69000244140625,64.13999938964844,2,33.764625342566276,-0.7088687339910678,-0.49804938440346613,-0.21081934958760162,0.7918625642303576,65.98627090026582,67.1165332694165,69.82224681390217,68.12004144673813,64.16895963663589,-0.0356337794385817,0.009963607411097255,Tokyo
2025-03-04,63.45000076293945,63.72999954223633,63.45000076293945,62.040000915527344,41,25.636804358956482,-0.9356082214813313,-0.5855611518190391,-0.35004706966229215,0.7845865686931166,65.61043566362406,66.91745356926398,69.71917070928794,68.6424184866779,63.246582596696115,-0.05942993061484292,0.012202426800684868,Tokyo
2025-03-05,61.619998931884766,61.619998931884766,61.619998931884766,62.36000061035156,8,28.462724338195926,-1.0770638759508984,-0.683861696645411,-0.3932021793054874,0.7585448126180782,65.30087042045525,66.73872992381644,69.6216982576464,68.80650303886506,62.62449786140348,-0.0460456174049626,0.011734734381553135,Tokyo
2025-03-06,63.900001525878906,63.900001525878906,63.900001525878906,63.900001525878906,0,40.23374126273764,-1.052767647576431,-0.757642886831615,-0.295124760744816,0.8143631056830257,65.1674543352575,66.62740724154439,69.54591419497399,68.79877077737935,62.418230183924365,-0.01993858103084356,0.013028657823132525,Tokyo
2025-03-07,64.76000213623047,64.76000213623047,64.76000213623047,64.76000213623047,20350,45.615443241714445,-0.9531307516131022,-0.7967404597879124,-0.15639029182518982,0.8176229274450642,65.1286493639216,66.55417566878698,69.48252463128202,68.750466728097,62.33953456890006,0.013775846170961836,0.013454154773359666,Tokyo
2025-03-10,66.0,67.06999969482422,65.62000274658203,66.0,30193,52.286730100972356,-0.7652885590720473,-0.7904500796447393,0.025161520572692053,0.9242211153842561,65.2116351387862,66.53244328961887,69.43639847722531,68.77529699178346,62.35170457987183,0.02899907433818516,0.014103675488185433,Tokyo
2025-03-11,65.9000015258789,66.7300033569336,65.41999816894531,66.0,17577,52.286730100972356,-0.6093975129606974,-0.7542395663079311,0.14484205334723366,0.9517771205702579,65.28671750652086,66.51156316061422,69.39088326560643,68.72270999201076,62.35029148809176,0.06382977153505398,0.013741974722673533,Tokyo
2025-03-12,65.94999694824219,67.02999877929688,65.94999694824219,66.9800033569336,20107,57.10924627949502,-0.40213904650313737,-0.6838194623469724,0.2816804158438351,0.9609360284620029,65.44798282560778,66.52993336439145,69.3589510813856,68.6551927152503,62.375808947957715,0.07408599585252618,0.013844436917741895,Tokyo
2025-03-13,67.0,67.33000183105469,66.41000366210938,66.52999877929688,20580,54.39072097522388,-0.2710720770216284,-0.6012699852819037,0.3301979082602753,0.9580118956393822,65.55103196405436,66.52993592968187,69.32148151447052,68.51165915968673,62.42534225938065,0.04115801550259501,0.013913600853594046,Tokyo
2025-03-14,66.51000213623047,67.62999725341797,66.51000213623047,67.37000274658203,22877,58.373999923326465,-0.0982862764532797,-0.5006732435161789,0.4023869670628992,0.9695821257499619,65.72426727667604,66.56287972642306,69.29563411357134,68.59851484415853,62.392486666461586,0.04030266405583349,0.014051347230022312,Tokyo
2025-03-17,67.48999786376953,67.80000305175781,66.80000305175781,66.9800033569336,16432,55.93162558006315,0.007096223124932521,-0.3991193501879567,0.4062155733128892,0.9717548310535361,65.84386118908152,66.57923751585486,69.26496350752315,68.57828973252194,62.399712052756364,0.014848535711114996,0.01408740252556299,Tokyo
2025-03-18,66.9000015258789,67.08000183105469,66.3499984741211,66.47000122070312,16627,52.81934638305264,0.04889605981169609,-0.30951626818802613,0.3584123279997222,0.9544868686163974,65.90349357304548,66.5749537395744,69.2279441394858,68.41610126985925,62.45790042386632,0.007121230616714103,0.014108387961447049,Tokyo
2025-03-19,66.44999694824219,66.61000061035156,65.95999908447266,66.3499984741211,15842,52.08493881976087,0.07151513088096806,-0.2333099883742273,0.3048251192551954,0.9327379155637195,65.9460178493384,66.56613196445858,69.18982565385184,68.4282421595913,62.45675959516942,-0.009405865202114616,0.01344852852205271,Tokyo
2025-03-20,66.37999725341797,66.83999633789062,65.76000213623047,66.08000183105469,14617,50.387406751728065,0.06688344431307769,-0.17327130183676634,0.24015474614984403,0.9432562217134651,65.95877822854948,66.54706803765843,69.1486359343446,68.43823547420963,62.457766341586265,-0.00676382017884869,0.013448417946331764,Tokyo
2025-03-21,66.08000183105469,66.41999816894531,65.23999786376953,65.2699966430664,15300,45.58717076875398,-0.0021233729151077796,-0.13904171605243465,0.13691834313732687,0.9601665133893448,65.893179982313,66.49698680649796,69.09726322849986,68.38360170254943,62.431399594447655,-0.031171233752430916,0.013723234400856663,Tokyo
2025-03-24,65.38999938964844,65.68000030517578,64.83000183105469,65.41999816894531,17071,46.60169084547065,-0.044198411437847085,-0.12007305512951714,0.07587464369167006,0.9522973677273269,65.84811504770656,66.4547519579665,69.04855773102231,68.28366713461568,62.422333765652866,-0.0232906107763996,0.013640821521757098,Tokyo
2025-03-25,65.44000244140625,65.87000274658203,64.87000274658203,65.13999938964844,18370,44.91813996415109,-0.09899558456696411,-0.11585756101700655,0.016861976450042435,0.9557046986039464,65.78067546122483,66.40319303371874,68.99678874636835,68.22982721283685,62.394173717949286,-0.020009053808177746,0.013554256424514194,Tokyo
2025-03-26,65.19000244140625,65.98999786376953,65.0199966430664,65.68000030517578,18432,48.762594619556985,-0.09772269179622128,-0.1122305871728495,0.014507895376628221,0.9567258787538877,65.77108735112492,66.37483253456018,68.95285777363733,68.24991430951785,62.40508637712766,-0.010097937970663828,0.013542857752805506,Tokyo
2025-03-27,65.68000030517578,67.08999633789062,65.45999908447266,67.06999969482422,27726,57.06882091114956,0.015271379968140764,-0.08673019374465146,0.10200157371279223,1.0048166912298935,65.8947932886201,66.40209399182544,68.92791925603717,68.44415994550675,62.39784101579695,0.014981807450620721,0.014286009706078216,Tokyo
2025-03-28,67.0,67.0999984741211,66.5,66.9000015258789,23449,55.875782127534585,0.09006435855748407,-0.051371283284224356,0.14143564184170843,0.9759011042935506,65.99052740645426,66.4216197774746,68.90105941855164,68.57267892599984,62.57132208108025,0.02497326438863312,0.013375382192733624,Tokyo
2025-03-31,66.80000305175781,66.97000122070312,65.98999786376953,66.83000183105469,27548,55.362556440521175,0.14205245036022518,-0.012686536555334454,0.15473898691555962,0.976194122339268,66.0704773516543,66.43763475996793,68.87362819222717,68.67792494186818,62.73507630935251,0.021553098464907938,0.013388933192712739,Tokyo
2025-04-01,66.83000183105469,68.31999969482422,66.4000015258789,68.25,38086,62.82258199327068,0.29444123718296566,0.04873901819232557,0.2457022189906401,1.0436086970968426,66.27805093721103,66.50870790663586,68.86536821617119,68.65428132578016,63.37971983388782,0.047743331892720065,0.011166867910332999,Tokyo
2025-04-02,68.01000213623047,68.58000183105469,67.66000366210938,67.80000305175781,36894,59.432786033807105,0.3745815131850634,0.11390751719087314,0.2606739959941903,1.0347793736574475,66.42299875764407,66.55934693193477,68.85125741929154,68.40973562622837,64.16826577758023,0.03227775177727832,0.01145206272028019,Tokyo
2025-04-03,66.05999755859375,66.19000244140625,64.80000305175781,64.80000305175781,36465,42.837678455515984,0.19378450420455806,0.12988291459361012,0.06390158961094794,1.1751522755390582,66.26842773803585,66.49035305428077,68.79759842104606,68.27157933990274,64.39642221649375,-0.03384518642306755,0.0150172853080919,Tokyo
2025-04-04,64.5999984741211,64.66000366210938,60.79999923706055,63.36000061035156,72060,37.434463413998934,-0.06494593410266702,0.0909171448543547,-0.15586307895702173,1.3769273854789303,65.9914346782564,66.367594134911,68.72557725799051,68.51656442507569,64.0114369787329,-0.052914810684390856,0.015554763858917381,Tokyo
2025-04-07,62.220001220703125,66.1500015258789,61.810001373291016,65.98999786376953,67149,49.87083170414081,-0.05711449165927718,0.06131081755162833,-0.11842530921090551,1.5885754402724277,65.99129783878146,66.35278643800349,68.68934441833196,68.51631553530777,64.01068565487779,-0.012569264466110175,0.017644586255639885,Tokyo
2025-04-08,65.94999694824219,66.26000213623047,64.73999786376953,65.55000305175781,47281,48.14657952200101,-0.08542717000047162,0.03196322004120834,-0.11739039004167996,1.5836774997144643,65.94926976382683,66.32130473658209,68.64776373797999,68.51379653602152,63.96820495933981,-0.03956039484603935,0.017707733999180894,Tokyo
2025-04-09,64.70999908447266,67.0,64.25,66.62999725341797,56255,52.48877117137518,-0.020482555235076916,0.021474064985951294,-0.04195662022102821,1.6669862497348595,66.01410095331171,66.33341032547762,68.62103835407851,68.47765083747775,63.96935004753201,-0.017256721912632833,0.01778302040338587,Tokyo
2025-04-10,66.5999984741211,67.62000274658203,66.18000030517578,66.47000122070312,41847,51.79677015652934,0.01787018084871761,0.02075328815850456,-0.002883107309786949,1.65077312056853,66.05752002639662,66.33876683117273,68.59254779602057,68.47309265897557,63.9679084701748,0.02577157546754183,0.017726205581918134,Tokyo
2025-04-11,66.4000015258789,67.13999938964844,65.55999755859375,65.88999938964844,33635,49.26134150112417,0.0014470196809668323,0.016892034462997012,-0.01544501478203018,1.6457180284603985,66.04156568003964,66.3211681079757,68.55675245288981,68.33646161706284,63.956539176394195,0.03993053590475393,0.01756926503976049,Tokyo
2025-04-14,66.0,66.0999984741211,63.75,64.08999633789062,13358,42.335370898499775,-0.15502660666967927,-0.017491693763538242,-0.13753491290614103,1.6960237745790194,65.8557019331683,66.23367117581549,68.49759012024082,68.33697634125112,63.66702375030163,-0.028792265303619002,0.018532761217668284,Tokyo
2025-04-15,64.25,65.13999938964844,63.83000183105469,65.08000183105469,11328,46.76832832578074,-0.19687842151627422,-0.05336903931408544,-0.14350938220218878,1.6684504734372143,65.78182573296701,66.18842924072683,68.45232405018537,68.2914469251672,63.57355322742071,-0.007170117449605828,0.018886495170790312,Tokyo
2025-04-16,65.08999633789062,65.98999786376953,64.6500015258789,65.79000091552734,7584,49.75171904203394,-0.1707865726032196,-0.07685254597191228,-0.09393402663130733,1.644989463755315,65.78260432178227,66.17280460052294,68.41706149211042,68.2558632904067,63.553137106321834,-0.012606879371401036,0.01907119990428061,Tokyo
2025-04-17,65.72000122070312,66.44000244140625,65.63999938964844,66.31999969482422,0,51.918045511030485,-0.10611885020487932,-0.0827058068185057,-0.023413043386373622,1.5846332914697792,65.83378483350056,66.1785769571622,68.38928583916625,68.27407573816818,63.55892444493728,-0.0022566800530189335,0.01914101364761834,Tokyo
2025-04-21,66.25,66.80000305175781,65.3499984741211,65.7699966430664,6171,49.53155572723553,-0.0981188114266871,-0.08578840774014199,-0.012330403686545116,1.5750169547674178,65.82770976774492,66.1625541997467,68.35459326703248,68.28074290502023,63.60225727808525,-0.0018212588813726338,0.019023761263859382,Tokyo
2025-04-22,65.81999969482422,67.16999816894531,65.43000030517578,67.04000091552734,7488,54.7085986868005,0.010578070449696497,-0.0665151121021743,0.0770931825518708,1.586801305410426,65.94316606753372,66.19696387487535,68.33718144780727,68.39762525946335,63.64737519830032,0.046029095743490345,0.019479656663926502,Tokyo
2025-04-23,67.4000015258789,69.87999725341797,66.94999694824219,68.75,2580,60.573085589107926,0.2320290807045211,-0.0068062735408352185,0.23883535424535632,1.6827440911079514,66.21048358491146,66.29708293860574,68.34264924320055,68.83097253661512,63.57502798218372,0.05639210303761977,0.020144396734692527,Tokyo
2025-04-24,68.86000061035156,68.86000061035156,66.44000244140625,67.30000305175781,43,54.16815800271936,0.2872171061930686,0.051998402405945554,0.23521870378712306,1.735405096667763,66.31424734365874,66.3364131391215,68.32883935987019,68.9437707709089,63.62423002254813,0.02295184853651655,0.020789867384026696,Tokyo
2025-04-25,67.1500015258789,67.1500015258789,67.1500015258789,66.8499984741211,1,52.319187245835835,0.2912846572208423,0.09985565336892491,0.19142900385191738,1.6221619844685589,66.36527126084563,66.35655374049404,68.30925206337021,68.92087680387829,63.62512386750842,0.007991537722190856,0.020323341027172412,Tokyo
2025-04-28,66.37999725341797,66.37999725341797,66.37999725341797,66.37999725341797,0,50.38476211787264,0.25365902680508157,0.13061632805615625,0.12304269874892532,1.5398647870567421,66.3666737363287,66.35747309394203,68.28369901952979,68.87911890565954,63.614881338481105,0.009274755078094943,0.020376147617105548,Tokyo
2025-04-29,67.12999725341797,67.12999725341797,66.25,66.3499984741211,7,50.25703676979906,0.21889649036100423,0.14827236051712586,0.07062412984387836,1.4927313917968297,66.36508561611846,66.35717997159611,68.25808709177605,68.84145396329073,63.604545945156545,-0.0102923990450966,0.020375572703016053,Tokyo
2025-04-30,65.80000305175781,65.80000305175781,65.5,65.7699966430664,9,47.737349456247735,0.1428983856513355,0.1471975655439678,-0.004299179892632288,1.4468218976771343,66.3084104758278,66.33415317439886,68.22513225139579,68.54231046616837,63.655689106585534,-0.043345503373579564,0.019811262729724725,Tokyo
2025-05-01,65.61000061035156,65.61000061035156,65.61000061035156,65.61000061035156,0,47.03677890577777,0.06896402310495375,0.13155085705616498,-0.06258683395121123,1.354905764465542,66.24189525054435,66.30575503463231,68.1904947462164,68.30477144196793,63.67422788664533,-0.025111476445350722,0.01978037922626882,Tokyo
2025-05-02,70.18000030517578,70.18000030517578,70.18000030517578,70.18000030517578,0,63.50949176117987,0.37481070590381194,0.18020282682569438,0.19460787907811755,1.5845553309197333,66.61695287479496,66.45768622171245,68.21684581322249,69.16621959888012,63.35077945507497,0.0498130427384198,0.02254319800296922,Tokyo
2025-05-05,70.3499984741211,70.3499984741211,70.3499984741211,70.3499984741211,4,63.95855314575477,0.6237239357514994,0.2689070486108554,0.354816887140644,1.483515533635846,66.97248102711174,66.61032591788533,68.2450994908503,69.72185758671635,63.49414125361567,0.05980719169883231,0.021675872837303323,Tokyo
2025-05-06,70.8499984741211,73.5,70.8499984741211,71.94000244140625,9,67.93337524885825,0.9384713817603227,0.4028199152407489,0.5356514665195738,1.6025502473674933,67.4455783046636,66.81933284037635,68.29403860277819,70.80785353539115,63.00314576270457,0.08425025012570964,0.020451992154047534,Tokyo
2025-05-07,70.47000122070312,70.47000122070312,70.47000122070312,70.47000122070312,24941,61.21202681492211,1.0571084984147205,0.5336776318755432,0.5234308665391774,1.5930824597486097,67.73361858238165,66.96249630627152,68.32285929970435,71.30621074861494,62.996788366375284,0.07146122574923686,0.021075816000352455,Tokyo
2025-05-08,67.37999725341797,67.70999908447266,66.22000122070312,66.69000244140625,21525,48.04756171023587,0.8364726216796612,0.5942366298363668,0.24223599184329436,1.7828622840522805,67.63422656895543,66.95181027235523,68.30123205654809,71.3077117392391,63.00128789454996,0.016460933104827546,0.02457423000564468,Tokyo
2025-05-09,66.69000244140625,67.22000122070312,66.4000015258789,66.61000061035156,16362,47.81318895843779,0.6476953913138743,0.6049283821318684,0.04276700918200593,1.7140863848217045,67.53668123956459,66.9384059718845,68.27883164004217,71.31032371885486,63.01267585389904,-0.050869188932746834,0.02456938923263337,Tokyo
2025-05-12,67.61000061035156,68.88999938964844,66.56999969482422,66.62999725341797,31551,47.88162241941909,0.49400703259595957,0.5827441122246867,-0.08873707962872712,1.7573659069647412,67.4503303837411,66.9263115123368,68.25699277399417,71.31263236809866,63.0843669910322,-0.052878483317544966,0.02448061433495608,Tokyo
2025-05-13,66.69999694824219,67.2300033569336,66.25,66.27999877929688,19981,46.72666422830963,0.3400461093674494,0.5342045116532392,-0.19415840228578984,1.7018400105339448,67.33887023093689,66.90096591496268,68.23080742307103,71.18342744645251,63.43257215681898,-0.07867672324197295,0.023616492346230235,Tokyo
2025-05-14,66.41999816894531,66.70999908447266,65.43000030517578,65.4800033569336,25325,44.10776668281967,0.15172898642876476,0.45770940660834436,-0.3059804201795796,1.6717084940170113,67.16183529055562,66.84524189307919,68.1943729321288,71.15888704403771,63.49711271182166,-0.07081024233477007,0.02357975083195969,Tokyo
2025-05-15,65.52999877929688,65.73999786376953,64.86000061035156,65.43000030517578,24616,43.94198859360914,-0.001530871699642944,0.36586135094674693,-0.3673922226463899,1.6151576911170795,66.99689862528135,66.78974222296534,68.1577587251493,71.17454965642831,63.445450038395926,-0.018893418655030136,0.023449059399168363,Tokyo
2025-05-16,65.44999694824219,65.88999938964844,64.75,64.88999938964844,19019,42.10166578355986,-0.16466580940129916,0.2597559188771377,-0.4244217282784369,1.5812178124407479,66.79624155522107,66.71524250401174,68.11447714454663,71.23096897173824,63.24603069256841,-0.02582196674587367,0.023428905350608834,Tokyo
2025-05-19,65.0999984741211,66.05000305175781,64.87999725341797,65.63999938964844,21604,45.51473296179609,-0.2307724892598344,0.1616502372497433,-0.3924227265095777,1.5518455257192547,66.68612325373796,66.67307610737005,68.08170260474665,71.23494503738561,63.22905490157922,-0.014858140545979781,0.02352560644948891,Tokyo
2025-05-20,65.63999938964844,66.33999633789062,65.22000122070312,66.12000274658203,17916,47.64203530328614,-0.24164472005732307,0.08099124578833003,-0.3226359658456531,1.5209990679669865,66.63220701496121,66.6513869559666,68.05571982516831,71.21926459056598,63.15273553150433,-0.002413941395014274,0.02316255074747353,Tokyo
2025-05-21,66.0999984741211,66.38999938964844,65.61000061035156,66.06999969482422,15515,47.434267021681976,-0.2513979110496365,0.014513414420736725,-0.2659113254703732,1.4680704759191214,66.57866346066244,66.62858745552964,68.02941889628958,71.04434928324433,63.059650808308405,0.009010328461263706,0.022349192544205237,Tokyo
2025-05-22,65.95999908447266,66.13999938964844,65.2699966430664,65.62999725341797,15730,45.55175684906925,-0.2912742764002445,-0.04664412374345952,-0.24463015265678498,1.4253513523950436,66.48831429806773,66.58942705544683,67.99763847717871,71.00858025383934,62.92841925787939,0.003056655162912536,0.021918485102314537,Tokyo
2025-05-23,65.73999786376953,66.52999877929688,65.30999755859375,66.11000061035156,0,47.97731543640373,-0.2809062119320913,-0.09349654138118588,-0.18740967055090543,1.4106834858456208,66.45228442304715,66.57062601838427,67.97263665112801,70.98966351090797,62.87333621443384,0.01880106691598682,0.021958628526216033,Tokyo
2025-05-27,66.0999984741211,66.79000091552734,65.51000213623047,65.56999969482422,21178,45.520514522165904,-0.3126588702178168,-0.13732900714851207,-0.17532986306930473,1.401348863949282,66.36825730607353,66.53138577040153,67.94081364508426,70.98831645459605,62.79368351488638,-0.0010664182735391492,0.02197797095625918,Tokyo
2025-05-28,65.62000274658203,65.76000213623047,64.91000366210938,65.33000183105469,22877,44.43152719465419,-0.35311837373134836,-0.18048688046507932,-0.17263149326626903,1.3619666932472685,66.26937583226221,66.48427267474086,67.90623335615672,70.99071407091208,62.689286234263705,-0.011947986731869586,0.021988478916054204,Tokyo
2025-05-29,65.44999694824219,65.80999755859375,64.5999984741211,64.83999633789062,18947,42.21117746299493,-0.41988203122390644,-0.22836591061684475,-0.1915161206070617,1.351111864049082,66.13324445184587,66.41979124976635,67.86562094531877,71.01492135899421,62.572078915663994,-0.01861666963243458,0.02196627185735295,Tokyo
2025-05-30,65.02999877929688,65.33000183105469,64.51000213623047,65.05999755859375,20320,43.574548346042334,-0.449854804744902,-0.2726636894424562,-0.1771911153024458,1.3131752805330204,66.03103046201232,66.36646600697527,67.82846037066017,71.02686526042407,62.505134709058346,-0.008685048280944963,0.02198080881097782,Tokyo
2025-06-02,65.16000366210938,66.69999694824219,65.12999725341797,66.12999725341797,32827,49.78021273116416,-0.38285509546918206,-0.2947019706478014,-0.08815312482138066,1.33651985975555,66.04045587071762,66.35719272252204,67.8059641704318,70.51491786712118,62.612081797185475,0.0003024753120828283,0.015792921060663198,Tokyo
2025-06-03,66.12999725341797,66.36000061035156,65.33000183105469,66.05000305175781,31313,49.343293747866944,-0.3323807285568847,-0.3022377222296181,-0.03014300632726663,1.3146254968656448,66.04136512605479,66.34514606876658,67.78270640727057,69.87782697643274,62.81917314563756,0.007320472154455082,0.015748496837526393,Tokyo
2025-06-04,65.98999786376953,66.12999725341797,64.93000030517578,64.98999786376953,21960,43.85095418211615,-0.3736062882393867,-0.31651143543157184,-0.057094852807814844,1.3064377433925407,65.94123491059905,66.29200300190395,67.7457168901381,68.3997805061243,63.60221915818234,-0.005204407741552175,0.014792077179421223,Tokyo
2025-06-05,65.05000305175781,65.73999786376953,64.70999908447266,65.36000061035156,26931,46.10597972550704,-0.37213200577625116,-0.3276355495005077,-0.044496456275743446,1.2866921030999932,65.88587926295642,66.25545388850973,67.7141179990151,66.9121872137224,64.57881238954909,0.008019807245995603,0.014502438213560218,Tokyo
2025-06-06,65.33999633789062,65.97000122070312,65.18000030517578,65.62000274658203,24020,47.69563754172016,-0.3459952094374472,-0.3313074814878956,-0.014687727949551588,1.251214161130518,65.86055768996839,66.23053423588512,67.68638137315507,66.77117367393558,64.6128259598535,0.008607519351409909,0.008086897171896774,Tokyo
2025-06-09,65.55999755859375,66.05000305175781,65.43000030517578,65.98999786376953,32633,49.95769749952237,-0.292059417095075,-0.3234578686093315,0.03139845151425652,1.2061276315199116,65.8728853255685,66.22110143697863,67.66391271740163,66.66192390762865,64.66007545150222,-0.002117033047981942,0.0082124467092216,Tokyo
2025-06-10,66.0,66.29000091552734,65.33000183105469,65.41999816894531,43572,46.61314570810303,-0.2919437786122927,-0.31715505060992377,0.02521127199763107,1.1885470210165363,65.82975321541392,66.18968562254595,67.63419199490552,66.49548043843076,64.70551901225282,-0.00953830209998352,0.008411110962967296,Tokyo
2025-06-11,65.30999755859375,65.79000091552734,65.05000305175781,65.47000122070312,26332,46.948681047806474,-0.2845373365996693,-0.31063150780787285,0.026094171208203565,1.1565077954988932,65.79549112067956,66.16146270482663,67.60552721643927,66.39693798358356,64.72306171124067,0.007385803549951886,0.008354855154841169,Tokyo
2025-06-12,65.41000366210938,65.47000122070312,64.69000244140625,65.13999938964844,26281,44.94119261306526,-0.3018169103024064,-0.3088685883067796,0.007051678004373174,1.129614294341606,65.73306333677183,66.12140531991768,67.57287121873343,66.40034336432444,64.68565593377127,-0.003365991717391159,0.007982042351852639,Tokyo
2025-06-13,65.0999984741211,65.5999984741211,64.79000091552734,65.36000061035156,21815,46.581095233740726,-0.294365573970083,-0.30596798543944026,0.011602411469357254,1.1067845275024735,65.69753355330323,66.0915463116994,67.54356167425155,66.39935356470879,64.6796457639045,-0.0039622390330364965,0.008021777617389553,Tokyo
2025-06-16,65.36000061035156,65.69999694824219,65.13999938964844,65.44000244140625,14020,47.196994129865516,-0.2787911265148182,-0.30053261365451583,0.021741487139697646,1.0677283154375647,65.67300678074162,66.0659955716879,67.51569996255824,66.3728769644355,64.76112266935357,-0.008334527052095031,0.007786428765927458,Tokyo
2025-06-17,65.41999816894531,65.48999786376953,64.94000244140625,65.05000305175781,10277,44.50325867548817,-0.29452287965982293,-0.29933066685557724,0.0048077871957543095,1.0307473945036874,65.61367309226696,66.02615272776909,67.4830417253291,66.37471120067126,64.70028879932873,-0.005655688284062599,0.00745194040885367,Tokyo
2025-06-18,65.0,65.27999877929688,64.44999694824219,64.83999633789062,0,43.07750315984269,-0.32024461351883815,-0.30351345618822945,-0.016731157330608704,1.0164084256859016,65.53998959185017,65.97963679091112,67.44803450165442,66.31887887353447,64.6281204855964,-0.009622802368503325,0.007245452741911871,Tokyo
2025-06-20,64.75,65.0,64.0,64.04000091552734,11676,38.07352565505714,-0.400564756491292,-0.322923716248842,-0.07764104024245,1.0152363952797658,65.39713352743847,65.90357263893529,67.40289498395737,66.3863935288387,64.35760595236248,-0.01688668229087975,0.007682524831039235,Tokyo
2025-06-23,64.05000305175781,64.83000183105469,63.63999938964844,63.959999084472656,4219,37.60310579239859,-0.4653107153545051,-0.3514011160699746,-0.11390959928453048,1.0277196842888003,65.26026358048934,65.82735406817206,67.35729371376551,66.47397895277099,64.10302071153565,-0.02141985178710626,0.007587361743128918,Tokyo
2025-06-24,64.69999694824219,67.02999877929688,64.66999816894531,66.01000213623047,77,53.46844565203948,-0.34720191300905867,-0.3505612754577914,0.00335936244873275,1.1735968278984732,65.33166725246468,65.83451673750768,67.33944879220876,66.45515331527425,64.11184650162029,0.00871026396025254,0.010435503946206202,Tokyo
2025-06-25,66.55999755859375,67.0199966430664,66.55999755859375,66.44000244140625,5,55.9958734130578,-0.21640779095220353,-0.32373057855667386,0.10732278760447034,1.1619109478225775,65.43722298474484,65.85826127491548,67.32753559550939,66.6033629989744,64.05063709257834,0.021368167939092464,0.010350218420531233,Tokyo
2025-06-26,63.59000015258789,63.59000015258789,63.59000015258789,67.06999969482422,2,59.46938653795008,-0.061211386891955044,-0.2712267402237301,0.21001535333177507,1.2824889007508478,65.59272552856191,65.90578042863739,67.32412452397715,66.90960018684837,63.91839969108133,0.034392404116013964,0.010475974711938299,Tokyo
2025-06-27,67.62999725341797,67.62999725341797,67.62999725341797,67.5199966430664,1,61.78952332558306,0.09697599548672997,-0.1975861930816381,0.2945621885683681,1.230882376311055,65.77627515851472,65.96908302528166,67.32671885668032,67.28742014702435,63.808579761422905,0.054340969359594204,0.010325587699961536,Tokyo
2025-06-30,66.27999877929688,66.27999877929688,66.27999877929688,66.27999877929688,0,52.8172543259467,0.12088963077631831,-0.13389102831004684,0.25478065908636516,1.231533482558089,65.82424883668445,65.98127579994893,67.31285501459577,67.36187874086097,63.85612128965659,0.03627266616686731,0.011291806650964718,Tokyo
2025-07-01,68.0199966430664,68.0199966430664,68.0199966430664,66.27999877929688,5,52.8172543259467,0.13824772531059182,-0.07946327758591912,0.21771100289651094,1.267852366930335,65.86765359312373,65.99299042659003,67.2991747995587,67.38001627851438,63.852983904591106,0.00409023836280431,0.010695532432078866,Tokyo
2025-07-02,66.7699966430664,66.7699966430664,66.7699966430664,66.7699966430664,0,55.76122290504368,0.18936004804913864,-0.025698612458907574,0.21505866050804623,1.2122913309902776,65.9535910264516,66.0234612586087,67.2921658173535,67.4814574444928,63.823542097743506,0.0049667999628864035,0.010810962237018246,Tokyo
2025-07-03,65.66000366210938,65.66000366210938,65.66000366210938,65.66000366210938,0,48.39475964610489,0.1387009172631224,0.007181293485498421,0.13151962377762397,1.204984305987903,65.92563032508568,66.0092080195303,67.2705477755622,67.48821282111827,63.883787300952044,-0.02102275293172029,0.01085927981145445,Tokyo
2025-07-04,65.66000366210938,65.66000366210938,65.66000366210938,65.66000366210938,0,48.39475964610488,0.09743007784656754,0.025231050357712247,0.07219902748885529,1.1189139984173384,65.90033254765936,65.995513731004,67.24921606545026,67.49677077300555,63.90522965424055,-0.02754729077949436,0.010791169005181,Tokyo
2025-07-07,65.38999938964844,65.38999938964844,65.38999938964844,65.38999938964844,0,46.65594419469654,0.04244625796097523,0.028674091878364845,0.013772166082610386,1.0582775894204526,65.85172938975356,65.97176807055868,67.22459067901579,67.49039323819501,63.88860685335773,-0.013427872752563075,0.010795192071113045,Tokyo
2025-07-08,64.68000030517578,64.68000030517578,64.68000030517578,64.68000030517578,0,42.34719119337471,-0.05775405504648745,0.011388462493394386,-0.06914251753988183,1.0334005533527528,65.7401361436033,65.9211105111319,67.19088749525632,67.47351011644622,63.77449021924713,-0.024139989492891534,0.010959914484859846,Tokyo
2025-07-09,64.95999908447266,64.95999908447266,64.95999908447266,64.95999908447266,33,44.52309587258023,-0.11326432295689415,-0.01354209459666332,-0.09972222836023083,0.9795861409201901,65.66583737606705,65.88341986694918,67.16133930438501,67.47250195526667,63.72949847197945,-0.027107947425390577,0.010865900386441035,Tokyo
2025-07-10,66.5,66.5999984741211,66.11000061035156,66.25,85,53.273043508902454,-0.05255845614426846,-0.02134536690618435,-0.03121308923808411,1.0267585158293506,65.7214719116797,65.89779555844137,67.14926858512163,67.53239958936082,63.747600715814954,0.008985627550780917,0.01175371133797711,Tokyo
2025-07-11,66.56999969482422,66.56999969482422,66.05000305175781,66.19999694824219,8,52.92459233364205,-0.008386770250154996,-0.01875364757497848,0.010366877324823484,0.9905612392034261,65.76704572468564,65.90964659333552,67.13669545085833,67.5858119260518,63.800188134983365,0.008224082485764894,0.011684144359912598,Tokyo
2025-07-14,66.0,66.58999633789062,66.0,66.41000366210938,32,54.27725067017491,0.04306892402379958,-0.006389133255222869,0.04945805727902245,0.961949460538226,65.8282798139641,65.9292684391698,67.12707039405372,67.65757155453602,63.83342881167491,0.015598780883647079,0.011681872425088861,Tokyo
2025-07-15,66.4800033569336,67.55000305175781,66.45999908447266,67.20999908447266,103,59.098625861323626,0.14670969911045972,0.024230633217913654,0.12247906589254606,0.9746673126175268,65.95987212544111,65.97949317035815,67.1281687873043,67.84768290311224,63.820317127405346,0.03911562720098538,0.011946881152293767,Tokyo
2025-07-16,67.69999694824219,67.69999694824219,66.75,66.94999694824219,64,56.995089004313414,0.20549692001627307,0.06048389057758554,0.14501302943868752,0.9729051437335741,66.05416972761265,66.01755214203989,67.12580889539619,67.96608551538517,63.891913904780836,0.03063420399963035,0.011888285512181542,Tokyo
2025-07-17,67.33000183105469,67.37000274658203,67.12999725341797,67.25,26,58.81658627734988,0.27314530610814813,0.10301617368369806,0.17012913242445007,0.9334123333483076,66.16805832498287,66.06588343058735,67.12745381068896,68.10042373046785,63.998576055909105,0.015094339622641506,0.011853667911658145,Tokyo
2025-07-18,67.37999725341797,67.44999694824219,66.83000183105469,67.12000274658203,29,57.67659050895015,0.31266326011136414,0.14494559096923126,0.16771766914213287,0.9110253893368213,66.2587196984685,66.1072214429793,67.12735512109815,68.07367816026425,64.33332180921818,0.01389736919563811,0.011414581626406404,Tokyo
2025-07-21,67.0199966430664,67.0199966430664,66.48999786376953,66.54000091552734,30,52.76285699367936,0.29379355367520077,0.17471518351042517,0.1190783701647756,0.8909524960136556,66.28550838580743,66.12419318700078,67.11957559519655,67.87901102566323,64.78598912692465,0.001957495049682345,0.011656163772696694,Tokyo
2025-07-22,66.54000091552734,66.69999694824219,66.25,66.58999633789062,36,53.13350363454187,0.2796497597764187,0.19570209876362388,0.08394766101279483,0.8594556711728364,66.31450723838678,66.14245997723177,67.1125613003978,67.90429535513546,64.81870421761845,-0.00922485872679124,0.009350161121474606,Tokyo
2025-07-23,66.5999984741211,67.0,66.5999984741211,66.62000274658203,15,53.36999233480035,0.2677752215487459,0.2101167233206483,0.0576584982280976,0.8273519562397319,66.3436020486911,66.16118714465726,67.10603734604263,67.91731843158182,64.82368117168967,-0.00492896514865071,0.009241179416020985,Tokyo
2025-07-24,66.80000305175781,67.5,66.80000305175781,67.33999633789062,36,58.74877559111832,0.3128556251323289,0.2306645036829844,0.08219112144934448,0.831112334609606,66.43849674290058,66.20741495615661,67.10913614063665,67.96094244055693,64.80705682702119,0.001338235507667207,0.009315047525706915,Tokyo
2025-07-25,67.69999694824219,67.69999694824219,67.11000061035156,67.01000213623047,37,55.584084144982334,0.31828539960091007,0.24818868286656956,0.07009671673434051,0.8138897634153931,66.49292582797962,66.23888896321833,67.1078231074657,67.87336944483131,64.84363037206323,-0.0016388648070662093,0.009250837239411685,Tokyo
2025-07-28,67.25,67.4000015258789,67.18000030517578,67.4000015258789,13,58.433883634599965,0.3500233747878383,0.26855562125082333,0.08146775353701496,0.7836118795748963,66.57931398968431,66.28442278920502,67.11169302029238,67.9983849444037,64.83061514714903,0.012924565652521425,0.008287350869512884,Tokyo
2025-07-29,67.2300033569336,67.41999816894531,66.12999725341797,66.30000305175781,55,48.90316793200621,0.2831512733686452,0.2714747516743877,0.01167652169425748,0.8197825250000712,66.55271294797703,66.28503377989337,67.100942159782,67.99905275997543,64.83194775882339,-0.0043549076750406535,0.009147127268249131,Tokyo
2025-07-30,66.11000061035156,66.2699966430664,65.70999908447266,65.9000015258789,74,45.9671253031943,0.19562285254710332,0.25630437184893085,-0.060681519301827525,0.8033697708775773,66.49054995539625,66.26993447581437,67.08503566131971,67.96233377962858,64.78166722745149,-0.010807583173509605,0.009071355338634528,Tokyo
2025-07-31,65.5,66.30000305175781,65.5,65.61000061035156,65,43.908866445125845,0.10168315804317274,0.22538012908777924,-0.1236969710446065,0.8031292909404513,66.40668811301104,66.24405471638445,67.06549877322742,67.96469636152275,64.77430434038155,-0.02569046364152583,0.008305026753959548,Tokyo
2025-08-01,65.33999633789062,65.4800033569336,64.38999938964844,64.41999816894531,151,36.65570433536753,-0.06800406982043228,0.16670328930613693,-0.2347073591265692,0.8329058573520708,66.21747954690954,66.17252308707312,67.03045903012435,68.1026620838009,64.512338068787,-0.03865100559196688,0.009254832724878006,Tokyo
2025-08-04,64.43000030517578,65.18000030517578,64.4000015258789,64.55999755859375,421,37.954229334995745,-0.18900688598297677,0.09556125424831419,-0.28456814023129096,0.8291267803481283,66.0596241194509,66.10928679183863,66.99773768613058,68.18460111413228,64.34739885535015,-0.042136556424182126,0.0092484303891573,Tokyo
2025-08-05,64.30000305175781,65.76000213623047,64.30000305175781,65.58999633789062,112,46.62359591428592,-0.19949059276490289,0.03655088484567077,-0.23604147761057365,0.8741890877855946,66.01489766406421,66.08892246031125,66.97909210535919,68.1112117635131,64.51178780924081,-0.010708999716227963,0.009610520855135331,Tokyo
2025-08-06,66.0,66.25,65.04000091552734,65.69999694824219,162,47.467793096750114,-0.19665594861712066,-0.01009048184688752,-0.18656546677023314,0.8981755161203847,65.98490711970021,66.0736704794458,66.96215044764902,68.05945982459664,64.63753953453423,-0.0030349707588122055,0.009576212630230164,Tokyo
2025-08-07,66.11000061035156,66.25,64.87999725341797,64.95999908447266,66,42.58799518668859,-0.2512251487608097,-0.05831741522967196,-0.19290773353113774,0.9318774611533595,65.88729683063092,66.02999709140764,66.93563188654736,68.10435839152133,64.4636408760568,-0.009907049532573153,0.008799211095722867,Tokyo
2025-08-08,65.19000244140625,65.41000366210938,64.69999694824219,65.31999969482422,19,45.522131956216626,-0.26239783353183554,-0.09913349889010467,-0.16326433464173087,0.9160295506329187,65.83326853198265,66.0021540562475,66.91423278467022,68.11075099683039,64.36924854540594,0.013970840600128431,0.008919075732394588,Tokyo
2025-08-11,65.4000015258789,65.88999938964844,65.25,65.29000091552734,13,45.31430684977434,-0.2705541378002465,-0.13341762667213306,-0.13713651112811345,0.8963131105625985,65.78152875898691,65.97422648210161,66.8927197797809,68.09983389760465,64.26816536997346,0.011307363453213481,0.008873724590354187,Tokyo
2025-08-12,65.5,67.33000183105469,65.5,67.06999969482422,93,57.66465777828965,-0.13186696202333792,-0.13310749374237402,0.0012405317190360976,0.9780050966315089,65.9042402766857,66.01719798063975,66.89506785812586,68.07801549493054,64.27598383368273,0.022564467747631323,0.010489291005184167,Tokyo
2025-08-13,66.87999725341797,66.9000015258789,66.05999755859375,66.41000366210938,142,52.894604248127244,-0.07435541709249094,-0.1213570784123974,0.04700166131990646,0.9802905994600061,65.95240821815462,66.03260212501111,66.8886431667879,68.01987345864616,64.28012654135385,0.010806799799800926,0.01068739856429818,Tokyo
2025-08-14,66.23999786376953,66.45999908447266,66.19000244140625,66.16999816894531,23,51.234850909963114,-0.04759489653476123,-0.10660464203687017,0.05900974550210894,0.9295553168604632,65.97313107061088,66.03799020516539,66.87912468999528,67.89307980872502,64.29892000816952,0.018626833459452374,0.01064617895025702,Tokyo
2025-08-15,65.95999908447266,66.05999755859375,65.6500015258789,66.0999984741211,13,50.73481874677817,-0.031670305980810554,-0.09161777482565826,0.05994746884484771,0.9003011258751734,65.98521368046899,66.04042190198719,66.86880513746715,67.77641350945773,64.3135858801907,0.011941193860089294,0.010643105959846737,Tokyo
2025-08-18,65.93000030517578,66.66999816894531,65.8499984741211,66.41999816894531,65,52.993368662954595,0.006694181430404456,-0.07195538357444572,0.07864956500485018,0.8945653093715338,66.02662172699054,66.05530724578946,66.86286067430792,67.76401050496787,64.31398861002236,0.017307355453708206,0.010542650918856745,Tokyo
2025-08-19,66.44000244140625,66.44000244140625,66.08999633789062,66.25,2,51.638969920953095,0.02311443380047251,-0.05294142009946208,0.07605585389993459,0.8556682232389689,66.04789584822953,66.0629422557585,66.85474331438333,67.73077227706436,64.31322720413682,-0.012226028008875844,0.010554765645136433,Tokyo
2025-08-20,66.3499984741211,66.91999816894531,66.12999725341797,66.63999938964844,74,54.51129104619507,0.06682695396207805,-0.02898774528715406,0.09581469924923211,0.850977701259567,66.104286661698,66.0855719472836,66.85189902398949,67.73326812595309,64.31273101955472,0.003463269309685213,0.010643041903773463,Tokyo
2025-08-21,66.29000091552734,66.29000091552734,65.58000183105469,65.88999938964844,110,48.54059987512426,0.0404840343854147,-0.01509338935264031,0.055577423738055014,0.8659076910691514,66.08387835007423,66.07790243521947,66.83915863148167,67.5446945890252,64.3563048616584,-0.004231506529318363,0.010615475678375376,Tokyo
2025-08-22,65.83999633789062,66.33000183105469,65.80000305175781,66.43000030517578,6,52.568878056249396,0.06246063442428351,0.00041741540274445495,0.06204321902153906,0.8419141973711317,66.11684234579819,66.09171019482561,66.83373931590145,67.45446904964798,64.38853021793015,0.004992463520008705,0.010769055666277021,Tokyo
2025-08-25,66.73999786376953,66.73999786376953,65.98999786376953,65.98999786376953,82,49.18996860479036,0.04386705640038713,0.00910734360227299,0.034759712798114135,0.8353488975589081,66.10476191893832,66.08772147596066,66.8225639324295,67.21842469071014,64.48357421065704,-0.006473958401534974,0.010749285216026836,Tokyo
2025-08-26,65.5,65.5,65.30999755859375,65.47000122070312,70,45.47028770517606,-0.01268168487604271,0.004749537906609851,-0.01743122278265256,0.8242525695315419,66.04430851910641,66.06349715222508,66.80464919452585,67.1699099979134,64.44908872034831,-0.011773566479952868,0.010263950734123855,Tokyo
2025-08-27,65.29000091552734,65.41000366210938,64.7699966430664,65.41000366210938,211,45.04702213001095,-0.06162786365706552,-0.008525942406125222,-0.05310192125094029,0.815377712967626,65.98389853272575,66.03786995653428,66.78617706826869,67.15615399510176,64.413844936783,-0.018457319009671624,0.010185116969337295,Tokyo
2025-08-28,65.4000015258789,66.08999633789062,65.38999938964844,66.04000091552734,58,50.2806239380095,-0.049017506433287394,-0.016624255211557658,-0.03239325122172974,0.8071362297729519,65.98924161680209,66.03795352355363,66.7762939404178,67.17958388119634,64.43341508120601,0.0022765446542478696,0.010372220543715407,Tokyo
2025-08-29,65.68000030517578,65.94999694824219,64.94999694824219,65.20999908447266,0,44.295245241741945,-0.10478996514341077,-0.03425739719792828,-0.07053256794548249,0.8273410681666807,65.91502804229452,66.00548472202104,66.75554831318674,67.09058235010863,64.60141670384644,-0.018365214738800373,0.009904044547786844,Tokyo
2025-09-02,65.0199966430664,65.22000122070312,64.45999908447266,64.56999969482422,10,40.310551832681675,-0.1983462306558721,-0.06707516388951705,-0.13127106676635503,0.8225311444569513,65.78693010444022,65.94919119154274,66.72660064936736,67.08891281398896,64.60408645358918,-0.02151838482972479,0.010166258210930887,Tokyo
2025-09-03,64.83000183105469,65.33000183105469,64.66999816894531,64.7300033569336,106,41.722039830386834,-0.2566211182747793,-0.1049843547665695,-0.1516367635082098,0.8180647867264883,65.68627041420149,65.901379903911,66.70015565211658,67.13931005027791,64.4676899192045,-0.011302853978495508,0.009488463613123268,Tokyo
2025-09-04,64.7300033569336,64.88999938964844,64.7300033569336,64.69000244140625,11,41.458094698157815,-0.30254458054504596,-0.1444963999222648,-0.15804818062278117,0.7710598757256565,65.59138775012575,65.8538749053814,66.67353110627937,67.17863068160453,64.3273698371943,-0.011007509255349657,0.00947259617232868,Tokyo
2025-09-05,64.69000244140625,64.69000244140625,64.69000244140625,64.38999938964844,14,39.44272175364544,-0.35900856701617556,-0.18739883334104696,-0.1716097336751286,0.715984170316681,65.47696981103267,65.79646802241149,66.64328565307896,67.23702207986376,64.21197846945263,-0.02498488042102609,0.009194648864911779,Tokyo
2025-09-08,64.75,64.75,64.75,64.56999969482422,15,41.28694303841564,-0.38479646863035555,-0.22687836039890869,-0.15791810823144686,0.6905567731763155,65.39059170472711,65.7483712252512,66.61582491191002,67.27695600876936,64.09704454054705,-0.009814436415178984,0.009121273769532237,Tokyo
2025-09-09,64.79000091552734,64.81999969482422,64.66000366210938,64.6500015258789,18,42.13048730294083,-0.39423360766123494,-0.26034940985137395,-0.133884197809861,0.6590884322351501,65.32005930674157,65.70529790370719,66.58978751606855,67.30329028515268,64.00671032519887,0.0012389938273624779,0.009130324279731919,Tokyo
2025-09-10,64.7300033569336,65.55999755859375,64.63999938964844,65.55999755859375,224,50.79097246126877,-0.3245424107576298,-0.2731880100326251,-0.05135440072500469,0.6777248420001617,65.34291056882273,65.69959985095764,66.5761479139828,67.087226353349,64.07177404337952,0.0128224031919697,0.007379533288917754,Tokyo
2025-09-11,65.36000061035156,65.36000061035156,65.20999908447266,65.37000274658203,8,49.13751689191301,-0.2813988379508032,-0.2748301756162608,-0.006568662334542452,0.6543158157230854,65.34549077622837,65.68667447431547,66.56017248130199,66.98554168952522,64.06945861565056,0.010511675367328888,0.007103704309468365,Tokyo
2025-09-12,65.29000091552734,65.44000244140625,64.91000366210938,65.19000244140625,29,47.55792434672616,-0.25874906778339835,-0.2716139540496883,0.012864886266289954,0.6454360274069275,65.33068236338816,65.66719713969158,66.5420245337537,66.9112772621312,64.04572347029068,0.012424336998618113,0.007088202206139098,Tokyo
2025-09-15,65.05000305175781,65.5,65.0199966430664,65.41999816894531,13,49.77941674778875,-0.219707576506309,-0.26123267854101245,0.04152510203470344,0.6336194080874037,65.33918863058408,65.65750306240741,66.52716325739863,66.84713534096505,64.04186536093925,0.013163984484101388,0.007151290805782549,Tokyo
2025-09-16,65.55999755859375,66.41999816894531,65.5,66.38999938964844,23,57.88272593102237,-0.1092367087373276,-0.2308334845802755,0.1215967758429479,0.659789450366875,65.43926584573306,65.68622840857373,66.52534651742843,66.8413005672637,64.0447002567109,0.026914119454011454,0.007848309588087824,Tokyo
2025-09-17,66.05000305175781,66.5,65.83000183105469,65.86000061035156,68,52.86363617892125,-0.06371970118431136,-0.19741072790108266,0.1336910267167713,0.660518644551049,65.47933582331578,65.69304300472187,66.51653398885787,66.78480335124266,64.06219753376712,0.004576007671289073,0.008033697375974308,Tokyo
2025-09-18,65.58000183105469,65.58000183105469,64.5199966430664,65.19000244140625,57,47.28207207682039,-0.08077922496963197,-0.17408442731479254,0.09330520234516057,0.709053310460628,65.45178026313391,65.67331592380754,66.498964034587,66.58831251296147,64.11368867722408,-0.0027535612301192725,0.008188289902958045,Tokyo
2025-09-19,65.19000244140625,65.51000213623047,64.41000366210938,64.94000244140625,97,45.3576492532111,-0.11316740770777756,-0.16190102339338955,0.04873361568561199,0.7369779650078042,65.40303951820746,65.64455853234082,66.47831553666408,66.52654645295837,64.08045504240295,-0.0038349438661964275,0.00786138042980702,Tokyo
2025-09-22,64.44000244140625,64.95999908447266,64.16000366210938,64.31999969482422,40,40.910542776153555,-0.18671201604524867,-0.16686322192376138,-0.019848794121487295,0.7414792119617669,65.29989286836144,65.59261504851665,66.4497285718715,66.37505428441342,64.02094714991274,-0.01681440698424319,0.007807169295068762,Tokyo
2025-09-23,63.86000061035156,64.23999786376953,63.86000061035156,64.52999877929688,17,42.950800432494226,-0.2254525997016259,-0.1785810974793343,-0.04687150222229161,0.7213734885696875,65.22656962178385,65.55094382227274,66.42430168720165,66.27604596011928,63.97395556575963,-0.028016276961158937,0.007785322125815007,Tokyo
2025-09-24,64.2300033569336,64.2300033569336,64.2300033569336,64.04000091552734,2,39.52175887555109,-0.29232379711544354,-0.20132963740655616,-0.09099415970888738,0.6912750552692299,65.11356307833086,65.49169115926313,66.39272154453046,66.28887865940196,63.81812283595935,-0.027634371059179097,0.00777231610179077,Tokyo
2025-09-25,63.619998931884766,63.619998931884766,63.619998931884766,63.83000183105469,1,38.11722985909939,-0.358136499296549,-0.23269100978455476,-0.12544548951199425,0.6718984072958977,64.99131915001884,65.4265268718824,66.3587782370672,66.31176323785645,63.637238074399406,-0.020862103994764403,0.0077873299181955786,Tokyo
2025-09-26,63.95000076293945,63.95000076293945,63.95000076293945,63.95000076293945,0,39.441612311864354,-0.39604526570636267,-0.26536186096891634,-0.13068340473744633,0.6324770161951025,64.892145970297,65.36862388721798,66.32687389966154,66.1831080482672,63.556893248729864,-0.015244866665350854,0.0074056852463164615,Tokyo
2025-09-29,63.04999923706055,63.04999923706055,63.04999923706055,63.04999923706055,0,33.628579856845064,-0.49302752332597777,-0.31089499344032867,-0.1821325298856491,0.6515859097439457,64.71670342427448,65.27769743034906,66.2834715862496,66.29436853074026,63.22963278151558,-0.019745032086277647,0.007532166328260184,Tokyo
2025-09-30,63.04999923706055,63.04999923706055,63.04999923706055,63.31999969482422,0,36.64528568785806,-0.5418537282681655,-0.35708674040589605,-0.18476698786226942,0.6050440590479496,64.5836840214697,65.2009249701324,66.24422030291946,66.36133832589957,63.037662986356274,-0.01875095470884869,0.007386138068192125,Tokyo
2025-10-01,63.31999969482422,63.31999969482422,63.31999969482422,63.150001525878906,0,35.54968563733874,-0.5874940136712894,-0.4031681950589747,-0.18432581861231467,0.5618266262588103,64.44714283141343,65.12049659976952,66.20323727275999,66.42069312408658,62.82030800506381,-0.013897554293017644,0.007349261330395912,Tokyo
2025-10-02,63.150001525878906,63.150001525878906,63.150001525878906,62.650001525878906,0,32.474399665503014,-0.6564430234467125,-0.4538231607365223,-0.20261986271019017,0.5216961529546096,64.27598651660061,65.02361444000911,66.15617454763574,66.52182663238945,62.51517440520821,-0.018486609295406353,0.007498156962084764,Tokyo
2025-10-03,62.86000061035156,62.86000061035156,62.86000061035156,62.86000061035156,0,35.01701960787119,-0.6862300070057472,-0.5003045299903672,-0.18592547701537998,0.49943207663447003,64.14113071600546,64.93876683884608,66.11251661469159,66.57841731921772,62.305583840450254,-0.017044568249943937,0.0075401985532524505,Tokyo
2025-10-06,62.70000076293945,62.70000076293945,62.70000076293945,62.70000076293945,0,33.96756358922198,-0.714510622898203,-0.5431457485719344,-0.17136487432626857,0.4751869174043014,64.00388024428489,64.85097209077131,66.06731772923793,66.62069632944822,62.07630493703129,-0.005551125747125574,0.007485676438386361,Tokyo
2025-10-07,62.02000045776367,62.02000045776367,62.02000045776367,62.02000045776367,0,29.87025880171015,-0.7827702679801263,-0.5910706524535728,-0.19169961552655346,0.48981644510226424,63.814939312235246,64.73995359535924,66.01371087796014,66.70946556504497,61.724535594622985,-0.020530626079058645,0.007742532593139328,Tokyo
2025-10-08,62.470001220703125,62.470001220703125,62.470001220703125,62.470001220703125,0,35.42174195160898,-0.7914320912373967,-0.6311429402103377,-0.16028915102705898,0.48697246780492054,63.68684997018457,64.65093585517666,65.9667743262084,66.5873155073399,61.53768601853901,-0.010768017240619043,0.007128816357118707,Tokyo
2025-10-09,62.029998779296875,62.029998779296875,62.029998779296875,62.029998779296875,25329,32.69632906626819,-0.8242991607250758,-0.6697741843132854,-0.15452497641179042,0.4836174659193012,63.52905461867145,64.54815400906372,65.91463160373276,66.49685635057885,61.29414477857154,-0.0098962926014603,0.007204302226266374,Tokyo
2025-10-10,64.45999908447266,64.79000091552734,63.2599983215332,63.84000015258789,35795,49.80544296387407,-0.6962684171754034,-0.675073030885709,-0.021195386289694418,0.6462163709415275,63.55866847904445,64.52038326959408,65.88715304146594,66.35697846394685,61.29902243632171,0.015590193011785436,0.010056179577147908,Tokyo
2025-10-13,64.0,64.41999816894531,63.5,63.59000015258789,21665,47.990794552163386,-0.6079677671900328,-0.6616519781465738,0.05368421095654108,0.6657722136560835,63.56165244795335,64.48389765716246,65.85672717538807,66.15286838865003,61.320132709982765,0.014194567445276585,0.010015902129691667,Tokyo
2025-10-14,63.58000183105469,63.70000076293945,62.709999084472656,63.5099983215332,27455,47.39568206212784,-0.5382398511068232,-0.6369695527386238,0.09872970163180061,0.6889314611425631,63.556733007341904,64.44570552635346,65.82564467401252,65.66131587761643,61.52368511420486,0.024024473601612417,0.00927051272958829,Tokyo
2025-10-15,63.45000076293945,64.18000030517578,63.25,63.7599983215332,23552,49.503006537581015,-0.457532910003394,-0.6010822241915779,0.14354931418818384,0.7061506642877929,63.57609160869345,64.41881504773306,65.79828511967506,65.26430913633348,61.710691626605986,0.02064986514523337,0.009262074559580204,Tokyo
2025-10-16,63.83000183105469,63.95000076293945,63.29999923706055,63.72999954223633,17388,49.24806100219053,-0.39147999084913465,-0.5591617775230893,0.1676817866739546,0.7021400115443011,63.59074950712611,64.39180267496849,65.7708906087156,65.00722690051373,61.82177357250873,0.027406106664423335,0.009039254399999884,Tokyo
2025-10-17,63.720001220703125,64.5,63.459999084472656,64.27999877929688,19562,53.93246160963451,-0.29139323481346935,-0.5056080689811653,0.21421483416769593,0.7262729332573756,63.6563922949519,64.38741820847157,65.75114369706768,64.86472889853,61.898271208281514,0.00689220904851684,0.009267849769994894,Tokyo
2025-10-20,64.16999816894531,64.77999877929688,64.05000305175781,64.16000366210938,19954,52.78768647296658,-0.21922922464876393,-0.44833230011468506,0.22910307546592112,0.726538847134639,63.70435528230023,64.37849999096717,65.73006899461791,64.83701105863415,61.90998944490589,0.008963728701898432,0.0090272607844371,Tokyo
2025-10-21,64.16999816894531,64.73999786376953,63.81999969482422,64.41999816894531,18826,55.01569203460354,-0.13945182896416952,-0.38655620588458195,0.24710437692041243,0.7403573701211158,63.772511747695,64.38012737049573,65.71271706315204,64.81393226292224,61.92206817958265,0.014328450188347386,0.009044427424137105,Tokyo
2025-10-22,64.30999755859375,64.5,63.650001525878906,63.7400016784668,19400,48.560996513250345,-0.12960371102764157,-0.3351657069131939,0.20556199588555235,0.7481888775496857,63.769415550625645,64.35502440218087,65.68658838256019,64.77561591206968,61.93038460672915,-0.00031362364480569394,0.009198927458153455,Tokyo
2025-10-23,63.66999816894531,64.19999694824219,63.66999816894531,64.06999969482422,15308,51.53284103687082,-0.0940863556582272,-0.2869498366622006,0.19286348100397338,0.7326038705316278,63.79804261197789,64.3438469626767,65.6651766118617,64.80845327797225,61.92154702720352,0.005335009493646181,0.00924537054191072,Tokyo
2025-10-24,64.11000061035156,64.37000274658203,63.810001373291016,64.19999694824219,16606,52.692345658515876,-0.05481700738208417,-0.2405232708061773,0.18570626342409313,0.720275120728727,63.8363239773364,64.33820578564006,65.64577025870118,64.84638886701566,61.90861105669038,-0.001244583580802039,0.009246861509229244,Tokyo
2025-10-27,64.5,65.3499984741211,64.33999633789062,64.55999755859375,25343,55.84284741088435,0.005292268672924649,-0.19136016291035693,0.19665243158328158,0.7509698639537399,63.90524527078948,64.34690350222648,65.63138916333553,65.00394549913048,61.90205425672889,0.006234318479638734,0.008668515698300747,Tokyo
2025-10-28,64.55999755859375,65.12000274658203,64.37999725341797,65.05000305175781,21596,59.77002440265723,0.09141487735962528,-0.1348051548563605,0.22622003221598577,0.75018669461162,64.0142698213579,64.37447603358065,65.62368868503648,65.24453210458229,61.83446798697044,0.00977964763613115,0.008760888953360002,Tokyo
2025-10-29,65.0,66.0999984741211,64.9000015258789,66.01000213623047,39627,66.12622464483948,0.23442921423894347,-0.06095828103729971,0.2953874952762432,0.7823159984423749,64.20433956563147,64.43861431211593,65.62880541948938,65.7009194336269,61.664080718961,0.03561343580150145,0.00918792028891215,Tokyo
2025-10-30,65.94999694824219,66.04000091552734,64.54000091552734,65.12000274658203,32682,57.11647413923148,0.2728088235685675,0.005795139883873736,0.26701368368469375,0.8335791414107766,64.29154558286486,64.46533542719303,65.62206631123895,65.86036108054138,61.75163919411682,0.016388372978916044,0.009592629384033128,Tokyo
2025-10-31,65.08000183105469,65.5999984741211,64.69999694824219,65.54000091552734,34157,59.89359716842088,0.33327351303249486,0.07129081451359796,0.2619826985188969,0.8383235974442145,64.41044609073747,64.5074791718336,65.62097935235535,66.08228708681672,61.797713218359064,0.02087233693119117,0.009641167704992971,Tokyo
2025-11-03,65.8499984741211,66.04000091552734,65.0199966430664,65.68000030517578,36803,60.80477106253972,0.38801618670943583,0.13463588895276554,0.25338029775667026,0.8513007885168375,64.53135601592207,64.55346039274897,65.62176108682979,66.28208017464435,61.895920084755076,0.017348246420944013,0.009579315835871613,Tokyo
2025-11-04,65.68000030517578,65.75,65.0999984741211,65.19999694824219,25015,56.09885306917352,0.38819304289228285,0.185347319740669,0.20284572315161384,0.8369222697569854,64.59503610471447,64.5788147674742,65.61617480684849,66.2633899935882,62.232609914859054,0.002305824587971683,0.009350443895215223,Tokyo
2025-11-05,65.37999725341797,65.44000244140625,64.80999755859375,65.2300033569336,29779,56.326404762028886,0.38630142671586043,0.2255381411357073,0.16076328558015313,0.8221424564038079,64.65550917635439,64.60435157490399,65.61105995320723,66.26192545502312,62.510074667047206,-0.011816372580735979,0.009292578359656571,Tokyo
2025-11-06,65.1500015258789,65.30000305175781,64.45999908447266,64.54000091552734,35470,49.91887954881951,0.32537416599006974,0.2455053461065798,0.07986881988348993,0.8234182786096185,64.64450838960894,64.60182801963431,65.59687374078763,66.02450867900869,62.99849165668467,-0.008906661649137115,0.009510650462300133,Tokyo
2025-11-07,64.48999786376953,64.73999786376953,63.52000045776367,63.619998931884766,44298,42.90984698554267,0.20054069332469737,0.23651241555020333,-0.03597172222550596,0.8517453591379215,64.54693606030187,64.56332491815394,65.57068996848427,66.03707985224786,62.963920361375195,-0.029295116826702716,0.007865864737434228,Tokyo
2025-11-10,63.7599983215332,64.41000366210938,63.720001220703125,64.30999755859375,44387,48.72478253781192,0.15549395199015237,0.22030872283819317,-0.0648147708480408,0.8473353142155421,64.52437048871062,64.55339051189668,65.5539920557705,66.01593646178807,63.05706349243555,-0.020858750612308907,0.008178248472350033,Tokyo
2025-11-11,64.30999755859375,64.58999633789062,63.83000183105469,63.880001068115234,40198,45.60719652909027,0.08412719584097772,0.1930724174387501,-0.10894522159777237,0.8410966851169989,64.46300197246345,64.52698308272878,65.53181998970884,65.98894341141077,63.12105681747106,-0.02024533653237448,0.008331502726441273,Tokyo
2025-11-12,63.880001068115234,63.9900016784668,62.86000061035156,63.29999923706055,34852,41.7287889073054,-0.01901359616448417,0.15065521471810325,-0.16966881088258742,0.8617327124740157,64.35223980718698,64.47886606917316,65.50225944993866,66.03283066318315,63.031169657251404,-0.029587674697979294,0.008539965918673833,Tokyo
2025-11-13,63.29999923706055,63.4900016784668,62.880001068115234,62.900001525878906,23596,39.24982274134807,-0.1315138791557331,0.09422139594333598,-0.22573527509906907,0.8437518480366976,64.21393139944335,64.41694981257339,65.46779245756701,66.12468170003683,62.85631881876199,-0.025410588261300715,0.008644076869580054,Tokyo
2025-11-14,62.90999984741211,63.5,62.130001068115234,62.4900016784668,24057,36.83436795106783,-0.2508629333822583,0.02520453007821713,-0.2760674634604754,0.8813409254544167,64.0497476164932,64.34138321907902,65.42835152009549,66.26379891466587,62.53820189404996,-0.017761667280563942,0.008452088823941314,Tokyo
2025-11-17,62.5,62.81999969482422,62.130001068115234,62.36000061035156,12946,36.07626071972521,-0.3518816458779668,-0.05021270511301966,-0.3016689407649471,0.8676736184011715,63.888819330194,64.26368194030539,65.38771111069491,66.3848061634908,62.23719434004926,-0.030321832098741952,0.008452832511258992,Tokyo
2025-11-18,62.36000061035156,63.0,61.97999954223633,62.56999969482422,15662,38.28587838500105,-0.41026524983116275,-0.1222232140566483,-0.2880420357745145,0.8785541069270644,63.763217460158785,64.1972630287179,65.35039042969,66.43215483128242,62.00484582484552,-0.02050722215696521,0.008430958119561616,Tokyo
2025-11-19,62.5,63.119998931884766,62.27000045776367,62.29999923706055,9108,36.537153639191395,-0.47287050027329514,-0.19235267129997768,-0.28051782897331745,0.8765144188694951,63.62386334367324,64.12286052708428,65.3099878973373,66.51401144023113,61.77898897175616,-0.01579778850004354,0.008185272523350152,Tokyo
2025-11-20,62.43000030517578,63.0,61.2400016784668,61.68000030517578,3582,32.829046809253484,-0.5659899645561097,-0.2670801299512041,-0.2989098346049056,0.9396204119169028,63.438733530483006,64.02706208700944,65.26190859148086,66.63937703042461,61.414623442597836,-0.01939588539121384,0.008272301092495634,Tokyo
2025-11-21,62.66999816894531,62.66999816894531,60.790000915527344,61.349998474121094,138,31.024247664239937,-0.6588217140976482,-0.34542844678049295,-0.3133932673171553,1.006790186309836,63.23980638225806,63.922079200229504,65.21009521244298,66.7552867609661,61.013713864644245,-0.018242969654752472,0.008252677371619962,Tokyo
2025-11-24,61.369998931884766,62.97999954223633,61.27000045776367,61.439998626708984,57,32.12027716362671,-0.716865702687592,-0.4197158979619128,-0.2971498047256792,1.057019393321466,63.06839611982481,63.824742707150264,65.1601601583273,66.77823867230924,60.67876206011264,-0.014753078490025828,0.008095877345718004,Tokyo
2025-11-25,62.970001220703125,62.970001220703125,62.970001220703125,62.43000030517578,23,42.87354452391773,-0.6751978595377821,-0.4708122902770867,-0.2043855692606954,1.0908039076552285,63.007596518429665,63.77004692668068,65.12399910066966,66.63328002415132,60.56172043361235,-0.002237484262925693,0.008831290561395843,Tokyo
2025-11-26,62.77000045776367,62.77000045776367,62.77000045776367,62.77000045776367,0,46.035366954996604,-0.6077350316836174,-0.49819683855839286,-0.10953819312522456,1.0371750680075615,62.98496832217576,63.730829418095695,65.0928203106974,66.26822302920388,60.60277726071311,0.007544160938344424,0.008125886525693175,Tokyo
2025-11-28,62.90999984741211,62.90999984741211,62.90999984741211,62.90999984741211,0,47.32810594397062,-0.5367857419491884,-0.505914619236552,-0.030871122712636367,0.9730910909819097,62.97782846743637,63.698640023166924,65.06390878138237,66.05147491198636,60.59852508801364,0.019941626720989314,0.00775381966079379,Tokyo
2025-12-01,62.83000183105469,62.83000183105469,62.83000183105469,62.83000183105469,0,46.64055779975868,-0.4814630832974558,-0.5010243120487328,0.01956122875127697,0.9092987285087321,62.96374974016192,63.66457578033899,65.03432060985484,65.71438671323239,60.664613378320354,0.02412393469835039,0.007515056713257527,Tokyo
2025-12-02,62.77000045776367,62.77000045776367,62.77000045776367,62.77000045776367,0,46.09961918679295,-0.4374187955189157,-0.4883032087427694,0.050884413223853675,0.8486346317074666,62.94529742755257,63.62949439513996,65.00432961446292,65.2839005988148,60.804099507996725,0.021647165702840976,0.007454714979225704,Tokyo
2025-12-03,62.65999984741211,62.65999984741211,62.65999984741211,62.65999984741211,0,45.067647635193666,-0.4067013105293711,-0.4719828291000897,0.06528151857071862,0.7958750587534734,62.918126229443956,63.59147500111141,64.97327888907152,64.9174232029644,60.91657719376411,0.0036841188709277883,0.0073588138419356025,Tokyo
2025-12-04,62.279998779296875,62.279998779296875,62.279998779296875,62.279998779296875,0,41.60292363201548,-0.40831360766038216,-0.4592489848121482,0.05093537715176605,0.7661697737078849,62.857352186572804,63.540044561040254,64.93760630483611,64.46337119948974,61.0756287394751,-0.00780630356688472,0.007389683777287264,Tokyo
2025-12-05,62.130001068115234,62.130001068115234,62.130001068115234,62.130001068115234,0,40.28634700124612,-0.41688928627426947,-0.4507770451045725,0.03388775883030304,0.7221574835274388,62.78808065148161,63.484748737788294,64.90041948050869,64.1437331210435,61.15426683318013,-0.012398645385292562,0.00712645571257772,Tokyo
2025-12-08,61.880001068115234,61.880001068115234,61.880001068115234,61.880001068115234,19971,38.12100409445413,-0.4388002676808824,-0.44838168961983454,0.009581421938952117,0.6884319489897646,62.701596881637194,63.42181745662465,64.86041393862268,64.02089077919173,61.10310938865494,-0.015120177228291953,0.006525369397465515,Tokyo
2025-12-09,63.75,64.05999755859375,63.54999923706055,63.86000061035156,17484,57.57167063978449,-0.2930177367221276,-0.41730889904029317,0.12429116231816556,0.7949722733818183,62.81192104627665,63.43900110971198,64.84716343096346,63.89510498569151,61.18389548733095,0.017364985576530767,0.009516347070930185,Tokyo
2025-12-10,63.810001373291016,64.2300033569336,63.810001373291016,64.12000274658203,14986,59.37741113592704,-0.1547205094429316,-0.36479122112082085,0.21007071167788927,0.7681886812575868,62.93650025582954,63.46570705625591,64.83753216362066,63.96027513606816,61.14272550480098,0.023300397426193387,0.009442124211402945,Tokyo
2025-12-11,64.0999984741211,64.3499984741211,63.88999938964844,63.970001220703125,15499,57.84777028225251,-0.056570717947366234,-0.30314712048612996,0.24657640253876373,0.7461751386300918,63.03492891915084,63.48548329799894,64.82604168755553,64.09681493264017,61.073185906593224,0.027135556752259316,0.009209186515968328,Tokyo
2025-12-12,63.86000061035156,64.20999908447266,63.709999084472656,63.83000183105469,18559,56.38771971627485,0.009803904909936989,-0.24055691540691657,0.2503608203168536,0.7285912001565138,63.110650148855974,63.498993828707015,64.81284910667473,64.23833305758392,61.02466781216707,0.027361994748329233,0.009092393436444983,Tokyo
2025-12-15,63.83000183105469,64.38999938964844,63.83000183105469,63.939998626708984,17137,57.2996287106136,0.07046976230149937,-0.1783515798652334,0.24882134216673277,0.7165487971877449,63.18963571817531,63.516288134511015,64.80128817316526,64.41163630169056,60.996364262884626,0.03329019914408504,0.008930788841421365,Tokyo
2025-12-16,63.88999938964844,64.08000183105469,62.970001220703125,63.099998474121094,31690,48.89214870316783,0.05018835905651997,-0.13264359208088272,0.1828319511374027,0.7446524981280175,63.18109883778919,63.49996304978984,64.77875453476733,64.44932022633836,61.03268012461379,-0.011901066848835518,0.009473838834339842,Tokyo
2025-12-17,63.150001525878906,63.70000076293945,63.150001525878906,63.43000030517578,20674,51.879367481691354,0.06005135603924572,-0.09410460245685703,0.15415595849610275,0.7343203403201848,63.20480373944506,63.497219412746155,64.76089024033566,64.51730842675163,61.050691985235666,-0.010761110602775736,0.00951139461218557,Tokyo
2025-12-18,63.43000030517578,63.779998779296875,63.2599983215332,63.5099983215332,12482,52.602605797361804,0.07347603753241572,-0.060588474459002485,0.1340645119914182,0.7190117772804339,63.23386989012012,63.497720546424084,64.74432213545086,64.59109438178211,61.09790593865246,-0.007190915904204287,0.009438358467093299,Tokyo
2025-12-19,63.5099983215332,63.88999938964844,63.45000076293945,63.75,14965,54.79759016439395,0.10230204966221379,-0.02801036963475923,0.13031241929697301,0.6990822665253303,63.2830251386801,63.50761385832902,64.73115230584224,64.64876988654113,61.247230403375866,-0.001253357806042965,0.009092456767030384,Tokyo
2025-12-22,63.75,64.0,63.47999954223633,63.61000061035156,17890,53.24848546275981,0.11255265429723238,0.0001022351516390893,0.11245041914559328,0.6862907087566404,63.31416565979167,63.511629025075,64.71630261451125,64.6080986519569,61.51390185158314,-0.005161057607836361,0.008990886649066885,Tokyo
2025-12-23,63.61000061035156,64.30000305175781,63.61000061035156,64.01000213623047,22308,56.98969492649882,0.15121005709509205,0.030323799540329686,0.12088625755476237,0.6865558325173268,63.38043580040489,63.53117306864973,64.70694764128899,64.58964337789162,61.789357476600564,0.014421611475673668,0.009045221031831049,Tokyo
2025-12-24,64.01000213623047,64.30000305175781,63.959999084472656,64.23999786376953,0,59.02031092039479,0.1981212420299272,0.06388328803824919,0.134237953991678,0.661802127857886,63.462298854058666,63.55897011943874,64.70076287602384,64.70716541650765,61.852835193843916,0.012769944106836961,0.008444782372824644,Tokyo
2025-12-26,64.4000015258789,64.80999755859375,64.36000061035156,64.48999786376953,16386,61.16649417837625,0.2525602474115658,0.10161867991291251,0.15094156749865328,0.655244811212624,63.56017495022161,63.59548101137328,64.69797128645757,64.86904101638729,61.862959334564856,0.01543063404402667,0.008413216046820294,Tokyo
2025-12-29,64.45999908447266,64.79000091552734,64.29000091552734,64.3499984741211,17930,59.293752412305345,0.2811656678678318,0.1375280775038964,0.14363759036393542,0.644155896126008,63.63539623821203,63.625069931481036,64.6933623750359,64.98634472064711,61.88965549297593,0.009411740770526977,0.008446582477106487,Tokyo
2025-12-30,64.3499984741211,64.80000305175781,64.19999694824219,64.31999969482422,18588,58.87776732292023,0.297980089901138,0.16961847998334473,0.12836160991779327,0.6410023395109806,63.70059656741319,63.652322079063126,64.68841717397349,65.08092322050221,61.944076779497784,0.011161752517844015,0.008436423991538286,Tokyo
2025-12-31,64.31999969482422,64.52999877929688,63.97999954223633,64.2699966430664,0,58.14551183119699,0.3037691504434008,0.19644861407535594,0.10732053636804487,0.6345021179073782,63.75482514604683,63.67654461098483,64.68287518018664,65.14987083532847,62.02512878320181,0.0040617793807067315,0.00843415861766438,Tokyo
2026-01-02,64.27999877929688,64.44000244140625,63.68000030517578,64.01000213623047,23254,54.35984932566601,0.2841026799475159,0.21397942724978794,0.07012325269772798,0.6434664049304561,63.77912771654051,63.68962137668074,64.67396295443888,65.16440148080386,62.145598366608255,-0.0035802573970628027,0.008491750333182757,Tokyo
2026-01-05,64.30000305175781,64.87000274658203,64.23999786376953,64.6500015258789,27914,61.07761974907392,0.3165109215543467,0.2344857261106997,0.08202519544364698,0.6589331338891066,63.86206807933464,63.72728334331597,64.67364558452418,65.19812901941177,62.34887110265855,0.0024810616748254244,0.00853795933248738,Tokyo
2026-01-06,64.6500015258789,65.76000213623047,64.6500015258789,65.05999755859375,44463,64.6656790778698,0.37100126819730406,0.2617888345280206,0.10921243366928346,0.6911522393507106,63.97615660116884,63.77954664587588,64.67876282921385,65.23110141743788,62.608898353680274,0.01103339706772788,0.008530930319577792,Tokyo
2026-01-07,65.12000274658203,65.62000274658203,64.80000305175781,64.8499984741211,29724,61.536602652808845,0.39271313682632325,0.2879736949876811,0.10473944183864214,0.7003556290273898,64.0593796366881,63.821525148944325,64.68103085100071,65.03394999690848,63.10304951481028,0.008240030811746513,0.008501519667408154,Tokyo
2026-01-08,64.81999969482422,64.91000366210938,64.37999725341797,64.45999908447266,27310,56.10674309665764,0.37413743430644075,0.30520644285143306,0.0689309914550077,0.6881878275748196,64.09753386981045,63.846563342494456,64.67810327793411,65.07390752623681,63.12309183289406,0.0029563163424677352,0.00524721390336923,Tokyo
2026-01-09,64.41000366210938,64.66000366210938,64.26000213623047,64.41000366210938,23261,55.43149607278365,0.35133190793501967,0.3144315358681504,0.03690037206686925,0.6676030917393971,64.12729289764845,63.868659041302884,64.67455228964505,65.09832516370992,63.12767428697367,0.006249047219645476,0.005183876718771491,Tokyo
2026-01-12,64.47000122070312,65.25,64.47000122070312,64.91000366210938,32122,60.54557872683012,0.36934658775302864,0.32541454624512606,0.043932041507902586,0.6799168950359133,64.20183677997805,63.90949608525609,64.67767085086975,65.20450436515245,63.11549532967177,0.004021688013826186,0.005405980704294916,Tokyo
2026-01-13,64.93000030517578,65.25,64.8499984741211,64.87999725341797,29112,60.09987939143056,0.3768579015866038,0.3357032173134216,0.041154684273182196,0.6599229400961271,64.26642349173423,63.94755495459577,64.68035067077105,65.29212665652086,63.13287258053968,-0.0027666817081213324,0.0053705371969131645,Tokyo
2026-01-14,64.9000015258789,65.19999694824219,64.7699966430664,64.98999786376953,20372,61.22670830540887,0.3872231346000774,0.34600720077075275,0.04121593382932465,0.6434998947446737,64.33533533668998,63.98843506868102,64.68445195809554,65.38999744063177,63.14000172013483,0.002158818703817067,0.005370294108674814,Tokyo
2026-01-15,64.9800033569336,65.08999633789062,64.5999984741211,64.70999908447266,20558,56.827372846415265,0.36859515944335897,0.350524792505274,0.018070366938084947,0.6325354639607349,64.37101759838356,64.01673169675128,64.68479033063034,65.3426416072515,63.34835761455025,0.0038783742406260924,0.0044322087721219905,Tokyo
2026-01-16,64.6500015258789,64.83999633789062,64.51000213623047,64.66000366210938,16603,56.05290554829828,0.34581183855434006,0.34958220171508725,-0.003770363160747192,0.6109253737964079,64.39854008064316,64.04195804833395,64.68446203038503,65.31405007860617,63.49994947888895,0.0038813846574436983,0.00435243293820876,Tokyo
2026-01-20,64.72000122070312,64.97000122070312,64.33000183105469,64.33999633789062,26214,51.23937543546251,0.2984931329223741,0.33936438795654467,-0.04087125503417055,0.61300208921441,64.3929644860953,64.053645824395,64.6798995708818,65.25288884725848,63.64411051187238,-0.00878150195747851,0.00454781744591974,Tokyo
2026-01-21,64.3499984741211,64.55999755859375,64.2699966430664,64.30000305175781,19469,50.65392448235548,0.254828094198146,0.3224571292048649,-0.06762903500671891,0.5899305768081909,64.38411101615839,64.06330689213472,64.67486782890666,65.21477170927236,63.73722795503428,-0.008939491772706587,0.004494848681259795,Tokyo
2026-01-22,64.30000305175781,64.66999816894531,63.810001373291016,63.880001068115234,27770,44.8573757972002,0.1842091381641211,0.2948075309967162,-0.1105983928325951,0.6092210210114842,64.33610054491618,64.05611842844768,64.66433979233989,65.16914191605498,63.80985779402801,-0.0170795019563017,0.004728276323738877,Tokyo
2026-01-23,63.900001525878906,64.1500015258789,63.56999969482422,63.810001373291016,29149,43.954579014726,0.12119762557982483,0.26008554991333793,-0.1388879243335131,0.6071339360145702,64.28599586190425,64.04646677922585,64.65302405169024,65.1938472823726,63.76515235141646,-0.013908170667824904,0.004513656363382106,Tokyo
2026-01-26,63.84000015258789,64.05999755859375,62.54999923706055,62.970001220703125,49977,34.882088536992995,0.00343990268676464,0.20875642046802328,-0.20531651778125865,0.6716242492659011,64.16066303893273,64.00425244359751,64.63073235856459,65.39627585187448,63.435724117607926,-0.026136751402576652,0.005283445355561372,Tokyo
2026-01-27,62.83000183105469,63.86000061035156,62.7400016784668,63.83000183105469,36660,46.95406959337192,-0.02025558539440908,0.16295401929553682,-0.1832096046899459,0.7036510123101057,64.1291714953253,63.99741908624289,64.62012665621347,65.39665507053657,63.369345295674364,-0.007926554800494978,0.006129932137222421,Tokyo
2026-01-28,63.77000045776367,64.4000015258789,63.630001068115234,63.72999954223633,30940,45.88874937794814,-0.04656698416266636,0.12104981860389619,-0.16761680276656254,0.7083902584139319,64.09115511884063,63.986932045301465,64.60833689311444,65.40698418617852,63.29701628684395,-0.008864750893754492,0.006122800793959608,Tokyo
2026-01-29,63.72999954223633,64.08999633789062,63.040000915527344,63.47999954223633,24443,43.24707995062647,-0.08659366998779916,0.07952112088555713,-0.1661147908733563,0.7327906272674568,64.0329498258307,63.96705233929891,64.59339202753989,65.43491323605349,63.18508722171018,-0.006261764545877013,0.0061710814543989604,Tokyo
2026-01-30,63.45000076293945,63.54999923706055,62.91999816894531,63.16999816894531,34824,40.1598259470481,-0.14169624085420907,0.0352776485376039,-0.17697388939181297,0.7254485158994408,63.950763953746375,63.93579531301054,64.57453912875056,65.49029644505663,63.01970416529494,-0.010029825898320577,0.006243574029173321,Tokyo
2026-02-02,62.970001220703125,63.209999084472656,62.20000076293945,62.66999816894531,41718,35.729519033923324,-0.22313903864579743,-0.016405688899076367,-0.20673334974672106,0.7457735020161381,63.82878625995579,63.886156209321705,64.54931342067367,65.61043099608986,62.7655692175332,-0.004764221787233791,0.006406827428610337,Tokyo
2026-02-03,62.849998474121094,62.9900016784668,62.15999984741211,62.310001373291016,38918,32.91413435313228,-0.31312229652733947,-0.075749010424729,-0.2373732861026105,0.7517898112331775,63.68414008027344,63.82434621575187,64.51965365845669,65.70294273628998,62.43905746207427,-0.02381326044430976,0.005931784023929205,Tokyo
2026-02-04,62.310001373291016,62.720001220703125,62.150001525878906,62.2400016784668,38393,32.37985587607106,-0.38563767597575804,-0.1377267435349348,-0.24791093244082324,0.7388048029182518,63.54660308962519,63.76221505742697,64.48945959249656,65.68482493669532,62.175175673656234,-0.02337985053306102,0.0056176988085006796,Tokyo
2026-02-05,62.220001220703125,62.5,61.560001373291016,61.7599983215332,33926,28.91388789727209,-0.47634785443317185,-0.2054509657145822,-0.27089688871858963,0.7531757903318755,63.37645025456881,63.68369675405859,64.45330778758314,65.72282245325775,61.82817814183503,-0.02709516750325003,0.005749608749719192,Tokyo
2026-02-06,61.70000076293945,62.060001373291016,60.900001525878906,61.060001373291016,49509,24.752770199927824,-0.5978288293871188,-0.28392653844908955,-0.31390229093802924,0.7822346515518922,63.1558360753995,63.58080673912653,64.4083633317647,65.8691583084305,61.34184251554412,-0.03340188153894208,0.006043740887122396,Tokyo
2026-02-09,61.099998474121094,61.779998779296875,60.9900016784668,61.61000061035156,51243,32.92121399355706,-0.6423187842506337,-0.3556049876093984,-0.2867137966412353,0.7827891122146198,63.00861365015683,63.50352022427261,64.37129892485858,65.86209836228095,61.06890215651788,-0.016913955474136433,0.006576942182020738,Tokyo
2026-02-10,61.56999969482422,62.279998779296875,61.5,61.59000015258789,43410,32.78185184790958,-0.6714511924211379,-0.4187742285717463,-0.25267696384939164,0.7825898027204952,62.873507602769315,63.42848022146145,64.33446053052387,65.73443361255411,60.86456655529256,-0.011555146924001725,0.006169189629857795,Tokyo
2026-02-11,61.599998474121094,62.22999954223633,61.599998474121094,61.9900016784668,39805,38.398374920319505,-0.654714909664996,-0.4659623647903963,-0.1887525448745997,0.7724047732153482,62.78936418140717,63.37206929820676,64.30340809539729,65.5374577791206,60.77254283123097,-0.004016709403246943,0.006484080283243176,Tokyo
2026-02-12,61.9900016784668,62.45000076293945,61.849998474121094,62.290000915527344,29165,42.292891047641334,-0.6102097357781133,-0.49481183898793973,-0.11539789679017359,0.7600903100441347,62.7418057751329,63.329635243984036,64.2767404506308,65.26677596712715,60.77322494840019,0.008581648452042678,0.00662153251782995,Tokyo
2026-02-13,62.189998626708984,62.40999984741211,61.70000076293945,62.11000061035156,17965,40.633005811105924,-0.5827460513989635,-0.5123986814701444,-0.07034736992881907,0.7565123653604577,62.681633854677536,63.28180643482198,64.24804190969995,65.0230490399708,60.75695202814443,0.01719618757689445,0.006604311638245033,Tokyo
2026-02-17,62.119998931884766,62.20000076293945,61.34000015258789,61.52000045776367,17314,35.68870341347133,-0.6016534783579317,-0.530249640847702,-0.07140383751022972,0.7639043828598223,62.5710021025905,63.212716004349105,64.21190891033656,64.77791775939659,60.68808298828408,-0.0014608042800891008,0.00680327388553496,Tokyo
2026-02-18,61.310001373291016,61.880001068115234,61.310001373291016,61.54999923706055,20101,36.11436594752073,-0.6072174745971708,-0.5456432075975958,-0.06157426699957502,0.7500540480001364,62.47376373444479,63.147511425239756,64.17665182857132,64.55582273389467,60.63117830370298,-0.0006494709437935287,0.006808156677305528,Tokyo
2026-02-19,61.5099983215332,62.04999923706055,61.45000076293945,61.93000030517578,15167,41.40496552122972,-0.5743433981304307,-0.5513832457041627,-0.02296015242626792,0.7393357927230619,62.42197674118107,63.0997658911196,64.14689485475152,64.28364053641427,60.666360226525185,-0.0009679201752926803,0.007055832881864934,Tokyo
2026-02-20,62.0,63.380001068115234,61.939998626708984,63.029998779296875,5139,53.428097435613914,-0.45429296537753316,-0.5319651896388369,0.07767222426130371,0.790097576309947,62.479883601954,63.09702992595009,64.13210152924881,64.13920360482645,60.725796929231166,0.011879882049978807,0.008190124760774076,Tokyo
2026-02-23,63.43000030517578,63.599998474121094,62.66999816894531,63.560001373291016,101,57.90947687437902,-0.3127798215017705,-0.48812811601142364,0.1753482945096531,0.8000906283717923,62.58275196112895,63.11518566898307,64.12452404373944,64.0874342737592,60.75256626029843,0.023345689078898335,0.008434269068440029,Tokyo
2026-02-24,64.11000061035156,64.30999755859375,63.150001525878906,63.560001373291016,21,57.90947687437902,-0.19834325782132112,-0.4301711443734032,0.23182788655208209,0.8257981572534389,62.67582333371581,63.13262942209318,64.11704692227656,64.17767504996542,60.721325499351,0.03315996261943943,0.007855339049799083,Tokyo
2026-02-25,64.80000305175781,64.80000305175781,64.80000305175781,64.16999816894531,1,62.700318220002906,-0.057763946363394325,-0.3556897047714015,0.29792575840800717,0.8553841230543929,62.81812569897576,63.17331054942072,64.11774826329204,64.25740352943177,60.6755966536737,0.042567001858014875,0.0075483762655241425,Tokyo
2026-02-26,63.36000061035156,63.36000061035156,63.36000061035156,63.36000061035156,0,53.92333880273319,-0.011580371446697768,-0.28686783810646077,0.275287466659763,0.8521422255929184,62.869732833392504,63.18063172828076,64.10771187053787,64.19095040802995,60.70504988188705,0.023090590959617074,0.008082489619198266,Tokyo
2026-02-27,63.61000061035156,63.61000061035156,63.61000061035156,63.61000061035156,0,55.97188791602399,0.04467833108285646,-0.22055860426859733,0.26523693535145376,0.8091320666219957,62.94023452643623,63.197469723656084,64.1011196684162,64.21454125676844,60.69445913996008,0.009201996545892266,0.00808751630989174,Tokyo
2026-03-02,62.59000015258789,62.59000015258789,62.59000015258789,62.59000015258789,0,46.82473836693439,0.0068789494700851606,-0.17507109352086084,0.181950042990946,0.8241940945606868,62.90687887178401,63.173647387535766,64.08110484039199,64.15474652891062,60.69625406618215,-0.015261189423301902,0.008814024602796974,Tokyo
2026-03-03,62.040000915527344,62.040000915527344,62.040000915527344,62.040000915527344,0,42.76625774604132,-0.06668892625381773,-0.15339466006745223,0.0867057338136345,0.804608747596391,62.82431906642623,63.12919066314328,64.05407035132093,64.12744089876091,60.660559970990064,-0.02391441826498142,0.00885543482416656,Tokyo
2026-03-04,62.15999984741211,62.15999984741211,62.15999984741211,62.15999984741211,0,43.90856940786773,-0.11399502319479637,-0.14551473269292106,0.03151970949812469,0.755708046474132,62.76105056937726,63.09118318017343,64.0289833247791,64.12276681026611,60.650233906896965,-0.0313230228905621,0.008781905776062396,Tokyo
2026-03-05,60.720001220703125,62.81999969482422,60.709999084472656,63.029998779296875,100,51.4709763480111,-0.08035749177945917,-0.13248328451022867,0.052125792730769505,0.8524432296082343,62.7866646846077,63.088783791903765,64.01575174139523,64.18404184187322,60.66795858537287,-0.00520836218238252,0.009317704463234943,Tokyo
2026-03-06,63.189998626708984,63.189998626708984,63.189998626708984,63.189998626708984,0,52.733112097330476,-0.04032402501628951,-0.11405143261144085,0.07372740759515134,0.8029829880227968,62.8250774409983,63.09275300111182,64.0048146140484,64.25780906858664,60.73719138917703,-0.006602766540049876,0.00911279461822099,Tokyo
2026-03-09,63.59000015258789,63.59000015258789,63.59000015258789,63.59000015258789,33747,55.82622512804339,0.02340971340122877,-0.08655920340890692,0.1099689168101357,0.7741985978696617,62.89792722305445,63.112252889405,63.99932038277078,64.3114693214199,60.93653101427345,0.015976993090942804,0.008679937269418236,Tokyo
2026-03-10,64.5999984741211,65.58000183105469,64.5999984741211,65.30000305175781,33956,66.05338669664911,0.2094872643640997,-0.027349909854305604,0.2368371742184053,0.8610416750551714,63.12669634959763,63.19804701341884,64.01654796779049,64.80733485122165,60.80966572861233,0.052546777693785574,0.010178578283327012,Tokyo
2026-03-11,65.37000274658203,65.77999877929688,65.0999984741211,65.16999816894531,22770,64.82459597628755,0.34251644025750494,0.04662336016805651,0.2958930800894484,0.8481101486352149,63.321296522868835,63.275378431282626,64.0318254538985,65.16049102195021,60.81450935951952,0.048423396539929664,0.010213242512249728,Tokyo
2026-03-12,65.19000244140625,65.72000122070312,65.05000305175781,65.13999938964844,24648,64.52629945091951,0.44044519179409036,0.1253877264932633,0.31505746530082707,0.8353878643716505,63.49450631970499,63.34850082180677,64.04650325437201,65.46521325683163,60.824786895756255,0.03347613281319983,0.010200551334618134,Tokyo
2026-03-13,65.13999938964844,66.25,65.13999938964844,65.8499984741211,33041,68.25012467506784,0.5687887823086797,0.21406793765634657,0.3547208446523331,0.8550030605130728,63.71883890583986,63.446598768956356,64.07039060827599,65.8991420045485,60.74685790389878,0.042095266738742865,0.010360792315093311,Tokyo
2026-03-16,65.9000015258789,68.75,65.9000015258789,68.19000244140625,82807,76.8685675900613,0.8495279371413318,0.3411599375533436,0.5083679995879882,1.0010743794677752,64.14466400446523,63.63261459924851,64.12495500341679,66.93222516081455,60.32177493073819,0.07233845381003912,0.012500232264871304,Tokyo
2026-03-17,68.26000213623047,69.22000122070312,67.93000030517578,68.7699966430664,63587,78.43135998342453,1.1060663800954558,0.494141226061766,0.6119251540336897,1.0217119891863158,64.5851718748082,63.83408056175117,64.18647873374327,67.86314308893672,60.11585662114628,0.053139256188980966,0.01206349560178038,Tokyo
2026-03-18,68.69999694824219,69.05999755859375,68.26000213623047,68.69999694824219,39267,77.74863045410126,1.288869271368739,0.6530868351231607,0.6357824362455784,1.005875091556099,64.97705997704,64.02490081220179,64.24626043194856,68.57611630327008,60.11788317793108,0.054166010104001794,0.012101529430957027,Tokyo
2026-03-19,68.69999694824219,68.76000213623047,67.51000213623047,67.66999816894531,41317,68.32413078119893,1.3352377961390118,0.789517027326331,0.5457207688126808,1.0233125850163776,65.23353028103098,64.1678458065839,64.29160795164388,68.95064626814974,60.31735299942838,0.038839404405934363,0.012944955083294981,Tokyo
2026-03-20,67.69000244140625,68.20999908447266,67.0999984741211,67.30999755859375,26659,65.34277148768697,1.327632029863878,0.8971400278338404,0.43049200203003757,1.0295045868260337,65.4312890693703,64.29106744391761,64.3315866219346,69.253284866413,60.44271427909482,0.022171588736580317,0.01273075477214811,Tokyo
2026-03-23,67.5999984741211,67.97000122070312,66.93000030517578,67.18000030517578,33679,64.25247235033056,1.2961732351606798,0.9769466692992084,0.31922656586147147,1.030254324590413,65.59783299658987,64.40435892867283,64.36931395548747,69.50831164708121,60.54968739161508,-0.014811586743941452,0.012722529833953375,Tokyo
2026-03-24,67.30000305175781,67.63999938964844,66.6500015258789,67.62000274658203,26086,66.30201803837187,1.2918547362300785,1.0399282826853824,0.2519264535446961,1.027378863103207,65.79042059182721,64.53046260780653,64.41236943616423,69.79815167107209,60.665847504953305,-0.016722320090447718,0.01273147551161165,Tokyo
2026-03-25,67.3499984741211,68.37000274658203,67.3499984741211,68.18000030517578,27786,68.75716639272535,1.3184214755172121,1.0956269212517484,0.22279455426546368,1.0268521066287593,66.01799961214613,64.67358173319356,64.46227183178028,70.15189179159167,60.713107598056766,-0.007569092666163679,0.012699976452386654,Tokyo
2026-03-26,68.18000030517578,69.69999694824219,67.8499984741211,69.41000366210938,44080,73.34995665048528,1.4223310521441022,1.1609677474302191,0.261363304713883,1.0856482757353547,66.34104761690453,64.85932376962164,64.52780470370517,70.6658971049893,60.80410258983493,0.02571310093462631,0.012546067567648998,Tokyo
2026-03-27,69.5,70.30999755859375,68.87999725341797,69.45999908447266,43092,73.52034782681375,1.4915210270443424,1.227078403353044,0.26444262369129845,1.1102448492668138,66.63809061381578,65.03974240941972,64.59313178159614,71.1190650424675,60.93593449976882,0.03194178582471818,0.012575064096958941,Tokyo
2026-03-30,69.4800033569336,70.75,69.4000015258789,70.19000244140625,33702,75.9393478613652,1.5869661922395721,1.2990559611303496,0.28791023110922254,1.1273701081849767,66.97636793072915,65.24171339106626,64.66726251881217,71.55298740166096,61.262012369457196,0.044805033083612056,0.011659349724071212,Tokyo
2026-03-31,70.08999633789062,71.37999725341797,69.86000061035156,70.0,49593,74.04338906533494,1.6285031930952982,1.3649454075233394,0.26355778557195886,1.1554148606765073,67.26433288970733,65.4283128659264,64.73789480333122,71.75629199319783,61.8547076863676,0.0351966453230923,0.011333138291373446,Tokyo
2026-04-01,70.0,70.87999725341797,68.5999984741211,70.76000213623047,49627,76.563895300098,1.703114937475334,1.4325793135137384,0.2705356239615957,1.235742283435105,67.59725377032858,65.63739871966382,64.817657814363,71.97688649937594,62.49411340907131,0.037841035780383114,0.011337586508859819,Tokyo
2026-04-02,70.76000213623047,71.29000091552734,69.97000122070312,70.91999816894531,40131,77.06872747750475,1.7549259314087493,1.4970486370927407,0.2578772943160086,1.241760669962899,67.91370561781588,65.84455948238075,64.8984835144237,72.20821441601788,63.05178543139423,0.021754710087419804,0.011234951355892349,Tokyo
2026-04-06,70.91999816894531,71.93000030517578,70.77999877929688,71.66999816894531,28609,79.31776079206651,1.8353484943889526,1.5647086085519832,0.2706398858369694,1.2352064453854708,68.27144776554249,66.07300805832446,64.98817245024517,72.4686330415885,63.63936676004724,0.031816860259168855,0.011251054250978788,Tokyo
2026-04-07,71.5999984741211,72.1500015258789,70.9800033569336,71.30999755859375,36338,75.49051144418642,1.848723975164333,1.6215116818744533,0.22721229328987969,1.2305487113540308,68.5608334601188,66.27838019558992,65.07190523313722,72.55075565996097,64.32924388227536,0.015956618866375782,0.011532826720554699,Tokyo
2026-04-08,70.51000213623047,71.97000122070312,70.30000305175781,71.66999816894531,63242,76.70120559693174,1.8668532583620845,1.6705799971719797,0.1962732611901048,1.2619379583248365,68.85694438476895,66.48981619454503,65.15929719255189,72.8318134437467,64.68518561020839,0.02385711669921875,0.010441715443936602,Tokyo
2026-04-09,71.47000122070312,73.33999633789062,70.8499984741211,73.26000213623047,48215,81.13385199019368,1.9866203550285348,1.7337880687432907,0.2528322862852441,1.3496565229994577,69.27628321824147,66.75531368245427,65.26659129776618,73.3412702134636,64.98472923721998,0.03533069424145685,0.010996714600042822,Tokyo
2026-04-10,73.26000213623047,73.63999938964844,72.70999908447266,73.22000122070312,45611,80.71779260582335,2.0546244704940335,1.7979553490934395,0.25666912140059406,1.319681078869195,69.65187540895211,67.00883084081698,65.37193447555343,73.66926217716811,65.46473745662097,0.03243095193373735,0.010999320890902624,Tokyo
2026-04-13,73.33000183105469,74.73999786376953,72.6500015258789,74.52999877929688,38295,83.67102364923024,2.1889907540030435,1.8761624300753605,0.312828323927683,1.3747035973707258,70.11645858708017,67.30377860311032,65.49323334050368,74.28029595475144,65.72170370955521,0.03990513022771092,0.011268705487402884,Tokyo
2026-04-14,74.52999877929688,75.05999755859375,74.0199966430664,74.33999633789062,23533,81.71613567699399,2.254160829756856,1.9517621100116598,0.30239871974519605,1.3507962629533414,70.51870027763356,67.5797087103566,65.61040900934324,74.91146974834699,65.7055293056081,0.04249051862338371,0.009158467344161788,Tokyo
2026-04-15,74.30000305175781,75.45999908447266,74.29000091552734,75.11000061035156,14460,83.40799517746316,2.3409564056605063,2.029600969141429,0.31135543651907716,1.3378821133813392,70.95596697598765,67.87501427506228,65.73623141465461,75.6374324252291,65.6135670254545,0.04799780283651245,0.009211291295751748,Tokyo
2026-04-16,75.1500015258789,76.1500015258789,75.08000183105469,75.69999694824219,12563,84.58500618340051,2.4293463065488226,2.109550036622908,0.3197962699259147,1.3187476549129735,71.4077793542976,68.18187634067718,65.868201819073,76.38329995356098,65.5676994971226,0.03330596151873477,0.00914906663203229,Tokyo
2026-04-17,75.73999786376953,77.5,74.33000183105469,77.4000015258789,11656,87.3660418081767,2.6065256959844874,2.208945168495224,0.3975805274892634,1.4509798344867122,71.9784671801625,68.5433714459792,66.02094088803732,77.34730139320622,65.57669839317073,0.05708823047648193,0.008656446838863527,Tokyo
2026-04-20,77.4000015258789,77.9800033569336,76.43000030517578,77.5999984741211,5060,87.64836439801611,2.73159163291227,2.3134744613786333,0.4181171715336367,1.4580529214346478,72.51385111292045,68.89853329022006,66.1743058891775,78.1266624964229,65.8263373815068,0.04119146310353905,0.008247780468505975,Tokyo
2026-04-21,77.29000091552734,78.51000213623047,77.08999633789062,78.26000213623047,7063,88.55712406368107,2.851098381238643,2.4209992453506355,0.4300991358880073,1.455335269785019,73.06110359133093,69.2656497155538,66.33438133615834,78.85512261783958,66.20587744319556,0.05273077739367382,0.007970631998535014,Tokyo
2026-04-22,78.1500015258789,79.08999633789062,75.9800033569336,76.33000183105469,3648,71.89846915062236,2.7582777365659155,2.4884549435936916,0.2698227929722239,1.5735251062973057,73.37242723320938,69.54268313184795,66.46677366059406,79.0623158315885,66.86968413789393,0.016242859949264776,0.010807540317042834,Tokyo
2026-04-23,76.33000183105469,77.25,75.4000015258789,76.80000305175781,1651,73.21964042695139,2.691614619609851,2.5290868787969236,0.1625277408129273,1.593273203999005,73.69886302545208,69.82728391302089,66.60363762603993,79.28387458568169,67.51012565845893,0.014531124806619555,0.010795336761656376,Tokyo
2026-04-24,76.80000305175781,76.95999908447266,76.62999725341797,77.0,72,73.78444380632973,2.624666183454366,2.5482027397284126,0.07646344372595326,1.5030395345029823,74.01325702302807,70.10856689682399,66.74133778993344,79.55882686344015,67.99417301448955,-0.005167978268646012,0.010441705087342545,Tokyo
2026-04-27,77.55999755859375,77.55999755859375,77.55999755859375,77.33000183105469,11,74.73142067773601,2.5686279116394246,2.5522877741106154,0.01634013752880925,1.4356793933666085,74.32913748093537,70.39176042365656,66.8815849957761,79.78419348137527,68.55580667121262,-0.0034793382522609884,0.010391761070972347,Tokyo
2026-04-28,77.33999633789062,77.33999633789062,77.33999633789062,77.33999633789062,0,74.76115646563093,2.496248452368036,2.5410799097620993,-0.044831457394063357,1.3338447586144178,74.61588594350253,70.66424026343046,67.02010700030742,79.98293492747405,69.07206461476227,-0.011755759944120037,0.010382153101259266,Tokyo
2026-04-29,78.6500015258789,78.66000366210938,78.6500015258789,76.86000061035156,3,70.4719625899448,2.3728033655298475,2.507424600915649,-0.13462123538580162,1.3328563704432987,74.8296111498691,70.90721125742736,67.15043671699675,79.97896019609942,69.76203940717207,0.006943518493160106,0.010545349875666023,Tokyo
2026-04-30,79.5,82.37999725341797,79.5,79.86000061035156,3,78.69797175438559,2.488362874525251,2.5036122556375697,-0.015249381112318883,1.6319378184878066,75.30869586039124,71.2583010359734,67.31877531161074,80.51285631328959,70.13814313739401,0.039843716627609105,0.012911764026174864,Tokyo
2026-05-01,81.8499984741211,81.8499984741211,81.8499984741211,81.8499984741211,0,82.23362367268464,2.709289808032892,2.5447477661166347,0.16454204191625754,1.6575135360079298,75.93167706169885,71.67366171982233,67.51124184356452,81.39713025843697,70.3468692227642,0.0629869931704039,0.013519637489663021,Tokyo
2026-05-04,80.58000183105469,80.58000183105469,80.58000183105469,80.58000183105469,0,73.8134909360329,2.7501953393052787,2.5858372807543635,0.16435805855091523,1.629833757940678,76.37437465878035,72.0229299594785,67.68433800233923,81.85289089260965,70.78210895480245,0.04202767261147078,0.014413857784214397,Tokyo
2026-05-05,83.2300033569336,83.2300033569336,83.2300033569336,82.45999908447266,1,77.48817160279653,2.90087386591037,2.6488445977855646,0.2520292681248053,1.7027028842219802,76.95395793741771,72.43222678790966,67.88004212263239,82.53151402600771,71.21848597399229,0.0662012282003901,0.014663294918785293,Tokyo
2026-05-06,81.70999908447266,81.70999908447266,81.70999908447266,81.70999908447266,39352,73.08219379097567,2.9260393911319085,2.7042835564548335,0.22175583467707494,1.6346526782061244,77.40691423713723,72.79606099561802,68.06322036053756,82.86817589659447,71.88582419495827,0.0631017230758113,0.015112228716898157,Tokyo
2026-05-07,83.98999786376953,84.18000030517578,81.9000015258789,83.0,28736,75.64709747436429,3.0153168484144146,2.76649021484675,0.24882663356766477,1.6943204312416245,77.93958907169558,73.19621546637809,68.26105850145758,83.54224812778195,72.18575175014773,0.0393187999705753,0.014838503150442639,Tokyo
2026-05-08,82.75,84.81999969482422,82.36000061035156,84.7300033569336,30136,78.59306228683694,3.188906954833712,2.8509735628441426,0.3379333919895693,1.7490117636152696,78.5862951940992,73.64852087385087,68.47919022139767,84.45882258550522,72.42017750604752,0.03518637674407632,0.015082167810443567,Tokyo
2026-05-11,84.75,88.25,84.25,87.7699966430664,41382,82.58071636843609,3.531076366394089,2.9869941235541324,0.5440822428399565,1.9097966376427502,79.46093342733417,74.20230423734952,68.7346975912211,86.13693278249154,72.06606709543816,0.08922802989116807,0.0161879913245319,Tokyo
2026-05-12,87.9000015258789,88.55000305175781,86.02999877929688,86.31999969482422,51364,75.36905767790324,3.643248355461722,3.1182449699356507,0.5250033855260714,1.9533828972726206,80.11417783376179,74.67750798077991,68.96761549987811,87.06143605724928,72.33956415637375,0.04681058274566974,0.016968489961072482,Tokyo
2026-05-13,86.1500015258789,88.87999725341797,86.1500015258789,86.80999755859375,36527,76.12774316856887,3.728702041379975,3.2403363842245154,0.48836565715545976,2.008855242291652,80.75187495041246,75.15329188579221,69.20393844105314,87.96320270516463,72.60779720328264,0.06241584299675074,0.016959440904477614,Tokyo
2026-05-14,87.0199966430664,87.36000061035156,82.86000061035156,83.94000244140625,46598,63.743050133283546,3.5242151245159903,3.2971121322828107,0.22710299223317953,2.186794153556534,81.0555061400309,75.4978687703261,69.39911809668696,88.2219513732046,73.17304908455907,0.01132533061935237,0.01925996078518189,Tokyo
2026-05-15,83.9000015258789,84.23999786376953,79.94000244140625,80.61000061035156,61042,52.97450161963305,3.0582014096864043,3.24932998776353,-0.1911285780771257,2.3377371013284445,81.0130770419662,75.69834452875847,69.54760660680174,88.22151532826183,73.49448503794912,-0.048625074747443486,0.021330205835388354,Tokyo
2026-05-18,81.22000122070312,84.0999984741211,81.04000091552734,83.69999694824219,33703,59.766670530051414,2.904735085595391,3.1804110073299023,-0.2756759217345115,2.4200414415028075,81.26897417589726,76.01213481971863,69.73505548549632,88.46337225377252,73.86262795985053,-0.046371195744437044,0.02276788067691813,Tokyo
2026-05-19,83.8499984741211,83.9000015258789,81.70999908447266,82.33000183105469,23993,55.91084923593989,2.6421081831775552,3.072750442499433,-0.43064225932187794,2.4036100843530535,81.3700244287694,76.25989431035926,69.90187596689445,88.55215187652982,74.18084830657565,-0.046223330373908356,0.023178454362781407,Tokyo
2026-05-20,82.26000213623047,82.36000061035156,80.75,81.5999984741211,25027,53.91486601497674,2.3480029840557535,2.9278009508106972,-0.5797979667549438,2.346923693352947,81.39192671880289,76.46931015991855,70.05681798685772,88.41324745392036,74.84675239349174,-0.060016118315820544,0.02244176154100835,Tokyo
2026-05-21,81.5,81.54000091552734,77.69999694824219,77.9800033569336,40904,45.2820132234563,1.8020462747225139,2.7026500155930604,-0.9006037408705465,2.4578578242476583,81.0669816367201,76.52855303038973,70.16176083944151,88.31404188338281,75.06395799454687,-0.0710030844784999,0.024922653925207622,Tokyo
2026-05-22,78.11000061035156,78.87999725341797,76.83999633789062,77.41999816894531,37017,44.10547231749932,1.309093495721939,2.423938711618836,-1.1148452158968971,2.428010902196207,80.71964987788441,76.56351166327427,70.25789643320978,88.27484953738794,75.14515015743628,-0.039573283925724234,0.024981004841917172,Tokyo
2026-05-26,77.0,79.08999633789062,76.80000305175781,77.37000274658203,28671,43.995568415484016,0.903970247761194,2.1199450188473077,-1.2159747710861137,2.418152501048822,80.40063586537943,76.59513876458045,70.3520965168306,88.27125300543808,75.15274678093887,-0.0756271736255194,0.024963716561503705,Tokyo
2026-05-27,77.5,77.77999877929688,75.72000122070312,76.16000366210938,34844,41.312442868992406,0.47974019492505704,1.7919040540628577,-1.3121638591378006,2.3925700051591736,79.99676613173466,76.57807464291493,70.42902243928462,88.39647561721208,74.90952490158676,-0.07494228144931248,0.025211939607538467,Tokyo
2026-05-28,76.0999984741211,77.1500015258789,75.41999816894531,76.7699966430664,31349,43.19330123099439,0.1905595059141234,1.4716351444331108,-1.2810756385189874,2.345243816000204,79.68945475186149,76.58560099586205,70.51300885257974,88.40554952888984,74.89145059318047,-0.05919120001682954,0.0252501462267508,Tokyo
2026-05-29,76.7699966430664,77.16999816894531,75.87000274658203,76.1500015258789,33959,41.729437322326774,-0.08763647922238249,1.159780819702012,-1.2474172989243946,2.270583216454709,79.35236396843457,76.56851866370585,70.58767100719298,88.61872228336509,74.30727793025795,-0.023467578254367627,0.023620259673810217,Tokyo
2026-06-01,77.45999908447266,78.1500015258789,76.36000061035156,76.63999938964844,30395,43.363143849933756,-0.2655094416443404,0.8747227674327416,-1.140232209077082,2.2512558438508012,79.0940435323597,76.57132182942908,70.66783429702684,88.67138399834269,73.73361630683308,-0.010074900513363017,0.022864145863388544,Tokyo
2026-06-02,76.66000366210938,78.36000061035156,76.18000030517578,77.04000091552734,28986,44.72553411576194,-0.3699338979829463,0.625791434349604,-0.9957253323325503,2.246166162516871,78.89842042599471,76.58970140143295,70.75223385488778,88.72084919359813,73.33015102002491,-0.004265242591958707,0.022746354045630506,Tokyo
2026-06-03,77.19000244140625,77.45999908447266,75.9800033569336,76.7300033569336,21793,43.84528300784135,-0.4722613097829651,0.40618088552309023,-0.8784421953060553,2.191439702875599,78.69190451465556,76.59520343890357,70.83140960988177,88.633558751539,72.84444188933014,0.007484239330568743,0.021952661499344807,Tokyo
2026-06-04,76.5999984741211,77.1500015258789,74.27999877929688,74.88999938964844,27977,38.94573398817251,-0.6938314069050762,0.186178427037457,-0.8800098339425332,2.2399084917117724,78.32981831227393,76.52833269187396,70.88516576590519,88.69488122586154,72.10111944552517,-0.024488697871888787,0.02240967228470452,Tokyo
2026-06-05,74.73999786376953,75.31999969482422,73.27999877929688,73.75,33476,36.24343659139669,-0.9504594239737969,-0.04114914316479379,-0.9093102808090031,2.22562937912717,77.89364513967641,76.41937846866321,70.92311059019784,88.64277479730974,71.22822587407698,-0.03151676267614112,0.022020716237560967,Tokyo
2026-06-08,73.75,74.47000122070312,72.91999816894531,73.38999938964844,35578,35.40791645092817,-1.1694078116884583,-0.2668008768695267,-0.9026069348189316,2.1773703557436446,77.4647264968166,76.300579289094,70.95578461403161,88.23660412417512,70.5003961504831,-0.04240605461746605,0.021123156018692225,Tokyo
2026-06-09,73.25,73.86000061035156,71.08000183105469,71.26000213623047,40278,30.873021988333335,-1.497536297359332,-0.5129479609674877,-0.9845883363918443,2.220415243140304,76.87380036723697,76.10290959682484,70.95981398518657,87.18913279825725,69.89686802571737,-0.07502594380333039,0.019144160108976377,Tokyo
2026-06-10,71.30000305175781,72.08999633789062,71.01000213623047,71.0999984741211,31893,30.556426343484176,-1.750314903938019,-0.7604213495615941,-0.9898935543764249,2.1389565973202935,76.3239144726545,75.90671700377764,70.96167073338438,86.22279431508187,69.34120638682242,-0.07337422959077389,0.01916814652692439,Tokyo
2026-06-11,71.0999984741211,72.75,70.91999816894531,72.48999786376953,36293,36.63554816464778,-1.817531069987112,-0.9718432936466976,-0.8456877763404143,2.116888399729893,75.95877955752259,75.77272801789498,70.98191347683318,84.67030247569429,69.4616982567276,-0.03204702290611372,0.019973839880016386,Tokyo
2026-06-12,72.51000213623047,73.1500015258789,72.30000305175781,72.94000244140625,26503,38.512204345698294,-1.8135829024934367,-1.1401912154160456,-0.673391687077391,2.0263962621864073,75.67127697503533,75.66164074038562,71.00784843000635,83.60034418033024,69.43165655209162,-0.010983017743644075,0.01936703486914931,Tokyo
2026-06-15,73.0199966430664,73.5999984741211,72.66999816894531,73.43000030517578,7998,40.5759823565423,-1.7507338487718584,-1.2622997420872082,-0.48843410668465026,1.9480822652570768,75.45782205409633,75.57412542920093,71.03992991179668,83.09397364396169,69.2200270579426,0.0005450458626516941,0.01789466304828616,Tokyo
2026-06-16,73.3499984741211,75.4000015258789,73.0,75.01000213623047,7673,46.779027605809276,-1.5555017221676906,-1.3209401381033046,-0.234561584064386,1.9803622124443503,75.4151725381091,75.55200294712365,71.09251364986865,81.69120142056688,69.75379980013624,0.05262419151813913,0.01615182905476534,Tokyo
2026-06-17,75.12999725341797,77.95999908447266,75.05000305175781,76.9000015258789,6307,53.08744962592838,-1.2340463813842888,-1.3035613867595015,0.06951500537521271,2.04962183642991,75.5565848226586,75.60486563648661,71.16943401908733,80.59060513297456,70.311396057211,0.0815752908049483,0.01727739491082214,Tokyo
2026-06-18,76.5999984741211,76.9000015258789,75.12999725341797,76.05000305175781,5067,50.205223791365086,-1.035936845869827,-1.2500364785815667,0.2140996327117397,2.029649153289269,75.60357703495377,75.62232200571293,71.23407731753329,79.44044344678034,70.90655820116888,0.04911029511517717,0.017321364141175567,Tokyo
2026-06-22,76.05000305175781,76.3499984741211,74.5,75.20999908447266,3305,47.46278324571463,-0.935926137704655,-1.1872144104061846,0.25128827270152954,2.0168169619201133,75.56609342062224,75.60615247938978,71.28673853298945,79.09309262681869,70.97690859388443,0.031121422636226637,0.014414065411653252,Tokyo
2026-06-23,75.20999908447266,75.5,72.30000305175781,73.95999908447266,3071,43.642372768064874,-0.9466194445529652,-1.1390954172355408,0.19247597268257555,2.1013298180859756,75.41313205527466,75.541597444295,71.3221459575124,78.78473766007,70.93926365218587,0.007217741755334295,0.014756575062732093,Tokyo
2026-06-24,74.61000061035156,74.61000061035156,72.5,72.08999633789062,3,38.63250145983236,-1.0933837138104394,-1.1299530765505206,0.03656936274008116,2.1019491603906606,75.09664293933332,75.4062405381615,71.33231616122603,78.52073760987666,70.67526306151005,-0.03892821910652178,0.015639847154881308,Tokyo
2026-06-25,73.4000015258789,73.4000015258789,73.4000015258789,73.4000015258789,19,43.52354053903614,-1.0914079130323557,-1.1222440438468877,0.03083613081453196,2.0453817337904905,74.93505804281385,75.32756449846414,71.35970272234727,78.34538005445874,70.57462040330493,-0.04551365319312972,0.016067333057196306,Tokyo
2026-06-26,72.91000366210938,72.91999816894531,70.66000366210938,71.66000366210938,6,39.069437557750746,-1.2162254723470056,-1.1410403295469114,-0.07518514280009425,2.094997171646136,74.62314810179438,75.18373858331297,71.36368021823816,78.12221026991591,70.28679088975207,-0.057725170460028896,0.016619358144860256,Tokyo
2026-06-29,72.0,72.0,72.0,72.0,0,40.353919939122385,-1.2730346730911748,-1.1674391982557641,-0.10559547483541065,1.9696399692350284,74.37332447305207,75.05888608984972,71.37210829481779,77.92044842374207,70.073552583338,-0.042680482961678035,0.01667762838290085,Tokyo
2026-06-30,72.22000122070312,72.22000122070312,72.22000122070312,72.22000122070312,0,41.21744894284527,-1.2854858335828965,-1.1910485253211907,-0.09443730826170582,1.844665772911321,74.16824606806645,74.94755727145181,71.38333866469708,77.56835637358388,69.98364481660165,-0.02352620180243936,0.016596573450660287,Tokyo
2026-07-01,0.0,78.44999694824219,77.55000305175781,77.9800033569336,19150,58.25707714547333,-0.821104255196687,-1.11705967129629,0.29595541609960296,2.1579036268133027,74.53127057176809,75.06647672578444,71.47071170697836,77.80427483392751,69.84172660039866,0.08170352778818457,0.024348108146583065,Tokyo
