timestamp,open,high,low,close,volume,rsi_14,macd,macd_signal,macd_histogram,atr_14,ema_20,ema_50,ema_150,bollinger_upper_20,bollinger_lower_20,return_5,volatility_20,session
2021-01-22,125.929,126.401,125.851,126.282,59543,51.24022038333367,-0.13863280849348314,-0.08002966848673036,-0.05860314000675278,0.6722913181286092,126.14638888187517,126.24738484583571,126.28123547604093,,,0.006720397962356239,,Tokyo
2021-01-25,126.286,126.368,125.807,125.972,60607,47.24856043484372,-0.13437965246588135,-0.09089966528256056,-0.04347998718332079,0.6608447343295415,126.12978041693468,126.23658544011667,126.2771396419212,,,0.00611791767167702,,Tokyo
2021-01-26,125.955,126.159,125.689,125.982,60500,47.39093294342113,-0.12871829486628883,-0.09846339119930622,-0.030254903666982608,0.6418139096017335,126.11570609151232,126.226601697367,126.27323050759111,,,-0.0002698070086338822,,Tokyo
2021-01-27,125.993,126.187,125.597,126.055,79369,48.483986922871445,-0.11699252130688365,-0.10216921722082171,-0.01482330408606193,0.6367892338123073,126.10992455898734,126.21987221903888,126.27034003729189,,,0.005808804168295767,,Tokyo
2021-01-28,126.051,126.664,125.988,126.34,85535,52.6226358498233,-0.08373737083947219,-0.09848284794455181,0.014745477105079619,0.6404969928713006,126.13183650575046,126.2245831124099,126.27126268580459,,,0.0033673242479113075,,Tokyo
2021-01-29,126.34,127.344,126.119,127.089,95246,61.399360666427896,0.0030207940092310537,-0.07818211955379524,0.0812029135630263,0.6945178684927619,126.22299493377423,126.25848181388403,126.2820936436085,127.42951900593775,125.10238099406226,0.006390459447902286,,Tokyo
2021-02-01,127.081,127.133,126.52,126.527,72446,53.405016813978804,0.026127381352125667,-0.05732021937261106,0.08344760072473673,0.6871387449301176,126.2519477972243,126.26901193882976,126.2853374364084,127.44716062528366,125.10833937471634,0.004405740958308257,0.003760210136511301,Tokyo
2021-02-02,126.531,126.822,126.266,126.417,68011,51.978478018764164,0.035158156263477736,-0.0388245442453933,0.07398270050887104,0.6754902669745987,126.26766705463152,126.27481539220899,126.28708131142285,127.4565244727543,125.1144755272457,0.003452874220126745,0.003765824018856796,Tokyo
2021-02-03,126.414,126.525,126.143,126.407,57343,51.84290201356759,0.04103516616538627,-0.022852602163237385,0.06388776832862365,0.649866593182951,126.28093685895232,126.27999910231846,126.28866963842388,127.38445253907925,125.12974746092077,0.002792431874975021,0.0035304267300484684,Tokyo
2021-02-04,126.401,126.462,126.098,126.229,60097,49.3742251160832,0.03097259368209393,-0.012087562994171124,0.04306015667626505,0.6252986115419304,126.27599049143305,126.27799913752166,126.28787931208714,127.2013213814327,125.19977861856728,-0.0008785816051923856,0.0034539141666376956,Tokyo
2021-02-05,126.236,126.993,126.141,126.977,62236,58.349732740727084,0.08240536346092142,0.006811022296847385,0.07559434116407404,0.6445030848420615,126.34275330177276,126.30541093605022,126.29700673841712,127.18063022594569,125.21126977405433,-0.0008812721793388656,0.0037012651082694494,Tokyo
2021-02-08,126.804,127.125,126.647,126.768,58294,55.394553842338915,0.1050902359262551,0.02646686502272893,0.07862337090352617,0.6305830830854449,126.38325298731822,126.3235516836561,126.30324505976259,127.19667633632042,125.20522366367956,0.001904731796375403,0.0036491260197546384,Tokyo
2021-02-09,126.768,126.848,126.436,126.7,66702,54.4286808456179,0.11624117320336325,0.0444217266588558,0.07181944654450745,0.6125288687850655,126.41341936947838,126.33831436272843,126.30850009208362,127.20530626070503,125.202393739295,0.002238622970011983,0.003651046724900761,Tokyo
2021-02-10,126.703,127.076,126.645,126.751,58921,55.06155440050593,0.127721352856895,0.06108165189846364,0.06663970095843137,0.59770080560531,126.44556990571853,126.35449811320966,126.31436101801629,127.25812042255582,125.19667957744416,0.002721368278655545,0.0035876835890687898,Tokyo
2021-02-11,126.751,127.162,126.7,127.04,46939,58.57251732084976,0.1583144126668401,0.08052820405213892,0.07778620861470117,0.5867287040227906,126.5021822956501,126.38138054014262,126.32397213036045,127.36364848786256,125.18035151213745,0.006424831061008218,0.0036045411135670067,Tokyo
2021-02-12,127.054,127.304,126.874,127.157,49884,59.937171187983544,0.18981251465280025,0.1023850661722712,0.08742744848052905,0.5741747300443438,126.56454588654057,126.41179698954878,126.33500561207752,127.44391810588763,125.27188189411237,0.001417579561652893,0.0033179913746629467,Tokyo
2021-02-15,127.168,127.972,127.124,127.784,43118,66.336811646657,0.26234450322125724,0.13437695358206841,0.12796754963918883,0.5959195829273181,126.6806843735367,126.46560887231158,126.3541975907255,127.60853748688078,125.3650625131192,0.008014640918843963,0.003390334769662748,Tokyo
2021-02-16,127.806,128.373,127.656,128.355,67001,70.89629372978223,0.3617317363934518,0.1798479101443451,0.1818838262491067,0.6054586019775455,126.84014300462844,126.53970264202485,126.38069828488808,127.97809185205712,125.22940814794292,0.013062352012628065,0.003248854445004385,Tokyo
2021-02-17,128.349,128.453,127.308,127.454,66557,57.63167243944204,0.3636022839056352,0.2165987848966031,0.1470034990090321,0.6476547194198664,126.8986055756162,126.57555744037683,126.39491420164454,127.9947053500056,125.42549464999436,0.005546307326963706,0.003424837425884149,Tokyo
2021-02-18,127.454,127.808,127.329,127.773,54302,60.45289043731158,0.386371490259549,0.25055332596919233,0.13581816429035665,0.6345534869262329,126.98188123508132,126.62251597212675,126.41316699367574,128.11405567641845,125.4918443235815,0.005769836272040196,0.0033290570164584334,Tokyo
2021-02-19,127.765,128.184,127.65,127.741,52688,60.02112938222877,0.3972548115879988,0.2798936230929536,0.11736118849504518,0.6267909453723642,127.05417826031167,126.66637809086689,126.4307541858125,128.22671696917473,125.52508303082526,0.0045927475483065194,0.003295348139934836,Tokyo
2021-02-22,127.604,128.245,127.506,127.719,62353,59.70541273186915,0.39949952417767065,0.3038148033098971,0.09568472086777358,0.6354035838467864,127.11749461647247,126.70765738142113,126.44781704427857,128.29374557446994,125.63275442553004,-0.0005086708821137043,0.0032235075345920954,Tokyo
2021-02-23,127.721,128.056,127.636,127.87,58771,61.2134545136593,0.4087510850479106,0.3248020596574998,0.08394902539041077,0.6189578213461319,127.18916179585605,126.75323944489482,126.46665390461925,128.3626730528312,125.75262694716876,-0.0037785828366638796,0.0032219645887468186,Tokyo
2021-02-24,127.874,128.876,127.681,128.774,81119,68.75308378719795,0.4834552870397175,0.3565327051339434,0.1269225819057741,0.6627225127797602,127.3400987676793,126.83248495685973,126.49721478005476,128.61971410187925,125.76748589812078,0.010356677703328376,0.0035155753066739674,Tokyo
2021-02-25,128.772,129.973,128.701,129.329,102434,72.31165110447384,0.5807482625371136,0.40137581661457744,0.1793724459225362,0.7088027587565726,127.52951793266222,126.93038750757111,126.53472186906068,129.0002607797202,125.68583922027976,0.012177846649918278,0.0035810493654618537,Tokyo
2021-02-26,129.329,129.521,128.559,128.629,132213,62.62438485831816,0.594516283083081,0.4400039099082782,0.15451237317480282,0.7278721738995725,127.63423051050391,126.99699976217617,126.56246065225193,129.1681736226308,125.67192637736918,0.006951566059448355,0.0036867787991626,Tokyo
2021-03-01,128.551,128.938,128.219,128.619,80297,62.495580988488236,0.5977303586324041,0.4715491996531034,0.1261811589793007,0.7272065573716328,127.7280180809321,127.06060761463986,126.58969958401019,129.29795001914357,125.75134998085642,0.007046719751955477,0.003497565448557947,Tokyo
2021-03-02,128.625,129.078,128.181,128.982,80899,65.28666605480132,0.6223940319701029,0.5017181661165033,0.12067586585359957,0.7398993373536787,127.84744493036715,127.13595633563438,126.62138568223523,129.45960306301134,125.84619693698865,0.00869633221240318,0.0035010121489879417,Tokyo
2021-03-03,128.982,129.455,128.736,129.068,79805,65.93350270944737,0.6414850121409899,0.5296715353214007,0.1118134768195892,0.7383422017649727,127.96368827033217,127.2117227538448,126.65379116988775,129.5982489732439,125.97365102675609,0.002283069563731921,0.0034928278654607534,Tokyo
2021-03-04,129.04,129.636,128.913,129.245,98199,67.28466993061132,0.663251620398654,0.5563875523368513,0.10686406806180271,0.7372026161769175,128.08571795887195,127.29145911643911,126.68811181664421,129.704945735176,126.168554264824,-0.0006495062978914001,0.0034451539183649204,Tokyo
2021-03-05,129.245,129.577,128.846,129.105,94904,65.08576190250207,0.6615787166643514,0.5774257852023514,0.08415293146199998,0.7367432082290205,128.1827924389794,127.36257836677484,126.72012358066216,129.82423308562363,126.26206691437636,0.0037005651913644133,0.0032914970276206436,Tokyo
2021-03-08,128.98,129.387,128.78,128.999,78712,63.39641760913232,0.6442728380501137,0.590795195771904,0.053477642278209725,0.7271588294449008,128.26052649240992,127.42675176415624,126.75030737429579,129.8780378994815,126.43136210051848,0.0029544624044659518,0.003263830816234291,Tokyo
2021-03-09,128.999,129.543,128.858,129.096,81449,64.30934706821532,0.631109852377449,0.598858127093013,0.032251725284435984,0.7240520670079404,128.3400953978947,127.49221247928736,126.78137615079518,129.90253381576153,126.64646618423846,0.0008838442573382288,0.0032472331538011346,Tokyo
2021-03-10,129.096,129.429,128.998,129.274,71091,65.98585693981188,0.6278042669942465,0.6046473550732597,0.02315691192098679,0.7025052824789184,128.4290386933333,127.56208649970746,126.81439103621513,129.918925930126,126.88237406987403,0.0015960578919638202,0.0032461114120399333,Tokyo
2021-03-11,129.268,130.056,129.213,130.036,73748,72.04063900418231,0.6788462811014995,0.6194871402789077,0.05935914082259175,0.7128136042545049,128.58208262730156,127.65910271540521,126.85706135361626,130.09445156462965,127.00644843537032,0.006120159387210222,0.0034168227264638907,Tokyo
2021-03-12,130.017,130.391,129.819,130.304,67549,73.80665430719816,0.7324792405177334,0.6420855603266729,0.09039368019106053,0.7025019211127042,128.74607475803475,127.7628241775462,126.90271617012466,130.29470517741458,127.12089482258541,0.009287014445606312,0.0034220048631528866,Tokyo
2021-03-15,130.2,130.487,129.989,130.173,63331,71.43157226802037,0.7557018811940566,0.6648088245001496,0.09089305669390702,0.6875533049999146,128.88197240012667,127.85734087646595,126.94603118773891,130.47966843496448,127.17483156503549,0.009100845742990415,0.00334064832692867,Tokyo
2021-03-16,130.167,130.397,129.491,129.71,58591,63.63708178482254,0.7283497976077626,0.6775170191216722,0.05083277848609047,0.7034946439053772,128.9608321715432,127.92999417542808,126.98264004617945,130.57674333106422,127.2132566689358,0.004756150461671993,0.003375589153744575,Tokyo
2021-03-17,129.712,130.441,129.71,130.392,61505,69.00259139314828,0.7530243783010349,0.6926184909575447,0.06040588734349017,0.7054987703645352,129.09713386949144,128.0265434234505,127.02779713166052,130.706843419301,127.37695658069899,0.008648297414793449,0.003025509691618029,Tokyo
2021-03-18,130.393,130.665,129.596,129.773,84022,60.305043295493306,0.714395922966105,0.6969739773592568,0.017421945606848177,0.7319466681553133,129.161502072397,128.09503191664854,127.06415743455244,130.72414183393462,127.55965816606542,-0.0020225168414901296,0.0032784999508074218,Tokyo
2021-03-19,129.758,129.997,129.321,129.614,64593,58.27319433073871,0.6633064388949776,0.6902404696664011,-0.026934030771423423,0.7278814655738055,129.2045971131211,128.15459929246626,127.09793018376368,130.68479844043574,127.78630155956428,-0.005295309430255357,0.0033017574506931874,Tokyo
2021-03-22,129.134,129.943,128.977,129.874,59177,60.61031533991749,0.6364607583390125,0.6794845274009234,-0.043023769061910855,0.7451623426101656,129.26834976901432,128.22202677119307,127.13469932040258,130.62901243408393,128.05758756591607,-0.0022969432985335825,0.003306390384563292,Tokyo
2021-03-23,129.874,129.92,128.599,128.677,61327,47.43715018621392,0.51268752419017,0.6461251267587728,-0.1334376025686027,0.7869046150024226,129.2120307433939,128.23986885859728,127.15512714397342,130.51621100567658,128.25108899432345,-0.007963919512759321,0.004000467749577104,Tokyo
2021-03-24,128.676,128.86,128.292,128.43,63800,45.251579667814894,0.3901678960201025,0.5949336806110388,-0.2047657845909363,0.7710531150059067,129.13755162497546,128.24732498178955,127.17201287716583,130.54740919533774,128.18549080466224,-0.015046935394809391,0.0036974723619361666,Tokyo
2021-03-25,128.428,128.944,128.34,128.462,70793,45.60126126087719,0.29228308311169826,0.5344035611111707,-0.24212047799947245,0.7589682227411255,129.0732133749778,128.25574360995466,127.18909879932258,130.57156851866816,128.07463148133186,-0.010102255476871158,0.003549774229467786,Tokyo
2021-03-26,128.461,129.46,128.451,129.342,57183,54.25430311382236,0.28246127148133837,0.4840151031852043,-0.20155383170386593,0.7770394257003842,129.09881210117038,128.29834189976037,127.21761404701368,130.56372772418817,128.15377227581186,-0.002098538738099176,0.0036799827889051413,Tokyo
2021-03-29,129.319,129.429,128.832,129.18,59458,52.595682366687164,0.2586241111272898,0.43893690477362146,-0.18031279364633168,0.764037976615139,129.1065442820113,128.33291672722075,127.24360591394067,130.54446090844752,128.22913909155247,-0.00534364075950533,0.0036952926576444512,Tokyo
2021-03-30,129.189,129.546,129.095,129.285,56397,53.58610350636304,0.24537705830144318,0.4002249354791858,-0.15484787717774262,0.7414498612396514,129.1235400646769,128.37025332615326,127.27064424620636,130.54514579296497,128.25875420703503,0.004725009131391067,0.003647909490936848,Tokyo
2021-03-31,129.286,130.047,129.22,129.856,72566,58.64609742383947,0.277751851007082,0.3757303185847651,-0.09797846757768308,0.7476184685756542,129.19329815375528,128.42851790159824,127.30488736877317,130.59038625979164,128.29231374020836,0.011103324768356293,0.0037713375893299772,Tokyo
2021-04-01,129.851,130.266,129.651,130.227,59113,61.57708990727477,0.3295468954231069,0.3664936339524335,-0.03694673852932662,0.7380624568842642,129.29174594863574,128.49904661133948,127.34359084733246,130.68709680186817,128.29380319813185,0.013739471594713004,0.003807787537804169,Tokyo
2021-04-02,130.22,130.317,129.938,130.123,40975,60.28715700176788,0.35807524195507767,0.36480995555296236,-0.0067347135978846895,0.7122059366189871,129.37091300114662,128.5627310579536,127.38040421359295,130.75543909323656,128.32726090676343,0.006038255168467899,0.0038025589736368185,Tokyo
2021-04-05,130.031,130.266,129.834,130.134,45542,60.38169097800261,0.37722337394498595,0.36729263923136707,0.009930734713618883,0.6920397189361716,129.4435879534184,128.6243494478378,127.41687568096258,130.8115542083613,128.3846457916387,0.00738504412447738,0.0037927186898415893,Tokyo
2021-04-06,130.121,130.562,129.811,130.29,71637,61.77151752107493,0.4003710742340161,0.3739083262318969,0.026462748002119174,0.6962807543918559,129.5241986245214,128.68966907733437,127.4549303077048,130.8846553897541,128.43094461024592,0.007773523610627553,0.0037959736889511624,Tokyo
2021-04-07,130.29,130.683,130.138,130.363,75753,62.43560307425211,0.4197674653524075,0.38308015405599904,0.036687311296408454,0.6854045299437923,129.6040844698051,128.75528989783106,127.49344778707295,130.96379941866817,128.4607005813318,0.0039043247905372613,0.003789969737643234,Tokyo
2021-04-08,130.366,130.478,129.573,130.172,62419,59.52213243222719,0.41494392602518815,0.38945290844983693,0.025491017575351216,0.7011848438874403,129.658171663157,128.81084715673967,127.52892529982695,130.97945235430484,128.45864764569518,-0.00042233945341596524,0.0035834875068538148,Tokyo
2021-04-09,130.172,130.55,130.049,130.5,58762,62.73780573982691,0.43260133622720787,0.39808259400531115,0.034518742221896714,0.6868056093832927,129.73834579047536,128.87708844471067,127.5682772826107,131.0112583059456,128.44644169405444,0.0028972587474929146,0.003598407853607445,Tokyo
2021-04-12,130.296,130.609,129.894,130.272,49895,59.216201655595434,0.4233175255737933,0.40312958031900764,0.020187945254785677,0.6888299942159487,129.78917000090627,128.93179085864358,127.60408817952975,131.02416634536996,128.44343365463004,0.0010604453870626251,0.0036139522448885037,Tokyo
2021-04-13,130.272,130.496,129.798,130.3,63471,59.51673633156945,0.41345337163650697,0.40519433858250753,0.008259033053999443,0.6894881644962741,129.83782047701044,128.98544611908895,127.6397956208605,131.07812047603875,128.44847952396123,7.675186123279332e-05,0.0035131455241283935,Tokyo
2021-04-14,130.295,130.582,130.031,130.461,55539,61.28341081372481,0.4138566314105958,0.4069267971481252,0.006929834262470624,0.6795517152758789,129.89717090777134,129.04331097716388,127.67716256627956,131.08885834415508,128.44464165584492,0.0007517470447904184,0.0033209195269980523,Tokyo
2021-04-15,130.481,130.552,130.023,130.112,52689,55.61741732303754,0.3816158049497176,0.4018645987084437,-0.020248793758726125,0.668753177945012,129.91763082131692,129.08522035060844,127.70941206871296,131.11480735064745,128.45259264935257,-0.00046092861752145,0.003193309075495927,Tokyo
2021-04-16,130.099,130.54,129.975,130.346,51814,58.394920789867356,0.37067366678292046,0.3956264123233391,-0.024952745540418653,0.6613135486784749,129.9584278859534,129.13466268980028,127.7443337631671,131.17185771339294,128.46874228660707,-0.001180076628352511,0.0031972635074973277,Tokyo
2021-04-19,130.136,130.325,129.699,130.149,73186,55.25958055845834,0.34216146546381765,0.38493342295143484,-0.042771957487617196,0.6602874783269501,129.97657761110068,129.1744406235336,127.77618364709866,131.1934804496254,128.47461955037457,-0.0009441783345615073,0.0031942491511494316,Tokyo
2021-04-20,130.154,130.971,129.992,130.082,75057,54.193836889752866,0.3105788408923047,0.3700625065396088,-0.05948366564730412,0.6831286030405893,129.9866178386149,129.2100311873166,127.80672426104438,131.15264679729475,128.6559532027052,-0.0016730621642364607,0.0023251239606423115,Tokyo
2021-04-21,130.084,130.142,129.636,130.042,56472,53.53007411308286,0.27910437616085915,0.3518708804638589,-0.07276650430299975,0.6704373769125659,129.99189233017538,129.24265741526494,127.83633056222261,131.022886897798,128.94691310220196,-0.003211687784088868,0.002262252306423795,Tokyo
2021-04-22,130.072,130.467,129.673,129.711,65039,48.262337718309105,0.22485966018993508,0.3264686364090742,-0.10160897621913911,0.6792886541404698,129.9651406796825,129.2610237911369,127.86116062100112,130.8145083312873,129.2801916687127,-0.0030819601574026967,0.0023705368337403714,Tokyo
2021-04-23,129.711,130.562,129.59,130.502,60627,58.717395770444355,0.24289745069486912,0.3097543992662332,-0.0668569485713641,0.7002524151683701,130.01627013876035,129.3096895248178,127.89613862602098,130.82169078188377,129.3890092181162,0.001196814631826193,0.002269012553293855,Tokyo
2021-04-26,130.436,130.76,130.207,130.627,59573,60.08992133903359,0.26423307059826584,0.30065013353263975,-0.03641706293437391,0.6897083209819553,130.07443488744983,129.36134875913868,127.93230897534521,130.78443243908004,129.57096756092,0.0036727135821250645,0.002235452110993555,Tokyo
2021-04-27,130.613,131.5,130.569,131.429,53481,67.54544363250884,0.3419150170114733,0.30890311022840644,0.03301190678306687,0.7069830932035904,130.2034410886451,129.4424331215254,127.97862276375123,130.97887281912523,129.59092718087476,0.010355006841838321,0.0025590944642784647,Tokyo
2021-04-28,131.369,131.816,131.367,131.66,66834,69.32302820120907,0.41730782383652354,0.3305840529500299,0.08672377088649363,0.688516368854388,130.3421609849646,129.52939652852442,128.02738272714527,131.27326371734685,129.47693628265316,0.012442134079758915,0.002429014520588129,Tokyo
2021-04-29,131.697,132.366,131.585,132.012,63232,71.85292727836418,0.4997003895958869,0.3644073202792013,0.1352930693166856,0.6951354428858966,130.50119327211084,129.6267535274058,128.0801591148652,131.61874777418922,129.30995222581078,0.017739436131091413,0.0024207701030918988,Tokyo
2021-04-30,132.0,132.191,131.376,131.427,64846,62.61143225410064,0.5118917116056707,0.3939041985444952,0.1179875130611755,0.7037129608610856,130.58936534143362,129.69735142829185,128.12448813321137,131.74827815068153,129.31082184931853,0.007088013976797258,0.0026628459604458128,Tokyo
2021-05-03,131.376,132.163,131.341,131.568,53851,63.81930882441325,0.5268576566377874,0.42049489016315367,0.10636276647463372,0.7121764784417881,130.68256864224946,129.7707101958098,128.17009756191055,131.88878274868944,129.31371725131055,0.007203717455043668,0.002663922109671627,Tokyo
2021-05-04,131.563,131.638,131.144,131.318,65423,60.111262451614884,0.5126360163451409,0.43892311539955114,0.07371290094558974,0.696567709878305,130.74308591441618,129.83138822734668,128.21179163393822,131.9696068230146,129.33569317698544,-0.0008445624633831583,0.00271382561703465,Tokyo
2021-05-05,131.332,131.46,130.985,131.051,52478,56.34586319157092,0.47435255439111756,0.44600900319786446,0.028343551193253103,0.6807181228858057,130.77241106542417,129.87921613999976,128.24939704276025,132.0080863515459,129.3660136484541,-0.004625550660793065,0.0027669460460672873,Tokyo
2021-05-06,131.054,131.85,131.005,131.603,68868,61.68894469185937,0.4829868499611507,0.4534045725505217,0.02958227741062902,0.6924685979863883,130.851514773479,129.94681550705857,128.29381562497537,132.11667144994595,129.40052855005405,-0.003098203193648952,0.0028689811619020877,Tokyo
2021-05-07,131.616,132.172,131.48,132.08,74252,65.60643209825537,0.5222987698526254,0.4671834120109425,0.055115357841682866,0.6924350841807668,130.968513366481,130.03046980089943,128.34396376239292,132.3112353044518,129.36396469554822,0.004968537667298323,0.002918920388115612,Tokyo
2021-05-10,131.986,132.528,131.98,131.98,64733,64.1260151396034,0.5391693763789647,0.4815806048845469,0.05758877149441777,0.6821061235784546,131.06484542681613,130.10692196557005,128.39212318275858,132.45541577428045,129.39058422571955,0.0031314605375165616,0.002885131023812793,Tokyo
2021-05-11,131.98,132.473,131.783,131.937,72900,63.462867147014215,0.5428125082571,0.4938269855590576,0.04898552269804246,0.6826705894082505,131.14790776711936,130.17868973162612,128.43907519358297,132.57164320840218,129.43805679159783,0.004713748305639642,0.0028919617753055933,Tokyo
2021-05-12,131.937,132.449,131.642,132.403,85033,67.39770243500826,0.5766547055034437,0.5103925295479348,0.06626217595550887,0.6915602920909995,131.26744036072705,130.26591758528784,128.49157750889975,132.76460336134758,129.43929663865245,0.010316594302981263,0.0029619424062394817,Tokyo
2021-05-13,132.403,132.733,132.035,132.203,79001,64.2019784160671,0.5806432679556792,0.5244426772294837,0.05620059072619554,0.6920207055252783,131.35654127875304,130.34188160155105,128.54073542268915,132.8700202370118,129.5429797629882,0.004559166584348295,0.0029019605765781935,Tokyo
2021-05-14,132.205,132.842,132.146,132.808,62786,68.99171838881486,0.6254133010113208,0.5446368019858512,0.08077649902546957,0.6923051900251941,131.49477544268132,130.4385921269804,128.5972554833158,133.08674737721785,129.57245262278215,0.00551181102362186,0.0030159796304037225,Tokyo
2021-05-17,132.632,132.951,132.433,132.731,54752,67.7492722248372,0.6472198704878735,0.5651534156862557,0.0820664548016179,0.6798446847222145,131.6125111148069,130.52849047494198,128.65200706631822,133.22997442671576,129.68742557328423,0.005690256099408986,0.0029831696695921724,Tokyo
2021-05-18,132.729,133.189,132.665,133.089,57736,70.41676507813416,0.6854874691320276,0.58922022637541,0.09626724275661758,0.6687045080065773,131.7531291038729,130.62890261317955,128.71077518464514,133.39868006762507,129.81941993237493,0.008731440005457003,0.0029846904431222484,Tokyo
2021-05-19,133.089,133.438,132.636,132.974,80997,68.45797765218876,0.6984835937776381,0.6110728998558557,0.08741069392178247,0.6782322963722942,131.86940252255167,130.72086721658428,128.7672417384909,133.48409904923165,130.02720095076836,0.004312591104431052,0.0030014827074869204,Tokyo
2021-05-20,132.974,133.09,132.707,133.024,65735,68.86352127908611,0.7046944197105063,0.6297972038267858,0.07489721588372045,0.6571305336731381,131.97936418707056,130.81118614926726,128.82362264261684,133.44791415522968,130.39468584477032,0.006210146517098725,0.0028824968258954805,Tokyo
2021-05-21,132.99,133.209,132.533,132.698,60727,63.16145271550184,0.67552404778084,0.6389425726175967,0.03658147516324328,0.6584791682001886,132.04780569306382,130.88517884929598,128.87493889900603,133.43918535925476,130.6230146407452,-0.0008282633576289777,0.0027606841572140562,Tokyo
2021-05-24,132.596,133.045,132.523,132.867,69280,64.78914952370782,0.658452969513661,0.6428446519968095,0.015608317516851433,0.6487251793562253,132.12582419848633,130.9628973257942,128.92781388047615,133.4322611144258,130.8539388855742,0.0010246287604251947,0.0027623240145073814,Tokyo
2021-05-25,132.847,133.613,132.751,133.223,78633,67.9969702440363,0.6659733159480368,0.647470384787055,0.018502931160981784,0.6639670420639495,132.23031713196383,131.051528803214,128.98470376285394,133.561790214213,130.903809785787,0.0010068450435423149,0.0025124679834193807,Tokyo
2021-05-26,133.222,133.413,132.997,133.052,73306,64.93673496528783,0.6506348601237448,0.648103279854393,0.002531580269351852,0.6462465311484921,132.30857264320537,131.12997865406837,129.03857523619362,133.6507422023867,130.9540577976133,0.0005865808353513469,0.002535674147445751,Tokyo
2021-05-27,133.05,134.057,132.931,133.89,82931,71.66647709962659,0.6980519119978794,0.6580930062830903,0.039958905714789106,0.6805300487515424,132.4591847724239,131.23821478528137,129.10283251783343,133.91082088654784,130.88177911345215,0.006510103439980597,0.0028098340176287416,Tokyo
2021-05-28,133.89,134.005,133.607,133.922,77254,71.88835952379144,0.7297997228736506,0.6724343496012024,0.05736537327244817,0.6603409029512933,132.59850050838352,131.34346126428994,129.16666255070982,134.10865932155707,130.93344067844293,0.009223952131908408,0.0025405558393083224,Tokyo
2021-05-31,133.883,134.02,133.66,133.924,59729,71.90316915906192,0.7465161020740538,0.6872507000957727,0.05926540197828112,0.6388796621727455,132.72473855520414,131.44465886176877,129.2296736427534,134.277515602829,131.00018439717098,0.007955323744797571,0.0025486533445072904,Tokyo
2021-06-01,133.946,134.125,133.707,133.707,68978,67.73373048987344,0.7337951330478916,0.6965595866861964,0.03723554636169513,0.6230968624705179,132.8182872642323,131.53337812209156,129.28897597861098,134.3388230446713,131.17777695532868,0.0036330063127236745,0.002533229657834874,Tokyo
2021-06-02,133.721,134.07,133.646,133.749,72452,68.11906231871974,0.7188166515254295,0.7010109996540431,0.017805651871386385,0.6088709031699783,132.90692657240066,131.62026525455857,129.34804914445718,134.31249598559887,131.47390401440114,0.005238553347563402,0.0024427371112843224,Tokyo
2021-06-03,133.761,133.917,133.621,133.74,78660,67.93184868934705,0.6981717825089504,0.7004431562250246,-0.002271373716074221,0.5865160434004844,132.9862668988387,131.70339210732098,129.40622067896768,134.3292777892783,131.67082221072167,-0.001120322652923833,0.002333963172359753,Tokyo
2021-06-04,133.74,133.813,133.141,133.244,71300,58.405124235773265,0.6344737024247138,0.6872492654649625,-0.05277556304024866,0.5926238005189761,133.0108129084731,131.76380810311232,129.45705219315354,134.31797392547784,131.79852607452213,-0.005062648407281878,0.002442386067370917,Tokyo
2021-06-07,133.208,133.385,132.888,133.169,57325,57.10111980810518,0.5713544236986081,0.6640702971116916,-0.09271587341308352,0.5857917007243372,133.02587834576138,131.81891366769617,129.5062170647674,134.27088800220142,131.96451199779855,-0.005637525760879281,0.0024377584731942264,Tokyo
2021-06-08,133.169,133.422,133.132,133.263,65604,58.35608292036192,0.5228894113212164,0.6358341199535966,-0.11294470863238026,0.5646584706256651,133.04846136045077,131.8755445042571,129.55597577914136,134.1950857113963,132.1729142886037,-0.003320693755749393,0.002431418097774097,Tokyo
2021-06-09,133.258,133.624,133.201,133.504,55870,61.46834751316646,0.4981844653124483,0.608304189025367,-0.11011972371291867,0.5545376731228717,133.0918459927888,131.93940550409016,129.60826749067593,134.18914439420251,132.28895560579747,-0.0018317893965562604,0.002347774779258322,Tokyo
2021-06-10,133.501,133.758,133.042,133.08,78714,53.844106586908694,0.43932806071512687,0.574508963363319,-0.13518090264819216,0.5660731680948188,133.09071780299936,131.9841347000082,129.65425070271996,134.10383243519684,132.46196756480313,-0.004934948407357531,0.0024473985815643734,Tokyo
2021-06-11,133.078,133.413,132.659,132.785,71653,49.265543575932334,0.3646761418914082,0.5325423990689369,-0.16786625717752868,0.5794991844443004,133.06160182176134,132.01554118236083,129.69571758082964,134.10554299264874,132.45795700735124,-0.003444808021374368,0.002294930747106534,Tokyo
2021-06-14,132.687,133.434,132.648,133.369,59690,57.051538947897576,0.3486192124210561,0.4957577617393607,-0.1471385493183046,0.594251968226645,133.09087783873645,132.06861799873886,129.74437032810343,134.09601491014865,132.53128508985134,0.0015018510313962175,0.0024904167159297236,Tokyo
2021-06-15,133.369,133.682,133.272,133.451,60592,58.025589339744286,0.33860743904776314,0.4643276972010412,-0.12572025815327809,0.581088855214396,133.12517518742823,132.12282905761185,129.7934647608438,134.10896442546974,132.55453557453026,0.0014107441675483834,0.0024251389181225245,Tokyo
2021-06-16,133.461,133.584,132.684,132.767,75473,48.204712805172406,0.272340580261897,0.4259302738132124,-0.1535896935513154,0.6038718519601534,133.09106326481603,132.14809066319572,129.83284933354784,134.1237794613525,132.51902053864745,-0.005520433844678818,0.002691612171812372,Tokyo
2021-06-17,132.758,132.876,131.022,131.185,104139,33.90958073508946,0.09111907460044222,0.3589680339706584,-0.2678489593702162,0.6931799299998455,132.90953343007163,132.11032240189394,129.85075861389822,134.47463212153477,131.9842678784652,-0.014239555154794137,0.003781069909275652,Tokyo
2021-06-18,131.183,131.429,130.656,130.703,85559,30.90267389045725,-0.09035212299301065,0.2691040025779246,-0.35945612557093526,0.6988821467875893,132.69938738911242,132.05513328809417,129.86204657927706,134.8008976291839,131.45850237081612,-0.015679481869186995,0.0038208459373676993,Tokyo
2021-06-21,130.54,131.496,130.038,131.382,98196,39.09584283981585,-0.17733551571728867,0.17981609891888195,-0.3571516146361706,0.7531117671441347,132.57392192348266,132.02873590424736,129.88217841266413,134.8988715869868,131.21202841301323,-0.014898514647331829,0.004024687136247783,Tokyo
2021-06-22,131.369,132.197,131.212,132.135,77469,46.650746048372135,-0.18339560385490472,0.1071737583641246,-0.2905693622190293,0.7696771742204531,132.53211983553194,132.03290312368864,129.91201710918514,134.88736821560596,131.11473178439408,-0.009861297405040048,0.0042066344954273145,Tokyo
2021-06-23,132.135,132.692,132.015,132.298,75370,48.1501101777915,-0.17305070876210493,0.0511288649388787,-0.22417957370098363,0.7630566479862855,132.50982270833842,132.04329907962241,129.94361953158005,134.8753448552013,131.0513551447987,-0.003532504312065421,0.004216741593478449,Tokyo
2021-06-24,132.279,132.578,132.114,132.248,72918,47.70718573496587,-0.16696225011375532,0.007510641928351901,-0.17447289204210722,0.7416932772749809,132.48488721230618,132.05132656669605,129.9741411271883,134.7665352778685,130.99596472213148,0.008103060563326547,0.00392402645593706,Tokyo
2021-06-25,132.246,132.454,132.119,132.23,58507,47.53765155519272,-0.16172528393497032,-0.026336543244312543,-0.1353887406906578,0.7126410026401603,132.46061223970557,132.05833336800208,130.004020052656,134.63660140382063,130.95669859617936,0.011682975907209459,0.003920615056409989,Tokyo
2021-06-28,132.098,132.346,131.777,131.885,64936,44.28901751344659,-0.18330059209765182,-0.0577293530149804,-0.12557123908267143,0.7023800275430371,132.40579202640026,132.05153598102163,130.02893369434267,134.49721649820918,130.89218350179084,0.0038285305445189266,0.003941628583793024,Tokyo
2021-06-29,131.938,131.967,131.277,131.501,64468,40.93578974542244,-0.22874790656018718,-0.09193306372402177,-0.1368148428361654,0.7014956675554,132.3196213572193,132.02994633470706,130.048431261305,134.3960528539316,130.77274714606844,-0.004798123131645515,0.003966939101731126,Tokyo
2021-06-30,131.432,131.78,131.277,131.713,77593,43.48003073210109,-0.24483628220392006,-0.12251370742000142,-0.12232257478391864,0.6873163290810507,132.26184789462698,132.01751706667935,130.0704785293672,134.24690626294705,130.71829373705293,-0.004421835553069631,0.003997137341938399,Tokyo
2021-07-01,131.704,132.43,131.56,132.131,74654,48.21645627791606,-0.22130624850936442,-0.14227221563787404,-0.07903403287149038,0.700366082697634,132.2493861903768,132.02196737778996,130.09777020447493,134.0690925241885,130.7352074758115,-0.0008847014699654432,0.004091327587943027,Tokyo
2021-07-02,132.132,132.229,131.678,131.719,70785,44.277863564288175,-0.23321512526140964,-0.16046079756258116,-0.07275432769882847,0.6896963783274311,132.19887321986474,132.01008630415114,130.11924344679977,133.9700612035194,130.68173879648057,-0.00386447856008465,0.00406970499279238,Tokyo
2021-07-05,131.59,131.867,131.544,131.614,70264,43.30695091551312,-0.2482637879558922,-0.17802139564124336,-0.07024239231464885,0.6635021876247158,132.14317100844903,131.99455350790993,130.13904154684215,133.87137593362093,130.6249240663791,-0.0020548204875459053,0.0040700046265732875,Tokyo
2021-07-06,131.614,131.861,130.618,130.779,80720,36.46006887551015,-0.32383452040363636,-0.20718402059372196,-0.1166504998099144,0.7048972250317391,132.01324996002532,131.94688474289387,130.14751781774493,133.7995058355051,130.4483941644949,-0.005490452544087199,0.004254653083245326,Tokyo
2021-07-07,130.762,131.035,130.418,130.427,83858,34.01838307922581,-0.4074317094108153,-0.24723355835714067,-0.16019815105367463,0.6986185227310068,131.86217853526102,131.88728141964313,130.15121956850328,133.67688335812701,130.26331664187293,-0.009763652790537036,0.004220592169636247,Tokyo
2021-07-08,130.425,130.525,129.62,130.015,100985,31.370307907100425,-0.5011510830271106,-0.2980170632911347,-0.20313401973597595,0.7133607743123002,131.68625676999807,131.8138586188728,130.14941533580787,133.64977096765918,129.9839290323408,-0.016014409941648933,0.004220163333629371,Tokyo
2021-07-09,130.015,130.872,129.87,130.757,85405,40.37261417775163,-0.5096759360538101,-0.34034883784366976,-0.16932709821014036,0.7339787936442178,131.59775612523634,131.7724131828386,130.1574628148038,133.54724089532922,129.88365910467078,-0.007303426233117416,0.004478890550727715,Tokyo
2021-07-12,130.672,130.986,130.451,130.882,57736,41.75861727862835,-0.5005751692109186,-0.37239410411711954,-0.12818106509379906,0.7197654262113878,131.52958887521382,131.7374950188057,130.16705933381303,133.2825383664115,129.89966163358847,-0.005561718358229384,0.004334261145158066,Tokyo
2021-07-13,130.878,131.087,130.211,130.266,67869,37.1729659601055,-0.5368799795851373,-0.4052912792107231,-0.13158870037441422,0.7309254734998296,131.4092470775744,131.67978933179373,130.16836980621287,132.9796177338332,129.88408226616679,-0.00392264813158083,0.004397068288292509,Tokyo
2021-07-14,130.255,130.433,130.019,130.129,66177,36.22031955030061,-0.5701344039001413,-0.43825990414860677,-0.13187449975153448,0.7082871205376808,131.2873187844721,131.61897406388024,130.16784835182594,132.81797287965574,129.78192712034425,-0.002284802993245294,0.004298638365245606,Tokyo
2021-07-15,130.118,130.201,129.613,129.716,75351,33.43828402569936,-0.6226370508261425,-0.47513533348411396,-0.14750171734202855,0.6996948946644523,131.13766937642714,131.5443476300026,130.16186360544415,132.9019358427461,129.55106415725393,-0.002299734646002194,0.003489070797420359,Tokyo
2021-07-16,129.716,130.281,129.6,129.952,69819,36.44245167347746,-0.6378498135080406,-0.5076782294888993,-0.1301715840191413,0.6983595033823405,131.02474848343408,131.48190262490445,130.15908395504093,132.94548684096995,129.43241315903006,-0.006156458162851708,0.003446841125896639,Tokyo
2021-07-19,129.732,129.964,128.888,129.119,91524,31.105906403401264,-0.7089498433755352,-0.5479325522662265,-0.16101729110930874,0.7253346060581027,130.84324862786895,131.38923977686898,130.14530800861655,133.05714028002856,129.09445971997147,-0.013470148683547012,0.0034550145596853646,Tokyo
2021-07-20,129.189,129.485,128.592,129.404,88449,34.63283604656914,-0.7338407517517567,-0.5851141921633325,-0.14872655958842418,0.737311027807952,130.70617732997667,131.31138723659961,130.1354893594958,132.988496934852,128.89000306514797,-0.006617229361460364,0.003181280532831423,Tokyo
2021-07-21,129.386,130.189,129.157,130.05,73617,41.89402799480882,-0.6934465545906789,-0.6067806646488019,-0.08666588994187707,0.7583607659272303,130.64368425093127,131.26192107045847,130.13435705009852,132.80776422540742,128.8459357745926,-0.0006070898877266195,0.003423534895942872,Tokyo
2021-07-22,130.043,130.295,129.483,129.627,75548,38.850759171547224,-0.6876397442269706,-0.6229524805644356,-0.06468726366253497,0.7621922286626435,130.54685717941402,131.19780651867578,130.12763708917007,132.62701675307792,128.76458324692211,-0.0006861142804279741,0.003462673131675571,Tokyo
2021-07-23,129.61,130.184,129.557,130.106,66472,43.8269395423446,-0.6370430723553682,-0.6257705989226222,-0.011272473432745955,0.7525354329055182,130.5048707813746,131.15499057676692,130.12735050520754,132.39509551734648,128.7841044826535,0.0011850529426249423,0.0036151897860918418,Tokyo
2021-07-26,129.952,130.346,129.674,130.257,74047,45.33710248819386,-0.578096471061599,-0.6162357733504176,0.038139302288818566,0.7467827869291247,130.48126404029128,131.11977526003096,130.12906771705912,132.21170469697972,128.8046953030203,0.008813575074156477,0.003614589211407324,Tokyo
2021-07-27,130.255,130.294,129.545,129.69,77636,40.8916021682481,-0.5705560116882964,-0.6070998210179933,0.03654380932969692,0.7469411622326296,130.40590556026353,131.06370564199054,130.123252250608,132.09121993469532,128.7440800653047,0.0022101326079564387,0.003676862032709564,Tokyo
2021-07-28,129.678,130.235,129.622,130.161,87220,45.658350605091755,-0.5205735319891289,-0.5897945632122205,0.06922103122309153,0.7373737713678236,130.38258122119083,131.02830542073602,130.12375222079862,131.90085107299873,128.77924892700125,0.0008535178777393515,0.003769715491349821,Tokyo
2021-07-29,130.161,130.561,129.895,130.103,67374,45.175219404154745,-0.4801077882705158,-0.5678572082238795,0.08774941995336372,0.7322755632021619,130.3559544382203,130.99201893364835,130.12347735694698,131.55370665677438,128.92359334322563,0.003672074490653987,0.0036650998130371166,Tokyo
2021-07-30,130.098,130.498,130.015,130.189,76108,46.086181073505436,-0.4360721453197982,-0.5415001956430633,0.10542805032326508,0.7144699010685978,130.34005401553264,130.9605279950739,130.12434520652383,131.2774512857049,129.0468487142951,0.0006379413708821335,0.0036349650815059842,Tokyo
2021-08-02,130.031,130.418,129.598,129.729,59296,42.06048028640807,-0.43329695901576315,-0.5198595483176033,0.08656258930184013,0.7220078693579433,130.28185839500574,130.91223277958082,130.11910884617254,130.96357378930185,129.1722262106981,-0.004053524954512944,0.0036946575369823623,Tokyo
2021-08-03,129.729,129.868,129.165,129.331,64759,38.89476504742545,-0.4579340984183773,-0.5074744583377581,0.04954035991938077,0.7206501469961966,130.19130045262423,130.8502236509698,130.10867031840868,130.883208226129,129.10779177387099,-0.002768139409360826,0.003498122744812447,Tokyo
2021-08-04,129.327,129.818,129.135,129.574,69336,41.77618249226738,-0.45263346292563256,-0.496506259255333,0.043872796329700425,0.7179608187646961,130.13250993332667,130.80017566465727,130.10158859233707,130.8352167396033,129.0704832603967,-0.00450979940227858,0.003500416769038392,Tokyo
2021-08-05,129.574,130.011,129.525,129.869,61468,45.15720284920407,-0.4197895637455247,-0.48116292015337137,0.06137335640784669,0.701392005684697,130.10741374920033,130.76365897192562,130.09850794872995,130.8281675126772,129.0629324873228,-0.001798574975211964,0.0034796897162873153,Tokyo
2021-08-06,129.868,129.963,129.548,129.625,61763,42.93632597515447,-0.40873762491503385,-0.46667786110570386,0.057940236190670014,0.680935223853897,130.06146958260982,130.71900567890893,130.09223632026996,130.69426719151377,129.08363280848621,-0.0043321632395977305,0.0032240121769989585,Tokyo
2021-08-09,129.56,129.693,129.391,129.485,58438,41.670004734597846,-0.4065888110174569,-0.4546600510880545,0.0480712400705976,0.6538681641436511,130.00656771759935,130.67061329934387,130.08419345510083,130.49344050433717,129.1447594956628,-0.001880843913080299,0.0032099177114571424,Tokyo
2021-08-10,129.482,129.684,129.394,129.552,59908,42.54335949463497,-0.39492704729696015,-0.44271345032983567,0.04778640303287551,0.6278773509392925,129.96327555401845,130.6267461111343,130.07714453516573,130.43327849876582,129.13352150123418,0.0017087937153505983,0.003061017857635873,Tokyo
2021-08-11,129.553,129.804,129.498,129.612,60409,43.3612098549696,-0.37650341991141545,-0.4294714442461517,0.05296802433473624,0.6048859226194819,129.92982073935002,130.5869521459918,130.07098368039533,130.39045457416597,129.12464542583405,0.00029326871131529764,0.003059514608094343,Tokyo
2021-08-12,129.573,129.709,129.389,129.5,50833,42.154969495947334,-0.3667127896815998,-0.4169197133332413,0.05020692365164148,0.5845367728430294,129.8888854308405,130.5443265716392,130.06342098264176,130.3899282514654,129.1035717485346,-0.002841324719525029,0.0029837093670616686,Tokyo
2021-08-13,129.451,129.696,129.233,129.277,47687,39.78200801681859,-0.37265217865046907,-0.4080662063966869,0.035414027746217824,0.5758555132603935,129.8306106279033,130.49462749039844,130.05300481068625,130.381183397453,129.04481660254706,-0.002684667309546862,0.0029700001032611782,Tokyo
2021-08-16,129.22,129.431,128.498,128.654,51787,34.02033779231492,-0.42275680329956344,-0.41100432577726226,-0.011752477522301186,0.6013660016163023,129.7185524728649,130.42244602018675,130.03447494564404,130.46821836801516,128.91128163198485,-0.006417731783604386,0.0028124232182025694,Tokyo
2021-08-17,128.641,128.873,128.251,128.353,64454,31.636313381516104,-0.48120621801552943,-0.4250447042249157,-0.05616151379061374,0.602839867649861,129.58849985640157,130.34129127429708,130.012203754311,130.61361440727646,128.66078559272356,-0.009254970976904864,0.0027931842153828524,Tokyo
2021-08-18,128.353,128.943,128.217,128.532,63247,34.572629193764044,-0.5072368851802764,-0.44148314041598785,-0.06575374476428858,0.6116370698767472,129.48788082245855,130.27033867530503,129.99259840657177,130.6338695855233,128.48873041447672,-0.008332561799833216,0.002532036978561515,Tokyo
2021-08-19,128.473,128.705,127.928,128.167,84344,31.59280906956704,-0.550967614324378,-0.4633800351976659,-0.08758757912671211,0.6234487699762109,129.36208264889106,130.18785480568522,129.96841829522646,130.72779074432333,128.24880925567663,-0.010293436293436264,0.0025106503888546457,Tokyo
2021-08-20,128.165,128.523,127.945,128.457,61447,36.29117715774167,-0.5558168452569703,-0.4818673972095268,-0.07394944804744347,0.6202024133809563,129.27588430137763,130.11997814663874,129.94839950985923,130.69087865419624,128.1208213458038,-0.006342968973599317,0.002401182801768775,Tokyo
2021-08-23,128.212,129.142,128.102,128.853,58930,42.13556305439187,-0.5216922615687167,-0.4898323700813648,-0.03185989148735191,0.6501880915071963,129.23560960600832,130.0702927291235,129.93389090707961,130.57757503799547,128.09372496200456,0.0015467843984642293,0.0025124866817522584,Tokyo
2021-08-24,128.807,129.031,128.593,128.929,55285,43.212268509385794,-0.48294858760706916,-0.4884556135865057,0.005507025979436531,0.6350317353196209,129.2064086911504,130.02553615151083,129.92058109374082,130.54044383572514,128.05475616427483,0.004487623974507748,0.0023552467473295603,Tokyo
2021-08-25,128.915,129.535,128.741,129.518,61827,50.84590191064643,-0.400104414701417,-0.470785373809488,0.07068095910807098,0.6463866558474514,129.23608405389797,130.0056327730202,129.91524889382373,130.44595684476045,128.08494315523953,0.007671241402918971,0.0024444959665060563,Tokyo
2021-08-26,129.503,129.765,129.226,129.361,73240,48.95678552561859,-0.34316263348245,-0.44526082574408044,0.10209819226163042,0.6387161525292505,129.2479808106696,129.98035305643117,129.9079078488724,130.3428189129333,128.11388108706672,0.00931597056964728,0.0024537704588162602,Tokyo
2021-08-27,129.358,129.748,129.154,129.573,76120,51.57321646459837,-0.2777277606359121,-0.4117542127224468,0.1340264520865347,0.635522130846285,129.27893501917725,129.9643784267672,129.90347198332444,130.231363273377,128.163736726623,0.008687732081552602,0.002483147616051363,Tokyo
2021-08-30,129.514,129.707,129.478,129.647,50191,52.48869623031996,-0.21739299973748416,-0.3728819701254543,0.15548897038797016,0.6064847447155568,129.31398882687466,129.9519322139528,129.90007500341287,130.21900627524002,128.16789372476,0.006162060642747713,0.002362608755198934,Tokyo
2021-08-31,129.627,130.175,129.58,129.903,81838,55.6147384392229,-0.14722311014767797,-0.32775019812989903,0.18052708798222106,0.6056644034182318,129.37008512907707,129.9500133036017,129.90011374508953,130.2945845240425,128.1495154759575,0.0075545455250563,0.002289022937855219,Tokyo
2021-09-01,129.886,130.452,129.842,130.255,71514,59.55520717587654,-0.06248917260415965,-0.2746979930247512,0.21220882042059153,0.605974089725832,129.45436273583164,129.96197356620556,129.90481422528703,130.4154099399393,128.0967900600607,0.005690328757392837,0.00232777056659418,Tokyo
2021-09-02,130.23,130.594,130.136,130.533,59372,62.394725536638894,0.026786580999527132,-0.2144010782198955,0.24118765921942265,0.5954044853468726,129.55709009432385,129.9843667596877,129.91313456667396,130.55560670600929,128.02299329399065,0.009059917594947509,0.0023215144787885403,Tokyo
2021-09-03,130.533,130.744,130.186,130.308,74430,58.79675322758713,0.07847799386851761,-0.1558252638022129,0.2343032576707305,0.5927327301636816,129.62860532343586,129.9970582593078,129.91836457241337,130.66261792312082,127.98428207687914,0.005672478062559216,0.0023142395392692435,Tokyo
2021-09-06,130.184,130.5,130.148,130.407,46805,59.892653973841135,0.12598006384999394,-0.09946419827177154,0.2254442621217655,0.5755374979210699,129.7027381497753,130.01313440600163,129.92483656483174,130.79296242682582,127.9461375731742,0.005862071625259535,0.002294514256664177,Tokyo
2021-09-07,130.349,130.656,130.278,130.578,77055,61.783417559893664,0.1754021407431594,-0.044490930468785356,0.21989307121194476,0.5614276482726868,129.7860964212253,130.03528599792313,129.93348773615847,130.94251242538948,127.89918757461052,0.005196184845615681,0.0023043040546421962,Tokyo
2021-09-08,130.565,130.696,130.173,130.272,76762,56.63788498993036,0.18771399995301863,0.001950055615575437,0.1857639443374432,0.5586828111288098,129.83237295253718,130.04456889996536,129.93797134230206,131.0209160853294,127.8867839146706,0.00013051322406054666,0.002384137395779324,Tokyo
2021-09-09,130.242,130.314,129.665,129.735,76784,48.93558038295516,0.1523832457732226,0.03203669364710487,0.12034655212611772,0.5651340500890053,129.82309933800985,130.03242894310398,129.93528298015238,131.03763929239767,127.8935607076023,-0.006113396612350663,0.0025694430173654843,Tokyo
2021-09-10,129.691,130.277,129.645,129.806,69880,49.90558043571563,0.1286297119198423,0.05135529730165235,0.07727441461818994,0.5699101970567375,129.82147082962797,130.02354937670776,129.93357062279938,131.06852314230886,127.91557685769115,-0.0038524112103629493,0.002534998951532683,Tokyo
2021-09-13,129.74,129.946,129.588,129.914,64385,51.41734679422296,0.11716891232623539,0.06451802030656896,0.052650892019666426,0.5547737317844013,129.83028313156817,130.0192533227192,129.93331140925238,131.0906866723525,128.0194133276475,-0.003780471907183114,0.0022423921598429377,Tokyo
2021-09-14,129.914,130.195,129.365,129.459,72116,45.22511340351346,0.07055809882893982,0.06572603601104314,0.004832062817896679,0.5744327782292981,129.79492283332357,129.9972826041812,129.92702913893118,131.03970351967618,128.18099648032378,-0.00856959058953266,0.0023331632130759276,Tokyo
2021-09-15,129.437,129.531,129.057,129.232,69773,42.476667252183574,0.015127312199126663,0.05560629124865985,-0.04047897904953319,0.5672589991098408,129.7413111349118,129.9672715216643,129.91782345497182,130.99561738482663,128.29508261517338,-0.007983296487349523,0.0023705759691774533,Tokyo
2021-09-16,129.232,129.355,128.605,129.124,68635,41.19397104941206,-0.03708914242196215,0.037067204514535455,-0.07415634693649761,0.5803119433664964,129.68251959825352,129.93420205022647,129.9073092370252,130.88092663876046,128.50547336123952,-0.0047096003391530195,0.0022721743154376747,Tokyo
2021-09-17,129.117,129.669,128.902,128.942,68127,39.05370420779292,-0.09209532034535073,0.011234699542558218,-0.10333001988790895,0.5936468193737304,129.61199392222937,129.89529216590387,129.89452368421695,130.8153090600754,128.61959093992456,-0.006656086775649883,0.002259844351587178,Tokyo
2021-09-20,128.83,129.025,128.141,128.291,68293,32.541023883360936,-0.1860734333013454,-0.028226927026222502,-0.1578465062751229,0.6143863536772892,129.48618497725516,129.83237874763313,129.8732849599227,130.90303014081582,128.47566985918417,-0.012492879905168008,0.0024379798755594932,Tokyo
2021-09-21,128.198,128.703,127.997,128.049,76507,30.504539593909442,-0.2768873573175483,-0.07795901308448766,-0.19892834423306066,0.6209301918279049,129.34931021751657,129.76244232615733,129.84912224522174,131.0272433274393,128.26345667256072,-0.010891479155562767,0.002457624639957268,Tokyo
2021-09-22,128.031,128.771,127.92,128.33,98731,35.548358341169674,-0.3224665016913093,-0.126860510805852,-0.1956059908854573,0.6373637641766412,129.25223305394357,129.70626811728843,129.8290014207817,131.0878154330357,128.0840845669643,-0.006979695431472033,0.0022581776235836206,Tokyo
2021-09-23,128.307,129.54,128.266,129.503,78270,51.403892972266696,-0.2609291760389283,-0.15367424385246728,-0.10725493218646101,0.6828378185926657,129.27611562023466,129.69829681857124,129.8246835211687,131.0917771055273,128.0943228944727,0.0029351630990364086,0.003098332126007526,Tokyo
2021-09-24,129.376,129.84,129.376,129.792,73490,54.38153244383083,-0.1866884886925959,-0.16027709282049302,-0.026411395872102894,0.6672065338436817,129.3252474659266,129.70197145313708,129.8242506268486,131.10530820146616,128.1026917985338,0.006592111181771498,0.003117005993957491,Tokyo
2021-09-27,129.766,129.934,129.482,129.812,69618,54.58890412655192,-0.12479976226808276,-0.15318162671001095,0.028381864441928195,0.6518346276181474,129.37160485012407,129.7062862981121,129.82408836689035,131.11636391995773,128.10813608004224,0.01185585894567831,0.0031149746456418893,Tokyo
2021-09-28,129.799,130.379,129.663,130.259,85883,59.06747551070622,-0.0392311046731777,-0.1303915223026443,0.09116041762946661,0.6564178715344562,129.4561186739218,129.72796134524495,129.82984878587192,131.1569055199977,128.10319448000226,0.017259018032159457,0.003178794218662831,Tokyo
2021-09-29,130.23,130.47,129.673,129.843,87906,53.7542214222725,-0.004928240692265717,-0.10529886598056859,0.10037062528830287,0.6664594583073378,129.49296451450067,129.73247266503927,129.83002297413853,131.11172301114019,128.10717698885983,0.011789916621210761,0.0032017419051656127,Tokyo
2021-09-30,129.823,129.959,128.784,128.822,83320,43.42881318961858,-0.05944390861958482,-0.09612787450837185,0.03668396588878703,0.7027838034329779,129.42906313216727,129.69676785464557,129.81667167646782,130.99936044909452,128.04843955090547,-0.005258565438638341,0.003586124382231224,Tokyo
2021-10-01,128.782,129.044,128.546,128.757,90008,42.86431463101512,-0.10666337598576092,-0.09823497480384966,-0.008428401181911266,0.6881563811546779,129.36505711957992,129.65991421328692,129.80263629002454,130.9112886227488,127.98141137725119,-0.007974297337278058,0.0035774131187866266,Tokyo
2021-10-04,128.751,129.374,128.54,128.896,80629,44.524929290811826,-0.1313548290392248,-0.1048589456509247,-0.026495883388300098,0.6985737876242127,129.32038501295327,129.62995679315802,129.7906278623421,130.7820029359082,127.95959706409182,-0.007056358426031695,0.003584504000383199,Tokyo
2021-10-05,128.825,129.386,128.756,129.262,72586,48.74885226791411,-0.12000648224017141,-0.10788845296877404,-0.012118029271397365,0.693675657699863,129.31482453552914,129.61552711499496,129.78362616880116,130.5968781105939,128.0131218894061,-0.007653981682647526,0.003642645821109205,Tokyo
2021-10-06,129.236,129.496,128.333,128.747,82567,43.70606487013164,-0.15083035318403404,-0.11647683301182604,-0.034353520172207996,0.727198839223033,129.26074600833587,129.58146722813242,129.76989602087002,130.45885498054352,127.99864501945652,-0.00844096331723676,0.003704465590222414,Tokyo
2021-10-07,128.725,129.028,128.63,128.948,61495,46.05168489631696,-0.15722705716359542,-0.12462687784217993,-0.032600179321415484,0.7036846271620815,129.23096067420866,129.5566253760488,129.7590099808585,130.40153728595405,127.97726271404596,0.000978093803853497,0.0036360125724775173,Tokyo
2021-10-08,128.948,129.902,128.872,129.891,72826,55.433821761565255,-0.08522188726541913,-0.11674587972682779,0.03152399246140866,0.726992876601691,129.29382156237926,129.56973810639983,129.76075819303256,130.41544768762003,127.97185231237994,0.008807288147440362,0.004011912575080995,Tokyo
2021-10-11,129.636,131.221,129.636,130.895,63544,62.84301681289798,0.05225477732449235,-0.08294574831656376,0.1352005256410561,0.7882791205101125,129.44631474691457,129.6217091610508,129.77578126332352,130.65082082316525,127.83457917683471,0.01550862711022849,0.004362526173600866,Tokyo
2021-10-12,130.887,131.272,130.731,130.977,78061,63.37852521328946,0.16591022932715305,-0.0331745527878204,0.19908478211497344,0.7706163206192654,129.59209429482746,129.67485782140176,129.79169144526625,130.92543505851202,127.711764941488,0.013267626990144166,0.004265644127512387,Tokyo
2021-10-13,130.977,131.463,130.862,131.303,80508,65.50689259132315,0.27907150677279446,0.02927465912430257,0.2497968476484919,0.7585008655995602,129.75503769532008,129.73870653428799,129.81170877711702,131.25632880951215,127.58797119048789,0.019852889776072358,0.0042486857925583665,Tokyo
2021-10-14,131.225,131.855,131.189,131.821,69441,68.62696152386305,0.40587226252910114,0.10459417980526228,0.3012780827238388,0.7518936591177277,129.9517960100515,129.82036510157081,129.83832190589695,131.6736957367807,127.44030426321933,0.022280299035269957,0.004286150202685029,Tokyo
2021-10-15,131.806,132.774,131.755,132.511,78679,72.23031477376138,0.5556349941042242,0.1948023426650547,0.36083265143916954,0.7709726882825693,130.19552972337993,129.92588019562686,129.87372161575263,132.2060308799169,127.26486912008313,0.020170758559099555,0.004343237211056107,Tokyo
2021-10-18,132.514,132.787,132.145,132.72,85389,73.23314960074553,0.6833108095080433,0.29250403603365244,0.3908067734743909,0.7617603512458826,130.43595546401042,130.03545352128856,129.91142066719962,132.66490792193517,127.24889207806483,0.013942472974521447,0.004071398100960368,Tokyo
2021-10-19,132.702,133.19,132.622,133.036,75656,74.71965641053097,0.8007626784482795,0.39415576451657786,0.4066069139317017,0.7479203231445254,130.6835787531523,130.1531220106498,129.95280582392547,133.08742204769547,127.32507795230455,0.015720317307618803,0.003984509218635608,Tokyo
2021-10-20,132.92,133.478,132.734,133.192,74366,75.44465614999167,0.8961023173222884,0.49454507507772,0.4015572422445684,0.7476403000061783,130.92247601475685,130.2722936965067,129.99570905804566,133.48051828441146,127.41818171558856,0.014386571517787106,0.003987241523264605,Tokyo
2021-10-21,133.168,133.368,132.261,132.505,74521,66.4119490749124,0.9057832045617715,0.5767927009745303,0.32899050358724125,0.7733088548230247,131.07319258478,130.3598508064476,130.02894469966097,133.7290179523573,127.46988204764268,0.005188854583108915,0.003899387866777274,Tokyo
2021-10-22,132.48,132.79,131.916,132.142,77794,62.176035950726295,0.8740883645976965,0.6362518336991636,0.23783653089853285,0.7805010807318942,131.1749837671819,130.42973901011635,130.05693218708268,133.8949596038411,127.53894039615889,-0.002784674479854532,0.0039842754204054975,Tokyo
2021-10-25,132.15,132.599,131.86,132.001,71087,60.56024340138215,0.8280472408127366,0.6746109151218782,0.1534363256908584,0.7775367173427785,131.25365197983126,130.491357088151,130.0826814296379,134.0239007608741,127.62889923912589,-0.005417420132609929,0.004005576082233804,Tokyo
2021-10-26,131.99,132.663,131.926,132.361,59514,63.19045727951051,0.811256648208456,0.7019400617391938,0.10931658646926223,0.7746412370975031,131.3591136960378,130.56467641802743,130.11285783454335,134.18811066948948,127.67488933051051,-0.005073814606572746,0.00398429611461753,Tokyo
2021-10-27,132.33,132.52,131.578,132.064,80069,59.655793592210095,0.7651642278123916,0.7145848949538334,0.0505793328585582,0.7865954361156315,131.4262457249866,130.62347342124204,130.1387007771322,134.29434364108667,127.79075635891328,-0.008468977115742793,0.003939423103265638,Tokyo
2021-10-28,132.024,132.697,131.555,132.652,90965,63.954636453586005,0.7672380952762978,0.7251155350183264,0.04212256025797145,0.8119814796821536,131.54298422736883,130.7030234831541,130.1719895085609,134.3847662410443,128.0833337589557,0.0011093920984113215,0.003431600799129804,Tokyo
2021-10-29,132.628,132.917,131.604,131.763,90298,54.499421548415064,0.689202087217808,0.7179328454582227,-0.02873075824041471,0.8477685211531664,131.56393811047656,130.7445911896971,130.19306249520247,134.31676486797082,128.45193513202915,-0.00286812671217318,0.003872922703231862,Tokyo
2021-11-01,131.908,132.442,131.794,132.287,68500,58.40310417326732,0.6620091796253575,0.7067481122916497,-0.04473893266629214,0.8357136254383801,131.63280114757404,130.805077809709,130.22079676678922,134.26424928026896,128.84355071973104,0.0021666502526496156,0.0039235616602524715,Tokyo
2021-11-02,132.264,132.388,131.476,131.952,72269,55.14572979716132,0.6064362841654543,0.6866857466664106,-0.08024946250095633,0.8411626527580348,131.66320103828127,130.85005515050472,130.2437266109377,134.1778446981737,129.19895530182632,-0.003090034073480852,0.003995963572091034,Tokyo
2021-11-03,131.934,132.412,131.746,132.369,73244,58.26603666071951,0.5892502688146237,0.6671986510960533,-0.07794838228142953,0.8286510334987075,131.73041998701638,130.90962161519082,130.27187592734913,133.95164358168185,129.78735641831813,0.002309486309667985,0.003839749532281277,Tokyo
2021-11-04,132.343,132.561,131.016,131.424,79724,49.80960662226696,0.49368572380970477,0.6324960656387836,-0.1388103418290788,0.879818821396914,131.70123713111005,130.92979331655587,130.2871358488412,133.57939472074028,130.40720527925973,-0.009257304827669288,0.004288478036945037,Tokyo
2021-11-05,131.401,131.589,130.833,131.157,85102,47.70300944936749,0.3918880236057589,0.5843744572321787,-0.19248643362641982,0.8709746191340013,131.64940502338527,130.9387033825733,130.29865722832676,133.3664133896826,130.7467866103174,-0.004599166685640088,0.004064330721396711,Tokyo
2021-11-08,130.933,131.425,130.895,131.185,74557,47.95161287838768,0.30989964853307583,0.5294794954923582,-0.21957984695928234,0.8466192873174976,131.60517597353905,130.94836207345278,130.31039686768668,133.33228739373163,130.80991260626837,-0.008330372598970404,0.0036926244989916868,Tokyo
2021-11-09,131.154,131.263,130.674,130.851,84102,45.19189858665895,0.21548824756692397,0.46668124590727134,-0.25119299834034736,0.8282179083341584,131.53334969034486,130.94454395292522,130.31755717407495,133.35002905597335,130.7795709440267,-0.008343943252091646,0.0037372884697146128,Tokyo
2021-11-10,130.834,131.415,130.64,130.727,94846,44.175412545949236,0.12917175680917126,0.3991793480876514,-0.2700075912784801,0.8244166289146517,131.4565544817406,130.9360128175164,130.32298025786204,133.415465647882,130.656534352118,-0.012404717116545338,0.003693367195416838,Tokyo
2021-11-11,130.63,130.992,130.438,130.594,65854,43.056755978537254,0.04946314716357847,0.3292361079028368,-0.27977296073925834,0.8051011542280342,131.37440643586052,130.92260055016283,130.32656992332085,133.49619758820094,130.45310241179905,-0.006315437058680429,0.0035637481859782582,Tokyo
2021-11-12,130.564,130.76,130.232,130.357,71080,41.061352165396976,-0.032456283723035995,0.25689762957766227,-0.28935391330069826,0.7853082135054196,131.2775105848262,130.90042013643097,130.3269729706941,133.52725390052765,130.20664609947235,-0.00609956006923007,0.003311004430871069,Tokyo
2021-11-15,130.37,130.597,129.677,129.724,72628,36.231676474356284,-0.14676402833535462,0.1761652979950589,-0.3229293263304135,0.7949290559101322,131.12955719579512,130.85428601343366,130.31898657373128,133.58147618277795,129.85282381722206,-0.011136944010367134,0.0033784667620553013,Tokyo
2021-11-16,129.704,130.11,129.583,129.969,87433,39.21190988244436,-0.21510469401926002,0.09791129959219512,-0.31301599361145516,0.7757912652560979,131.0190279390527,130.81956891486766,130.31435098997326,133.47531475895056,129.6522852410494,-0.006740491092922518,0.003353220355697153,Tokyo
2021-11-17,129.959,130.073,129.033,129.157,84580,33.60610378268457,-0.3309715438397518,0.012134730905805732,-0.34310627474555755,0.7946633186041924,130.84169194485722,130.75437013389245,130.29902183778822,133.3977090010172,129.32639099898282,-0.01200976079922278,0.003490019715649286,Tokyo
2021-11-18,129.156,129.942,128.99,129.913,77171,41.92992783022462,-0.3576709669887066,-0.06182640867309674,-0.29584455831560985,0.8059016534686887,130.75324509296607,130.72137522668098,130.29390896576453,133.29162965014712,129.17327034985288,-0.005214634669280183,0.0037455125182530953,Tokyo
2021-11-19,129.885,129.985,127.977,128.648,99954,34.20292026544658,-0.47542497695454244,-0.14454612232938588,-0.33087885462515654,0.8917658244769406,130.55274556030264,130.6400663942621,130.27210884701267,133.3694023026662,128.7460976973338,-0.013110151353590505,0.004220118685158757,Tokyo
2021-11-22,128.533,129.321,128.328,129.058,92510,38.17939724203099,-0.5295578910080678,-0.2215484760651223,-0.30800941494294554,0.8989968372800908,130.4103888402738,130.5780245748793,130.25602793513173,133.34106301848252,128.48013698151746,-0.005133976750639757,0.004339828214541539,Tokyo
2021-11-23,129.051,129.593,128.893,129.51,97529,42.31815722565417,-0.52987789044019,-0.28321435894013586,-0.2466635315000541,0.8847827769892241,130.3246375221525,130.53614125821736,130.246146770428,133.1746451029357,128.36145489706428,-0.003531611384253175,0.004379172993779484,Tokyo
2021-11-24,129.465,129.558,128.684,129.277,101417,40.80174285906017,-0.5426770023549352,-0.33510688762309576,-0.20757011473183945,0.8840125786084404,130.22486252004273,130.4867631696598,130.23331038936274,133.04208156295712,128.2153184370429,0.0009291017908434895,0.004374103216719565,Tokyo
2021-11-25,129.248,129.529,129.191,129.3,67066,41.02639234906804,-0.5446856854522082,-0.3770226471889183,-0.16766303826328988,0.8450116789886284,130.13678037527674,130.4402234375163,130.2209486623513,132.74494974157787,128.17725025842216,-0.0047185424091507056,0.004191552696366121,Tokyo
2021-11-26,129.228,129.286,127.79,128.291,143514,34.78920201829227,-0.6205422242269663,-0.4257265625965279,-0.19481566163043834,0.8925108460731873,129.96099176810753,130.35594016545684,130.1953864284129,132.6799225555303,127.89507744446968,-0.00277501399166713,0.004273965812035588,Tokyo
2021-11-29,128.405,128.568,127.487,128.186,112108,34.206406851995965,-0.6812783474923378,-0.4768369195756899,-0.20444142791664793,0.9059743574096043,129.79194493304968,130.27084447269382,130.1687720386326,132.4562055831257,127.7086944168743,-0.006756652047916312,0.004091426001874256,Tokyo
2021-11-30,128.18,128.597,127.646,128.301,135702,35.48123240974773,-0.7119259842672818,-0.5238547325140084,-0.18807125175327344,0.9091904748132715,129.64995017752113,130.1935956698431,130.14403333613416,132.22942472225088,127.57037527774912,-0.009335186472087087,0.00412087327893247,Tokyo
2021-12-01,128.252,128.785,127.566,127.638,109171,31.67117355536405,-0.7807134377602836,-0.5752264735632635,-0.20548696419702006,0.931319727096509,129.4583358749001,130.09337623181003,130.11084084161584,131.89599650842393,127.43070349157603,-0.012678202619181955,0.004056648289666893,Tokyo
2021-12-02,127.642,128.221,127.486,127.891,104436,34.5590223042951,-0.805527386362968,-0.6212866561232044,-0.1842407302397635,0.9172968891618556,129.30906579157627,130.00700853644494,130.08143897616398,131.6916994008827,127.28170059911726,-0.01089713843774176,0.003936075276379186,Tokyo
2021-12-03,127.687,128.337,127.378,127.598,101058,32.82859045381373,-0.8391619342839931,-0.6648617117553621,-0.17430022252863098,0.9202756828493482,129.1461071447595,129.9125376134471,130.0485457446916,131.52061121911606,127.09688878088389,-0.005401781886492429,0.003938836750295786,Tokyo
2021-12-06,127.492,128.084,127.492,128.058,84190,38.07134577570654,-0.8192555324069133,-0.6957404758856724,-0.12351505652124084,0.8968274193779073,129.04247789287763,129.8398106482139,130.02218090039108,131.24467767101535,127.06012232898465,-0.0009985489835084849,0.004080881002422316,Tokyo
2021-12-07,128.04,128.464,127.599,127.956,74688,37.37475061203472,-0.8024598553532769,-0.7170843517791934,-0.08537550357408352,0.894554032242504,128.93900380784166,129.76593572083297,129.99481426594883,131.00347736042704,127.01182263957293,-0.002688989173895595,0.004069324400036863,Tokyo
2021-12-08,127.904,129.103,127.746,128.939,86776,47.36922618436706,-0.7017400530422719,-0.7140154920318091,0.012275438989537202,0.9275858875812736,128.93900344519005,129.7335068690356,129.98082997103563,130.7426174462522,127.09388255374778,0.01019288926495232,0.004518044336438924,Tokyo
2021-12-09,128.919,129.068,127.932,128.136,73896,41.53749431083274,-0.6788884694306034,-0.706990087511568,0.028101618080964563,0.9424726101057005,128.8625269266005,129.67085954083814,129.9563951369822,130.46937399215574,127.12132600784423,0.0019156938330295858,0.004686287223101387,Tokyo
2021-12-10,128.092,128.402,127.809,128.306,77778,43.1336479297038,-0.6396869327612933,-0.6935294565615131,0.05384252380021981,0.91751028048732,128.80952436216236,129.61733563727586,129.93453559874402,130.20774833679403,127.17785166320594,0.005548676311541101,0.004708334369878789,Tokyo
2021-12-13,128.077,128.451,128.007,128.168,65166,42.128142498238645,-0.612692145538773,-0.6773619943569651,0.06466984881819204,0.8836881171863245,128.74842680386118,129.56049894561798,129.91113777624412,130.06541264545723,127.16458735454273,0.0008589857720722183,0.004610955865818106,Tokyo
2021-12-14,128.147,128.556,127.991,128.039,70579,41.162176435013336,-0.5948507350876469,-0.6608597425031015,0.06600900741545468,0.8609246799888096,128.68086234635058,129.50083232029962,129.88634124940646,129.84076082306308,127.19623917693696,0.0006486604770388205,0.004573956335055834,Tokyo
2021-12-15,127.92,128.822,127.92,128.814,80710,48.76314136382225,-0.512270134476779,-0.631141820897837,0.11887168642105794,0.8638586314487755,128.6935421228886,129.47389771950355,129.87213805405008,129.79737879678737,127.20532120321263,-0.0009694506704720496,0.00461961834604965,Tokyo
2021-12-16,128.814,129.636,128.448,128.806,90706,48.693212973894816,-0.4423705740611297,-0.5933875715304955,0.1510169974693658,0.8870115865694828,128.70425239689922,129.44770565207205,129.8580170202216,129.571523410403,127.32047658959702,0.005228819379409444,0.004401616170217148,Tokyo
2021-12-17,128.736,128.976,127.745,127.77,80770,40.57789066718166,-0.46520857574046204,-0.5677517723724889,0.10254319663202682,0.9115821877497301,128.6152759781469,129.3819132735594,129.83036116564912,129.56240320900994,127.24179679099005,-0.004177513132667343,0.004223346187132417,Tokyo
2021-12-20,127.609,128.311,127.514,128.141,88285,44.1665376500625,-0.44820463317310555,-0.5438423445326123,0.09563771135950672,0.9033977456992739,128.57010683737101,129.33325000792962,129.807985521071,129.4792971471552,127.23320285284478,-0.000210661007427837,0.004211395150545714,Tokyo
2021-12-21,128.12,128.764,127.94,128.729,69010,49.38399207184111,-0.382868727934607,-0.5116476212130112,0.1287788932784042,0.8977264781053583,128.58523951952614,129.30955392918727,129.79369432211644,129.31911093206236,127.31528906793767,0.005388983044228857,0.0042700349130835175,Tokyo
2021-12-22,128.704,129.5,128.53,129.25,65875,53.5278245273459,-0.2857551984407962,-0.46646913665856826,0.18071393821777204,0.9028888725635683,128.64855004147603,129.30721848098386,129.78649307281688,129.3123739110326,127.31932608896741,0.0033847252627821067,0.004360888584437146,Tokyo
2021-12-23,129.249,129.723,129.044,129.591,50277,56.06320980139302,-0.17921035113437256,-0.40901737955372913,0.22980702841935657,0.886896810130695,128.7383071803831,129.3183471680041,129.78390376059414,129.3936875335223,127.2671124664777,0.006094436594568542,0.004400895715910971,Tokyo
2021-12-24,129.583,129.747,129.284,129.472,74182,54.93681229106239,-0.10318563770471201,-0.3478510311839257,0.24466539347921368,0.8566184663619846,128.80818268701327,129.32437276925884,129.77977258495716,129.56840734041694,127.21049265958308,0.013320810831963792,0.0039968002010379805,Tokyo
2021-12-27,129.182,130.152,129.182,130.125,49945,59.71937651128515,0.009644957007452604,-0.27635183354565007,0.2859967905531027,0.8647171473828089,128.93359385967867,129.35576991556243,129.78434513350078,129.89202574939605,127.08077425060395,0.015482944568873336,0.004110845273484849,Tokyo
2021-12-28,130.096,130.222,129.602,129.845,49791,56.92937248050335,0.07559889922347907,-0.20596168699182427,0.28156058621530333,0.8472373510476238,129.02039444447118,129.3749554090698,129.78514850921601,130.09070229898848,127.03649770101154,0.008669375199061413,0.004161432045054234,Tokyo
2021-12-29,129.822,130.561,129.647,130.491,64241,61.40893405333061,0.1779434533901849,-0.12918065891542244,0.3071241123056073,0.8520061117107808,129.1604521164263,129.41872186361607,129.79449753558401,130.39387378883114,127.01862621116888,0.009601547388781606,0.0040362910791638534,Tokyo
2021-12-30,130.481,130.586,130.12,130.315,59159,59.59050561482102,0.24206020148784546,-0.054932486834768854,0.29699268832261433,0.82443424646134,129.27040905771906,129.45387002582723,129.8013916079604,130.61383163836624,127.04106836163375,0.005586807725845189,0.004066864095603407,Tokyo
2021-12-31,130.295,131.032,130.158,130.919,51673,63.57665390103766,0.33771793630523916,0.023597597793232755,0.3141203385120064,0.8279746574435607,129.42741771888868,129.51132610324578,129.81619436811985,130.91126124961477,127.07573875038526,0.011176161641127003,0.004071653454216787,Tokyo
2022-01-03,130.801,131.001,130.022,130.293,56855,57.27104252705663,0.35887749564872706,0.09065357736433162,0.26822391828439546,0.8387621819548046,129.50985412661356,129.54197998154987,129.82250967450238,131.05371053942133,127.1567894605787,0.0012910662824208163,0.004249166857668421,Tokyo
2022-01-04,130.277,131.458,130.165,131.069,71089,62.2670427493203,0.43326885985629815,0.15917663386272493,0.2740922259935732,0.8712077405064906,129.65834420979323,129.6018631195283,129.83901948013812,131.31718012631856,127.20461987368141,0.009426624051753985,0.00437552031750048,Tokyo
2022-01-05,131.027,131.604,130.837,131.342,66452,63.867640082762804,0.5083929331259753,0.22901989371537504,0.2793730394106003,0.8637643304447757,129.81869238028912,129.6701037815076,129.85892650689127,131.62993299524766,127.13216700475238,0.006521522557111137,0.004112635036386516,Tokyo
2022-01-06,131.311,131.425,130.636,130.864,80637,59.13749861893264,0.5233261194982219,0.28788113887194444,0.2354449806262775,0.8584240211102788,129.91824548692824,129.71692324105632,129.87223873858807,131.77925630889246,127.25564369110752,0.004212868817864424,0.0039100779045332665,Tokyo
2022-01-07,130.857,131.346,130.743,131.262,64684,61.682182745826694,0.5608113667186672,0.342467184441289,0.21834418227737817,0.840179448119856,130.04622210722079,129.77751448650508,129.89064617251407,131.97945527452305,127.35104472547698,0.0026199405739426584,0.003934989388949447,Tokyo
2022-01-10,131.162,131.36,130.159,130.491,66727,54.590027481066095,0.5222848639230904,0.3784307203376493,0.14385414358544107,0.8659523447535257,130.08858190653308,129.80549431056372,129.8985978788384,132.01082677551145,127.55197322448859,0.0015196518615736565,0.004214968523478799,Tokyo
2022-01-11,130.502,131.196,130.374,131.062,67003,58.404474040983715,0.5316981752493746,0.4090842113199944,0.12261396392938018,0.8628128915488371,130.18128839162517,129.8547690434828,129.91400717845642,132.0727017383487,127.79239826165129,-5.340698410738476e-05,0.004258168744655745,Tokyo
2022-01-12,131.053,131.474,130.949,131.138,68665,58.89934414180995,0.5390767163141277,0.43508271231882106,0.10399400399530662,0.8386833992381922,130.27240378289895,129.9050918260913,129.93021900390733,132.1855499561566,127.91195004384338,-0.0015531969971525061,0.004101791769061751,Tokyo
2022-01-13,131.129,131.442,130.617,130.772,64285,55.476361171027335,0.5095177189567437,0.44996971364640564,0.05954800531033805,0.8377060135761728,130.31998437500383,129.93908822506813,129.94136842107412,132.22315449742058,128.07094550257938,-0.0007030199290868344,0.004180087667100008,Tokyo
2022-01-14,130.763,130.85,129.775,130.362,80296,51.8417231691342,0.4478459379051287,0.44954495849815024,-0.0016990205930215163,0.8546555840696342,130.3239858630987,129.95567300055566,129.9469397002652,132.02583992077678,128.5274600792232,-0.006856515975682265,0.003755278482640806,Tokyo
2022-01-17,130.223,130.827,130.217,130.727,44805,54.687895057001754,0.4235407426321558,0.4443441153249514,-0.020803372692795585,0.8371801851743744,130.3623681618512,129.98592111818093,129.957271624765,131.8453106000034,128.96658939999665,0.0018085538466252604,0.0037526004737047517,Tokyo
2022-01-18,130.717,131.18,129.695,129.782,86341,46.95112306207679,0.3242869202088059,0.4203326763017223,-0.09604575609291638,0.8834530291719792,130.30709500357966,129.97792421158562,129.9549501462913,131.7035956076862,129.21360439231378,-0.009766370114907441,0.004077380978338768,Tokyo
2022-01-19,129.757,129.986,129.392,129.672,68408,46.13298664905148,0.2340534477094991,0.3830768305832777,-0.1490233828737786,0.8627778127687428,130.2466097651435,129.9659271836803,129.95120246223448,131.6505465853031,129.30885341469693,-0.011179063276853474,0.003993860773112801,Tokyo
2022-01-20,129.641,130.084,129.026,129.068,70459,41.823468436730536,0.1125080952076587,0.3289630835081539,-0.2164549883004952,0.8767222547350058,130.1343612160822,129.93071435294775,129.93950441637708,131.72684832366681,129.1802516763332,-0.013030312299268765,0.0040887293053854835,Tokyo
2022-01-21,129.068,129.309,128.556,128.949,82027,41.01062254186054,0.006505233900440999,0.2644715135866113,-0.2579662796861703,0.8678849508129011,130.0214696716934,129.89221575087137,129.926385152584,131.80295154870979,129.05184845129023,-0.010839048188889255,0.004088763740181653,Tokyo
2022-01-24,128.773,129.154,128.403,129.066,90635,42.200053373144776,-0.0672862412992572,0.1981199626094376,-0.2654062039086948,0.8595360257439061,129.93047256010357,129.85981513319015,129.91498932274848,131.87487555016196,128.87402444983803,-0.012705867953827443,0.003911083435284139,Tokyo
2022-01-25,128.996,129.191,128.245,128.675,90273,39.34490023903936,-0.15552416356339904,0.1273911373748703,-0.28291530093826933,0.865712023912564,129.8109037448556,129.81335179463366,129.89856562310942,131.98504574951605,128.64685425048398,-0.008529688246444067,0.003936619438973764,Tokyo
2022-01-26,128.643,129.24,128.546,128.874,92875,41.51375826242003,-0.20700943982660647,0.06051102193457494,-0.2675204617611814,0.8534468793335358,129.7216748167741,129.7765144693539,129.88499521750532,132.02105548951425,128.44914451048578,-0.006153988524893572,0.003759364153666556,Tokyo
2022-01-27,128.797,129.016,128.326,128.551,119897,39.0716776775697,-0.2707542068154396,-0.005742023815427967,-0.2650121830000116,0.8417721022260448,129.61018197708134,129.72845507839887,129.86732640667745,132.0840710138348,128.20972898616523,-0.00400564043759899,0.0037800444078761445,Tokyo
2022-01-28,128.51,128.854,128.352,128.455,100546,38.34960285256891,-0.3252692897062275,-0.06964747699358788,-0.2556218127126396,0.8175026663291328,129.50016464593074,129.6785156635597,129.84862009665522,132.06474319044517,127.98265680955487,-0.00383097193464077,0.0035681171103582074,Tokyo
2022-01-31,128.404,129.372,128.296,129.32,90798,47.724159287497805,-0.2952709154502031,-0.11477216468491093,-0.1804987507652922,0.8359667616080282,129.48300610822304,129.66445622577305,129.84161850597107,132.03535947854147,127.91474052145857,0.001967985371825298,0.0038334192371248695,Tokyo
2022-02-01,129.299,129.535,128.866,129.278,89714,47.34768831526715,-0.271753432310021,-0.14616841820993295,-0.12558501410008807,0.8240405643403009,129.46348171696368,129.64930107966433,129.8341533601966,131.90080590599445,127.87019409400558,0.004686224985428256,0.0035347530575120904,Tokyo
2022-02-02,129.243,129.468,129.044,129.369,72918,48.29931431125292,-0.2429718893106383,-0.16552911243007404,-0.07744277688056425,0.7954662382937226,129.45448345820523,129.6383088804618,129.82799238853838,131.692115200493,127.88158479950704,0.003840960938591209,0.003491127464889782,Tokyo
2022-02-03,129.331,131.54,129.187,131.523,104407,64.60604601507066,-0.045824277110966705,-0.14158814536625258,0.09576386825528588,0.9067186499246813,129.65148503361425,129.71221833612998,129.85044282047826,131.8237392363934,127.81586076360662,0.023119228944154635,0.005135782327315187,Tokyo
2022-02-04,131.49,132.088,131.374,131.903,96080,66.60705016274181,0.13947170711512058,-0.08537617486997795,0.22484788198509853,0.8929530320636678,129.86591503041288,129.79813134255625,129.8776290082865,131.97014904702584,127.73355095297413,0.02684208477676986,0.005131563558463118,Tokyo
2022-02-07,132.09,132.124,131.255,131.67,79464,64.20999222072521,0.2644703077809538,-0.015406878339791596,0.2798771861207454,0.8912421012009096,130.03773264656402,129.87153795657366,129.90136902142177,132.1652370846001,127.6563629153999,0.01817197649242175,0.00495181319527177,Tokyo
2022-02-08,131.642,132.032,131.478,131.901,72169,65.53429191605737,0.37781712815694846,0.06323792295955641,0.314579205197392,0.8671533796726015,130.2151866802246,129.9511247033747,129.92785419994598,132.32550100164107,127.57999899835895,0.020289608440724693,0.004876939433506727,Tokyo
2022-02-09,131.885,132.154,131.624,131.978,63724,65.98609009084095,0.468458458899903,0.14428203014762572,0.32417642875227726,0.8430709953973157,130.38307366306037,130.0306100091247,129.95500844895332,132.48277562814678,127.50672437185325,0.020167118861551092,0.004876950455342537,Tokyo
2022-02-10,131.958,133.149,131.863,132.556,98367,69.24515225730839,0.580243450691114,0.23147431425632342,0.3487691364347906,0.874708781456171,130.5900190284832,130.12964491072765,129.9894586681725,132.8061991068966,127.36170089310338,0.007854139580149688,0.004899259246802253,Tokyo
2022-02-11,132.525,132.601,130.381,130.992,104527,54.13121931391511,0.5364482909754713,0.29246910960015304,0.24397918137531827,0.9708010113967376,130.6283029305324,130.16346275736578,130.0027373613093,132.86568210312367,127.36521789687633,-0.0069065904490420715,0.005596432927844724,Tokyo
2022-02-14,130.717,131.382,130.041,130.629,109961,51.33081440095227,0.46706520811022756,0.32738832930216794,0.13967687880805962,0.9972437963083622,130.62836931810074,130.18171911982202,130.01103223069592,132.8565403380823,127.36455966191765,-0.007906128958760528,0.005601213811495563,Tokyo
2022-02-15,130.605,131.538,130.432,131.293,90169,55.831999738980315,0.46035122343675994,0.35398090812908634,0.1063703153076736,1.0050120965751597,130.69166747828163,130.22529876218195,130.0280119362496,132.97680961735912,127.39539038264091,-0.004609517744368907,0.005441063573369201,Tokyo
2022-02-16,131.285,131.905,131.103,131.306,85451,55.91795935432869,0.45088184828307476,0.37336109615988405,0.0775207521231907,0.9905112325286901,130.7501753374929,130.2676792028807,130.0449389304715,133.090626698262,127.44497330173803,-0.005091757717195278,0.005432107939464617,Tokyo
2022-02-17,131.31,131.497,130.396,130.571,124931,49.99374129864884,0.37969208885172634,0.3746272946982525,0.005064794153473828,0.9984032873507933,130.73311101963642,130.27957413610105,130.05190662675662,133.11077738091197,127.57512261908803,-0.01497480310208521,0.0054844195180709324,Tokyo
2022-02-18,130.588,131.12,130.207,130.251,92291,47.62788511356779,0.2940625954072118,0.3585143548400444,-0.0644517594328326,0.9923030525380695,130.68719568443296,130.27845358174415,130.05454362507774,133.09798143915756,127.71811856084246,-0.0056568340051299515,0.005517074917027879,Tokyo
2022-02-21,130.164,130.919,129.722,129.752,67451,44.12151040849999,0.18381655244746753,0.32357479436152903,-0.1397582419140615,1.006924263075413,130.5981294287727,130.2578083432444,130.0505364247456,133.0771573553867,127.8075426446133,-0.006713670012018613,0.005600172031731073,Tokyo
2022-02-22,129.725,130.765,129.346,130.306,125845,48.642129718435044,0.13954040423172387,0.28676791633556803,-0.14722751210384416,1.036358244292439,130.5703075784134,130.25969821213678,130.05392004825887,133.0260066408339,128.02179335916608,-0.00751753711165104,0.00561153071935081,Tokyo
2022-02-23,130.342,130.709,129.94,129.987,74497,46.31846717310677,0.07781361683498744,0.24497705643545192,-0.16716343960046448,1.0172612268380825,130.51475447570735,130.249004164602,130.0530336900038,132.97435608818333,128.18474391181664,-0.01004523784137823,0.005648247109637341,Tokyo
2022-02-24,129.98,130.008,127.914,129.311,219983,41.765269922397685,-0.025360517072243738,0.1909095417339128,-0.21627005880615655,1.0941711392251046,130.40011119230664,130.2122196875588,130.04320542920902,132.89822538242512,128.33687461757486,-0.009649922264514998,0.005753719760146752,Tokyo
2022-02-25,129.271,130.288,128.72,130.222,137406,49.0360605928873,-0.03323357905571811,0.14608091757598662,-0.17931449663170473,1.1280160578593668,130.38314822161075,130.21260322922316,130.0455735692195,132.75943373480936,128.6523662651906,-0.0002226470430168881,0.005938865056861815,Tokyo
2022-02-28,128.172,129.775,128.172,128.982,159328,41.450062107784106,-0.1379405811333072,0.08927661783412785,-0.22721719896743506,1.1938720537400767,130.2497055338383,130.16434427905756,130.0314865020775,132.7954389506064,128.58256104939363,-0.005934397928355706,0.006179865646219247,Tokyo
2022-03-01,128.971,129.243,127.373,127.825,127772,35.87349174237174,-0.3107003054831807,0.00928123317066614,-0.3199815386538469,1.2421669070535633,130.01878119728227,130.07260528772196,130.00226151529503,133.0085376598628,128.22416234013716,-0.019039798627845328,0.006491557980010194,Tokyo
2022-03-02,127.728,128.766,127.295,128.464,143023,40.62465880707879,-0.3915382626748851,-0.07088266599844412,-0.320655596676441,1.2585121279812017,129.8707067975411,130.00952272741915,129.98188719058916,133.09333567495187,128.04886432504813,-0.011716556271011647,0.006605263842933381,Tokyo
2022-03-03,128.455,128.519,127.576,127.762,116963,37.35063636662951,-0.5064108700167935,-0.157988306802114,-0.3484225632146795,1.2359755474074121,129.66987757872766,129.92138458124586,129.95248471124364,133.15492449210814,127.61117550789186,-0.011978872640378668,0.005364042409063687,Tokyo
2022-03-04,127.758,127.816,125.071,125.546,149797,29.318210714475327,-0.7674146407830733,-0.2798735735983059,-0.4875410671847674,1.3437630083233356,129.27712733313456,129.7498008721774,129.8941206753331,133.4853216106417,126.64507838935832,-0.03590791110565039,0.006343668288639431,Tokyo
2022-03-07,125.501,125.954,124.389,125.151,182409,28.155879683251996,-0.9946692800924382,-0.42283271489713237,-0.5718365651953058,1.3595656505881941,128.88416282521698,129.56945573993514,129.83129788493136,133.71313744443674,125.76536255556333,-0.02970181885844536,0.006343155348392973,Tokyo
2022-03-08,125.125,126.732,125.005,126.027,167482,34.37008902760152,-1.0915021823423388,-0.5565666083861737,-0.5349355739561651,1.3858109612639204,128.61205207995823,129.4305359069965,129.7809098334753,133.61040053627048,125.28069946372953,-0.014066106004302803,0.00663011984025031,Tokyo
2022-03-09,126.036,128.467,125.864,128.321,126120,47.239949570359315,-0.9719324939929095,-0.6396397855075209,-0.3322927084853886,1.4727530354699807,128.58433283424793,129.38702469495743,129.76157327938955,133.27783012701218,125.24756987298787,-0.0011131523228297135,0.008028080731220483,Tokyo
2022-03-10,128.258,128.871,127.412,127.59,139672,44.26139365755583,-0.925489775269071,-0.6968097834598309,-0.22867999180924004,1.4717706757934423,128.48963446908147,129.31655313829245,129.73281071939763,132.77835857687347,125.25044142312653,-0.0013462531895241936,0.007962663551993095,Tokyo
2022-03-11,127.567,129.034,127.46,128.017,134579,46.38784183526235,-0.8444934597416562,-0.726346518716196,-0.1181469410254602,1.4790727703803943,128.44462166250227,129.2655902701241,129.7100847496043,132.53447882646398,125.19682117353607,0.019682028897774373,0.007682778322407951,Tokyo
2022-03-14,128.085,129.713,127.967,129.359,118055,52.51881694775747,-0.6643568198299477,-0.7139485789389464,0.04959175910899871,1.4981390010693743,128.53170531369253,129.2692533967859,129.70543462047047,132.38543853811225,125.21886146188777,0.03362338295339251,0.008092048531309095,Tokyo
2022-03-15,129.302,130.027,129.273,129.532,125615,53.26085352075591,-0.5018525370520308,-0.6715293705615634,0.16967683350953255,1.4449862152738746,128.62697147429324,129.27955718514724,129.70313747317948,132.1219264658064,125.30627353419358,0.02781150071016536,0.007999598352096227,Tokyo
2022-03-16,129.505,131.098,129.496,131.026,133562,59.19199544620666,-0.2496357623736003,-0.5871506489239707,0.33751488655037043,1.4562014856124015,128.8554503815034,129.3480451386709,129.72065883115062,132.06512449510097,125.33507550489901,0.021079947943049238,0.008448819392456994,Tokyo
2022-03-17,130.986,131.91,130.715,131.548,108596,61.05172730082494,-0.007544149592803251,-0.4712293490577373,0.46368519946493403,1.4375442366386249,129.11188367850306,129.43431787833086,129.74486202544,132.25379305377245,125.24410694622755,0.031021239909083675,0.008391778307275876,Tokyo
2022-03-18,131.536,131.912,131.184,131.659,102358,61.45400081374714,0.1910694404730009,-0.33876959115158967,0.5298390316245906,1.3868625054464652,129.35446618531228,129.52156031447475,129.7702148462951,132.50321972025174,125.13548027974825,0.028449346571158385,0.008365674587945324,Tokyo
2022-03-21,131.566,131.969,131.375,131.633,68751,61.2943068771065,0.3424268749635928,-0.2025302979285532,0.5449571728921461,1.3302294693393202,129.57146940575873,129.60436187076988,129.79488749733756,132.78860155808542,125.03819844191457,0.017578985613679876,0.008304829737718553,Tokyo
2022-03-22,131.626,133.337,131.582,133.245,113697,67.01704867712873,0.585702051559224,-0.044883828030997774,0.6305858795902217,1.3605702215312716,129.92132946235316,129.7471319934848,129.84058435167745,133.35779542355334,124.76290457644667,0.028664731494920215,0.008663042489699487,Tokyo
2022-03-23,133.245,133.884,132.327,133.323,106599,67.26922242562927,0.7758498161106786,0.1192629007973375,0.6565869153133411,1.3746009199941398,130.2452980849862,129.88736211138738,129.88670906225127,133.91707731511386,124.53722268488612,0.017530871735380815,0.008623771710620955,Tokyo
2022-03-24,133.288,134.614,132.948,134.571,109268,71.07922255019093,1.0155399471283602,0.29851831006354207,0.7170216370648181,1.3954151399956838,130.6572696959399,130.0710341854506,129.94875265083073,134.75461995482564,124.22568004517436,0.022980204944202942,0.008661049962407076,Tokyo
2022-03-25,134.527,134.741,133.719,134.118,124415,67.98569145320916,1.155621503371492,0.4699389487251321,0.68568255464636,1.368742629994654,130.98686305823134,130.22973872719766,130.003974470025,135.33746707229892,124.03243292770111,0.018677036890755616,0.008655337450105846,Tokyo
2022-03-28,133.994,137.678,133.963,136.126,166295,73.4928233627344,1.4123848707600644,0.6584281331321186,0.7539567376279458,1.5363324421457087,131.47630467173312,130.46096465946442,130.0850609008856,136.37016887265128,123.71413112734871,0.034132778254692964,0.008738401560187656,Tokyo
2022-03-29,136.1,137.31,135.309,136.218,171959,73.7159148610611,1.604796228449004,0.8477017521954957,0.7570944762535083,1.5695229819938814,131.92789470299664,130.68673075125014,130.16629188233082,137.2660000218131,123.65759997818687,0.02231228188674983,0.008313554452031859,Tokyo
2022-03-30,136.2,136.672,134.877,135.932,157455,71.69579959802043,1.714442776741464,1.0210499571046894,0.6933928196367747,1.5856284832806795,132.309238064616,130.89242758453446,130.24265887726685,137.9884802515975,123.68191974840254,0.019569016598786293,0.008383272510619861,Tokyo
2022-03-31,135.85,136.842,134.513,134.664,156303,63.400273645325534,1.6796593854977857,1.1527718427833087,0.526887542714477,1.6387264487626143,132.53350110608116,131.04033238514094,130.3012196868395,138.37515208070033,123.98544791929965,0.0006910850034553828,0.00862783531325433,Tokyo
2022-04-01,134.567,135.877,134.473,135.369,122069,65.771600158816,1.6895053395319621,1.2601185421330394,0.4293867973989227,1.6219602738504173,132.8035486197877,131.2100840563119,130.3683426048946,138.5823614784635,124.7605385215365,0.00932760703261315,0.007218895907120335,Tokyo
2022-04-04,135.262,135.678,134.565,134.69,104279,61.62997445610378,1.6238005418147736,1.3328549420693863,0.29094559974538736,1.585605968574217,132.9832106559984,131.34655134822125,130.42558310019402,138.4547720957875,125.84202790421247,-0.010549050144718963,0.007325007046455326,Tokyo
2022-04-05,134.63,135.124,134.291,134.775,107943,61.95296299720742,1.5605982012464494,1.378403593904799,0.1821946073416505,1.5318483993887373,133.15385726018903,131.48100031495767,130.48319127105236,138.2891725424433,126.88242745755672,-0.010593313658987635,0.0073118263557709635,Tokyo
2022-04-06,134.763,135.472,134.566,134.877,128481,62.362396072718184,1.5014328552028928,1.4030094461644178,0.09842340903847502,1.4871449422883012,133.31796609255198,131.61417677319463,130.54138741315762,138.33135247244033,127.49584752755969,-0.007761233557955327,0.006456399341411143,Tokyo
2022-04-07,134.87,135.497,134.413,134.869,117651,62.30576369380432,1.4373297167904013,1.4098735002896148,0.027456216500786557,1.4583488749812519,133.46568360754702,131.74181689973602,130.5987067851688,138.13890954451577,128.41619045548427,0.001522307372423315,0.006196830137948487,Tokyo
2022-04-08,134.869,135.386,134.35,135.155,110387,63.579129158859054,1.393541449181896,1.4066070900680712,-0.013065640886175123,1.4281810981961547,133.62657088301873,131.87566721739344,130.65905503966988,137.8785730933587,129.39032690664126,-0.0015808641564907244,0.006196973742863194,Tokyo
2022-04-11,135.391,137.127,135.214,136.443,117030,68.70621639312463,1.446100026420993,1.4145056773386557,0.03159434908233716,1.467025305468722,133.89480222749313,132.05477830690742,130.7356635821908,137.899743171992,130.07755682800803,0.013015071646002019,0.006138448827443004,Tokyo
2022-04-12,136.443,136.639,135.538,135.744,125953,63.483157792666866,1.4150379427602218,1.414612130422969,0.00042581233725269563,1.440880640791845,134.0709163010652,132.19945366742087,130.80199916388364,137.66937146431144,130.9291285356885,0.007189760712298154,0.00637816703984298,Tokyo
2022-04-13,135.606,136.869,135.565,136.841,120017,67.64074625255307,1.4620857354161956,1.4241068514216144,0.03797888399458116,1.431103452163669,134.33473379620187,132.3814750922279,130.88198592992492,137.76903593463283,131.41096406536718,0.014561415215344375,0.006162893951096885,Tokyo
2022-04-14,136.808,136.935,135.514,136.287,131616,63.69660560548072,1.4380908637316736,1.4269036538836264,0.01118720984804722,1.4303817770091076,134.52066391084932,132.53463293174838,130.95357552025706,137.74722103825053,131.90667896174944,0.01051390608664704,0.0062993196137753555,Tokyo
2022-04-15,136.269,136.902,136.192,136.613,180170,64.99028050793058,1.4289086609733488,1.427304655301571,0.001604005671777875,1.3789259357933197,134.71993401457794,132.69456889520922,131.02853478488944,137.68776995615704,132.461530043843,0.010787614220709507,0.006296840789615579,Tokyo
2022-04-18,136.395,137.025,136.386,136.914,88554,66.18833895232927,1.4294421641003225,1.4277321570613213,0.00171000703900126,1.3260740832358437,134.92889267985623,132.8600367816716,131.10648796654655,137.51893109349805,133.15846890650192,0.0034519909412720207,0.006278670112417202,Tokyo
2022-04-19,136.84,139.09,136.808,139.035,136381,73.15865542946571,1.582766792885252,1.4587390842261074,0.12402770865914459,1.3943545058628286,135.3199505198699,133.1021922019982,131.21150137096316,138.14891565443818,133.1074843455618,0.024244165487977254,0.00658577713061855,Tokyo
2022-04-20,139.049,139.68,138.396,138.772,162047,71.19864895295068,1.6638756411596773,1.4997663956128215,0.1641092455468558,1.386472041158238,135.64871713702516,133.3245376058414,131.3116404256524,138.54705715926994,133.25424284073003,0.014111267821778517,0.0066394163902203365,Tokyo
2022-04-21,138.761,140.002,138.511,139.063,144948,72.08965155765718,1.7316745890537675,1.5461480343010108,0.1855265547527567,1.3939383239327423,135.97388693349896,133.5495753467888,131.41430743988218,139.04487765290077,133.20562234709922,0.020368780588023716,0.006413211384270025,Tokyo
2022-04-22,139.056,139.489,138.255,138.837,148382,70.27143720191143,1.747030749494371,1.586324577339683,0.16070617215468808,1.3825141579374167,136.24656436840382,133.75692533318923,131.51262124862546,139.3594857979719,133.3629142020281,0.016279563438325706,0.006352986579537407,Tokyo
2022-04-25,138.87,139.168,136.482,137.257,183802,59.057013332997926,1.6131128609564769,1.5916822340630419,0.021430626893435,1.4756202895143022,136.34279633331775,133.89418316326024,131.58870573539863,139.4399255757286,133.39557442427142,0.002505222256307116,0.006212757221205708,Tokyo
2022-04-26,137.246,137.533,135.276,135.326,166180,48.80571873914971,1.335768499726413,1.5404994871957163,-0.2047309874693033,1.5314331259781135,136.2459585872875,133.95033284313237,131.63820632168475,139.4338198458454,133.31248015415457,-0.02667673607365051,0.007014723925175707,Tokyo
2022-04-27,135.326,136.29,134.775,135.583,180569,50.04849052165451,1.123754900475177,1.4571505698516085,-0.3333956693764315,1.5302593312653796,136.1828196742125,134.0143590061468,131.69045524457636,139.43090502354661,133.2804949764534,-0.022980140085896217,0.007018512045862333,Tokyo
2022-04-28,135.59,137.994,135.435,137.333,205514,57.596925072347766,1.0844421956433052,1.3826088950099478,-0.29816669936664253,1.60374080760419,136.29236065762083,134.14450179021946,131.76519093670117,139.48589548205464,133.4924045179454,-0.012440404708657149,0.007231654929110332,Tokyo
2022-04-29,137.309,137.982,136.499,136.968,181780,55.70610345991228,1.012166518687934,1.3085204197455451,-0.29635390105761106,1.595116464203823,136.35670726165694,134.25522721021088,131.83410231502302,139.5250580440018,133.61314195599817,-0.013461829339441178,0.007203146989854955,Tokyo
2022-05-02,136.783,137.635,136.517,136.804,140042,54.83504928928296,0.9309229937948658,1.2330009345554094,-0.3020779407605436,1.561036716760443,136.39930657007056,134.35517908432024,131.89992877442668,139.4959505379719,133.8536494620281,-0.003300378122791603,0.007096102162695692,Tokyo
2022-05-03,136.761,137.368,136.516,136.926,121658,55.39382565233514,0.8663940441630018,1.1596795564769278,-0.29328551231392597,1.5103912369914965,136.44946784911147,134.45599559081748,131.9664992542356,139.45884616004608,134.10585383995394,0.011823300769992384,0.007096055696540249,Tokyo
2022-05-04,136.889,137.431,136.597,137.112,121244,56.28187241635947,0.8208013452302225,1.0919039142275868,-0.2711025689973643,1.4620775772060852,136.5125661491961,134.5601526264717,132.03465158199407,139.4179149819594,134.37028501804062,0.011277225020835946,0.0070971711814669415,Tokyo
2022-05-05,137.02,137.572,136.823,137.185,163887,56.64667496985908,0.7815500700523046,1.0298331453925305,-0.24828307534022587,1.411143464548209,136.57660746832028,134.66308781759045,132.1028681173319,139.34819446617212,134.67160553382786,-0.0010776725186225633,0.007094538187286826,Tokyo
2022-05-06,137.061,138.157,136.738,137.656,174544,59.022551978499976,0.7794637425476765,0.9797592648235597,-0.2002955222758832,1.4117046456519122,136.67940675705168,134.78045692278297,132.17641953299636,139.31790989065664,134.95199010934337,0.005023071082296715,0.007112858449153535,Tokyo
2022-05-09,137.477,138.313,137.062,137.594,149364,58.567549188356274,0.7640005088326802,0.9366075136253839,-0.17260700479270363,1.4002257423910016,136.7665108754277,134.89079194541893,132.24817556567191,139.35927946805,135.02572053195,0.005774684950732301,0.006824057714246779,Tokyo
2022-05-10,137.575,138.078,137.022,137.356,167778,56.75871570987755,0.7241931261917784,0.8941246361386628,-0.16993150994688433,1.3756381893629583,136.82265269681554,134.98746677108878,132.31582886943787,139.33015900434913,135.21604099565087,0.003140382396330965,0.006719822431350589,Tokyo
2022-05-11,137.328,137.707,136.175,136.64,158587,51.595998828905415,0.6276352836532624,0.8408267656415828,-0.21319148198832039,1.3868068901227943,136.80525720188072,135.05227199575197,132.37310265924663,139.33093327829133,135.19516672170866,-0.003442441215940284,0.006598861470027677,Tokyo
2022-05-12,136.64,136.743,132.651,133.179,194443,35.01597285387493,0.2687408453834621,0.7264095815899587,-0.4576687362064966,1.5800349694005176,136.45989937313018,134.97881034885975,132.38377679621027,139.84358930950015,134.3717106904998,-0.029201443306484,0.008713597787521796,Tokyo
2022-05-13,133.094,134.748,132.949,134.526,142823,42.729465949557536,0.09194616189134308,0.5995168976502356,-0.5075707357588926,1.5956753287291092,136.27571848045113,134.961053080277,132.412150613479,139.96828648971888,134.03831351028117,-0.02273783925146744,0.009040644579574434,Tokyo
2022-05-16,134.49,135.046,133.744,134.711,124323,43.717577713675794,-0.03285817602289853,0.47304188291560884,-0.5059000589385074,1.5746985195340992,136.12669767278913,134.9512470771289,132.44259894972433,140.03076366076436,133.75553633923562,-0.020952948529732285,0.00902823001719405,Tokyo
2022-05-17,134.691,136.696,134.491,136.467,129946,52.155645387009066,0.00981487177674012,0.3803964806878351,-0.370581608911095,1.6197200538532366,136.1591074182378,135.01068836822188,132.49590227489355,139.73924840972862,133.79025159027137,-0.006472232738285788,0.008813443172104859,Tokyo
2022-05-18,136.444,136.663,134.072,134.134,126700,42.943818062153916,-0.14297194116400647,0.2757227963174668,-0.4186947374814733,1.6890971928639287,135.96624004507228,134.9763084322132,132.51759893350422,139.57094270327423,133.49475729672577,-0.01834016393442628,0.009539984329637919,Tokyo
2022-05-19,134.097,135.452,133.926,135.26,180619,47.74128030461363,-0.1712240374433236,0.18633342956530874,-0.35755746700863233,1.6774473933736163,135.89897908839873,134.98743359173426,132.55392212643795,139.18367396938805,133.50172603061196,0.01562558661650848,0.009771177453684542,Tokyo
2022-05-20,135.273,135.8,134.577,135.069,154856,47.01907184531633,-0.2066440668650955,0.1077379302792279,-0.3143819971443234,1.6449868652754176,135.8199334609322,134.99063227441135,132.58723441615402,138.79123483144093,133.51736516855908,0.004036394451629954,0.009771018013712976,Tokyo
2022-05-23,134.937,136.801,134.654,136.735,140955,53.61096502040779,-0.09913959912586279,0.06636242439820977,-0.16550202352407256,1.6808449463272592,135.90708265512913,135.05903885188545,132.6421717086553,138.7292690595666,133.52713094043338,0.015024756701383035,0.009921782669162143,Tokyo
2022-05-24,136.702,136.787,135.544,136.138,164351,51.15478130170395,-0.06140658765920648,0.04080862198672652,-0.102215209645933,1.6495703073038133,135.92907478321206,135.1013510537723,132.68847407013007,138.7423502899186,133.59524971008142,-0.0024108392505148846,0.009424863796450519,Tokyo
2022-05-25,136.138,136.229,134.984,135.915,151785,50.22906579311495,-0.04893307055388618,0.02286028347860398,-0.07179335403249017,1.6206724282106242,135.92773432766805,135.13325885558518,132.7312095129098,138.7472971917421,133.62350280825794,0.01327776700911043,0.009426477979386215,Tokyo
2022-05-26,135.861,136.637,135.23,136.358,136384,52.084110614604896,-0.003263698798406267,0.01763548702320193,-0.0208991858216082,1.6054101119098367,135.96871201074728,135.18128792007204,132.7792464730037,138.6431061079452,133.63019389205476,0.008117699245896892,0.008980065632347083,Tokyo
2022-05-27,136.332,136.725,135.844,136.405,126138,52.287295530759465,0.03630362891655636,0.02136911540187282,0.014934513514683542,1.553666532487613,136.01026324781898,135.22927662908882,132.8272696985268,138.58814560286194,133.62885439713804,0.009891240773234555,0.008964597277632127,Tokyo
2022-05-30,136.119,137.665,135.981,137.514,92801,56.92839944700421,0.15535719189645647,0.048166730700789556,0.10719046119566691,1.5629760658813703,136.1534762718362,135.3188736240265,132.88934559655956,138.68513758197574,133.60286241802427,0.0056971514242878385,0.009149506448501066,Tokyo
2022-05-31,137.518,138.234,136.798,138.124,170003,59.27495992121216,0.2955232917593946,0.09763804291251058,0.19788524884688405,1.5539063468898302,136.341145198328,135.42887857994705,132.95867876746607,138.87576793717196,133.53203206282805,0.014588138506515413,0.00919638731890269,Tokyo
2022-06-01,138.124,138.971,137.876,138.625,151339,61.147175731981406,0.4419380618313937,0.1664980466962872,0.2754400151351065,1.5211273221119384,136.55865517943963,135.5542166748511,133.03372937981752,139.1387840877278,133.4203159122722,0.019938932420998423,0.009222215170182818,Tokyo
2022-06-02,138.498,139.601,138.389,139.563,124630,64.44303645193676,0.6264403681632018,0.2584865109896701,0.3679538571735317,1.4990467991039127,136.84478325758823,135.71142386407263,133.12020978538285,139.59419562422303,133.20270437577696,0.0235043048446002,0.009325640544951982,Tokyo
2022-06-03,139.521,140.371,139.212,140.185,119427,66.47399161516842,0.8134727692133481,0.36948376263440574,0.44398900657894236,1.474757742025033,137.16289913781793,135.8868582223443,133.21378316570892,140.1069455726044,132.94285442739562,0.027711594149774532,0.009343185580723909,Tokyo
2022-06-06,140.119,141.123,139.832,141.047,111688,69.10747532336599,1.0195013139767184,0.49948727290286826,0.5200140410738501,1.4616321890232296,137.5328135056448,136.08921672342885,133.31753438205715,140.79267529080283,132.60242470919718,0.025691929548991244,0.009408389223772946,Tokyo
2022-06-07,141.021,142.059,140.923,141.944,151434,71.60685454251404,1.240856996466789,0.6477612176156524,0.5930957788511366,1.4383727469501166,137.9529265051072,136.3188160676081,133.4317922048114,141.64415115389636,132.20974884610365,0.0276563088239552,0.009447274109666146,Tokyo
2022-06-08,141.97,144.248,141.638,143.844,152254,76.03052799975481,1.551709944326916,0.8285509629579052,0.7231589813690108,1.5220604078823328,138.51398112366843,136.61392131985878,133.56970224183374,142.92285005085117,131.65144994914883,0.03764833183047789,0.009644311028815647,Tokyo
2022-06-09,143.81,144.177,142.339,142.635,176622,68.69621032807953,1.6811279525441023,0.9990663608751447,0.6820615916689576,1.5446275216050436,138.90645911189048,136.85004205241333,133.6897724108161,143.5295090080504,131.9903909919496,0.022011564669718986,0.0075288994995893,Tokyo
2022-06-10,142.54,142.789,140.802,141.362,172243,61.92277614873436,1.6618158170727213,1.13161625211466,0.5301995649580613,1.5762255557761384,139.1403201488533,137.02698157976968,133.7913913192821,143.87458821010148,132.32891178989848,0.008396048079323704,0.007842264419141284,Tokyo
2022-06-13,141.202,141.782,139.386,139.882,206217,55.118366263547955,1.5096844765515698,1.2072298970020419,0.3024545795495279,1.6347808732207474,139.21095632515298,137.13894308644538,133.872061632934,143.95413179469824,132.76646820530175,-0.008259658128141667,0.008364408212426474,Tokyo
2022-06-14,139.882,141.121,139.474,141.091,211643,59.074602557502374,1.4697333182908494,1.2597305812598034,0.210002737031046,1.6356536679906961,139.39000810370985,137.29392571050636,133.96767671064347,144.23783278285526,132.94516721714473,-0.006009412162542804,0.008114498905717277,Tokyo
2022-06-15,141.047,141.488,139.532,139.805,237570,53.656635572805406,1.31909656104051,1.2716037772159448,0.04749278382456534,1.6585355488485185,139.42953114145178,137.39239921205512,134.04499225089984,144.13523540697946,133.61486459302057,-0.02807903006034307,0.0072813414804547855,Tokyo
2022-06-16,139.778,140.602,137.841,139.417,255266,52.10395653754164,1.1550923032399396,1.2483014824207437,-0.09320917918080407,1.7372830096451024,139.42833769940876,137.4717953213863,134.11614467141774,144.06267923416922,134.10312076583077,-0.022561082483261385,0.007200524008412477,Tokyo
2022-06-17,139.407,141.966,139.295,141.641,257452,59.36283314914302,1.1908485992281896,1.236810905782233,-0.04596230655404332,1.8039770803847786,139.63906744232222,137.63529354407703,134.21581162941223,144.1368934172066,134.68610658279337,0.0019736562866965457,0.007835587999636857,Tokyo
2022-06-20,141.296,142.354,141.296,142.004,152577,60.41729712382626,1.2342491319913336,1.2362985510240532,-0.0020494190327196016,1.7506930032144097,139.864299114482,137.80661536587795,134.31896644226768,144.35938480722808,134.99051519277197,0.015169928940106603,0.00748394374493401,Tokyo
2022-06-21,141.754,143.996,141.632,143.96,169149,65.59748412173587,1.4102210692616666,1.271083054671576,0.13913801459009068,1.7945006458419743,140.25436586548372,138.04792456721609,134.44666225097936,144.81281885004972,135.31928114995026,0.020334394114436716,0.00777177982934814,Tokyo
2022-06-22,143.945,144.245,142.67,143.959,200452,65.59275792587226,1.5319401532283337,1.3232544743829275,0.20868567884540612,1.7788220282818272,140.60718816400907,138.2797314469331,134.5726534794432,145.0957346128452,135.84076538715476,0.029712814277028654,0.00773124225996202,Tokyo
2022-06-23,143.936,143.992,141.408,142.008,220661,56.96885298295772,1.4542107728235862,1.3494457340710593,0.10476503875252696,1.8363347405474362,140.74059881505582,138.42593805685732,134.67113489031152,144.9957524053076,136.50574759469237,0.01858453416728234,0.008566029254152804,Tokyo
2022-06-24,141.971,142.767,141.399,142.669,164912,58.938601055215834,1.429468827801884,1.3654503528172244,0.06401847498465951,1.8028822590797482,140.92425607076478,138.5923326428629,134.77706687851932,144.85944514001935,137.26845485998066,0.007257785528201666,0.008575448679901619,Tokyo
2022-06-27,142.509,143.481,142.028,143.364,176961,60.962008108498466,1.4492354654310304,1.3822073753399855,0.06702809009104493,1.7778906691454712,141.15661263545385,138.7794568529467,134.8908010920489,144.89286004261248,137.82003995738756,0.009577195008591444,0.008489280825381985,Tokyo
2022-06-28,143.309,144.278,142.864,143.183,190151,60.13096010608963,1.4337678970159118,1.3925194796751708,0.04124841734074103,1.7518984784922134,141.34960190826777,138.95214481949782,135.00063154116083,144.88650747940866,138.33229252059132,-0.005397332592386839,0.008501949525977983,Tokyo
2022-06-29,143.143,143.855,142.483,142.612,201142,57.46934466660176,1.3597603388898847,1.3859676515181136,-0.02620731262822895,1.7247628728856168,141.46983029795655,139.09566855206654,135.1014443684302,144.79348533165305,138.82401466834696,-0.009356830764314927,0.008586204419242186,Tokyo
2022-06-30,142.595,142.861,141.372,142.286,213354,55.94673667931149,1.2602756669804478,1.3608292546105807,-0.10055358763013289,1.7079226676794945,141.5475607457702,139.2207795892404,135.19660404566955,144.7407503762423,139.1490496237577,0.001957636189510392,0.008528674749489028,Tokyo
2022-07-01,142.149,142.434,139.792,141.024,225699,50.38189520259909,1.0672973551769758,1.3021228747238598,-0.23482551954688402,1.7746424771309777,141.49769781760162,139.29149411515255,135.2737880980448,144.6953284833473,139.2783715166527,-0.01153018525397953,0.008761495686749325,Tokyo
2022-07-04,140.907,141.663,140.607,141.407,138752,51.944137933230365,0.9344932948731071,1.2285969587537093,-0.2941036638806023,1.7233108716216097,141.489059930211,139.37445513024463,135.35502269277268,144.6917281552335,139.31797184476645,-0.013650567785497003,0.008674658771184148,Tokyo
2022-07-05,141.143,142.373,138.946,139.482,209770,44.38070172202864,0.6662337798786382,1.116124322978695,-0.44989054310005683,1.845002952220095,141.297911365429,139.3786725761174,135.40968464386177,144.79631378428223,138.96718621571773,-0.0258480406193472,0.00906829903781662,Tokyo
2022-07-06,139.441,139.493,137.268,138.38,225034,40.72493442809587,0.3605577065367811,0.9650109996903122,-0.6044532931535311,1.872145598490094,141.02001504491196,139.33950894568144,135.4490265691086,144.76312238573777,138.4539776142622,-0.029674922166437634,0.008549801128000243,Tokyo
2022-07-07,138.401,139.07,137.98,138.17,191708,40.04793716520978,0.1002068490006991,0.7920501695523896,-0.6918433205516905,1.8162780557407903,140.74858504063462,139.29364584977236,135.4850659522992,144.85067818092898,137.91992181907102,-0.028927652755717403,0.008411638391668539,Tokyo
2022-07-08,138.217,138.712,136.865,138.599,202744,42.16314886574996,-0.070691479256908,0.6195018397905301,-0.6901933190474381,1.8184724803307326,140.54386265581226,139.26640483605578,135.52631011187142,144.92991882536344,137.56438117463657,-0.017195654640345004,0.008286613068161964,Tokyo
2022-07-11,138.108,139.17,137.881,137.958,183525,39.89805178863712,-0.25491448311393583,0.44461857520963693,-0.6995330583235728,1.7806530174499582,140.29759002192537,139.21509484248497,135.55851792495923,145.07638712483953,137.22551287516046,-0.024390588867595042,0.00803053276292469,Tokyo
2022-07-12,137.958,138.075,137.018,137.379,207817,37.916578855396,-0.4425317712285448,0.2671885059220006,-0.7097202771505454,1.728963516203523,140.0196290674563,139.14309112317184,135.58263027032402,145.23835176875752,136.69234823124248,-0.015077214264206162,0.0077560718382073904,Tokyo
2022-07-13,137.316,138.798,137.12,138.198,215236,42.28304303259138,-0.5191489425863836,0.10992101622032378,-0.6290699588067074,1.7253232650461279,139.8461405848414,139.10602872618472,135.61727092899525,145.3076873469008,136.46231265309925,-0.0013152189622777088,0.007689104434156731,Tokyo
2022-07-14,138.164,139.764,137.984,139.23,227040,47.31166738767422,-0.4909356273529397,-0.010250312494328909,-0.4806853148586108,1.7292287461142621,139.78746052914224,139.11089034476572,135.66512164516752,145.31217373516097,136.43912626483905,0.007671708764565466,0.007872484145752697,Tokyo
2022-07-15,139.154,139.886,138.739,139.729,166775,49.59830046562952,-0.4234302022856866,-0.09288629045260045,-0.3305439118330862,1.6876409785346658,139.78189285970012,139.13512993908864,135.7189478485428,145.22951565567905,136.33058434432098,0.008153016977034744,0.0069989764238304695,Tokyo
2022-07-18,139.572,140.797,139.373,140.101,193617,51.295293406157214,-0.3360407074063687,-0.1415171738433541,-0.1945235335630146,1.668809480067902,139.81228401591915,139.17300719637927,135.7769882743899,145.1054565689132,136.2643434310868,0.015533713159077367,0.00700142791144732,Tokyo
2022-07-19,140.105,141.446,139.693,141.328,186007,56.4980112386156,-0.16586328882675616,-0.14638639684003452,-0.019476891986721645,1.6748230886344802,139.95663791916493,139.2575167180899,135.85051160850398,144.71230287138928,136.39429712861067,0.028745295860357123,0.00653872400346935,Tokyo
2022-07-20,141.274,141.925,140.424,140.791,172684,53.78985259426415,-0.07348082938318612,-0.13180528334866484,0.05832445396547872,1.6624071537320162,140.03610097448257,139.3176533173805,135.91594854084167,144.2369963521183,136.55280364788172,0.018762934340583737,0.0065658692051097775,Tokyo
2022-07-21,140.791,142.326,140.132,140.475,218273,52.20407305446096,-0.02547199843013459,-0.1105386263649588,0.08506662793482421,1.7003780713225893,140.0779008816747,139.36303946179694,135.9763333283802,144.08527914495767,136.55122085504235,0.008942038353803028,0.005879618883556128,Tokyo
2022-07-22,140.474,140.691,138.774,138.949,201081,45.26422891459439,-0.10930015653323721,-0.1102909323986145,0.000990775865377283,1.7158510662281203,139.97038651199142,139.34680262015786,136.01570639687847,143.77589813570884,136.48860186429116,-0.005582234181880641,0.006179568760971641,Tokyo
2022-07-25,138.951,140.074,138.713,139.662,165831,48.69598462319883,-0.11685440967349336,-0.11160362785359028,-0.005250781819903086,1.6905045614975394,139.94101636799223,139.3591633017203,136.06400167639003,143.2607107354295,136.63358926457047,-0.0031334537226714865,0.0061934403615332805,Tokyo
2022-07-26,139.621,139.839,138.127,138.558,153793,44.0868593426731,-0.20950968595516883,-0.131184839473906,-0.07832484648126284,1.6920399499620002,139.80930052342154,139.3277451330254,136.09703476676899,142.70862745870986,136.7231725412901,-0.01959979621872532,0.006368173496766775,Tokyo
2022-07-27,138.524,139.509,138.419,139.321,166088,47.76657303969826,-0.2188491794983065,-0.1487177074787861,-0.07013147201952041,1.649037096393281,139.7627957116671,139.32748061800478,136.13973629303695,142.21770965316205,136.88499034683798,-0.010441008303087584,0.006534769013943821,Tokyo
2022-07-28,139.207,139.326,136.376,136.873,197789,38.91718698052321,-0.4189544900577573,-0.20276506399458036,-0.21618942606317695,1.7419630180794807,139.4875770724607,139.23122647612226,136.14944839511594,141.87625166836787,136.68514833163212,-0.025641573233671555,0.007512840776127373,Tokyo
2022-07-29,136.869,137.324,135.546,136.241,195109,37.01081329672427,-0.6213736992988572,-0.28648679105543573,-0.3348869082434215,1.7445370882166622,139.17837925603587,139.11396269274493,136.15066099915416,141.83466359748033,136.24843640251962,-0.01948916508934928,0.007363311923910369,Tokyo
2022-08-01,135.927,136.347,134.994,135.048,177714,33.65902785368729,-0.8680511572592593,-0.40279966429620045,-0.46525149296305884,1.7165701533440423,138.78500980308007,138.95451317538237,136.13605621770841,141.81478579870458,135.63241420129543,-0.033036903381019944,0.007447431646078981,Tokyo
2022-08-02,135.031,135.403,133.399,135.367,212286,35.3451294936971,-1.025977357572856,-0.5274352029515316,-0.49854215462132434,1.7371008566766113,138.4594850599296,138.81382638419092,136.12587004263943,141.92784220712284,135.10785779287718,-0.023030066831218665,0.007005751814549895,Tokyo
2022-08-03,135.351,136.414,134.825,136.069,201271,39.018231959100476,-1.082016661435972,-0.6383514946484197,-0.4436651667875524,1.7265222240568525,138.23181981612677,138.7061861338305,136.12511679704158,141.98424449397268,134.8203555060273,-0.02334177905699797,0.006985038598029118,Tokyo
2022-08-04,136.069,136.919,135.637,136.224,175736,39.83103183883266,-1.1012267523664718,-0.7309265461920301,-0.3703002061744417,1.6947706366242195,138.04059888125755,138.60884550113127,136.12642650833905,142.0168794218174,134.5931205781826,-0.004741621795386952,0.0069967519580322,Tokyo
2022-08-05,136.162,137.755,135.797,137.386,162139,45.67663581474342,-1.0110326440942004,-0.7869477657724642,-0.22408487832173618,1.7135727340082045,137.97825613066158,138.5608907755967,136.14310960094386,141.97559188582466,134.51310811417534,0.008404224866229493,0.007250655568950434,Tokyo
2022-08-08,137.273,137.924,137.068,137.689,152286,47.11933219041056,-0.9046750647458737,-0.8104932255671462,-0.09418183917872747,1.6523175387219013,137.95070792774143,138.52669898047526,136.16358497046778,141.96842205555973,134.49337794444025,0.019556009715064215,0.007203456607758962,Tokyo
2022-08-09,137.654,138.307,137.257,137.993,133405,48.594407821179786,-0.7867860773391158,-0.8057517959215401,0.01896571858242435,1.60929485738462,137.954735744147,138.50576960869193,136.1878156331106,141.97969517728828,134.5435048227117,0.019399114998485567,0.007153496162061986,Tokyo
2022-08-10,137.972,138.393,136.608,136.895,159398,43.837975845081594,-0.7730464310536149,-0.7992107229479551,0.02616429189434022,1.6218452247142903,137.85380853041872,138.44260217305697,136.19718231346675,141.96456445099471,134.42833554900528,0.006070449551330626,0.007244870900713531,Tokyo
2022-08-11,136.847,137.394,136.296,137.306,161204,45.96982057791425,-0.7206857801911326,-0.7835057343965907,0.06281995420545805,1.5844277086632694,137.80163628942645,138.39802953881946,136.2118686404407,141.85548067481324,134.3450193251868,0.007942800093962976,0.007055108337182663,Tokyo
2022-08-12,137.268,137.719,136.889,136.91,144978,44.22782731313113,-0.7030392784590731,-0.7674124432090872,0.06437316475001409,1.530540015187319,137.7167185475763,138.33967543925792,136.22111541341502,141.66846016029803,134.250139839702,-0.0034646907254014536,0.006996884950605888,Tokyo
2022-08-15,136.717,137.279,135.276,135.443,138227,38.41957085907413,-0.7982274690854467,-0.7735754483843592,-0.024652020701087518,1.5642871569596535,137.5001739239976,138.2260803239929,136.21080924899894,141.45424449641854,133.99855550358143,-0.016312123699060765,0.007264774883919315,Tokyo
2022-08-16,135.44,136.914,134.946,136.508,149358,44.153475985395374,-0.7787512370225045,-0.7746106061119884,-0.0041406309105160855,1.5931237886053924,137.40568116933116,138.1587046250128,136.21474555033672,140.8371088430269,134.1336911569731,-0.010761415434116128,0.0072002620694543926,Tokyo
2022-08-17,136.502,137.876,136.261,137.489,159702,48.875626977476934,-0.6763610126196511,-0.754960687413521,0.07859967479386987,1.5946863751335794,137.41361629606155,138.13244169854173,136.23162309271638,140.2899405665905,134.3506594334095,0.004339092004821188,0.007447564297381188,Tokyo
2022-08-18,137.468,137.663,136.556,137.068,145405,47.03745838421531,-0.6220169791118053,-0.7283719457531779,0.10635496664137256,1.5598516340526085,137.3807004583414,138.09069888683422,136.24270093254793,139.72187432359866,134.57802567640132,-0.0017333546968085756,0.007455958422502973,Tokyo
2022-08-19,137.077,137.965,136.931,137.415,137877,48.74838970803711,-0.544670320618593,-0.6916316207262609,0.14696130010766795,1.5222908030488496,137.3839670813565,138.0642008912721,136.25822807251419,139.50705956527054,134.6394404347294,0.00368855452487038,0.0071351759075592375,Tokyo
2022-08-22,137.307,137.946,136.394,136.707,145721,45.51744100095934,-0.5343426500541852,-0.6601738265918459,0.12583117653766063,1.5244128885453598,137.3194940259892,138.0109773269085,136.26417207155376,139.0347377770185,134.8162622229815,0.009332339065141637,0.007075109647278536,Tokyo
2022-08-23,136.707,137.061,135.724,136.323,167557,43.821015182188255,-0.5507942739703537,-0.6382979160675475,0.08750364209719375,1.5110262536492638,137.22458983303784,137.94478213761798,136.264951249414,138.79154184419113,134.83595815580887,-0.001355231927799072,0.00690407663261321,Tokyo
2022-08-24,136.321,136.777,135.515,136.678,163766,45.8309861165902,-0.5290877767654365,-0.6164558882071254,0.08736811144168888,1.4932386641028876,137.1725336584628,137.89510440673098,136.27042209379263,138.2686025237937,135.0945974762063,-0.005898653710478707,0.006794526281907798,Tokyo
2022-08-25,136.678,136.977,136.014,136.153,159089,43.36026648183507,-0.547932113408109,-0.6027511332473221,0.05481901983921311,1.4553644738098233,137.07543521479968,137.82678658685919,136.2688668342722,138.24692213794563,135.04427786205437,-0.00667551872063521,0.005594437049107533,Tokyo
2022-08-26,136.122,137.962,136.074,137.021,158533,48.32076627072889,-0.4872097889725069,-0.579642864392359,0.09243307541985213,1.4862670113948346,137.07025090862828,137.79518711286474,136.2788288629573,138.28242146423815,135.08677853576182,-0.0028672270130626343,0.005681845717630335,Tokyo
2022-08-29,136.873,138.974,136.873,138.718,152771,56.3665849297981,-0.2987098505802521,-0.5234562616299376,0.2247464110496855,1.5301765105809182,137.22717939352083,137.8313758535367,136.3111357654347,138.51668598422108,135.2195140157789,0.014710292816022541,0.005863456204120364,Tokyo
2022-08-30,138.617,139.217,138.26,138.98,167519,57.467562766762455,-0.12672032790166554,-0.4441090748842832,0.31738874698261765,1.4892353312537108,137.39411468937598,137.87641993771174,136.34648496059452,138.79374897451402,135.303751025486,0.01949047482816524,0.005860087116582017,Tokyo
2022-08-31,138.98,139.725,138.266,139.698,173039,60.41533662810946,0.06674975770582137,-0.34193730836626235,0.4086870660720837,1.487075664735589,137.61353233800685,137.94785444995836,136.3908758882688,139.27516738875113,135.18523261124892,0.022095728646892798,0.005859410374029228,Tokyo
2022-09-01,139.62,139.988,138.921,139.428,178356,58.765945607658296,0.19602974206833323,-0.23434389827934327,0.4303736403476765,1.4570702601116186,137.7863387820062,138.0058993734894,136.4311026976957,139.59892848366536,135.18187151633464,0.024053821803412312,0.005904432454038467,Tokyo
2022-09-02,139.413,140.748,139.235,139.624,160010,59.627609476016595,0.31071884956523377,-0.12533134871042786,0.4360501982756616,1.4610652415322154,137.96135413610085,138.06935430001923,136.47339272818982,139.9261771985577,135.07842280144234,0.01899708803760025,0.005648377088640905,Tokyo
2022-09-05,138.901,139.645,138.687,139.637,134226,59.687780930927325,0.3980710694039544,-0.020650865087551415,0.41872193449150585,1.4251320099941998,138.1209394564722,138.13083060197926,136.51529481126016,140.20493603133215,134.99446396866787,0.006624951340129082,0.005640647492810845,Tokyo
2022-09-06,139.637,141.76,139.403,141.412,202769,66.93421811889041,0.6035684374325285,0.10419299541646458,0.49937544201606393,1.4916940092803288,138.43437379395104,138.25950391170556,136.58015183362758,140.88374385964377,134.6575561403562,0.01749892070801562,0.006237103509763098,Tokyo
2022-09-07,141.288,144.003,141.288,143.838,193110,73.85246054311732,0.9512194415867441,0.2735982846505205,0.6776211569362236,1.579073008617447,138.9490048611938,138.4782684641877,136.6762822729173,142.2132310665738,134.02236893342618,0.029635356268522095,0.006775415017916426,Tokyo
2022-09-08,143.838,144.328,143.177,144.087,210762,74.44349350242463,1.2326187247094538,0.4654023726623072,0.7672163520471466,1.5484963651447725,139.4383377315563,138.69821872049405,136.7744374746005,143.32009281134629,133.59360718865366,0.033415095963508,0.006776185915900561,Tokyo
2022-09-09,143.986,144.723,142.635,143.286,182753,69.03740461910634,1.3751438755923289,0.6473506732483116,0.7277932023440172,1.587032339063005,139.80478175712236,138.87813171184723,136.86068333586405,144.0319874591266,133.51931254087336,0.026227582650547143,0.006912007610027229,Tokyo
2022-09-12,143.55,145.637,143.207,144.55,179608,72.43877687115629,1.5719696333998456,0.8322744652786185,0.7396951681212272,1.6472443148442197,140.2567073040631,139.10055791922576,136.96252858969368,144.83790994736881,133.62409005263123,0.03518408444753196,0.006327415216090243,Tokyo
2022-09-13,144.521,145.503,144.026,144.101,180449,69.51735680193599,1.6724460005322044,1.0003087723293356,0.6721372282028688,1.6350840066410595,140.62283041796184,139.29665368709925,137.0570778798964,145.46407588935017,133.75722411064982,0.019015359375441854,0.006383556651453718,Tokyo
2022-09-14,144.101,144.472,142.289,142.882,203829,62.18489433732933,1.6348654220685717,1.1272201022771828,0.5076453197913888,1.6742208633095568,140.837989425775,139.43725550329145,137.1342291662554,145.81846264690205,133.9421373530979,-0.0066463660506957956,0.006757582835924049,Tokyo
2022-09-15,142.882,143.68,142.562,143.483,136403,64.19034588372705,1.6347340238754953,1.2287228865968454,0.4060111372786499,1.6344908016445878,141.0898951947488,139.5959121502212,137.21831884617256,146.19238126318973,134.2097187368103,-0.004191911831046391,0.006669883237788076,Tokyo
2022-09-16,143.498,143.531,142.505,143.153,136838,62.23856710373987,1.5896768426829055,1.3009136778140573,0.28876316486884823,1.5910271729556893,141.2863813666775,139.73540579138898,137.29692389456764,146.46707052941528,134.50882947058474,-0.0009282135030638239,0.006747702217493337,Tokyo
2022-09-19,142.861,143.61,142.791,143.544,109896,63.64891343719993,1.567450540122536,1.354221050275753,0.21322948984678303,1.5358823748874268,141.50139266508916,139.8847624270208,137.37966662444092,146.67911073222464,134.98048926777537,-0.006959529574541712,0.006531098506126735,Tokyo
2022-09-20,143.463,144.039,143.011,143.303,138276,62.109136646955356,1.5129490148673028,1.3859666431940632,0.12698237167323967,1.499605062395467,141.67297431603305,140.0188109592945,137.45812137113708,146.72075525443137,135.63684474556862,-0.005537782527532786,0.006487923328407385,Tokyo
2022-09-21,143.309,143.59,141.635,141.755,177043,53.20559707516946,1.329519625965105,1.3746772397482716,-0.04515761378316663,1.5321332722243632,141.68078628593466,140.08689680402807,137.51503367085712,146.5558486831845,136.30945131681554,-0.00788762755280592,0.007141899747741616,Tokyo
2022-09-22,141.724,143.696,138.705,140.056,198492,45.49667029867255,1.0351231574410065,1.3067664232868188,-0.27164326584581233,1.7791951813511941,141.52604473489325,140.08568516465442,137.5486888540246,146.16844273679106,137.08715726320895,-0.023884362607416887,0.007699216291382398,Tokyo
2022-09-23,139.964,140.243,138.662,138.87,169942,41.02786428217404,0.6980646917034221,1.1850260769701395,-0.4869613852667174,1.7650383826832508,141.27308809347483,140.03801123662876,137.56618966390508,145.92913128029227,137.51136871970778,-0.02991903767297921,0.007911256990017546,Tokyo
2022-09-26,138.837,139.516,137.335,139.077,223718,42.09688025115478,0.44254521351356857,1.0365299042788254,-0.5939846907652568,1.7947499267773033,141.06393684647722,140.00032452146687,137.5862003968335,145.8959210154267,137.58047898457326,-0.031119378030429745,0.007428716723772268,Tokyo
2022-09-27,139.043,139.541,138.609,138.908,183598,41.4364590381577,0.22382715836749867,0.8739893550965602,-0.6501621967290615,1.7331249320074948,140.8586095277651,139.95748826572307,137.60370767634566,145.90248889638954,137.56671110361046,-0.030669281173457685,0.0074224738653991505,Tokyo
2022-09-28,138.837,140.396,138.055,140.282,218521,48.50916708163549,0.15952295951097994,0.7310960759794441,-0.5715731164684642,1.776544579721244,140.80369433464463,139.97021421608687,137.63918174685764,145.87946760460494,137.64813239539507,-0.01039116786004013,0.007664825614358603,Tokyo
2022-09-29,140.21,141.75,139.408,141.745,194039,54.77247169682065,0.22403080417311116,0.6296830216181776,-0.4056522174450664,1.816934252598299,140.89334249324992,140.0398136585933,137.69356344557477,145.84621782701768,137.9130821729823,0.012059461929513793,0.007971751307806217,Tokyo
2022-09-30,141.703,142.291,140.784,141.882,185834,55.320549688100854,0.2829468556414554,0.5603357884228332,-0.2773889327813778,1.7947960916984207,140.98750035103564,140.1120562602171,137.74903942642808,145.81470169354088,138.1703983064591,0.021689349751566223,0.007970672880872318,Tokyo
2022-10-03,141.309,142.458,141.309,142.006,173977,55.8421445250482,0.3357734275253108,0.5154233162433287,-0.1796498887180179,1.7486677994342477,141.08450031760367,140.186328563738,137.805423010184,145.7690974059743,138.45290259402574,0.021060275962236696,0.007968929214050043,Tokyo
2022-10-04,141.997,144.074,141.732,143.915,168921,63.0029446040163,0.5256201897987012,0.5174626909544032,0.00815749884429795,1.791048670903231,141.35407171592712,140.33255097300318,137.886344559718,145.9641529520567,138.5081470479433,0.036045440147435714,0.008026587972664461,Tokyo
2022-10-05,143.823,144.081,142.435,143.002,165200,58.14641488786342,0.5955386481063556,0.5330778823847937,0.062460765721561895,1.780688051552999,141.5110172667912,140.4372352485717,137.9541015854171,145.86503576842847,138.52366423157156,0.01938951540468481,0.007214570982124601,Tokyo
2022-10-06,142.762,143.453,141.951,142.109,166132,53.77975481354808,0.5722948345512862,0.5409212728180922,0.031373561733193944,1.7607817621563568,141.5679680032873,140.50279465058853,138.00913335249768,145.6563701339003,138.5345298660997,0.0025679918162897497,0.0073174093619981185,Tokyo
2022-10-07,142.08,142.209,141.182,141.59,145127,51.36541802652564,0.5061602816571451,0.5339690745859028,-0.02780879292875771,1.7083687791451896,141.5700662886885,140.54543015448704,138.0565620498156,145.53275979087303,138.48854020912697,-0.002058048237267629,0.007262448518180528,Tokyo
2022-10-10,141.297,141.814,140.899,141.389,162022,50.42134232467623,0.4325430646414361,0.5136838725970095,-0.08114080795557344,1.6516995806348183,141.552821880242,140.57851132489932,138.10070030081144,145.17282595299827,138.53237404700172,-0.004344886835767392,0.0069192527086137596,Tokyo
2022-10-11,141.372,142.196,140.981,141.592,188855,51.39301357544893,0.3861302243625744,0.48817314295012254,-0.10204291858754816,1.620506753446617,141.55655312974278,140.61825597882483,138.14694268093314,144.87479348111822,138.57950651888177,-0.01614147239690078,0.006924566315382739,Tokyo
2022-10-12,141.536,142.63,141.324,142.535,191042,55.73315150358693,0.4205916147496396,0.474656837310026,-0.05406522256038643,1.598041985343286,141.64973854595777,140.6934224110278,138.2050626454241,144.83438183139253,138.58521816860753,-0.0032656885917680123,0.0068750667496852635,Tokyo
2022-10-13,142.493,144.088,141.753,143.939,180878,61.27702877218448,0.554798212748068,0.4906851123976344,0.06411310035043355,1.650681843533052,141.86776344634274,140.82069996353653,138.28100883555095,144.91773001635227,138.54746998364772,0.012877439148822223,0.00716834219210578,Tokyo
2022-10-14,143.826,144.84,143.471,144.643,167391,63.72989598855404,0.7097828896671103,0.5345046678515296,0.17527822181558073,1.6305617118521196,142.13207168954818,140.97059408261353,138.36527361918604,145.19534251291606,138.41885748708398,0.021562257221555248,0.007218263074199802,Tokyo
2022-10-17,144.247,146.719,144.241,146.686,160943,69.72353892109822,0.986095295917977,0.6248227934648192,0.3612725024531578,1.6910930181483952,142.56577914768644,141.19472764800125,138.47548191562066,145.9331352993646,137.99526470063535,0.037464017710005626,0.007817524315708212,Tokyo
2022-10-18,146.681,147.199,145.812,147.118,177463,70.82154421266067,1.225803360121148,0.745018906796085,0.48078445332506303,1.6693720882806526,142.99932399076394,141.4270128382757,138.58995235382437,146.7171674421536,137.59273255784643,0.03902762867958631,0.007799834263313498,Tokyo
2022-10-19,147.067,147.251,146.075,146.489,170359,67.01091699091012,1.3494629162903777,0.8659077086949436,0.48355520759543413,1.6341312248320359,143.33167408688166,141.62552213873545,138.69457550145586,147.3412735805858,137.4420264194142,0.027740554951415586,0.007387277236002727,Tokyo
2022-10-20,146.453,147.301,146.231,146.949,177694,68.3520401499249,1.4676638458669231,0.9862589361293395,0.48140490973758365,1.5938361373440326,143.67618131670247,141.8342859764321,138.80390562726438,147.95383481213184,137.5187651878681,0.020911636179214987,0.00664851301787569,Tokyo
2022-10-21,146.907,148.4,144.128,145.639,226351,60.774659570001106,1.4390444733600134,1.0768160435754743,0.36222842978453906,1.7851335561051747,143.86311642939745,141.98349044794458,138.8944366785589,148.11133413380156,138.03816586619843,0.006885919125018125,0.006688056312904257,Tokyo
2022-10-24,145.717,147.347,143.8,147.125,196530,65.45317395476907,1.5187638313861385,1.165205601137607,0.3535582302485314,1.9109811592405193,144.17377200755007,142.1851182735154,139.00345076228658,148.45453271003203,138.49976728996796,0.0029927873143993367,0.006904351958824538,Tokyo
2022-10-25,147.102,147.49,146.63,147.432,172527,66.34623101116274,1.5884041964335438,1.2498453201967945,0.3385588762367493,1.8359110764376259,144.48407943540244,142.39087834122068,139.11508717603112,148.68948978176027,139.11721021823976,0.0021343411411247626,0.006842157540485381,Tokyo
2022-10-26,147.368,147.715,146.955,147.578,198154,66.78596681923923,1.6365109873233052,1.3271784536220967,0.3093325337012085,1.759060285263509,144.7787385367927,142.5942948768591,139.2271787366135,149.0040416806183,139.53225831938175,0.007434005283673217,0.006658556646364608,Tokyo
2022-10-27,147.592,147.695,145.55,145.764,160728,56.847125781399924,1.5108452424383643,1.3639118113853503,0.14693343105301393,1.7866274077446858,144.87257296186004,142.71859703855088,139.3137591506981,149.0939720221295,139.8442279778705,-0.008064022211787814,0.0071714610704246865,Tokyo
2022-10-28,145.761,147.361,145.489,146.975,139102,61.01781864212357,1.4917755535121273,1.3894845598107057,0.10229099370142158,1.7927254500486358,145.07280410834957,142.88551480174496,139.41523253943058,149.30952575943417,140.13797424056588,0.009173367023942669,0.007332643202890541,Tokyo
2022-10-31,147.067,147.756,146.708,147.017,146986,61.1580320475681,1.463185050182318,1.4042246578850284,0.058960392297289665,1.7395307750451618,145.2579656218401,143.04753382912753,139.51591820115996,149.48176016008594,140.46683983991406,-0.0007340696686490844,0.007337574097686141,Tokyo
2022-11-01,147.014,147.12,145.961,146.402,161192,57.87535916395421,1.37505078061983,1.3983898824319887,-0.023339101812158702,1.6980642911133639,145.36692127690293,143.17908152210293,139.60712458260156,149.62026216126145,140.57703783873853,-0.006986271637093755,0.006911733526024246,Tokyo
2022-11-02,146.391,146.471,144.897,145.077,164017,51.465929682014135,1.1846316146592528,1.3556382288774416,-0.17100661421818875,1.6892025560338386,145.3393097267217,143.25350969770673,139.6795732636267,149.61536856286875,140.7894314371312,-0.016946970415644635,0.007086400641283301,Tokyo
2022-11-03,145.015,145.352,144.03,144.498,152647,48.91658156532577,0.975754699850711,1.2796615230720954,-0.3039068232213844,1.662973802031422,145.25918499084344,143.30231323897314,139.74339348530052,149.50564265235752,141.13805734764244,-0.008685272083642226,0.006986285169133341,Tokyo
2022-11-04,144.493,146.138,144.232,146.058,167395,55.33602543990441,0.92542942813634,1.2088151040849442,-0.2833856759486042,1.6803328161720352,145.33526261076312,143.4103793864644,139.82703065768064,149.35000148230893,141.74049851769104,-0.0062391563191018795,0.0072362789069335175,Tokyo
2022-11-07,145.554,146.999,145.442,146.922,153728,58.45031518281347,0.9443776690651191,1.1559276170809794,-0.21154994801586025,1.6715233293026033,145.48638045735711,143.54808999875993,139.92100376155244,149.12586756069624,142.51793243930376,-0.0006461837746655208,0.0072629693622127504,Tokyo
2022-11-08,146.922,146.992,145.981,146.739,145307,57.5352382779333,0.933862727695157,1.1115146392038149,-0.1776519115086579,1.6243430914952741,145.60567755665645,143.67322372429877,140.01130834749213,148.73399335166067,143.42450664833933,0.002301881121842708,0.007297047059016938,Tokyo
2022-11-09,146.71,147.106,146.312,146.6,147672,56.807748809824965,0.9038938963917076,1.0699904906413935,-0.16609659424968592,1.5650328706741818,145.70037493221295,143.78799926452234,140.0985757865982,148.35282451054815,144.2121754894518,0.010497873543015013,0.007228363020620973,Tokyo
2022-11-10,146.55,146.74,143.193,143.908,177406,44.952912363859916,0.6553668189158941,0.9870657562962937,-0.33169893738039957,1.7066019513403115,145.52967255771648,143.79270517571754,140.14903173644458,148.35869508087055,144.20320491912943,-0.004083101496214492,0.00820681546819443,Tokyo
2022-11-11,143.785,145.028,142.551,143.673,195898,44.087973103595544,0.43443686569221995,0.8765399781754789,-0.44210311248325895,1.7616303833874325,145.35284659983873,143.78801085510116,140.19570681278307,148.50713193034534,143.95776806965466,-0.016329129523887764,0.008131449944415786,Tokyo
2022-11-14,143.582,145.254,143.464,144.438,181615,47.6211241662243,0.31741839105035297,0.7647156607504538,-0.44729726970010086,1.763656784574044,145.26571835223504,143.81350062548935,140.25189612652105,148.51912933876994,143.72097066123004,-0.01690693020786549,0.007532772254039384,Tokyo
2022-11-15,144.426,145.363,143.35,144.122,216547,46.319075597889416,0.19691196913950648,0.6511549224282644,-0.45424295328875797,1.781467014247327,145.15679279487932,143.82559864017605,140.3031557804744,148.47861544597362,143.46188455402637,-0.017834386223158027,0.0074868973556778545,Tokyo
2022-11-16,144.117,145.494,143.563,145.019,193564,50.45979132978313,0.1718096503302604,0.5552858680086636,-0.38347621767840323,1.7921479418010904,145.14366967155746,143.87239869350248,140.36561729331584,148.427164642541,143.366335357459,-0.010784447476125392,0.007613140216240685,Tokyo
2022-11-17,145.001,145.474,144.444,145.295,159405,51.69446905418434,0.17220174071812266,0.4786690425505554,-0.30646730183243276,1.7377088031010124,145.1580820837901,143.9281869800318,140.43090713049048,148.30750792235483,143.3205920776452,0.009638102120799408,0.007587049723464966,Tokyo
2022-11-18,145.322,145.546,144.556,144.87,139360,49.64275792806636,0.13664338713917346,0.41026391146827906,-0.2736205243291056,1.6843010314509386,145.13064569485772,143.96512082395213,140.489703062537,148.30389665148738,143.24730334851262,0.008331419264580031,0.007352421746886776,Tokyo
2022-11-21,144.629,145.645,144.327,145.562,144394,52.9193080747486,0.162429367815065,0.3606970027376363,-0.19826763492257127,1.6581366720615867,145.1717270572522,144.02774353673834,140.55688580343053,148.1454758405125,143.24942415948752,0.007781885653360021,0.007042932144863042,Tokyo
2022-11-22,145.533,145.705,144.887,145.491,123024,52.541566456667404,0.17511719463729492,0.32358104111756797,-0.14846384648027305,1.598126909771474,145.20213400418058,144.08512614314077,140.62223830934536,147.90880700598706,143.2919929940129,0.009498896768016074,0.007016032964164997,Tokyo
2022-11-23,145.478,146.136,144.637,145.106,141294,50.439072132118525,0.1523499114394724,0.28933481518194887,-0.13698490374247646,1.5910464162163684,145.19297838473483,144.12516041203722,140.681625881407,147.59635900081156,143.35724099918843,0.0005999213896108468,0.007018116690108776,Tokyo
2022-11-24,145.069,145.198,143.653,144.303,121053,46.27940058077561,0.06871913501453264,0.24521167914846562,-0.17649254413393298,1.587757386486629,145.10821853856962,144.13213451352595,140.72959110152084,147.58153814638905,143.22596185361095,-0.006827488901889223,0.006580858934966302,Tokyo
2022-11-25,144.292,145.152,144.052,144.438,149175,47.06971353790327,0.013182553655781248,0.19880585404992876,-0.1856233003941475,1.552917573166155,145.04438820156298,144.14412923848573,140.77870910017617,147.362951107015,143.19084889298497,-0.0029819838475876326,0.006262598185228425,Tokyo
2022-11-28,144.311,145.004,143.041,143.644,164303,43.05754697959864,-0.0938182728065442,0.14028102867863418,-0.23409930148517838,1.582209175082858,144.91101789665223,144.12451632717259,140.81665997302153,147.14680995355445,143.06969004644554,-0.013176515848916659,0.00633997439207856,Tokyo
2022-11-29,143.603,144.025,143.01,143.277,168765,41.304997671570696,-0.20585802832198397,0.07105321727851055,-0.2769112456004945,1.5416942340055122,144.75539714459012,144.09128039277365,140.84924725814707,147.05117818506588,142.85282181493412,-0.015217436130070094,0.00630931053619651,Tokyo
2022-11-30,143.249,144.84,142.995,143.639,167807,43.737574696347856,-0.26241501024065883,0.00435957177467667,-0.2667745820153355,1.563358931576547,144.6490736070101,144.07354390678253,140.88619762558884,147.05827208735445,142.7019279126456,-0.010109850729811187,0.006062681544084396,Tokyo
2022-12-01,143.682,143.732,141.897,142.395,179377,37.92129678115405,-0.40297201874969346,-0.07710674633019737,-0.3258652724194961,1.5827618650353656,144.434399930152,144.00771865553617,140.90618176299827,147.2177547275348,142.33214527246523,-0.013222178333090695,0.006292224365942168,Tokyo
2022-12-02,142.437,142.638,140.757,141.576,146877,34.65397632455516,-0.5738360907297135,-0.1764526152101006,-0.39738347551961295,1.6040645889614111,144.16217136537563,143.91235713963277,140.91505352772677,147.30105759216895,141.8006424078311,-0.01981473019565483,0.005769209436507769,Tokyo
2022-12-05,141.374,143.613,141.374,143.49,134438,46.29885156654211,-0.5484807500789657,-0.25085824218387365,-0.29762250789509204,1.6494171183213107,144.09815504486366,143.89579411454915,140.94915877901516,146.9273728488153,141.83112715118472,-0.0010720949012836822,0.006483052920466036,Tokyo
2022-12-06,143.484,144.0,143.093,143.416,134721,45.9578550870018,-0.5282680957220407,-0.3063402128915071,-0.2219278828305336,1.5963873241555036,144.0331878977338,143.87697865907666,140.98183217267058,146.53683256003112,141.88936743996888,0.0009701487328741543,0.006484727848045398,Tokyo
2022-12-07,143.429,144.579,143.113,143.491,139661,46.38882724202969,-0.5004289152917352,-0.34515795337155275,-0.15527096192018242,1.5870739438586825,143.98155095509247,143.86184224107367,141.0150661836286,146.10907182016095,142.0062281798391,-0.00103036083514918,0.0064954140158252445,Tokyo
2022-12-08,143.492,144.361,143.24,144.267,111901,50.76390129795544,-0.41101156406810446,-0.3583286755108631,-0.05268288855724135,1.5537829478687752,144.008736578417,143.8777307806394,141.05813815470637,146.1277907575284,142.02340924247156,0.013146529021384135,0.005180310305715624,Tokyo
2022-12-09,144.236,144.462,143.171,143.862,125424,48.53758801531759,-0.36857903460150965,-0.36037874732899244,-0.008200287272517204,1.5350127373067197,143.9947616661868,143.877113887281,141.0952753976904,146.1311664729982,142.0389335270018,0.01614680454314299,0.005207953104283079,Tokyo
2022-12-12,143.58,145.101,143.517,145.051,110181,54.804302321617286,-0.23628484160514063,-0.3355599661842221,0.0992751245790815,1.5385118274990972,144.09535579321664,143.92314863679943,141.14766910103222,146.20204720833,142.02935279167002,0.010878806885497028,0.005400141310521757,Tokyo
2022-12-13,145.025,145.344,143.521,144.158,150068,49.89045651601257,-0.20117930758686953,-0.3086838344647516,0.10750452687788209,1.5588324112491623,144.10132190814838,143.93235849417985,141.18754103346888,146.2039322103637,142.03106778963632,0.005173760249902237,0.005564465990223618,Tokyo
2022-12-14,144.143,144.743,143.487,144.707,146192,52.69839944284486,-0.1275874583407699,-0.2724645592399553,0.14487710089918537,1.537201524731365,144.15900553594378,143.96273659244733,141.23415638401897,146.16448079523303,142.03931920476697,0.008474399091232154,0.005448441029311712,Tokyo
2022-12-15,144.635,146.73,144.299,146.397,147284,60.108832964200474,0.06633877634880037,-0.20470389212220416,0.27104266847100456,1.6010442729648378,144.3721478658539,144.05819790254745,141.30253841866775,146.40438041658825,141.90961958341177,0.014764291210048075,0.006037620574955251,Tokyo
2022-12-16,146.409,146.594,144.602,144.779,121995,51.74985115209967,0.08844806248623627,-0.14607350120051607,0.23452156368675234,1.6289696820387773,144.41089568815352,144.08646465146717,141.34858426742713,146.39411361860328,141.9107863813967,0.006374164129512971,0.006530784037774509,Tokyo
2022-12-19,143.657,145.492,143.657,145.21,128865,53.600859823032586,0.13914396401858653,-0.08903000815669555,0.22817397217528207,1.6436861333217203,144.4870008607103,144.13052486121356,141.3997288466665,146.33506054256202,141.93463945743798,0.0010961661760346963,0.006473532836384123,Tokyo
2022-12-20,145.165,145.825,138.802,139.885,197667,35.487135168493566,-0.247509035795332,-0.12072581368442285,-0.12678322211090914,2.0279228380844545,144.04871506445218,143.9640336901856,141.37966621293583,146.66973891392274,141.03936108607724,-0.02964108825039191,0.0105503175580281,Tokyo
2022-12-21,139.909,140.77,139.577,140.451,136667,37.88973205887977,-0.5024706848142841,-0.19707478791039512,-0.305395896903889,1.9682854925069944,143.70607553450435,143.8262676631195,141.36736599819497,146.75329351285814,140.49030648714182,-0.029411154954494312,0.010633120041552273,Tokyo
2022-12-22,140.418,140.66,139.958,140.224,120190,37.289913270542776,-0.7146090629936452,-0.30058164292704515,-0.4140274200666001,1.8778365287564946,143.37444929312298,143.68500226456578,141.35222207768908,146.87674530737598,139.958954692624,-0.04216616460719824,0.01059312231679672,Tokyo
2022-12-23,140.259,141.213,140.02,140.96,127660,40.574695534642714,-0.8139584013051717,-0.4032569946026705,-0.4107014067025012,1.8289196338453153,143.144501741397,143.57813943066125,141.3470270832826,146.83412052666648,139.6537794733335,-0.026378134950510668,0.010686949162182076,Tokyo
2022-12-26,141.007,141.495,140.805,141.326,20019,42.19618322433396,-0.8533237415628605,-0.49327034399470854,-0.36005339756815197,1.7475682314277925,142.97131109935918,143.48982023730198,141.34674857886827,146.81227317599576,139.44382682400425,-0.02674746918256332,0.01066922938417911,Tokyo
2022-12-27,141.161,142.272,141.066,142.017,95184,45.23448602253425,-0.8193185381572334,-0.5584799828272136,-0.2608385553300199,1.7088847863258065,142.88042432799165,143.43206258093718,141.35562608113491,146.7814997192626,139.34860028073737,0.015241090896093157,0.010734584174229527,Tokyo
2022-12-28,142.011,142.938,141.767,142.704,110033,48.152362372699685,-0.7285359025754872,-0.5924911667768683,-0.13604473579861887,1.670464444445391,142.86362201104006,143.40351110717495,141.37348533833844,146.72786715307532,139.3087328469247,0.016041181622060474,0.010780303784397326,Tokyo
2022-12-29,142.702,142.704,141.569,141.831,119719,44.88004660260766,-0.7187485282299519,-0.617742639067485,-0.10100588916246689,1.6322169841278644,142.76527705760768,143.34184400493282,141.37954513518164,146.72808408377344,139.25211591622653,0.0114602350524875,0.010690435843903574,Tokyo
2022-12-30,141.81,141.862,139.981,140.272,138670,39.692493621812794,-0.8272541633925243,-0.659644943932493,-0.16760921946003138,1.6499871995473028,142.52782209974026,143.22145796552368,141.3648756631925,146.80935923351745,139.0404407664825,-0.0048808172531216165,0.010898627959374409,Tokyo
2023-01-02,140.128,140.211,139.223,139.374,21457,37.03691618730976,-0.9744736306749644,-0.7226106812809873,-0.25186294939397713,1.6070595424367795,142.22745809024119,143.07057726099333,141.33850644911047,146.90215709915046,138.53604290084954,-0.013812037417035739,0.010462132276177614,Tokyo
2023-01-03,139.374,139.998,137.383,138.174,166014,33.78414775523369,-1.1744379012731656,-0.812976125279423,-0.36146177599374263,1.6790552894055797,141.84141446259918,142.87855462330734,141.29659245640704,147.08900940822767,137.82499059177232,-0.027060140687382384,0.010581026580178423,Tokyo
2023-01-04,138.18,140.758,137.876,140.611,159037,44.45341632826237,-1.1233165987358973,-0.8750442199707179,-0.24827237876517938,1.764979911590896,141.72423213282784,142.78963091258942,141.2875117616202,146.98852458075854,137.63747541924144,-0.01466672272676317,0.011427973798072404,Tokyo
2023-01-05,140.642,141.358,139.964,140.352,159368,43.6484632770443,-1.0911239360786738,-0.9182601631923092,-0.17286377288636456,1.7384813464772608,141.59354335827283,142.69403754346826,141.27512087736034,146.7761082687644,137.45839173123557,-0.010427903631787028,0.011328564295116712,Tokyo
2023-01-06,140.372,141.445,140.105,140.64,148618,44.84446529997951,-1.0304929446967606,-0.9407067194931995,-0.08978622520356105,1.7100183931574569,141.50272970510397,142.61348705156752,141.26670868030922,146.58370164434342,137.3285983556566,0.0026234743926085713,0.011348272373409279,Tokyo
2023-01-09,140.117,141.914,140.115,141.523,138094,48.456508092317875,-0.9008077754408816,-0.9327269306827359,0.03191915524185429,1.716374222217637,141.50466020937978,142.57072285346683,141.270103267325,146.17364039343101,137.38585960656894,0.015418944709917115,0.011270936230514457,Tokyo
2023-01-10,141.529,142.047,141.077,141.935,128608,50.09860092490748,-0.7560708733122965,-0.8973957192086481,0.14132484589635164,1.66306177777352,141.5456449513436,142.54579254548773,141.2789098465657,145.91931483276466,137.4178851672354,0.02721930319741772,0.011244177833690654,Tokyo
2023-01-11,141.808,142.853,141.676,142.496,113749,52.32579300997766,-0.5893046864786413,-0.8357775126626468,0.24647282618400546,1.628343079361127,141.63615495597756,142.54383989664507,141.29503024594894,145.58516935572737,137.5309306442726,0.01340577906422702,0.011247301248465643,Tokyo
2023-01-12,142.455,142.55,140.012,140.307,165646,44.06204307222717,-0.6265527772901294,-0.7939325655881433,0.16737978829801392,1.6933185736924758,141.50956876969397,142.4561206850119,141.28194375262512,144.60425496745938,137.9028450325406,-0.00032062243502062326,0.011308976255989976,Tokyo
2023-01-13,140.284,140.38,138.011,138.502,142810,38.64271866515087,-0.7925841558200375,-0.7936628836345222,0.0010787278144847035,1.741581532714442,141.22313364877073,142.30105712873694,141.2451233055705,144.06856413558592,137.81083586441406,-0.015201934015927066,0.01139284927882042,Tokyo
2023-01-16,138.303,139.29,138.227,139.127,96104,41.33338025281371,-0.8637758722657338,-0.8076854813607646,-0.056090390904969256,1.693111423234838,141.02350187269732,142.17658430015902,141.2170686922517,143.13615123086362,138.13494876913637,-0.016930110300092505,0.011434580833700901,Tokyo
2023-01-17,138.987,139.616,138.198,138.227,132668,38.701489683439156,-0.9815041301959582,-0.8424492111278034,-0.13905491906815481,1.6734606072894929,140.75716836101185,142.02169864132927,141.17746513341393,143.25944925762133,137.84585074237867,-0.026124634515799494,0.007996796127939774,Tokyo
2023-01-18,138.244,141.684,138.053,139.155,196343,42.74945410503882,-0.988527647033635,-0.8716648983089698,-0.11686274872466529,1.8132848496259577,140.60458089805834,141.90927908676736,141.15067751575282,143.2660066228453,137.7096933771547,-0.0234462721760611,0.008099069881329303,Tokyo
2023-01-19,138.971,139.424,137.916,139.083,133277,42.514870943524826,-0.9885087198035194,-0.8950336626078796,-0.09347505719563975,1.79147878893839,140.4596684315766,141.79844461277648,141.12329105859052,143.27777901569291,137.5838209843071,-0.008723727255233071,0.00809455434782583,Tokyo
2023-01-20,139.078,141.196,138.747,140.672,109183,49.14708045834446,-0.8504709993833046,-0.8861211299629648,0.035650130579660155,1.838444589728504,140.47989048571216,141.75427031423624,141.11731369357608,143.2550098450893,137.57779015491073,0.015667643788537244,0.008428299770360564,Tokyo
2023-01-23,140.539,142.083,140.468,142.054,120990,54.106416386260726,-0.6223847967819154,-0.8333738633267549,0.2109890665448395,1.8224842618907544,140.62980567754911,141.76602441956032,141.12972013472077,143.35840131289203,137.5471986871079,0.021038331883818318,0.008697942995121024,Tokyo
2023-01-24,142.016,142.201,141.256,141.718,107143,52.7592471921409,-0.46339549506535604,-0.7593781896744752,0.2959826946091192,1.759806814612843,140.73344323206823,141.76414110898935,141.13751192101589,143.31247600038884,137.56322399961115,0.02525555788666467,0.008646100018002735,Tokyo
2023-01-25,141.69,142.29,140.758,141.429,107494,51.56988859874983,-0.356604498050217,-0.6788234513496236,0.32221895329940664,1.7435348992833528,140.799686733776,141.75099832040155,141.14137269027395,143.0892491497281,137.6589508502719,0.01634148970572391,0.008576036209924249,Tokyo
2023-01-26,141.442,141.912,140.864,141.813,107092,53.08330926901001,-0.23823999043949584,-0.5907067591675982,0.35246676872810234,1.6938538350488277,140.89619275913068,141.7534297588172,141.1502684162306,143.08632696659188,137.6600730334081,0.019628567114600592,0.008495024275105201,Tokyo
2023-01-27,141.826,141.826,140.815,141.095,98239,49.94079302804386,-0.2000656327337822,-0.5125785338808351,0.3125129011470529,1.6450785611167682,140.91512678207062,141.72760898396163,141.14953638422756,143.1459164505354,137.68278354946463,0.0030069949954503183,0.008185457941748483,Tokyo
2023-01-30,140.837,141.973,140.55,141.536,116035,51.827136746999635,-0.13269751051151957,-0.436602329206972,0.30390481869545244,1.629215806751285,140.97425756473055,141.7200949061592,141.15465510761527,143.25178271004322,137.79311728995677,-0.0036465006265222755,0.008050457614371074,Tokyo
2023-01-31,141.47,141.614,140.742,141.333,108693,50.87675432616737,-0.09459772802387079,-0.3682014089703518,0.273603680946481,1.5751289634119086,141.0084235109467,141.70491471376081,141.15701729162035,143.19464492379905,138.16615507620094,-0.0027166626681155437,0.007762837893080065,Tokyo
2023-02-01,141.262,141.834,140.903,141.665,124722,52.4136702732979,-0.037185103818188736,-0.3019981479399192,0.26481304412173046,1.5291197517396302,141.07095460514225,141.70334943086826,141.16374553941347,143.28512111029198,138.18107888970803,0.0016686818120752456,0.006757321126033824,Tokyo
2023-02-02,141.703,141.931,140.082,140.42,135378,46.534042937066076,-0.09109618053659574,-0.2598177544592545,0.16872157392265874,1.5519683409010865,141.00895892846202,141.65302200220677,141.15389460511662,143.28656373501508,138.18643626498493,-0.009822794807246127,0.007051924819008123,Tokyo
2023-02-03,140.397,142.345,139.932,141.588,146895,51.97674989074023,-0.03912228132125506,-0.2156786598316546,0.17655637851039954,1.6134706022652954,141.0641056971799,141.65047211976727,141.15964434544622,143.3615049184848,138.20629508151518,0.0034940997200467727,0.007280228273292022,Tokyo
2023-02-06,142.559,142.806,141.971,142.238,163277,54.73812463241373,0.053895699902398064,-0.16176378788484408,0.21565948778724214,1.5852227021034897,141.17590515459136,141.67351242879602,141.17392720179794,143.4594985024329,138.1798014975671,0.004959868867284722,0.007217762147364877,Tokyo
2023-02-07,142.271,142.339,140.285,140.567,181177,47.220925267176035,-0.007140305690512605,-0.13083909144597777,0.12369878575546517,1.6187067948103835,141.11791418748743,141.6301197845295,141.1658884309132,143.33981008541366,138.16268991458628,-0.005419824103358617,0.007669514955166873,Tokyo
2023-02-08,140.52,141.026,140.289,140.799,144870,48.28285771703972,-0.03637204448051534,-0.11194568205288528,0.07557363757236994,1.555727738038215,141.08754140772672,141.59752685180285,141.16102898149714,143.12199266294778,138.21080733705224,-0.006113013094271591,0.0076167392547056645,Tokyo
2023-02-09,140.81,141.344,140.423,141.252,148269,50.382127056065826,-0.022723155561209296,-0.0941011767545501,0.0713780211933408,1.5103900424640562,141.10320413080035,141.58397677918313,141.1622338956495,143.176481085946,138.25081891405395,0.005925081897165896,0.006797285048098947,Tokyo
2023-02-10,141.215,141.508,139.551,140.28,176835,46.061702954905,-0.08930908982028996,-0.09314275936769807,0.0038336695474081167,1.5422907537166253,141.0248037373908,141.53284043490143,141.15054867848858,143.0480082441728,138.5570917558272,-0.00923807102296803,0.006291192960012428,Tokyo
2023-02-13,140.092,142.382,140.092,141.987,139946,53.58875679879746,-0.004288849256113281,-0.07537197734538112,0.07108312808926784,1.5956985570225801,141.11644147668693,141.5506506139249,141.16162750393906,143.1043199689767,138.78678003102328,-0.0017646479843642648,0.006749092962917709,Tokyo
2023-02-14,141.99,142.943,141.516,142.891,184325,57.01022535637813,0.1344852862201833,-0.03340052463226824,0.16788581085245152,1.5836486600923974,141.2854470503358,141.60321333494744,141.18453309991338,143.09505036927212,139.2624496307279,0.016533041183207864,0.00660644053812351,Tokyo
2023-02-15,142.889,143.438,142.346,143.374,153930,58.75957208813441,0.2802087794141812,0.029321336177021654,0.25088744323715956,1.548530898657225,141.48435685506573,141.67265594926323,141.21353266150393,143.29683586301817,139.48256413698184,0.01828848216251533,0.006514469668802119,Tokyo
2023-02-16,143.369,143.439,142.853,142.939,168592,56.528542514569374,0.3564854902708703,0.09475416699579138,0.2617313232750789,1.4797786916102793,141.62289429744044,141.7223165002725,141.236386533537,143.27536882011455,139.8896311798854,0.011943193724690548,0.006579496408477407,Tokyo
2023-02-17,142.945,143.671,142.805,143.448,142833,58.5134803690988,0.4527879219646138,0.16636091798955588,0.28642700397505794,1.4359373564952584,141.79671388816038,141.78999036300692,141.26567942713254,143.5496351184273,139.89296488157268,0.022583404619332725,0.006174606053127496,Tokyo
2023-02-20,143.126,143.654,143.029,143.457,104924,58.549520112182734,0.5237965174857493,0.23784803788879455,0.28594847959695474,1.37801325960274,141.95483637500226,141.85536328994783,141.29470354068044,143.77463664089976,139.80826335910024,0.010353060491453459,0.005817763486168153,Tokyo
2023-02-21,143.376,144.162,143.17,143.748,154210,59.766538786789354,0.5966745166264218,0.30961333363632,0.2870611829901018,1.3504408839168314,142.1256138630973,141.92958433740085,141.32719753351913,144.0596130636975,139.72628693630247,0.005997578573877949,0.005786986380378654,Tokyo
2023-02-22,143.73,143.894,143.042,143.107,162119,55.87488626959526,0.5958390513761742,0.3668584771842909,0.22898057419188333,1.3148379636370582,142.219079209469,141.97575750064004,141.35077107612153,144.1971591558116,139.75654084418838,-0.001862262334872411,0.005872593081945327,Tokyo
2023-02-23,143.058,143.518,142.558,142.667,131110,53.30889620485189,0.5532945808652983,0.4041456979204924,0.14914888294480588,1.2894923948058403,142.2617383323767,142.00286504963455,141.36820457180204,144.25935332548525,139.77974667451477,-0.0019029096327803918,0.005905142808601792,Tokyo
2023-02-24,142.665,144.008,142.145,143.916,177907,59.05685867725022,0.6132919947856692,0.44597495729352776,0.16731703749214144,1.3304572237482801,142.41928706262652,142.0778899496489,141.40195020661264,144.50797222846325,139.81322777153673,0.0032625062740505584,0.006047900675275655,Tokyo
2023-02-27,143.758,144.547,143.566,144.536,131193,61.58496290264646,0.7027681225605136,0.4973335903469249,0.20543453221358865,1.3054959934805452,142.6208787709478,142.17428642221168,141.44346079990254,144.86426167647724,139.75693832352275,0.0075214175676334705,0.006075422624269163,Tokyo
2023-02-28,144.505,145.47,143.876,144.047,141954,58.51600900019924,0.7258532013292722,0.5430375125433944,0.18281568878587784,1.3261034225176487,142.75669984038132,142.24772617036024,141.47794476281774,145.06874306345574,139.82385693654427,0.002080028939533074,0.006132898530468705,Tokyo
2023-03-01,144.054,145.359,143.784,145.332,160540,63.64320815096929,0.8381750926571669,0.602065028566149,0.23611006409101798,1.343881749480675,143.00196652224975,142.3686780852481,141.52899185205194,145.52106111242728,139.73823888757278,0.015547806885756854,0.006380236822778685,Tokyo
2023-03-02,145.296,145.567,144.77,144.921,157468,61.04443075230341,0.88383839677266,0.6584197022074512,0.2254186945652088,1.3048187673749123,143.1847316153688,142.46876914072854,141.57391911228967,145.7225254442981,139.98687455570192,0.015799028506942703,0.0060106221131524095,Tokyo
2023-03-03,144.904,145.039,144.291,144.421,143300,57.94456700408479,0.8696562174127394,0.7006670052485088,0.16898921216423057,1.2650459982767035,143.30247146152416,142.54532721364114,141.6116287929216,145.88055309344318,140.11214690655677,0.003508991356068858,0.005893354559220512,Tokyo
2023-03-06,144.341,145.379,144.115,145.216,126883,61.30883205747989,0.9120530145818861,0.7429442071151843,0.16910880746670187,1.2649712841140806,143.48471227471234,142.65005947977286,141.6593688089094,146.16873031423123,140.12176968576878,0.0047047102451984735,0.005925925449412555,Tokyo
2023-03-07,145.183,145.438,144.556,144.694,151325,58.02649989412019,0.8932350862718863,0.7730023829465247,0.12023270332536162,1.2376161923916447,143.59988253426354,142.73021400997786,141.69956259951988,146.19196523967523,140.5112347603248,0.00449158955063278,0.005232140716966422,Tokyo
2023-03-08,144.671,145.232,144.234,144.859,120525,58.777758081091726,0.8814747710857489,0.7946968605743696,0.08677791051137929,1.220500750077955,143.7197984833813,142.81369581350813,141.7414094525064,146.20050101259292,140.90869898740706,-0.0032546170148348708,0.005232344240165485,Tokyo
2023-03-09,144.797,144.806,143.617,144.034,111644,53.610951165222204,0.7964035865828123,0.7950382057760582,0.0013653808067540796,1.222036410786674,143.74972243734499,142.86155087964508,141.77177489022154,146.11268822695052,141.2747117730495,-0.006120576037979331,0.005447645707985212,Tokyo
2023-03-10,144.069,145.106,143.346,143.686,208094,51.55237075320319,0.6929158655439664,0.7746137377296399,-0.08169787218567348,1.260462381444768,143.74365363378834,142.89388221769823,141.7971288651855,145.67399063679449,142.05400936320547,-0.005089287568982304,0.005192481337596958,Tokyo
2023-03-13,143.172,144.386,141.371,142.905,285356,47.174360094292254,0.5416372708207291,0.7280184443478578,-0.18638117352712869,1.385786497055855,143.6637818591418,142.89431820916104,141.8118026550506,145.55886968151242,142.26093031848757,-0.015914224327897797,0.004714978036888843,Tokyo
2023-03-14,142.895,144.409,142.534,144.059,215767,53.46311846475973,0.5089986308430241,0.6842144816468911,-0.17521585080386703,1.4207303186947227,143.70142168208068,142.93999200488022,141.84156685829495,145.54654634192846,142.39005365807154,-0.004388571744509018,0.004842577949436825,Tokyo
2023-03-15,144.055,144.964,139.476,141.002,269782,39.90913922921393,0.2337632447540159,0.5941242342683162,-0.3603609895143003,1.7112495816450997,143.4443339028349,142.86399231841435,141.83044676745664,145.90145232936953,141.7979476706305,-0.026625891384035483,0.006819575075517613,Tokyo
2023-03-16,141.0,142.003,139.124,141.754,231543,43.690933842678945,0.07544762038509134,0.4903889114916712,-0.41494129110657985,1.7946603258133063,143.28334972161252,142.82046320788828,141.82943422749034,146.0141685050033,141.56673149499673,-0.015829595789882966,0.006932513295534214,Tokyo
2023-03-17,141.753,142.215,140.156,140.596,181204,39.561954973230996,-0.1418247077716046,0.3639461876390161,-0.5057708954106207,1.8135417311123556,143.0274116528875,142.73322935659854,141.81309735030504,146.29037401473303,141.00532598526698,-0.021505226674832678,0.0070750988420725785,Tokyo
2023-03-20,140.839,141.748,138.825,140.764,220746,40.441345168323664,-0.2970343699140585,0.2317500761284012,-0.5287844460424598,1.892788750318616,142.8118486383268,142.65600467594763,141.79920202116193,146.454251985084,140.57214801491602,-0.014981981036352732,0.007088589140134072,Tokyo
2023-03-21,140.764,142.789,140.415,142.593,156461,49.12093905773699,-0.2693492405964548,0.13153021278343002,-0.40087945337988484,1.9271609824387146,142.7910059108671,142.65353390434186,141.80971590167636,146.42233470143307,140.4885652985669,-0.010176386064043252,0.007718636586577962,Tokyo
2023-03-22,142.595,143.627,142.305,142.626,159700,49.26460389926016,-0.24195662656592276,0.056832844913559465,-0.2987894714794822,1.8839351979788066,142.7752910622131,142.6524541433873,141.82052761158792,146.41791089506376,140.44488910493624,0.011517567126707373,0.007659658935132092,Tokyo
2023-03-23,142.628,143.198,141.158,141.705,188577,45.41070735881864,-0.2912079218232577,-0.012775308433803971,-0.27843261338945374,1.8950826838374648,142.67335858009758,142.61529907894075,141.81899744454702,146.45151745609945,140.3150825439006,-0.0003456692580101617,0.007764636880598794,Tokyo
2023-03-24,141.706,141.854,139.068,140.659,198533,41.44522272011854,-0.40991810560808517,-0.09220386786866022,-0.317714237739425,1.9587196349919318,142.48151490580256,142.5385814680019,141.80363323998347,146.50755209759564,139.9333479024043,0.0004480924066116998,0.007610602306937638,Tokyo
2023-03-27,140.556,142.22,140.469,142.057,168429,47.983178598164685,-0.38673186093117806,-0.1511094664811638,-0.23562239445001426,1.943882518206794,142.44108491477374,142.5196959202371,141.80698909110953,146.36161426414327,139.8313857358567,0.009185587224006087,0.007917566443279674,Tokyo
2023-03-28,142.027,142.151,141.043,141.975,165333,47.64712563991135,-0.3707001095639839,-0.19502759509772782,-0.1756725144662561,1.8841766240491662,142.3966958752715,142.49833529591407,141.80921440116106,146.26251339417755,139.72328660582244,-0.004334013591129948,0.007895323007434415,Tokyo
2023-03-29,141.953,144.09,141.567,144.059,162479,56.06817966014401,-0.18767010368298997,-0.19355609681478028,0.005885993131790307,1.9298068651885112,142.55501055381706,142.55953783332922,141.8390128859139,146.05346509300895,139.80503490699104,0.010047256460953724,0.008349217987569053,Tokyo
2023-03-30,144.07,145.08,143.133,144.713,159510,58.3332429415195,0.010039104385413111,-0.15283705657474161,0.16287616096015473,1.9310349462464749,142.7605333582154,142.6439873300614,141.8770789404051,146.0164195922713,139.8212804077287,0.02122719734660028,0.00840032172749005,Tokyo
2023-03-31,144.672,145.67,143.878,144.016,167427,55.07420730695658,0.10922393572803912,-0.10042485811418547,0.2096487938422246,1.921103878657441,142.88010160981395,142.69779174849037,141.90540902066465,145.9599046685524,139.83729533144762,0.02386622967602503,0.00843494293283527,Tokyo
2023-04-03,144.285,144.936,143.623,144.362,168028,56.377120033898755,0.21328927155801125,-0.037682032179746125,0.2509713037377574,1.8776678873247679,143.02123478983165,142.76305481717702,141.93794664953003,145.80279009314376,139.90900990685623,0.016225881160379263,0.008354305081417367,Tokyo
2023-04-04,144.333,145.435,143.959,144.299,161714,56.05832698443993,0.2873656540851073,0.02732750507322456,0.2600381490118827,1.8489773239444272,143.1429267146096,142.82328796160147,141.96921887933757,145.7360915801766,139.9362084198234,0.016369079063215386,0.008318280891426829,Tokyo
2023-04-05,144.284,144.443,142.667,143.153,161783,50.467842482339094,0.2507090802349978,0.07200382010557922,0.17870526012941862,1.8437646579483973,143.14388607512296,142.83621784546023,141.98489809947878,145.49651991346371,140.00518008653626,-0.006289089886782562,0.00849246395468027,Tokyo
2023-04-06,143.132,143.999,142.548,143.86,130662,53.54574123554149,0.27553131918165263,0.11270931992079392,0.16282199926085872,1.8157100395235113,143.21208740130172,142.8763661652461,142.00973388624067,145.4717563548884,140.01254364511155,-0.005894425518094271,0.00848810907492739,Tokyo
2023-04-07,143.832,144.256,143.557,144.027,102610,54.268616174019826,0.3051609215565634,0.15119964024794783,0.15396128130861556,1.7359450367004041,143.28969812498727,142.92148906072666,142.03645264271432,145.5177365761797,140.00066342382036,7.638040217750053e-05,0.008473483054679223,Tokyo
2023-04-10,143.932,145.15,143.789,145.116,136354,58.773748707517214,0.41176917502346555,0.2033135472030514,0.20845562782041416,1.7091632483646624,143.46363163689327,143.00754831324718,142.07724134943334,145.82321582313682,139.9162841768632,0.00522298111691466,0.008521576594428489,Tokyo
2023-04-11,145.064,145.967,144.773,145.913,141567,61.74409341363289,0.554179981300706,0.27348683402258234,0.28069314727812367,1.6723658734814735,143.69690481433202,143.12148759508062,142.12804609977195,146.1778488358679,139.74705116413207,0.011185108697912005,0.008425055046561124,Tokyo
2023-04-12,145.875,146.705,145.534,146.339,136117,63.2675122095414,0.6934228639247522,0.3574740400030163,0.33594882392173586,1.6365540253756554,143.94853292725276,143.24766455213629,142.18382032361603,146.63958778535843,139.81901221464156,0.022255908014501946,0.006634273644634288,Tokyo
2023-04-13,146.318,146.883,146.075,146.458,116947,63.7023441480514,0.804106913115362,0.4468006146254855,0.3573062984898765,1.5773715949916816,144.18752979132393,143.37356005989565,142.24043197495888,147.088525415273,139.84047458472696,0.018059224245794425,0.006586878321682633,Tokyo
2023-04-14,146.434,147.159,146.208,147.052,153122,65.87395131215573,0.9290461891123982,0.543249729522868,0.38579645958953024,1.5326307667779895,144.4603364778645,143.51781260656642,142.304161352774,147.48487468733776,140.08972531266227,0.021003006380748035,0.006181284122809786,Tokyo
2023-04-17,146.951,147.452,146.659,146.971,140384,65.30023042919362,1.0098841268409728,0.636576608986489,0.3733075178544838,1.4797999977224192,144.69944728949645,143.6532317200344,142.36597378518758,147.76863261763364,140.42666738236633,0.012782877146558569,0.006209150617689219,Tokyo
2023-04-18,146.915,147.381,146.591,147.13,150221,65.92754753025557,1.074393803103078,0.7241400478098069,0.3502537552932711,1.4305285693136744,144.93092850002057,143.78957557415072,142.429073470152,148.16098674262503,140.48801325737497,0.008340586513881476,0.005671123854356376,Tokyo
2023-04-19,147.127,147.862,146.918,147.565,148342,67.65061913351113,1.1473926229311928,0.8087905628340841,0.3386020600971087,1.3957765286484112,145.18179245239955,143.93763143398795,142.4970989871036,148.57959294708076,140.56330705291919,0.008377807693096262,0.0056700550734238575,Tokyo
2023-04-20,147.574,147.833,147.019,147.254,154249,65.11526539750993,1.1667006142730827,0.8803725731218839,0.2863280411511988,1.354221062316381,145.37914555217102,144.06768510324332,142.5601042985327,148.7892370360819,140.9085629639181,0.0054350052574798635,0.005416817325830832,Tokyo
2023-04-21,147.25,147.564,146.4,147.402,148407,65.77265971837512,1.1803384922272926,0.9403657569429656,0.23997273528432694,1.3406338435794958,145.57179835672616,144.19844255017495,142.6242353674263,148.7531325747047,141.6189674252953,0.002380110437124161,0.004961730921350893,Tokyo
2023-04-24,147.165,148.471,147.067,148.283,127808,69.4618581029493,1.2478514907130318,1.001862903696979,0.24598858701605275,1.3451599976095316,145.83000803703794,144.3586212736975,142.69918589236104,149.00077276398156,141.99392723601846,0.008926931163290686,0.004718893384949649,Tokyo
2023-04-25,148.282,148.626,146.286,146.745,150666,57.75784165483342,1.1638363015983089,1.034257583277245,0.12957871832106393,1.4162199977802796,145.9171501287486,144.45220475316034,142.7527728341841,148.85837929024663,142.61332070975337,-0.0026167335009854575,0.005471744097789139,Tokyo
2023-04-26,146.684,147.916,146.434,147.602,176072,61.63677896564988,1.1531140160913367,1.0580288698400633,0.0950851462512734,1.4209185693674025,146.07761202124874,144.57572613538935,142.81700100856577,149.03698011989533,142.78901988010463,0.000250736963372189,0.004676424512423431,Tokyo
2023-04-27,147.509,147.99,147.136,147.746,149454,62.26381287973964,1.143059644072025,1.0750350246864557,0.06802461938556936,1.3804243858411605,146.23650611446314,144.7000506006682,142.88228576341922,149.23744158338633,142.89185841661367,0.0033411656050090777,0.0046109050664996576,Tokyo
2023-04-28,147.718,150.433,146.857,150.042,204085,70.53364151047049,1.3053126615033648,1.1210905520498375,0.18422210945352724,1.5372512154239342,146.5989341035619,144.9095388124067,142.97711641555935,149.84893398836215,142.88296601163785,0.017910204746204306,0.005409225210796652,Tokyo
2023-05-01,149.995,150.963,149.964,150.922,138170,72.97793060485479,1.4877580436902917,1.1944240503779284,0.2933339933123633,1.49880470003651,147.01065466512745,145.14532160407705,143.0823466617109,150.59302381580332,142.79487618419668,0.017797050235023537,0.0054755196993975805,Tokyo
2023-05-02,150.89,151.614,149.829,150.271,166141,68.45407818901316,1.5618134508886783,1.2679019304800785,0.2939115204085998,1.5192472214624733,147.3211637446391,145.3463285999956,143.1775606132114,151.03155589515345,142.95354410484654,0.024028075914000357,0.005641278756009041,Tokyo
2023-05-03,150.215,150.391,149.156,149.165,175083,61.48111401280228,1.513807704951347,1.3170830853743323,0.1967246195770147,1.4989438485008668,147.49676719753063,145.4960804196036,143.25686444614902,151.01109053207324,143.5752094679268,0.010589287408029557,0.005587843027601444,Tokyo
2023-05-04,149.08,149.202,147.125,147.89,203786,54.57898174460466,1.3572355939753606,1.325113587094538,0.03212200688082256,1.5402335736079475,147.53421794062297,145.58995961883485,143.31823047997486,150.848118104269,144.14118189573102,0.000974645675686503,0.006022459407179674,Tokyo
2023-05-05,147.847,148.703,147.53,148.563,143507,57.30369853800607,1.2727846740485802,1.3146478044853467,-0.04186313043676648,1.5140026040645227,147.63219718437315,145.70654943770407,143.38769762593546,150.6774542358122,144.7654457641878,-0.009857239972807741,0.006063215512859797,Tokyo
2023-05-08,148.49,149.266,148.359,148.677,125467,57.76586936834921,1.2012087718376279,1.2919599979558032,-0.09075122611817532,1.4706452752027699,147.73170221443283,145.823037695049,143.4577546110224,150.61382787067237,145.1851721293276,-0.014875233564357826,0.0058983809324984985,Tokyo
2023-05-09,148.67,148.693,147.886,148.221,148599,55.19230246827312,1.0950657285459897,1.2525811440738406,-0.15751541552785087,1.423242041259716,147.77830200353446,145.91707543249808,143.5208439539228,150.56489780392758,145.4649021960724,-0.01364202008371529,0.005882778234454216,Tokyo
2023-05-10,148.208,148.667,147.039,147.583,159417,51.72040729447251,0.9485312561260741,1.1917711664842874,-0.24323991035821324,1.437867609741166,147.75970181272166,145.98240580769425,143.57464734526158,150.51311667093813,145.64108332906187,-0.010605705091676909,0.005966465457923469,Tokyo
2023-05-11,147.542,147.604,146.131,146.897,172971,48.2088256905825,0.7681919258127436,1.1070553183499787,-0.3388633925372351,1.4403770661882265,147.67753973531958,146.0182722466082,143.61865201618528,150.48094915161346,145.7171508483865,-0.006714449929001276,0.006072182060750513,Tokyo
2023-05-12,146.866,147.47,146.661,147.254,142294,50.10730798061681,0.6466247362417619,1.0149692019283354,-0.36834446568657353,1.3952787043176387,147.6372026176701,146.0667321585059,143.66680232060668,150.4740072917963,145.74429270820363,-0.008811076782240468,0.006028089004949971,Tokyo
2023-05-15,147.112,148.176,147.103,148.002,132248,53.918780726554075,0.6036803599540406,0.9327114335334765,-0.32903107357943595,1.3722587968663773,147.67194522551108,146.1426250150351,143.72422215741986,150.4652748643295,145.85612513567048,-0.004540043180854991,0.006127758404182849,Tokyo
2023-05-16,147.987,148.499,147.604,148.148,135541,54.64705887385213,0.5748016564812701,0.8611294781230353,-0.2863278216417652,1.338168882804492,147.7172837754624,146.22126717130823,143.78281524142756,150.46471773702098,145.95848226297903,-0.0004925078092847812,0.006127196620129747,Tokyo
2023-05-17,148.12,149.24,148.034,149.143,138479,59.360874379215154,0.6249986647977153,0.8139033154579713,-0.18890465066025608,1.328728248318458,147.85306627303743,146.33584492929614,143.85381106604441,150.55874638966918,146.02225361033084,0.010570323140199012,0.0062665352340564705,Tokyo
2023-05-18,149.207,149.449,148.771,149.403,132712,60.51572611326514,0.6779450540508094,0.786711663176539,-0.10876660912572955,1.2822476591528555,148.00067900893865,146.45612552030414,143.92731025722264,150.66305773301016,146.13284226698985,0.017059572353417707,0.00624020886355072,Tokyo
2023-05-19,149.356,149.799,148.715,149.064,141176,58.19369084523794,0.6846586632484843,0.7663010631909282,-0.08164239994244382,1.268087112070509,148.101947674754,146.5583951077432,143.9953458829548,150.7140315305611,146.24806846943892,0.012291686473712149,0.006275369399058635,Tokyo
2023-05-22,149.006,149.924,148.805,149.858,134098,61.882842876369416,0.7454552668848748,0.7621319039297176,-0.01667663704484279,1.2574380326369012,148.26919075334885,146.68779137802778,144.0729969308627,150.8730213674386,146.24657863256138,0.012540371076066537,0.006247696895772151,Tokyo
2023-05-23,149.822,150.055,149.101,149.267,149454,57.79471463566298,0.7374474176895944,0.757195006681693,-0.019747588992098608,1.2357638874485515,148.36422020541087,146.78893681418356,144.1417916735003,150.85291714952928,146.51888285047073,0.007553257553257531,0.005802050933784122,Tokyo
2023-05-24,149.222,149.937,148.841,149.923,158012,60.883681630823205,0.7750999869219299,0.7607760027297404,0.014323984192189498,1.225780752630798,148.51267542394316,146.91184125284303,144.21836396921555,150.9731515082696,146.63074849173034,0.005229880048007729,0.005745847638216295,Tokyo
2023-05-25,149.894,150.314,149.282,150.201,154303,62.1480125375563,0.8179434529937453,0.7722094927825415,0.045733960211203795,1.2119392703000256,148.6734682407105,147.0408278703786,144.29760418154382,151.1219715233688,146.72742847663113,0.0053412582076666215,0.005750762711068272,Tokyo
2023-05-26,150.164,150.933,149.794,150.789,135171,64.74372410126153,0.8890949611355552,0.7955865864531443,0.09350837468241091,1.206729322421451,148.8749474558809,147.1878150127167,144.38358293410616,151.26227264140655,146.66182735859346,0.01157221059410718,0.00469136158241,Tokyo
2023-05-29,150.531,151.066,150.094,150.396,74300,61.698346312899936,0.9033578810627603,0.8171408453750675,0.08621703568769279,1.189962942248491,149.01980960293986,147.31362618868857,144.46321759723057,151.15211685877375,146.71938314122622,0.0035900652617810724,0.004538751081963838,Tokyo
2023-05-30,150.352,150.628,149.733,150.047,136120,59.04236623303002,0.8763974008796538,0.8289921564759848,0.047405244403669,1.1688941606593117,149.11763725980273,147.42081731854393,144.53717498004872,151.11461440425296,146.734485595747,0.005225535449898455,0.00446397191011391,Tokyo
2023-05-31,150.015,150.103,148.59,148.9,144008,51.23599596544017,0.7537885072788697,0.8139514266365618,-0.060162919357692135,1.1934731491836468,149.0969099017263,147.4788244825226,144.59496074190238,151.09844378514106,146.7241562148589,-0.006823502731402087,0.004489052368710274,Tokyo
2023-06-01,148.907,149.68,148.618,149.379,137749,53.972877479206275,0.6873480520955866,0.7886307517283668,-0.10128269963278025,1.1840822099562445,149.1237756253714,147.5533411694825,144.6583255002878,151.1274130896369,146.8440869103631,-0.005472666626720191,0.0040694315416361085,Tokyo
2023-06-02,149.346,149.962,148.965,149.849,120519,56.54976686440362,0.6649534156745744,0.7638952845176085,-0.09894186884303402,1.1707191949593687,149.19284461343125,147.64336700597337,144.72707615591312,151.21536106068234,146.88473893931766,-0.006233876476400835,0.004007903150753401,Tokyo
2023-06-05,149.805,150.196,149.211,149.515,116426,54.226357800828836,0.6131860690122437,0.7337534414165355,-0.12056737240429183,1.1574535381765558,149.22352607881874,147.71676437828816,144.79049236576859,151.25929700547582,146.92460299452418,-0.005857868560334101,0.004050523434087578,Tokyo
2023-06-06,149.482,149.694,148.818,149.329,111212,52.922335487562336,0.5508021242595476,0.6971631779851379,-0.14636105372559038,1.137349714021086,149.23357121416933,147.77998930462982,144.8506050496657,151.27728069075226,147.01741930924777,-0.004785167314241501,0.00399109598653372,Tokyo
2023-06-07,149.276,150.019,148.632,149.972,118575,56.79075836943084,0.5469423142765493,0.6671190052434203,-0.120176690966871,1.1551818773052942,149.30389776520082,147.86595050836982,144.9184380953655,151.29275595110798,147.240844048892,0.007199462726662276,0.003922823332878191,Tokyo
2023-06-08,149.94,150.043,149.587,149.781,122118,55.33618599882719,0.5224488185431255,0.6381849679033613,-0.1157361493602358,1.1052403146406315,149.34933607327693,147.94105048843377,144.98284288880438,151.11108916176056,147.71091083823944,0.002691141325085855,0.0037437073852694606,Tokyo
2023-06-09,149.766,150.439,149.539,149.817,112042,55.56718775636406,0.5001767199651965,0.6105833183157283,-0.11040659835053179,1.090580292166301,149.3938754948696,148.01461713594617,145.04687145981362,150.9089504887533,148.1693495112467,-0.0002135483052938536,0.0037308835257885927,Tokyo
2023-06-12,149.677,150.342,149.647,150.182,113594,57.94227880388194,0.5061438595982395,0.5896954265722305,-0.08355156697399102,1.062324557011567,149.4689349715487,148.09961254237967,145.11488640736576,150.83806238511596,148.458237614884,0.004461090860448769,0.0036195118959831073,Tokyo
2023-06-13,150.164,151.374,150.034,151.343,128055,64.4514081532815,0.5976663324207436,0.5912896077419332,0.006376724678810453,1.0821585172250265,149.64741735521073,148.22680420738442,145.19737797812914,151.00764995642305,148.60815004357693,0.013486998506653025,0.003941512713389995,Tokyo
2023-06-14,151.301,151.78,150.919,151.759,132796,66.45474533573919,0.695746146370908,0.6121809154677282,0.0835652309031798,1.0663614802803811,149.8485204642383,148.3653216894478,145.2842868790811,151.37943637606122,148.49796362393874,0.01191555757074636,0.0037384818562933467,Tokyo
2023-06-15,151.692,153.683,151.519,153.549,138291,73.40088131134863,0.9074525972279162,0.6712352518197658,0.23621734540815031,1.1447642316889244,150.20094708669183,148.5686031918224,145.39375327803367,152.2857246256768,148.00627537432317,0.025156728824083263,0.004458398190801275,Tokyo
2023-06-16,153.511,155.235,153.092,155.234,143601,78.01571531804461,1.1973940889565995,0.7764670192471326,0.4209270697094669,1.216066786568287,150.68028545938785,148.82999130194702,145.52408767170212,153.51738742340717,147.39161257659282,0.03615744541674171,0.004849512204927034,Tokyo
2023-06-19,154.767,155.324,154.653,155.089,94598,76.78119991720476,1.399343758100656,0.9010423670178374,0.4983013910828187,1.177133444670554,151.10016303468424,149.0754426234393,145.65077525220937,154.3957435498895,147.0363564501105,0.032673689257034955,0.004827956067367159,Tokyo
2023-06-20,155.033,155.381,154.045,154.426,139706,71.23094022564126,1.4887306070528155,1.018580015024833,0.4701505920279825,1.1884810557655152,151.41690941233335,149.28526840291227,145.7670033945642,154.93828545363993,147.00971454636004,0.02037094546824103,0.004849030533554423,Tokyo
2023-06-21,154.436,155.912,154.092,155.884,140064,75.4361157677051,1.658105139912152,1.1464850400022968,0.5116200999098552,1.2335895517822637,151.84234661115875,149.54404219103336,145.9010033496031,155.76475119076724,146.77934880923277,0.02718125448902531,0.005117252695933362,Tokyo
2023-06-22,155.893,156.93,155.549,156.783,128579,77.60937497965129,1.8436252993898563,1.2859130918798087,0.5577122075100476,1.244118869512102,152.31288502914364,149.82792288942423,146.04513575556862,156.68845131230245,146.5138486876976,0.02106168063614855,0.005187119301633593,Tokyo
2023-06-23,156.727,156.826,155.057,156.55,152707,75.7390576527961,1.949378982178473,1.4186062699395416,0.5307727122389314,1.2816103788326663,152.71641978827284,150.0915337565056,146.1842730303293,157.41626426691204,146.36213573308794,0.008477524253707402,0.005230702675582469,Tokyo
2023-06-26,156.323,156.724,155.751,156.509,147722,75.39474355998297,2.006748631290037,1.5362347422096407,0.4705138890803964,1.2595667803446176,153.07761790367542,150.34319909938776,146.32102438092096,158.0411183473755,146.34858165262452,0.009156032987510221,0.00515049607104733,Tokyo
2023-06-27,156.427,157.938,156.382,157.91,174846,78.92106938498301,2.1405881155650377,1.6571054168807202,0.4834826986843175,1.2807405817485724,153.53784476999203,150.63993638960784,146.4745207467366,158.86758925911641,146.30841074088363,0.022560967712691005,0.005266442401854271,Tokyo
2023-06-28,157.866,157.999,157.227,157.663,171673,76.8304666493071,2.2013502401045173,1.7659543815254797,0.4353958585790376,1.2444019687665309,153.93071669665946,150.9153506488389,146.62271252492553,159.4436043001716,146.60869569982842,0.011412332247055623,0.004798433533058385,Tokyo
2023-06-29,157.673,157.919,157.244,157.249,192469,73.32443871914042,2.190843639785271,1.850932233177438,0.33991140660783303,1.2037303995689224,154.24674367793,151.1637290547668,146.76345805439672,159.86058132445694,146.97871867554304,0.0029722610231976976,0.004951174035754981,Tokyo
2023-06-30,157.269,157.879,156.679,157.38,170345,73.7328988618084,2.1680952362327446,1.9143648337884993,0.2537304024442453,1.2034639424568556,154.54514904193667,151.40750438595245,146.90407450400738,160.2387495966519,147.3536504033481,0.005301820504630905,0.00496397808384204,Tokyo
2023-07-03,157.423,157.955,157.218,157.9,133893,75.34662290098933,2.167046256398322,1.9649011183104639,0.20214513808785828,1.1701450894242247,154.86465865699034,151.66211205709158,147.04971590130532,160.5757330944985,147.8551669055015,0.008887667801851684,0.004841904321147431,Tokyo
2023-07-04,157.839,157.91,157.134,157.151,80253,68.79102840644887,2.0817794345178413,1.9882767815519395,0.09350265296590177,1.1419918687510666,155.0824054515627,151.87736256465664,147.18350774367215,160.65605769550336,148.55704230449663,-0.0048065353682476,0.005052522217413311,Tokyo
2023-07-05,157.06,157.721,156.78,157.01,138395,67.59866567823858,1.9800030990328992,1.9866220450481316,-0.006618946015232385,1.1276353066974192,155.26598588474718,152.07864246408187,147.31365995898776,160.68290220454907,149.233997795451,-0.004141745368285599,0.005091512553994317,Tokyo
2023-07-06,156.992,157.195,155.839,156.851,177767,66.20508966304502,1.8650159062850946,1.9623008172955243,-0.09728491101042969,1.143947070504746,155.41693961000934,152.26579374000022,147.43998234363693,160.54204386954694,150.081856130453,-0.0025310176853270416,0.005082206955011146,Tokyo
2023-07-07,156.823,156.93,155.383,155.818,173614,57.85953242952859,1.6712679244309925,1.904094238722618,-0.2328263142916256,1.1727365654686928,155.4551358376275,152.4050959462747,147.55094946491326,160.1586459586983,151.0653540413017,-0.009925022239166248,0.005446343801182226,Tokyo
2023-07-10,155.732,156.672,155.326,155.451,147135,55.197380390676365,1.4711489309620447,1.8175051771705035,-0.34635624620845884,1.185112525078072,155.45474194832966,152.52454316406786,147.65558589584157,159.64080041915247,152.11009958084753,-0.015509816339455473,0.005529347643521219,Tokyo
2023-07-11,155.493,155.671,154.176,154.517,148388,49.01630551137591,1.22308819327597,1.6986217803915968,-0.47553358711562677,1.2072473447153529,155.3654331913459,152.60267872626127,147.74646555285028,159.21777330984875,152.85052669015127,-0.016760949659881397,0.00559994310322889,Tokyo
2023-07-12,154.528,154.528,153.336,154.081,188360,46.403992679310065,0.9800196586982679,1.5549013560529312,-0.5748816973546633,1.2061582486642546,155.2431062207415,152.66065210954514,147.83036667135556,158.80242788362338,153.49807211637662,-0.018654862747595757,0.0056488846957734205,Tokyo
2023-07-13,154.024,155.13,153.862,154.984,170811,52.09807240824365,0.8504472209670553,1.414010529035756,-0.5635633080687008,1.210575516616808,155.21842943781374,152.75176379152376,147.92511678166872,158.6456728110045,153.79832718899553,-0.01190301623834078,0.0051816334275222335,Tokyo
2023-07-14,154.778,156.133,154.161,155.896,168081,57.05994362107455,0.811990784328998,1.2936065800944045,-0.4816157957654066,1.264962979715608,155.28295996754576,152.87506717224832,148.03069139383203,158.63972716054366,153.8704728394564,0.0005005840146836693,0.004751005212665918,Tokyo
2023-07-17,155.84,156.338,155.095,155.859,135930,56.80287186721248,0.7696560743210625,1.1888164789397362,-0.41916040461867365,1.263394195450207,155.3378209230176,152.99208414588566,148.13437760053625,158.6231846840297,153.9640153159703,0.002624621263292104,0.004744698013735165,Tokyo
2023-07-18,155.856,156.141,154.874,155.875,178908,56.893313959482974,0.7289931981117377,1.0968518227741366,-0.36785862466239894,1.263651752918049,155.38898083511117,153.10513966957643,148.23690240052917,158.53571642841527,154.19638357158473,0.00878867697405461,0.00462403910034567,Tokyo
2023-07-19,155.873,157.201,155.677,156.465,173338,60.20226818581958,0.7358927315875121,1.0246600045368117,-0.2887672729492996,1.2822480562810457,155.49145885081487,153.2368988982205,148.34588382568774,158.55311759908506,154.23708240091497,0.015472381409778135,0.0042045659025568595,Tokyo
2023-07-20,156.258,156.624,155.861,155.894,169384,55.742604014993276,0.6873622494777862,0.9572004535250067,-0.2698382040472205,1.2451589094038285,155.52979610311823,153.34109894142753,148.44585887435414,158.51164677538486,154.18965322461514,0.00587157383988024,0.004073420530401619,Tokyo
2023-07-21,155.895,158.047,155.585,157.708,162612,64.69125288116265,0.7862131566627397,0.9230029941525533,-0.13678983748981355,1.3320761301606971,155.73724409329745,153.51234996333235,148.56853624025675,158.65249713092396,154.16460286907602,0.011623133370965322,0.004843833587668681,Tokyo
2023-07-24,157.349,157.783,156.24,156.498,156627,56.486771492805595,0.7581765379995034,0.8900377029219433,-0.13186116492243993,1.3471421208635028,155.80969703679293,153.62943427849578,148.67356225031958,158.65184885504277,154.16415114495726,0.00409985948838365,0.005169542636077916,Tokyo
2023-07-25,156.469,156.89,155.612,155.705,146490,51.845969172627974,0.6643110784998214,0.8448923780375189,-0.18058129953769753,1.3422033979446806,155.79972589043172,153.7108290126724,148.76669387614317,158.44548700979047,154.15001299020955,-0.0010906174819566017,0.004835505809215861,Tokyo
2023-07-26,155.771,155.985,155.145,155.454,160741,50.4335896436551,0.5631764754331527,0.7885491975166457,-0.2253727220834929,1.306331726662918,155.7667996151525,153.77918865923425,148.85526746718762,158.26549254466397,154.10910745533602,-0.0064615089636659295,0.004835967387609855,Tokyo
2023-07-27,155.319,156.236,152.189,153.109,226101,39.58406683515551,0.29045647046143586,0.6889306521056038,-0.3984741816441679,1.502093746186995,155.51367584228083,153.752906751029,148.9116082954368,158.4084872901105,153.5521127098895,-0.017864702939176635,0.0058166159083259976,Tokyo
2023-07-28,152.983,155.605,151.402,155.491,322050,51.09322108224222,0.26349399966639453,0.6038433216177619,-0.34034932195136736,1.6950156214593526,155.5115162382541,153.8210672705965,148.9987525564244,158.23030740778253,153.54139259221748,-0.01405762548507361,0.0069158860729640614,Tokyo
2023-07-31,155.193,157.282,155.11,156.48,173980,54.93205152077342,0.3182613630073945,0.5467269298956884,-0.2284655668882939,1.7290859342122558,155.6037527869918,153.9253391423378,149.097841926538,157.98176274690414,153.64793725309588,-0.00011501744431241523,0.00703857583422075,Tokyo
2023-08-01,156.49,157.488,156.142,157.425,168516,58.300148429133955,0.4329279711747347,0.5239671381514976,-0.09103916697676295,1.701722653197095,155.7772049025164,154.06258074459907,149.20813541095472,158.0341509540452,153.6229490459548,0.011046530297678325,0.007103971670105255,Tokyo
2023-08-02,157.446,157.498,156.251,156.76,198549,55.17525195007377,0.46478439670559624,0.5121305898623174,-0.04734619315672117,1.6692424636830157,155.87080443561007,154.16836189186972,149.30816010749837,157.9961445875329,153.63595541246707,0.008401199068534648,0.00716717924153008,Tokyo
2023-08-03,156.755,157.234,155.53,156.06,230567,52.01476711568913,0.42860599053511805,0.49542566999687754,-0.06681967946175948,1.671725144848515,155.88882306079006,154.24254377846307,149.39758845044543,157.90564437968342,153.64735562031657,0.019273850655415314,0.007232428848888893,Tokyo
2023-08-04,155.943,156.627,155.855,155.905,184359,51.31385690612597,0.38301201429860043,0.47294293885722216,-0.08993092455862173,1.6074590630736225,155.8903637216672,154.307738140092,149.4837793318965,157.91070675576174,153.6509932442383,0.0026625335228405156,0.0070801478086926165,Tokyo
2023-08-07,155.996,156.85,155.802,156.767,134476,54.94961117226679,0.41168896152865386,0.46069214339150855,-0.04900318186285468,1.5674977014255067,155.9738528910322,154.40417978165704,149.5802458308118,158.01457282588922,153.6787271741108,0.001834100204499034,0.007158891506881221,Tokyo
2023-08-08,156.77,157.741,156.34,157.092,159961,56.27540420716119,0.45539096905616816,0.45963190852444047,-0.004240939468272309,1.5556050084665427,156.08034309188628,154.50958449610187,149.67973926351627,158.11651976607948,153.83428023392054,-0.002115292996665019,0.007002297234938608,Tokyo
2023-08-09,157.036,157.9,156.748,157.744,140023,58.889258743674006,0.5364521889816558,0.47499596461588356,0.06145622436577225,1.5267760792903622,156.23878660694473,154.63642431978414,149.7865506639995,158.24329090023625,154.07380909976374,0.00627711150803778,0.006984338285748079,Tokyo
2023-08-10,157.745,159.208,157.452,158.959,191423,63.29296446509986,0.690771353436304,0.5181510423799677,0.17262031105633635,1.5431492164839078,156.49785454914047,154.80593709155733,149.90804005917832,158.7111147402982,154.00348525970182,0.018576188645392788,0.007060265989533902,Tokyo
2023-08-11,158.958,159.218,158.435,158.666,139486,61.57988357197992,0.7804314241237194,0.570607118728718,0.2098243053950013,1.4888528438779136,156.70434459207948,154.9573121075747,150.02403952859316,159.05255621793734,153.9390437820626,0.017709502581700454,0.007006147364638731,Tokyo
2023-08-14,158.577,158.834,158.189,158.745,155972,61.87947231578839,0.8480861071508912,0.6261029164131527,0.22198319073773842,1.4285776407437778,156.89869272616716,155.1058488876698,150.1395489388105,159.36571717975832,153.91448282024172,0.012617451376884192,0.007001900428676725,Tokyo
2023-08-15,158.746,159.334,158.326,158.731,170218,61.787522000820026,0.8903103048827177,0.6789443941070658,0.21136591077565192,1.3985363806906517,157.0731981808179,155.24801167638864,150.2533429926011,159.6360181760284,153.92978182397158,0.010433376620069712,0.007003199109300345,Tokyo
2023-08-16,158.653,159.253,158.565,159.212,141257,63.77897073519187,0.9516163252722265,0.733478780340098,0.21813754493212856,1.34778378206989,157.27689359216856,155.4034621988832,150.37200070130837,159.9668533459308,153.87364665406918,0.009306217669134753,0.006988978981699932,Tokyo
2023-08-17,159.128,159.296,158.251,158.574,161647,59.36002858286972,0.9379088902466606,0.7743648023214105,0.1635440879252501,1.326156369064897,157.40042753577157,155.52779701461327,150.48063645360892,160.14621213466046,153.96228786533953,-0.0024220081907913027,0.007001673776170815,Tokyo
2023-08-18,158.524,158.562,157.653,158.03,158359,55.80935524081239,0.8730850150528795,0.7941088448677044,0.07897617018517511,1.2972166284174058,157.46038681807903,155.62592262188335,150.5806280237598,160.17994826649945,153.9607517335006,-0.004008420203446161,0.006584403941410315,Tokyo
2023-08-21,157.705,159.393,157.705,159.304,129975,61.60204100900308,0.9139770214958958,0.8180824801933427,0.09589454130255304,1.3251297263875903,157.63596902588102,155.77016095043695,150.69616937443848,160.46151328778356,153.9597867122164,0.0035213707518346737,0.006542580169311756,Tokyo
2023-08-22,159.257,159.489,158.085,158.216,123344,54.97446394768577,0.8488072029370528,0.8242274247420849,0.024579778194967927,1.330763317359905,157.69121007103521,155.86607620728256,150.79576978007506,160.53577310311476,154.13662689688528,-0.0032444828042410556,0.00663901648755458,Tokyo
2023-08-23,158.232,158.373,156.869,157.343,141666,50.298366063539405,0.7184341860839822,0.8030687770104644,-0.08463459092648218,1.343137366119911,157.65804720712708,155.92399478738912,150.88248806113367,160.50536784072463,154.35593215927534,-0.011739064894605966,0.006770558093645409,Tokyo
2023-08-24,157.29,158.044,157.108,157.661,134867,51.90322228936094,0.6334703217565618,0.7691490859596839,-0.13567876420312208,1.3140561256827752,157.65832842549594,155.99211263886406,150.972269676218,159.96368265720636,155.35281734279366,-0.005757564291750339,0.0056586685703856575,Tokyo
2023-08-25,157.614,158.245,157.229,158.009,167763,53.666408723072585,0.5874448403404244,0.732808236835832,-0.14536339649540753,1.2927664024197192,157.69172571830583,156.0712062608694,151.0654714023608,159.85425706818663,155.7140429318134,-0.00013288616085560534,0.004616559645414917,Tokyo
2023-08-28,157.926,158.564,157.923,158.511,111554,56.16291726250176,0.5847360461785911,0.7031937987043838,-0.11845775252579271,1.2462116593897385,157.76975184037195,156.16688444671763,151.16408767517723,159.88446994807694,155.88693005192303,-0.0049779038818862364,0.004468539649260868,Tokyo
2023-08-29,158.517,159.061,158.242,158.71,146209,57.148597781159154,0.59182475677909,0.6809199903193252,-0.08909523354023519,1.2156965408619012,157.85929928414603,156.26661446841499,151.26403353378416,159.96887628839377,155.93102371160623,0.0031223137988571903,0.004290270786756246,Tokyo
2023-08-30,158.7,159.76,158.14,159.755,148235,61.982777677517134,0.6739959715598047,0.6795351865674211,-0.005539215007616338,1.2445753593717657,158.03984220946546,156.40341390102614,151.37649666578702,160.1900298254153,156.00937017458472,0.01532956661561058,0.004354476324891412,Tokyo
2023-08-31,159.744,159.755,157.617,157.803,145659,50.518290727746106,0.574979162951422,0.6586239818442213,-0.08364481889279929,1.3083914051309258,158.01728580856397,156.45829963039768,151.4616159152468,160.05236962849074,156.32133037150925,0.000900666620153423,0.005145875117241051,Tokyo
2023-09-01,157.728,157.963,157.051,157.459,170633,48.80507563250679,0.4634078267146151,0.6195807508183001,-0.156172924103685,1.2800777333358602,157.96411573155788,156.49754278214678,151.54105146603823,159.83620396957284,156.69289603042714,-0.003480814383990727,0.005171506783261657,Tokyo
2023-09-04,157.411,158.251,157.312,158.15,74356,52.30411211339531,0.42583589289131396,0.580831779232903,-0.154995886341589,1.255715038097584,157.98181899521904,156.56234502598414,151.6285872082099,159.74103329014417,156.9263667098558,-0.002277444467576273,0.00511951336436893,Tokyo
2023-09-05,158.123,158.502,157.725,158.37,141078,53.3962359260678,0.40909621946403263,0.5464846672791289,-0.1373884478150963,1.2215211068049003,158.01878861472198,156.6332334563377,151.71787744386276,159.6778650054911,157.11733499450887,-0.002142272068552775,0.005110346525144075,Tokyo
2023-09-06,158.4,158.464,157.767,158.398,132939,53.5420404851148,0.3935526437649912,0.5158982625763014,-0.12234561881131023,1.1840553134616933,158.05490398474845,156.70243998746173,151.80635588831493,159.67313582354444,157.1874641764556,-0.008494256830772096,0.0050340950593197155,Tokyo
2023-09-07,158.315,158.523,157.36,157.55,119934,48.58445772617659,0.30924297455618444,0.47456720497227806,-0.16532423041609362,1.1825513625001425,158.00681789096288,156.73567763501225,151.8824306447611,159.6357962577656,157.08390374223438,-0.0016032648301995689,0.004857632355828813,Tokyo
2023-09-08,157.56,158.389,157.001,158.128,119933,51.856573921389234,0.28577251606432696,0.4368082671906879,-0.15103575112636092,1.1972262651787042,158.01835904420452,156.79027851207059,151.96515341767815,159.60439666468045,157.06150333531957,0.004248725064937453,0.004929653290021389,Tokyo
2023-09-11,157.523,157.731,156.58,157.561,142842,48.58979836399905,0.2188965441283699,0.3932259225782243,-0.1743293784498544,1.222281531951652,157.97480103999456,156.82050288414624,152.03927059095395,159.57433834867368,156.97316165132634,-0.003724312361681914,0.00498502154276981,Tokyo
2023-09-12,157.59,158.29,157.096,158.193,110658,52.2041033227671,0.2144222465246628,0.35746518736751204,-0.14304294084284924,1.2202614225265331,157.99558189332842,156.87432630045421,152.12077694074264,159.52975283919352,156.96394716080647,-0.0011176359158930893,0.0050804142168580126,Tokyo
2023-09-13,158.142,158.653,157.967,158.238,136308,52.46038130692179,0.21206292792888348,0.32838473547978636,-0.11632180755090288,1.1820998923460648,158.01866933205906,156.92780370043639,152.20179976271956,159.398050745926,156.99824925407398,-0.0010101137640626812,0.00502635765638599,Tokyo
2023-09-14,158.127,158.406,156.635,156.94,149791,44.9701994620236,0.10425362785608172,0.28355851395504544,-0.17930488609896372,1.2241641857499184,157.915938919482,156.92828198669378,152.2645573817564,159.42609430288283,156.8068056971172,-0.003871786734370164,0.005272869088747705,Tokyo
2023-09-15,156.96,157.898,156.67,157.601,127961,48.96624043184359,0.07132892121376244,0.24111259540678887,-0.16978367419302642,1.2244381724820677,157.8859447366742,156.9546630852548,152.33523874093845,159.42450817976922,156.76549182023072,-0.003332743094202062,0.005326744992121997,Tokyo
2023-09-18,157.455,157.936,157.24,157.8,88024,50.14010938191589,0.06059498955710296,0.2050090742368517,-0.14441408467974873,1.1866925887333482,157.8777595236576,156.98781355249972,152.4076196847671,159.2257768000166,156.8138231999834,0.0015168728302055179,0.004984717994877852,Tokyo
2023-09-19,157.788,158.277,157.371,157.918,96255,50.8618718173804,0.06090777826418048,0.17618881504231745,-0.11528103677813697,1.1666431181095358,157.88159194997593,157.02429145240168,152.4806048545053,159.20803046064674,156.80176953935324,-0.0017383828614414565,0.004757351809203534,Tokyo
2023-09-20,157.836,158.447,157.659,158.087,118348,51.93502339832328,0.07394021638782533,0.15573909531141902,-0.08179887892359369,1.1395971811017125,157.9011546214068,157.06596629740557,152.5548617438496,159.20437415919213,156.87982584080788,-0.0009542587747570774,0.004586076998597346,Tokyo
2023-09-21,158.064,158.131,157.029,157.4,138390,47.402896550573864,0.028504773705321895,0.1302922309901996,-0.1017874572848777,1.1369116681658762,157.85342560984424,157.07906565829165,152.61903576048738,159.21496159254653,156.8431384074535,0.002931056454696046,0.004676236110390069,Tokyo
2023-09-22,157.212,158.28,156.995,157.841,119371,50.395371101809125,0.027761851105623236,0.10978615501328433,-0.08202430390766109,1.1474894061540277,157.8522422184305,157.10894543639787,152.68820084975246,159.20953577206572,156.83176422793426,0.0015228329769481075,0.004693354197528533,Tokyo
2023-09-25,157.87,158.176,157.483,157.721,79500,49.568941952950254,0.017290765295541632,0.0912870770697358,-0.07399631177419416,1.1150258771430246,157.83974295953234,157.132947576147,152.75486044114646,159.15382364781655,156.80847635218348,-0.0005006337135615713,0.004633114056037987,Tokyo
2023-09-26,157.657,157.924,157.313,157.559,89649,48.41466412314128,-0.004033199544807076,0.07222302174682722,-0.0762562212916343,1.079024028775667,157.81300553481498,157.1496555143373,152.81849142868094,159.05801613086524,156.78918386913475,-0.0022733317291252497,0.004622202442781719,Tokyo
2023-09-27,157.585,157.614,156.956,157.13,98950,45.39970975998403,-0.05491626943918959,0.046795163509623865,-0.10171143294881346,1.0489508838631203,157.7479573886421,157.1488847098535,152.87559750247325,158.5928785819996,156.9918214180004,-0.006053628698121871,0.004348130834543102,Tokyo
2023-09-28,157.03,157.866,156.707,157.76,115586,50.29493219537757,-0.04389968580153436,0.02865619364739222,-0.07255587944892658,1.056811535015756,157.74910430400953,157.17285001534944,152.94029157528817,158.590839113175,156.989560886825,0.002287166454891798,0.0035378340519692563,Tokyo
2023-09-29,157.701,158.34,157.391,157.873,123789,51.141075571463475,-0.02575393297087203,0.017774168323739372,-0.043528101294611404,1.04911071108606,157.76090389410385,157.2003068774926,153.0056254617082,158.59675545749334,157.02504454250666,0.0002027356643710121,0.003503519243132735,Tokyo
2023-10-02,157.675,158.473,156.999,157.015,105196,44.892126386731945,-0.07968812738593556,-0.0017182908181956145,-0.07796983656773994,1.0794599460084857,157.6898654279987,157.19303994112036,153.05872976022863,158.598637829876,156.90966217012402,-0.00447625871000068,0.0035651286967847856,Tokyo
2023-10-03,156.998,157.213,154.335,156.016,127218,38.92781812376318,-0.20072844349590468,-0.041520321353737434,-0.15920812214216726,1.2079270927221644,157.53044967295122,157.1468815120568,153.09789890247725,158.736912768718,156.53598723128204,-0.009793156849180362,0.00378139983005154,Tokyo
2023-10-04,155.967,156.766,155.705,156.65,123434,44.01170201334756,-0.24269759778727007,-0.08175577664044396,-0.1609418211468261,1.1974323003848655,157.44659732314636,157.1273959625644,153.1449465991332,158.6722678352101,156.42583216478988,-0.003054795392350207,0.0039279861925587516,Tokyo
2023-10-05,156.64,156.785,156.088,156.62,150204,43.82579376533144,-0.2752067916304384,-0.12044597963844286,-0.1547608119919955,1.161687136071661,157.367873768561,157.10749808167955,153.19097379649568,158.70014187761686,156.3049581223831,-0.007226166328600292,0.0037611469458983305,Tokyo
2023-10-06,156.327,158.261,156.199,157.943,163669,53.211966805908226,-0.19200223647476378,-0.13475723100570705,-0.057245005469056726,1.225995197780827,157.42264769536473,157.14026286279017,153.25391454091294,158.67327967871316,156.31332032128685,0.00044339437395901626,0.004153688084748955,Tokyo
2023-10-09,157.111,157.699,156.511,156.936,131602,46.80181106953345,-0.20495590709097655,-0.14879696622276095,-0.0561589408682156,1.240709826510769,157.3763002958062,157.13225255444547,153.30268388474192,158.6673139763563,156.2567860236437,-0.0005031366429957274,0.004323101756510413,Tokyo
2023-10-10,156.8,157.975,156.764,157.703,155683,51.58572421268842,-0.15158392928782405,-0.14935435883577358,-0.0022295704520504667,1.238587696045713,157.40741455334845,157.15463480721232,153.36096621739438,158.5993910934316,156.27570890656844,0.01081299353912435,0.004371851031239002,Tokyo
2023-10-11,157.68,158.468,157.381,158.398,155504,55.49146868045272,-0.052599229535672976,-0.13000333297575348,0.0774041034400805,1.2277600034710185,157.5017560244581,157.20339422653734,153.4276818966342,158.632529266465,156.25857073353498,0.011158633897223158,0.0044887834201626,Tokyo
2023-10-12,158.24,158.61,157.645,157.69,154778,50.97956663627635,-0.03092632540463569,-0.11018793146152993,0.07926160605689424,1.2089914317945174,157.51968402212876,157.22247680588882,153.48413644104966,158.65000004631602,156.31609995368396,0.006831822244923957,0.004192566885708263,Tokyo
2023-10-13,157.539,158.045,157.046,157.16,146689,47.84351084884348,-0.055872895382833576,-0.09932492424579066,0.043452028862957084,1.1939920438091944,157.48542840097363,157.22002673506964,153.5328233756053,158.63520916278375,156.28679083721627,-0.004957484662188372,0.00415735443893947,Tokyo
2023-10-16,156.868,157.981,156.868,157.89,98217,52.204696164255424,-0.016547582455416432,-0.08276945588771582,0.06622187343229939,1.1882068978228233,157.52395902945236,157.24630019643945,153.59053432427277,158.6458531140107,156.2851468859893,0.006078911148493571,0.004283678053043615,Tokyo
2023-10-17,157.803,158.623,157.276,158.435,112179,55.21549861066231,0.057927207814884696,-0.054630123147195724,0.11255733096208043,1.1995492622640487,157.6107248361712,157.29291587501046,153.65469943256056,158.7344080754808,156.24829192451918,0.004641636493915691,0.004349501577431628,Tokyo
2023-10-18,158.217,158.541,157.675,157.963,106018,52.15146366013451,0.07796384169824933,-0.02811133017810672,0.10607517187635604,1.1757243149594727,157.64427485177393,157.3191936838336,153.71176301623527,158.7168842972484,156.2534157027516,-0.002746246796045404,0.00439919980552044,Tokyo
2023-10-19,157.917,158.925,157.678,158.499,135343,55.19229866376605,0.1355314170575923,0.004617219269033086,0.13091419778855923,1.1808154353195113,157.72567724684308,157.36546059819304,153.77517012860304,158.8513313056486,156.22886869435138,0.005130318980277826,0.004339680024898955,Tokyo
2023-10-20,158.43,158.925,158.164,158.711,108330,56.37325215052986,0.19600138160345182,0.04289405173591684,0.15310732986753497,1.1508286185109766,157.8195175090485,157.4182268492443,153.84054535868776,158.99105584583168,156.1761441541683,0.009868923390175643,0.004308450646293573,Tokyo
2023-10-23,158.646,159.774,158.501,159.719,91674,61.56081796831494,0.3215547568846091,0.09862619276565529,0.22292856411895381,1.1595551457601923,158.00042060342483,157.50845324731316,153.91840568506277,159.38494712402735,155.98205287597267,0.011584014187092428,0.004506041109297751,Tokyo
2023-10-24,159.512,159.913,158.532,158.753,101900,54.8318983580749,0.33919851521733335,0.14674065725599092,0.19245785796134243,1.17537263534875,158.07209483167009,157.55725900232048,153.98244004685003,159.5088326851922,155.9775673148078,0.0020071322624419796,0.004738440054818239,Tokyo
2023-10-25,158.721,158.933,158.401,158.704,88959,54.50644224697095,0.34524763054676555,0.18644205191414587,0.15880557863261968,1.1294174471095522,158.13227627627293,157.6022292375236,154.04497726477254,159.61258806536492,156.03121193463508,0.004690971936466282,0.0046856293799692195,Tokyo
2023-10-26,158.688,158.9,157.997,158.842,119090,55.31094586424201,0.35706106699521456,0.2205658549303596,0.13649521206485496,1.1132447723160122,158.19986901186599,157.6508476987972,154.10851398974245,159.72329754251948,156.02870245748053,0.0021640515082115286,0.00461418305174732,Tokyo
2023-10-27,158.706,158.872,157.881,158.041,108014,49.805488350350075,0.2983501004862035,0.2361227040415284,0.062227396444675065,1.1045130028648693,158.1847386297835,157.66614778904045,154.16059989716308,159.73316737316304,156.0356326268369,-0.004221509536201151,0.004767476612268095,Tokyo
2023-10-30,157.977,158.921,157.69,158.199,93935,50.8448357551387,0.26155546746079494,0.2412092567253817,0.020346210735413234,1.113547788374521,158.1860968555184,157.68704395417612,154.214088640247,159.7505015526932,156.1366984473068,-0.009516713728485504,0.004590512288042576,Tokyo
2023-10-31,158.206,160.851,158.159,160.367,150426,62.36143864958003,0.40269294338150985,0.27350599405660736,0.1291869493249025,1.2262943749191988,158.3938019168976,157.79214026969862,154.29558415494574,160.03725506665432,156.28504493334566,0.010166737006544802,0.0051804292048931435,Tokyo
2023-11-01,160.366,160.403,159.062,159.439,129845,56.28282538969873,0.434653154505952,0.3057354261464763,0.12891772835947568,1.2344876338535404,158.49334459147877,157.85672300422024,154.3637088681253,160.11743987072705,156.48376012927295,0.004631263232180549,0.005377305779379111,Tokyo
2023-11-02,159.446,160.078,159.064,159.759,116073,57.80998609704841,0.48026695918170503,0.34064173275352205,0.13962522642818298,1.218738517149717,158.61388320181413,157.93132210209396,154.435169677819,160.2040747870138,156.7110252129862,0.00577303232142623,0.005376649273845759,Tokyo
2023-11-03,159.758,160.395,159.59,160.248,106832,60.10354814346753,0.5495396898059255,0.38242132416400276,0.16711836564192273,1.1891857659247376,158.7695133730699,158.02217221573733,154.5121608079141,160.47373911419191,156.6718608858081,0.013964730671155001,0.005114661300643209,Tokyo
2023-11-06,160.121,160.976,159.93,160.798,77609,62.56833028531921,0.6414252800122995,0.4342221153336622,0.2072031646786373,1.1789582112158272,158.9627025756347,158.13102820727707,154.59541695615366,160.74957568446274,156.78222431553723,0.016428675276076277,0.004860200221243926,Tokyo
2023-11-07,160.797,161.025,160.425,160.898,85020,63.01571738561657,0.7140829329658516,0.4901942788601001,0.22388865410575148,1.1376040532718392,159.14701661605045,158.23953690503092,154.6788948772642,161.05794782408628,156.7933521759137,0.003311155038131286,0.004784088025780508,Tokyo
2023-11-08,160.88,161.724,160.449,161.667,82344,66.34677378260582,0.8242154766421095,0.556998518416502,0.2672169582256074,1.1474180494667063,159.38701503356944,158.3739472224807,154.77145256100908,161.52993953634456,156.6482604636554,0.01397399632461327,0.004798627630507752,Tokyo
2023-11-09,161.577,161.79,161.362,161.441,99586,64.50793066036958,0.8830803985919715,0.622214894451596,0.26086550414037557,1.09603104593337,159.58263264942,158.49422380199127,154.85979093768447,161.83829077971308,156.7150092202869,0.0105283583397493,0.0046601909000679835,Tokyo
2023-11-10,161.41,161.944,161.119,161.873,81573,66.42359350261717,0.9535975836114687,0.6884914322835705,0.2651061513278983,1.076671685509557,159.80076287328478,158.62672482936418,154.9526811239403,162.1207770390474,156.90382296095262,0.010140532175128447,0.004544612558060724,Tokyo
2023-11-13,161.763,162.361,161.527,162.312,76536,68.2962733044791,1.0329988244830304,0.7573929107234625,0.2756059137595679,1.059337993687446,160.03992831392435,158.7712454242911,155.05015554613976,162.50728129372177,156.95951870627826,0.009415539994278577,0.004494329194647412,Tokyo
2023-11-14,162.105,163.811,162.036,163.606,108501,73.06498412876928,1.186660778733028,0.8432464843253756,0.3434142944076525,1.1104567084240575,160.37955418878872,158.96084364294634,155.16347798923726,163.18808941301847,156.79581058698153,0.016830538602095713,0.004710212372338038,Tokyo
2023-11-15,163.58,164.218,163.065,164.207,103135,74.94962975208712,1.341471018914831,0.9428913912432667,0.3985796276715642,1.1134955149651957,160.7440728374755,159.1665752647916,155.2832597377242,163.86485189858817,156.74344810141181,0.015711307811736352,0.004602682763807788,Tokyo
2023-11-16,164.21,164.305,163.249,163.548,89237,69.22958023036472,1.3949038735425745,1.0332938877031284,0.36160998583944615,1.1093886924676826,161.0111135196207,159.3383958426429,155.39272649616495,164.29016656916681,156.8230334308332,0.013051207561895595,0.004774836126513977,Tokyo
2023-11-17,163.412,163.6,162.15,163.248,98892,66.73274540768591,1.3969392568145338,1.1060229615254094,0.29091629528912444,1.133718071577133,161.22415032727588,159.49171365273537,155.49676985383167,164.5953674053681,156.97153259463187,0.008494313443254908,0.004835243665974202,Tokyo
2023-11-20,163.186,163.553,161.774,162.321,112592,59.58192592956153,1.3086656766793112,1.1465515045561898,0.1621141721231214,1.1798096378930518,161.32861220086866,159.60266605851044,155.58715700808554,164.75003355852368,157.0770664414763,5.544876534080423e-05,0.004937626342328555,Tokyo
2023-11-21,162.14,162.418,161.243,161.909,118465,56.675149296677596,1.1917257984915466,1.1555863633432613,0.036139435148285326,1.1794660923292632,161.38388722935736,159.69311052680416,155.67089002784599,164.79151713123173,157.35118286876826,-0.010372480226886527,0.004738207766432003,Tokyo
2023-11-22,161.709,162.934,161.584,162.803,110728,61.108909766973774,1.157841554344543,1.1560374015435175,0.001804152801025527,1.1916470857343155,161.51904082656142,159.81506697673342,155.76535506058977,164.897654274168,157.654945725832,-0.008550183609712159,0.004832179988518457,Tokyo
2023-11-23,162.652,163.19,162.431,163.037,38395,62.19933920144393,1.1367659607325606,1.1521831133813263,-0.015417152648765642,1.1607437224675776,161.6636083668889,159.94141729137132,155.86166823859523,164.99803935828683,157.97406064171318,-0.0031244649888717557,0.004831337034972889,Tokyo
2023-11-24,162.793,163.65,162.72,163.413,42398,63.948491252511715,1.1372934476663943,1.14920518023834,-0.011911732571945777,1.1442620280056082,161.83021709385184,160.07755778974894,155.96168587781915,164.96609914167473,158.54320085832532,0.001010732137606718,0.004596062492849565,Tokyo
2023-11-27,163.444,163.711,162.533,162.879,54771,59.72181244283913,1.0821478212166369,1.1357937084339995,-0.05364588721736263,1.1466718831480667,161.93010118015167,160.18741826858232,156.05330593241757,164.76126315275457,159.21603684724545,0.003437632838634519,0.004726383563429695,Tokyo
2023-11-28,162.809,162.92,161.92,162.129,62854,54.29399272782512,0.9667813295968415,1.101991232666568,-0.13520990306972647,1.136195320066062,161.94904392489912,160.26355872863792,156.13377870152465,164.7423116471633,159.41118835283672,0.0013587879611387521,0.003953667492805393,Tokyo
2023-11-29,162.13,162.248,161.487,161.506,72633,50.21165928524423,0.8156790204406263,1.0447287902213798,-0.22904976978075342,1.1093956543470571,161.9068492653849,160.31228191575016,156.20493395051108,164.5600246250972,159.80017537490275,-0.007966683660620477,0.003810058739738605,Tokyo
2023-11-30,161.438,161.937,160.592,161.347,67694,49.195009199832256,0.6753147722932624,0.9708459866357563,-0.29553121434249385,1.12622453617941,161.8535302877292,160.35285909552468,156.27304078560365,164.39247119187183,160.12652880812817,-0.010365745198942511,0.0038125058364353614,Tokyo
2023-12-01,161.3,161.774,159.644,159.673,66495,40.01001897743332,0.42410842662462755,0.8614984746335306,-0.437390048008903,1.1979227835951662,161.64586073651688,160.3261979545237,156.31807335797978,164.48966253531364,159.97183746468636,-0.0228867960321395,0.004471225728612077,Tokyo
2023-12-04,159.629,159.842,158.709,159.524,71465,39.306560936999624,0.210575153788767,0.7313138104645779,-0.5207386566758109,1.193285441909798,161.4437787616105,160.29473921120908,156.36053596250986,164.6561981083605,159.67790189163952,-0.02059811270943457,0.004391736909239172,Tokyo
2023-12-05,159.342,159.714,158.576,158.874,62292,36.307549319446416,-0.010974563148579364,0.5828561357419465,-0.5938306988905259,1.189336481773384,161.19903792717142,160.23902394802442,156.3938268769137,164.91131503647037,159.22038496352965,-0.02007660566585867,0.004459729867336512,Tokyo
2023-12-06,158.869,159.117,158.378,158.578,59870,34.99800724922419,-0.20804087057072707,0.4246767344794118,-0.6327176050501389,1.1571695902181427,160.9494152674408,160.17388575398425,156.42275632225258,165.15544259821564,158.6673574017844,-0.01812935742325361,0.004279950891395327,Tokyo
2023-12-07,158.535,158.578,153.16,155.554,87420,25.055427298906665,-0.6012974832738962,0.2194818909287502,-0.8207793742026464,1.461514619488276,160.4355661943512,159.99271376363194,156.4112496159976,165.9322746742855,157.3018253257145,-0.03590398334025424,0.0059223152079905415,Tokyo
2023-12-08,155.62,156.09,153.864,155.93,89660,27.801881714735188,-0.8725578210524532,0.0010739485325095277,-0.8736317695849627,1.5161207180962564,160.00646465203204,159.83339165525422,156.4048754488983,166.3243526237387,156.3154473762613,-0.023441658890357098,0.005912198842370859,Tokyo
2023-12-11,155.884,157.679,155.596,157.342,67283,37.12089804983567,-0.9625018712088433,-0.19164121541576107,-0.7708606557930823,1.556612095375095,159.75270611374327,159.73569002171484,156.41728769460826,166.35426156110208,155.7885384388979,-0.013678192623053476,0.006323122381894578,Tokyo
2023-12-12,157.28,157.333,156.497,156.997,60943,35.90155329340449,-1.0495235416024684,-0.36321768065310256,-0.6863058609493659,1.5057826599911597,159.4902579124344,159.62829041302015,156.42496600328894,166.18073654671014,155.30116345328986,-0.011814393796341638,0.005915020762886062,Tokyo
2023-12-13,156.863,157.479,155.375,155.393,76308,30.83089720380255,-1.2336969467074255,-0.5373135338639672,-0.6963834128434583,1.5485124699917923,159.10004287315493,159.46220059290172,156.41129757940433,165.98052623031782,154.61997376968213,-0.02008475324446013,0.006024514022239178,Tokyo
2023-12-14,155.369,156.059,153.861,155.977,112555,34.46040581954625,-1.3173462305166481,-0.6933200731945034,-0.6240261573221447,1.5949044364209504,158.80261021856873,159.32552605984677,156.40554529358442,165.6989314294612,154.14446857053883,0.0027193129074147837,0.006187259852915246,Tokyo
2023-12-15,155.818,156.483,154.398,154.822,205932,30.99624105889484,-1.4600076781675853,-0.8466575941891198,-0.6133500839784655,1.6299112623908831,158.42350448346696,159.14891719475474,156.38457118373563,165.48161108666432,153.51918891333565,-0.00710575258128654,0.006287582905813779,Tokyo
2023-12-18,154.767,156.304,154.607,155.96,191942,37.647128137148876,-1.4643605767183487,-0.9701981906949656,-0.49416238602338314,1.6347033150772488,158.18888500885106,159.02386161848986,156.37894772434842,165.20836798432805,153.15633201567192,-0.008783414472931628,0.006620780910864979,Tokyo
2023-12-19,155.868,158.57,155.376,157.943,258548,47.19761478174855,-1.292895063312642,-1.034737565218501,-0.258157498094141,1.7460816497145872,158.16546738896048,158.981474888353,156.39966364852924,164.89213813942663,153.07596186057336,0.006025592845723127,0.007381299786487535,Tokyo
2023-12-20,157.685,158.118,156.784,157.055,212396,43.95112547907392,-1.2146597458202848,-1.0707220013388576,-0.14393774448142715,1.7166472461635456,158.05970859001184,158.90592685351564,156.40834360020435,164.37738439563572,153.0159156043643,0.010695462472569695,0.007264937931456273,Tokyo
2023-12-21,156.974,157.11,156.13,156.467,230101,41.89610290834027,-1.1864279757528209,-1.0938631962216503,-0.0925647795311706,1.6640295857232936,157.90802205762975,158.8102826631817,156.4091205061619,163.74373783175523,152.99256216824475,0.0031414888092475834,0.0072359591621508484,Tokyo
2023-12-22,156.451,156.981,156.12,156.821,218313,43.605694860101,-1.1225492046087595,-1.0996003978990723,-0.02294880670968724,1.6066703296002005,157.80449614737933,158.73227157835106,156.4145758636962,162.89503616638427,153.1820638336157,0.012911601710351217,0.007234580744403627,Tokyo
2023-12-25,156.774,156.865,156.501,156.753,387,43.34188843628411,-1.065133652235403,-1.0927070487663384,0.02757339653093549,1.5179081632001863,157.70435365715272,158.65465308508237,156.41905830258764,162.04568589387813,153.41881410612186,0.005084637086432364,0.007237355931998112,Tokyo
2023-12-26,156.503,157.36,156.469,157.218,129962,45.75847720291098,-0.9709176650228244,-1.0683491720176357,0.09743150699481129,1.4731290086858888,157.6580342612334,158.59831374841247,156.4296403118249,161.27322347703986,153.7001765229601,-0.004590263576100373,0.007286822929717478,Tokyo
2023-12-27,157.228,158.386,156.95,157.482,213226,47.13704382878259,-0.8649773027904644,-1.0276747981722014,0.16269749538173706,1.4704769366368973,157.6412690934969,158.5545367386708,156.44357885074115,160.56670584382354,154.00429415617648,0.0027187927795995215,0.007299334557732696,Tokyo
2023-12-28,157.477,157.509,155.825,156.442,248030,42.54926908067765,-0.8550812662518581,-0.9931560917881328,0.1380748255362747,1.4857285840199757,157.52705298935436,158.47169216068374,156.4435579388108,159.72167694730828,154.3588230526917,-0.00015977810017453464,0.007396419465390293,Tokyo
2023-12-29,156.362,156.944,155.618,155.65,239723,39.40400821926088,-0.9007629325962228,-0.9746774599497509,0.0739145273535281,1.4743193994471198,157.3482860379873,158.36103756614713,156.4330472376345,159.2819170020141,154.3962829979859,-0.007467112185230218,0.007150699164023203,Tokyo
2024-01-02,155.511,156.337,155.067,155.362,264080,38.29543703297412,-0.9492626662552368,-0.9695945012108481,0.020331834955611305,1.4597251566294671,157.15911593913137,158.24342824982764,156.41886118150688,158.80510405020496,154.45689594979504,-0.008873833355661387,0.0071513341734062924,Tokyo
2024-01-03,155.073,156.779,154.854,156.497,261140,44.877203716201485,-0.8859019143783371,-0.9528559838443459,0.06695406946600879,1.4929590740130754,157.09605727826172,158.17494086748147,156.4198961327452,158.41264082581628,154.6116591741837,-0.004585988881680048,0.007368443184710208,Tokyo
2024-01-04,156.477,158.587,155.971,158.282,266587,53.31171898504729,-0.6837713889547956,-0.8990390648664359,0.2152676759116403,1.5731762830121405,157.20900420414156,158.17913926483516,156.44455976012605,158.33362841887973,154.6610715811203,0.005079945644581585,0.007840256237977015,Tokyo
2024-01-05,158.008,158.995,157.993,158.152,356044,52.679510335981426,-0.5279851210138133,-0.8248282760959114,0.296843155082098,1.5323779770827026,157.29881332755664,158.17807497993968,156.46717486264095,158.5481647903132,154.7063352096868,0.010930568517405703,0.006425081232564788,Tokyo
2024-01-08,158.109,158.478,157.682,157.894,227496,51.37733239224632,-0.4204946248091517,-0.7439615458385594,0.3234669210294078,1.4797795501482254,157.35549777255125,158.16693478464794,156.48607320883116,158.69643548422172,154.75446451577827,0.01441696113074209,0.006436217568144597,Tokyo
2024-01-09,157.895,158.009,157.202,157.914,244315,51.47746305206678,-0.3298910209472581,-0.6611474408602992,0.3312564199130411,1.43172386799478,157.4086884608797,158.15701577348528,156.50498614646253,158.77857754464168,154.72952245535834,0.01642615311337381,0.006125877971795452,Tokyo
2024-01-10,157.915,159.949,157.595,159.924,205601,60.32122921094091,-0.09480396924982415,-0.5478787465382042,0.4530747772883801,1.4976007345665823,157.6482419407959,158.2263092725643,156.55027109816504,159.37256388488922,154.42823611511082,0.021898183351757528,0.006695463825800549,Tokyo
2024-01-11,159.917,160.18,159.371,159.411,270440,57.443558616875656,0.04953835295472686,-0.42839532663961805,0.4779336795943449,1.4484149678118263,157.8161236607201,158.27276773246373,156.58816154719597,159.70711189288863,154.49548810711138,0.007132838857229373,0.00624540087716098,Tokyo
2024-01-12,159.303,159.565,158.537,158.657,217825,53.41048558363923,0.10191437914969015,-0.32233338548175644,0.4242477646314466,1.4183853272538383,157.8962071216039,158.28783566452398,156.61556338100795,159.87311194015925,154.59748805984074,0.003193130659112864,0.006356000905834171,Tokyo
2024-01-15,158.324,159.831,158.324,159.607,133977,57.462778338907924,0.21757178566539892,-0.21435235125232538,0.4319241369177243,1.4247149467357052,158.05913977668925,158.33956759924854,156.6551850580807,160.0581777616165,154.89092223838355,0.010849050628902956,0.0061394342693108,Tokyo
2024-01-16,159.408,160.128,159.23,160.066,226531,59.304535644133395,0.3423224969165801,-0.10301738161854429,0.4453398785351244,1.3870924505402973,158.25026932176647,158.40727083065056,156.7003614149273,160.4053888091293,154.95431119087073,0.013627670757500931,0.005997074372079464,Tokyo
2024-01-17,160.064,161.287,159.799,161.217,218906,63.56475794412813,0.5279782108949291,0.023181736884150386,0.5047964740107788,1.3943001326445617,158.53281510064588,158.51745628827211,156.7601844425442,160.9955551078751,154.69154489212488,0.008085090417948582,0.0055618753666219515,Tokyo
2024-01-18,161.227,161.378,160.641,161.125,198404,62.99707761785632,0.6600790898136495,0.15056120747005022,0.5095178823435993,1.3473501231699496,158.77968985296533,158.6197129044183,156.81799656913302,161.49622243927604,154.597877560724,0.010752081098543975,0.005353853938578458,Tokyo
2024-01-19,161.126,161.859,160.709,161.411,188185,64.07129433591732,0.7788694754073617,0.27622286105751254,0.5026466143498491,1.333253685800668,159.0302908193496,158.7291751434607,156.87883105166105,161.96797461937751,154.6205253806225,0.017358200394561818,0.005221550104519679,Tokyo
2024-01-22,161.5,161.554,160.752,161.172,168695,62.43998901965451,0.8439973333465218,0.3897777555153144,0.4542195778312074,1.2953069939577626,159.23426312226871,158.8249721966583,156.9356942165397,162.33063474099384,154.6929652590062,0.009805334352503303,0.005261856787867407,Tokyo
2024-01-23,161.188,161.71,160.408,161.028,226607,61.42521873761213,0.8739180501552823,0.486605814443308,0.3873122357119743,1.295785065817924,159.40509520586215,158.91136544384818,156.98989694214845,162.60791832088643,154.84318167911357,0.006010020866392463,0.0052711487318673105,Tokyo
2024-01-24,161.003,161.063,159.976,160.548,218100,58.03919696945075,0.8491104288498548,0.5591067373246174,0.2900036915252374,1.2808718468309286,159.51394328149433,158.97554719114825,157.03702413496768,162.78779383007273,154.9963061699273,-0.004149686447459056,0.005342418933288232,Tokyo
2024-01-25,160.547,160.967,159.689,160.121,209750,55.12790448298016,0.785935108125102,0.6044724114847143,0.18146269664038772,1.280666714914435,159.5717582070663,159.02046690914244,157.07787149741844,162.89735720016586,155.15064279983415,-0.006231186966640712,0.005403318819267797,Tokyo
2024-01-26,160.115,160.927,159.826,160.749,176824,58.43050218737406,0.7775791148720828,0.639093752162188,0.13848536270989475,1.2678333781348323,159.68387647306,159.08825252054862,157.12649571599567,162.98508847825047,155.49361152174953,-0.004101331383858597,0.005145619976290881,Tokyo
2024-01-29,160.559,160.829,159.415,159.816,177876,52.27479003291001,0.6877437456297173,0.6488237508556939,0.038919994774023414,1.2782738511252025,159.6964596661019,159.11679163738987,157.16211828929377,162.79512221364593,156.1001777863541,-0.00841337204973569,0.005197122565046308,Tokyo
2024-01-30,159.813,160.336,159.213,160.084,181117,53.78103878060061,0.6309012911448804,0.6452392589135312,-0.014337967768650817,1.2671828617591179,159.7333682693303,159.15472137710006,157.20081870930315,162.4300010235393,156.93749897646072,-0.005862334500832067,0.005143362682371808,Tokyo
2024-01-31,160.026,160.267,158.556,158.904,428611,46.780301720946525,0.4850457921479858,0.6132005655604222,-0.12815477341243642,1.29888408591918,159.65438081510837,159.1448891662334,157.22337740189516,162.1431034675334,157.46509653246662,-0.010239928245758256,0.005319066482118929,Tokyo
2024-02-01,158.898,159.195,158.075,159.136,458231,48.2077808288773,0.38375107592938207,0.5673106676342142,-0.18355959170483216,1.2861066512106674,159.60501121366948,159.14454057147915,157.24871015153894,162.0983517549779,157.5952482450221,-0.006151597854122892,0.004708662941004401,Tokyo
2024-02-02,159.194,160.254,158.836,160.056,394498,53.53067951919113,0.3734062005338217,0.5285297742141357,-0.15512357368031404,1.2955276046956181,159.64796252665334,159.18028407847996,157.2858927985384,162.04814199553223,157.83585800446778,-0.00431106880913712,0.004856362451762724,Tokyo
2024-02-05,160.14,160.264,159.38,159.693,204621,51.290790235978506,0.3320886349044656,0.48924154635220174,-0.15715291144773613,1.2661327757887892,159.6522518098292,159.20039058520624,157.31777501312732,161.9112605650961,158.1526394349039,-0.0007696350803423346,0.004873848317183395,Tokyo
2024-02-06,159.687,159.868,158.954,159.098,166288,47.76294203584595,0.24846844946947044,0.44108692697565555,-0.1926184775061851,1.2409804346610176,159.5994659231788,159.19637526813932,157.3413541520263,161.751368536686,158.430931463314,-0.006159266385147744,0.004967682413192299,Tokyo
2024-02-07,159.101,159.731,158.902,159.613,152574,50.910229743788484,0.22120513097226535,0.39711056777497755,-0.1759054368027122,1.2115532607566597,159.60075488287606,159.21271349291817,157.37144217650277,161.74819009987124,158.40300990012878,0.004461813421940297,0.004116394043976472,Tokyo
2024-02-08,159.612,160.984,159.444,160.889,173549,57.70904658114953,0.2991132987482956,0.37751111396964115,-0.07839781522134553,1.2350137421311855,159.72344489403073,159.2784502186861,157.41803234635043,161.829042606933,158.46995739306698,0.011015734968831792,0.004418617385308026,Tokyo
2024-02-09,160.884,161.261,160.767,160.938,152008,57.949892637605075,0.3606525948833905,0.37413941015239105,-0.01348681526900053,1.182084189121815,159.83911680888497,159.34353060226704,157.46465443447826,161.82176280557286,158.7053371944271,0.005510571300044731,0.0042466351068933495,Tokyo
2024-02-12,160.945,161.091,160.377,160.862,149059,57.403839134067574,0.3986944639933654,0.37905042092058594,0.01964404307277945,1.1486496041845422,159.93653425565782,159.40307842178598,157.50965238898848,161.87423323672124,158.77836676327877,0.007320295817599964,0.004067512694099125,Tokyo
2024-02-13,160.856,161.627,160.626,161.456,165712,60.53397697746353,0.4713404359286244,0.39750842392219365,0.07383201200643075,1.1381032038856467,160.0812452789285,159.4835851503434,157.5619218937701,162.01758090546986,158.77401909453016,0.014821053690178276,0.00409760086867868,Tokyo
2024-02-14,161.462,161.575,160.951,161.48,147642,60.65976504182491,0.5247999246422523,0.42296672406620545,0.10183320057604689,1.101381546465243,160.21446001426864,159.5618759287613,157.6138169680248,162.06271667038718,158.75518332961283,0.011697042220871756,0.003778788566145602,Tokyo
2024-02-15,161.481,161.643,160.912,161.502,148040,60.78315642362923,0.5624584992795008,0.45086507910886453,0.11159342017063623,1.0749257217177253,160.3370828700526,159.63795922567263,157.6653160810311,162.1239820409004,158.7316179590996,0.0038100802416571877,0.0037756706723524967,Tokyo
2024-02-16,161.524,161.945,161.364,161.809,145505,62.54845431628396,0.6100433255704445,0.48270072840118056,0.12734259716926394,1.0396453130236012,160.47726545385711,159.72309807956782,157.72019931174594,162.20083374758622,158.69456625241378,0.005412022020902407,0.0037786756882871877,Tokyo
2024-02-19,161.69,161.915,161.474,161.841,103293,62.736742243138146,0.6429255304927892,0.5147456888195023,0.1281798416732869,0.9968849335219155,160.60714493444215,159.8061530568397,157.77477945331225,162.31609250880243,158.6462074911976,0.006085961880369695,0.0037597462691923477,Tokyo
2024-02-20,161.824,162.361,161.723,162.121,146817,64.42222475542289,0.6836973374206252,0.5485360185397269,0.13516131888089833,0.9712502954132056,160.75132160735242,159.89693136833617,157.83234528836772,162.49987992121657,158.57172007878341,0.004118769200277539,0.003765054510767249,Tokyo
2024-02-21,162.12,162.624,161.936,162.599,221607,67.15362547470528,0.7459806922795167,0.5880249532876849,0.1579557389918318,0.9510181314551186,160.92729097808078,160.00289484408768,157.89547978785956,162.80848036476715,158.46821963523286,0.006929650730740589,0.003722787047010354,Tokyo
2024-02-22,162.61,163.456,162.432,162.903,182752,68.7944740680525,0.8105277003053857,0.6325255026912251,0.17800219761416058,0.9562311220654673,161.11545374207307,160.116624458045,157.96180455888128,163.15470958772983,158.40019041227015,0.008674815172567518,0.003648661354148786,Tokyo
2024-02-23,162.904,163.205,162.648,162.876,144300,68.46732979402084,0.8497080889261497,0.67596201993821,0.17374606898793965,0.9277146133465065,161.28312481425658,160.22483526361188,158.0268932402206,163.43932533276453,158.3282746672355,0.0065941943896816735,0.003582433763336946,Tokyo
2024-02-26,163.064,163.71,162.551,163.51,147465,71.8521887426723,0.9212971901085041,0.7250290539722689,0.19626813613623517,0.9442349981074718,161.49520816527976,160.35366525327416,158.09951717081373,163.825131010201,158.311868989799,0.010312590752652229,0.003305363397204159,Tokyo
2024-02-27,163.511,163.511,162.888,163.185,140904,67.83246494738833,0.9409604780421716,0.7682153387862495,0.17274513925592216,0.9212896410997946,161.65614072096741,160.4646979884399,158.16687455927976,164.0935340802937,158.35356591970628,0.006562999241307432,0.0033751249701616205,Tokyo
2024-02-28,163.231,163.406,162.75,163.32,146633,68.6178347638223,0.9564122223999618,0.8058547155089919,0.15055750689096992,0.9023403810212383,161.81460350944673,160.57667061634422,158.2351278763754,164.2415131700863,158.64718682991366,0.004434221612679146,0.002745532630918241,Tokyo
2024-02-29,163.265,163.315,161.677,162.053,184540,55.036692971061726,0.8565477802598025,0.8159933284591541,0.04055445180064843,0.9552446395197213,161.83730793711845,160.6345658862915,158.2856957190724,164.17685031105228,159.00354968894774,-0.005217829014812492,0.003424506100478021,Tokyo
2024-03-01,162.049,163.006,161.737,162.615,154007,58.920591208790995,0.8133770887794753,0.8154700805232185,-0.002092991743743111,0.9776557366968844,161.91137384786907,160.71222996918203,158.34303749762776,164.23755387896648,159.19874612103348,-0.0016024460325646528,0.003288657745672557,Tokyo
2024-03-04,162.64,163.52,162.428,163.378,154899,63.526920071959196,0.8311507397418438,0.8186062123669435,0.012544527374900305,0.9858231840756793,162.0510525290244,160.8167699703906,158.4097257426923,164.3357229954301,159.4690770045699,-0.0008072900740015987,0.0033150749710492275,Tokyo
2024-03-05,163.377,163.407,162.598,162.902,155449,59.07638939850651,0.7976326515814094,0.8144115002098367,-0.016778848628427268,0.973192956641702,162.13209514530777,160.89854369704196,158.46922606398115,164.17187410412618,160.01332589587383,-0.0017342280234090568,0.003256499076937141,Tokyo
2024-03-06,162.901,162.958,162.209,162.821,160785,58.327546941255,0.7558206719504881,0.802693334557967,-0.04687266260747891,0.9571791740244373,162.19770513146892,160.97393414029523,158.5268654538622,163.9943634102065,160.51163658979348,-0.003055351457261768,0.0032396391753207244,Tokyo
2024-03-07,162.822,162.822,160.551,162.047,188513,51.59712017374647,0.6527050677159991,0.7726956811895734,-0.11999061347357431,1.0510235187369787,162.1833522618052,161.01601515440132,158.57348975248655,163.93431665699094,160.68748334300906,-3.702492394463963e-05,0.003043030130071999,Tokyo
2024-03-08,162.049,162.163,160.614,160.777,189142,42.85832552488821,0.46316771319936834,0.7107900875915325,-0.24762237439216417,1.0865932673986236,162.04941395115708,161.00664201109146,158.6026753186788,163.95625074108386,160.6494492589161,-0.011302770347139113,0.003556140428163624,Tokyo
2024-03-11,160.854,160.904,160.15,160.531,146676,41.3958163722323,0.2897675897096974,0.6265855880151655,-0.3368179983054681,1.0628366054415785,161.90480309866592,160.98798938320553,158.6282160429347,164.00573455824593,160.5668654417541,-0.017425846809239753,0.0035706118105007178,Tokyo
2024-03-12,160.534,161.591,160.269,161.282,92273,47.307384059015256,0.21051942925811318,0.543372356263755,-0.33285292700564184,1.081348276481466,161.84548851784058,160.99951921131515,158.66336549931967,164.01637566123125,160.5388243387687,-0.009944629286319229,0.003631650192318732,Tokyo
2024-03-13,161.282,161.949,160.893,161.653,57219,49.99112028094935,0.1756267744398201,0.46982323989896807,-0.29419646545914796,1.0795376853042191,161.82715627804623,161.02514590891064,158.70296330727572,164.00997495976952,160.56252504023047,-0.00717352184300557,0.0036695533421334486,Tokyo
2024-03-14,161.653,161.908,161.104,161.402,60819,48.20239684505082,0.1262649876227897,0.40111158944373243,-0.2748466018209427,1.0598564220682016,161.7866652039466,161.0399245007181,158.73871213764295,164.01510373938058,160.54739626061942,-0.003980326695341541,0.003686968890324892,Tokyo
2024-03-15,161.402,162.405,161.064,162.296,59858,54.453463959314874,0.1574685451009259,0.35238298057517115,-0.19491443547424525,1.0799381062061877,161.8351732797612,161.08918236343501,158.78582853317084,164.025148337297,160.586051662703,0.009447868787202163,0.0038713056541672514,Tokyo
2024-03-18,162.275,162.68,161.945,162.121,47459,53.10249722302294,0.16616114944875449,0.3151386143498878,-0.14897746490113334,1.055299670048604,161.86239487216488,161.12964580016305,158.83000298968514,164.02774302374362,160.61145697625633,0.009904629012464916,0.00388099372630274,Tokyo
2024-03-19,162.108,163.994,162.021,163.816,74948,62.74377029884036,0.30629169531155753,0.31336923054222177,-0.007077535230664234,1.1208496936165617,162.04845250338727,161.23499302368606,158.89604268518602,164.23481985917658,160.5738801408234,0.01571161071911309,0.00450795092634434,Tokyo
2024-03-20,163.815,165.347,163.804,165.124,65676,68.18010442055707,0.5169319612119239,0.3540817766761622,0.16285018453576167,1.1510032869296651,162.34136178877895,161.38750310118857,158.97853218604448,164.72893768779159,160.3322623122084,0.021471918244635235,0.0047805925325248985,Tokyo
2024-03-21,165.124,165.333,164.34,164.608,78143,64.20022055399676,0.634910152886448,0.4102474519182193,0.2246627009682287,1.1397173378632601,162.55723209460953,161.5137970972204,159.05309467364654,164.99942663807255,160.23227336192744,0.019863446549609254,0.004850319758349272,Tokyo
2024-03-22,164.616,164.812,163.478,163.646,62883,57.46535562815192,0.6433670249632257,0.4568713665272206,0.18649565843600513,1.1535946708730274,162.6609242760753,161.5974128973294,159.11392785677705,165.0801201783117,160.2285798216883,0.008318134766106322,0.005055598226504843,Tokyo
2024-03-25,163.626,164.205,163.31,164.05,51007,59.39197199889412,0.6748888817189425,0.500474869565565,0.17441401215337748,1.1351236229535262,162.79321720216336,161.69359278370865,159.17930629576014,165.1586930823082,160.20400691769183,0.011898520241054422,0.005011448526454476,Tokyo
2024-03-26,164.05,164.405,163.95,163.993,50487,58.98601533627452,0.6873474432031514,0.5378493842930823,0.14949805891006918,1.0865433641711324,162.90748223052876,161.78376561572009,159.24306382826666,165.25929774911512,160.18420225088485,0.0010804805391413375,0.004987688139235275,Tokyo
2024-03-27,163.993,164.418,163.409,163.692,61928,56.778947953119264,0.6652640091157878,0.5633323092576235,0.1019316998581643,1.081004552444624,162.98219820857364,161.85859833667226,159.30199013517705,165.30170320117017,160.17899679882984,-0.008672270536081883,0.005006920604462357,Tokyo
2024-03-28,163.691,163.865,163.133,163.289,56066,53.87253589690947,0.6082326689149795,0.5723123811890947,0.03592028772588485,1.0560756558414364,163.0114174268047,161.91469251954786,159.35479821285685,165.35329837095344,160.25100162904653,-0.008012976283048312,0.0046966438068973,Tokyo
2024-03-29,163.29,163.416,162.928,163.218,29129,53.35435936423898,0.550954750878276,0.5680408551269309,-0.017086104248654976,1.0154988232813336,163.03109195758523,161.9658026168205,159.40596644844814,165.38838360790848,160.27621639209147,-0.0026154015374649786,0.004642572669089681,Tokyo
2024-04-01,163.2,163.423,162.786,162.911,46284,51.067095901400094,0.4753101740589045,0.5494947189133257,-0.07418454485442116,0.9884631930469526,163.0196546282914,162.00286918086675,159.45239073389916,165.3525457536501,160.26535424634986,-0.006943005181347162,0.0045388575961978865,Tokyo
2024-04-02,162.985,163.33,162.606,163.202,51687,53.11866228927757,0.4338415150230901,0.5263640781352785,-0.09252256311218843,0.9695729649721716,163.03702085416842,162.049893918872,159.50205443278793,165.3733877894347,160.27451221056535,-0.004823376607538066,0.004509262733860832,Tokyo
2024-04-03,163.243,164.363,163.065,164.361,50690,60.264294267685656,0.4888636025019082,0.5188639830086045,-0.03000038050669629,0.993032038902731,163.1631141061524,162.14052552989662,159.5664113277179,165.54141211866266,160.26048788133733,0.0040869437724506685,0.004767785397461388,Tokyo
2024-04-04,164.363,164.912,163.791,164.001,47175,57.340762216614756,0.49768303169469164,0.5146277927458219,-0.016944761051130297,1.0021726075525366,163.24291276270932,162.21348531303792,159.62514760152297,165.650646846487,160.346653153513,0.004360367201710069,0.004652412643123428,Tokyo
2024-04-05,163.997,164.436,163.48,164.293,62343,59.0749726577663,0.5222146866839239,0.5161451715334424,0.006069515150481486,0.998874564155928,163.34292107102272,162.29503490860506,159.68697346110545,165.66775323911847,160.6811467608815,0.006586283375608293,0.0042071060554548225,Tokyo
2024-04-08,164.39,164.9,164.049,164.84,46675,62.17692220305279,0.5791188074113336,0.5287398987090207,0.050378908702312875,0.9883120952876474,163.4855000166396,162.3948374612088,159.75522546824314,165.65573409995417,161.1240659000458,0.011840821061806839,0.004188435501105194,Tokyo
2024-04-09,164.881,165.17,164.539,164.758,45970,61.42529205610911,0.6105608529110214,0.5451040895494209,0.06545676336160045,0.9627898027671011,163.60669049124536,162.48751050194574,159.82148738257106,165.67685908188616,161.45054091811386,0.009534196884842139,0.004130296774548578,Tokyo
2024-04-10,164.764,164.985,163.915,164.508,62717,59.08036685830468,0.6082939557622069,0.5577420627919781,0.05055189297022877,0.970447673998024,163.69252949207913,162.56674538422237,159.88356039737144,165.65549688990353,161.75740311009645,0.0008943727526604661,0.0041584634454007036,Tokyo
2024-04-11,164.493,164.697,163.938,164.369,73625,57.76007784841184,0.5884974528021871,0.56389314079402,0.02460431200816715,0.9553442687124519,163.75695525473827,162.63742203582152,159.94297019343276,165.49203458759968,162.21756541240035,0.002243888756775947,0.0041396525369229555,Tokyo
2024-04-12,164.396,164.466,162.269,163.095,71020,47.321848463610735,0.4646512188271572,0.5440447564006474,-0.07939353757349021,1.04403396380442,163.69391189714418,162.65536626971087,159.9847189325926,165.40597604463747,162.3835239553625,-0.007291850535324107,0.004418955323197395,Tokyo
2024-04-15,162.722,164.434,162.609,163.897,81744,53.07130939228539,0.4263027310253449,0.5204963513255869,-0.09419362030024203,1.0998172521041036,163.71325362122568,162.70405778854575,160.03653722487616,165.2438070289602,162.72329297103977,-0.005720698859500217,0.004525861920072973,Tokyo
2024-04-16,163.929,164.671,163.672,164.271,80282,55.50991598140083,0.42123422655356535,0.5006439263711826,-0.07940969981761725,1.092616019810953,163.7663723239661,162.76550650272046,160.09262282454668,165.27024371963793,162.7423562803621,-0.0029558503987667795,0.003918597954328655,Tokyo
2024-04-17,164.268,164.805,163.92,164.756,76380,58.52011797098879,0.45115224468474935,0.49074559003389595,-0.0395933453491466,1.0777863041101718,163.86062257882648,162.84356507124122,160.15438940965203,165.1926629861213,162.7831370138787,0.001507525469885973,0.00353428170162441,Tokyo
2024-04-18,164.751,164.946,164.355,164.576,73884,56.97925289139171,0.4550919768994106,0.4836148674069989,-0.028522890507588272,1.0430158538165888,163.92875376179538,162.91150369589843,160.21295378833216,165.18767572022617,162.78492427977383,0.0012593615584446383,0.0034715229501552577,Tokyo
2024-04-19,164.555,165.022,163.014,164.774,110105,58.28054679803675,0.4687873001228411,0.4806493539501674,-0.011862053827326302,1.1119432928296882,164.00925340352916,162.9845427666475,160.2733649964337,165.28211753726313,162.80328246273686,0.01029461356877892,0.0031930103184761877,Tokyo
2024-04-22,164.81,165.095,164.334,164.968,42723,59.570911922290456,0.48965073227654443,0.48244962961544285,0.007201102661101577,1.0868759147704243,164.10056260319305,163.0623254032496,160.33554559250746,165.3953219573348,162.78187804266523,0.006534591847318749,0.003160764883198993,Tokyo
2024-04-23,164.964,165.736,164.62,165.681,45807,63.980374717409454,0.5572941536815676,0.49741853442866785,0.0598756192528998,1.0889562065725358,164.251080450508,163.1650185246908,160.4063463131365,165.6594200724142,162.6865799275858,0.008583377467721087,0.00328161348805341,Tokyo
2024-04-24,165.689,166.215,165.418,166.19,44960,66.76697423297378,0.6445441943415631,0.5268436664112469,0.11770052793031616,1.0681021918173546,164.43573945522152,163.28364524921275,160.48295099773074,166.01590311257985,162.5798968874201,0.008703780135473016,0.003280081131387727,Tokyo
2024-04-25,166.192,167.082,165.906,167.006,52751,70.68273284015147,0.7706512724160177,0.575605187612201,0.1950460848038167,1.075809178116114,164.68052617377188,163.42961994532206,160.56934899776078,166.51740948350132,162.4500905164987,0.014765214855142927,0.0033124346788889333,Tokyo
2024-04-26,166.976,169.383,166.467,169.286,62037,78.35642530044488,1.0425511054097854,0.6689943711717179,0.37355673423806746,1.2072513796792486,165.11914272865076,163.65928190825062,160.68480132891628,167.66221018428433,161.91208981571572,0.027382960904026143,0.004297248128663101,Tokyo
2024-04-29,168.85,171.593,165.632,167.58,79063,64.7083841423053,1.1076059477221634,0.756716686481807,0.35088926124035635,1.5468048525593012,165.3535100878269,163.81303555890744,160.77612846363263,168.01017686851023,162.03102313148977,0.015833373745211432,0.00500845589974855,Tokyo
2024-04-30,167.568,168.597,167.166,168.255,64010,67.14666955256403,1.19979870511537,0.8453330902085197,0.35446561490685036,1.538533077376495,165.6298424604148,163.98723024287185,160.8751863647766,168.46306450542946,162.08343549457058,0.015535879189526813,0.0050420148370462665,Tokyo
2024-05-01,168.256,168.657,164.043,165.61,56124,51.98903749255316,1.0473594272312425,0.8857383576130643,0.16162106961817824,1.7582092861353171,165.62795270228006,164.05086827256315,160.93789912815706,168.4991110237786,162.1722889762214,-0.0034899813466513496,0.006188391046253261,Tokyo
2024-05-02,165.626,167.382,164.219,164.813,79322,48.44062613609283,0.8524128770116874,0.879073261492789,-0.02666038448110153,1.8585514799827954,165.55033815920575,164.08075579128618,160.98922496751922,168.4880055130749,162.26459448692506,-0.013131264744979276,0.006273325474252867,Tokyo
2024-05-03,164.791,164.874,164.017,164.601,66645,47.51169204038493,0.6730511880703318,0.8378688468082975,-0.16481765873796572,1.7870120885554528,165.45992500118615,164.10115752496122,161.03706304741965,168.48381854475826,162.29958145524176,-0.027675058776272077,0.006271380968007236,Tokyo
2024-05-06,164.52,165.986,164.368,165.683,53300,52.516568224150326,0.6111689396055056,0.7925288653677391,-0.1813599257622336,1.7749397965157772,165.48117023916842,164.16319056319804,161.09859863619553,168.51727381642226,162.35042618357775,-0.011319966583124619,0.006399130298122225,Tokyo
2024-05-07,165.647,166.564,165.504,166.351,53005,55.34738369511816,0.6090085575933983,0.7558248038128711,-0.14681624621947276,1.723872668193222,165.56401116877143,164.24898701170008,161.1681668661797,168.60570224709562,162.4212977529043,-0.011316157023565365,0.006450795963413343,Tokyo
2024-05-08,166.346,167.342,166.088,167.169,48531,58.60207330125006,0.6656292433947897,0.7377856917292549,-0.07215644833446522,1.6903103347508504,165.71686724793605,164.36349732496674,161.24764809974022,168.78523054579034,162.50786945420964,0.009413682748626195,0.006505681181210549,Tokyo
2024-05-09,167.192,167.745,166.736,167.625,47438,60.33762519303485,0.7387807294967956,0.7379846992827631,0.0007960302140325171,1.6416453108400764,165.89859417670405,164.49139939065432,161.33211633682976,169.00624989802574,162.61245010197425,0.017061760904783174,0.006507062603986234,Tokyo
2024-05-10,167.636,167.962,167.413,167.737,42059,60.77262208594913,0.7966084667049529,0.749709452767201,0.046899013937751866,1.5635992172086408,166.07368044558936,164.6186778459228,161.4169492330307,169.07864167204417,163.00425832795582,0.019052132125564114,0.006174031078170799,Tokyo
2024-05-13,167.739,168.654,167.501,168.537,42156,63.82457436089848,0.8966546030736708,0.779098482828495,0.11755612024517581,1.5342707016937371,166.30828230791417,164.77233753823958,161.51125454120248,169.32973453313366,163.21716546686633,0.017225665880024055,0.006169720035184699,Tokyo
2024-05-14,168.553,169.355,168.323,169.223,41028,66.2494429919063,1.0195436887976257,0.8271875240223212,0.19235616477530448,1.498394223001326,166.5858744690652,164.94687332105372,161.61339686516007,169.6943956013122,163.3477043986878,0.017264699340551193,0.0061959778633460085,Tokyo
2024-05-15,169.155,169.395,168.069,168.558,55117,61.91668459987239,1.0511571469711214,0.8719814486120814,0.17917569835904001,1.4860803499298045,166.77369594820186,165.08848613199277,161.70537836363476,169.89479519811385,163.52750480188615,0.00830895680419208,0.0063008127450009475,Tokyo
2024-05-16,168.554,168.905,167.325,168.82,62813,62.94492408635207,1.0848468119563677,0.9145545212809386,0.17029229067542906,1.4927888963633908,166.96858204837312,165.23482000916954,161.79961176279193,170.07335051964913,163.77334948035087,0.0071290082028336865,0.006279182481823259,Tokyo
2024-05-17,168.822,169.324,168.627,169.132,46907,64.18503918327912,1.12376781088264,0.9563971792012789,0.16737063168136124,1.4359468323374345,167.17462185328998,165.38765059704522,161.89672948778806,170.26806818266985,164.01443181733018,0.00831659085353853,0.006280452381001226,Tokyo
2024-05-20,169.21,169.782,168.941,169.626,40088,66.11849401741699,1.1808624076381875,1.0012902248886606,0.1795721827495269,1.3934506300276184,167.40808643869093,165.55386037755324,161.99910393165842,170.5132692378724,164.23503076212756,0.006461489168550605,0.006290619527629983,Tokyo
2024-05-21,169.617,169.939,169.218,169.479,52123,64.99409992807232,1.2004110243823902,1.0411143847874067,0.15929663959498352,1.345418442168503,167.60531630167276,165.70778742157077,162.0981754027623,170.73129110230147,164.39680889769855,0.0015127967238495188,0.006270646575817731,Tokyo
2024-05-22,169.494,169.924,169.311,169.679,45489,65.84513129111366,1.2180014104426107,1.0764917899184474,0.14150962052416327,1.293102839156467,167.80280998722773,165.86352124817583,162.19858367557342,170.97075751320764,164.5062424867924,0.006650529787966208,0.006254185299300046,Tokyo
2024-05-23,169.688,170.319,169.287,169.692,51323,65.90315647604533,1.2189397310260404,1.104981378139966,0.11395835288607437,1.2744526363595752,167.982732845587,166.01365766981598,162.29783422291683,171.19875683741074,164.54684316258928,0.005165264779054768,0.006190196174513059,Tokyo
2024-05-24,169.708,170.496,169.453,170.256,41998,68.41057092905535,1.2507752844059326,1.1341401593931593,0.11663512501277329,1.2579203051910344,168.19923447934062,166.18002403570554,162.40324039214974,171.36039137940506,164.48220862059495,0.0066456968521628745,0.00545936627909425,Tokyo
2024-05-27,170.128,170.499,169.901,170.407,30265,69.06645068855858,1.2735094041832724,1.162014008351182,0.11149539583209034,1.2107831405345308,168.40949786226057,166.34578779901122,162.5092504531809,171.67090172860088,164.4543982713991,0.004604246990437932,0.0048781086032777315,Tokyo
2024-05-28,170.392,170.795,170.03,170.546,46144,69.69030974844173,1.2878964278927754,1.1871904922595007,0.10070593563327468,1.1789414876392061,168.612974256331,166.51050200297158,162.61569746704606,171.95274812195026,164.40165187804973,0.006295765257052333,0.004820329422365893,Tokyo
2024-05-29,170.554,170.795,170.169,170.255,51791,66.65934659299728,1.2612777549826149,1.2020079448041234,0.05926981017849142,1.1394456670935469,168.76935766048996,166.6573450616786,162.7168802820521,172.0903555793814,164.72854442061865,0.003394645182963174,0.0029398657732384223,Tokyo
2024-05-30,170.177,170.316,169.063,169.819,55450,62.2882295753405,1.1912685069193003,1.199860057227159,-0.00859155030785863,1.1475566908725803,168.86932359758617,166.78133152984805,162.81094809288587,171.97343580763024,165.34606419236977,0.0007484147750040915,0.0027242496566395255,Tokyo
2024-05-31,169.837,170.743,169.445,170.591,59221,66.47960019711752,1.1844262925458224,1.1967733042908917,-0.012347011745069247,1.1583026415245392,169.03329277876844,166.93073029338342,162.9139951380132,171.77348859948813,166.14501140051186,0.00196762522319327,0.002722295548243007,Tokyo
2024-06-03,170.47,170.889,169.72,170.176,55511,62.4607500001646,1.1324624346458734,1.183911130361888,-0.051448695716014736,1.1590667385585016,169.14212203793335,167.05799577207426,163.01018063287395,171.58376946138569,166.7840305386143,-0.0013555781159225733,0.00263477096024101,Tokyo
2024-06-04,170.175,170.721,168.019,168.487,64914,49.377664016495686,0.944109412819472,1.135950786853405,-0.19184137403393287,1.2692762572328944,169.0797294628921,167.11403515356156,163.0827212867432,171.32147616484244,167.2599238351576,-0.012072989105578524,0.0035751948741916334,Tokyo
2024-06-05,168.454,170.013,168.217,169.635,58096,56.107308683121616,0.8773586474247566,1.0842323589676752,-0.20687371154291867,1.3068993817162584,169.1326123711881,167.21289652008858,163.16950643526317,171.18523923318284,167.64276076681713,-0.0036415964288860625,0.003715715739170001,Tokyo
2024-06-06,169.605,170.28,169.217,169.437,60065,54.75528596653792,0.799267778270206,1.0272394428281815,-0.22797166455797546,1.2894779973079533,169.16160166917018,167.30011626439884,163.25251959506102,171.06313918111198,167.94606081888804,-0.002249453830254433,0.003707813290493702,Tokyo
2024-06-07,169.326,169.97,168.941,169.317,64549,53.90744568855245,0.7194043590947956,0.9656724260815044,-0.24626806698670878,1.2708724260716708,169.17640151020157,167.37920974422636,163.33284383883506,170.90738443153205,168.25981556846793,-0.007468154826456241,0.0037180263942739886,Tokyo
2024-06-10,168.86,169.215,168.302,169.021,56623,51.777708720278426,0.6250224282981662,0.8975424265248368,-0.2725199982266706,1.2525958242094097,169.16160136637285,167.44359367582533,163.40818365553923,170.86715315063284,168.34844684936715,-0.00678709101165853,0.00360596806983892,Tokyo
2024-06-11,169.019,169.421,168.297,168.736,58968,49.74009589276628,0.521218665670574,0.8222776743539844,-0.3010590086834104,1.2434104081944515,169.12106790290878,167.49427627677335,163.47875075943938,170.89200202825123,168.27489797174877,0.0014778588259034553,0.0035048886721022504,Tokyo
2024-06-12,168.618,169.581,168.524,169.378,61997,54.12011504613691,0.4851647927781073,0.754855098038809,-0.2696903052607017,1.2300953790377043,169.1455376264413,167.56814779533124,163.55688651096997,170.8462267002924,168.4026732997076,-0.0015150175376543729,0.003491011222627494,Tokyo
2024-06-13,169.383,170.137,168.28,168.58,66261,48.46623973076586,0.3877303933007852,0.6814301570912044,-0.2936997637904192,1.274874280535011,169.09167690011355,167.60782827394573,163.62341781546044,170.87163628282354,168.35326371717645,-0.005057927135159401,0.003645632043285308,Tokyo
2024-06-14,168.454,169.796,167.53,168.397,70426,47.247258520200994,0.2923760302538483,0.6036193317237332,-0.3112433014698849,1.3456689747825095,169.02551719534085,167.63877618477142,163.68664406956032,170.93300679156548,168.2183932084345,-0.005433594972743538,0.003623354498000434,Tokyo
2024-06-17,168.348,169.331,167.954,169.248,57867,53.14851149417384,0.28222231527118424,0.5393399284332234,-0.2571176131620392,1.347906905155186,169.04670603387981,167.70188300105488,163.76030441300986,170.92166368708547,168.19193631291455,0.0013430283810886845,0.003749023316954315,Tokyo
2024-06-18,169.297,169.912,168.964,169.522,56560,54.897959636528,0.2929084666064625,0.4900536360678712,-0.1971451694614087,1.3193421262155305,169.09197212589126,167.77326013826843,163.83661826184417,170.92343308705193,168.19446691294803,0.004658164232884454,0.0037638095847617064,Tokyo
2024-06-19,169.5,169.865,169.13,169.818,38276,56.77568317170249,0.3215553547853176,0.4563539798113605,-0.1347986250260429,1.2776034029144223,169.16111763771116,167.8534460151991,163.91584186102503,170.93436789478648,168.19743210521352,0.002597739966229584,0.003775134838404411,Tokyo
2024-06-20,169.823,170.316,169.428,170.078,54962,58.41345944471223,0.36107579019855507,0.43729834188879946,-0.07622255169024439,1.2497745884205353,169.24843976745296,167.94068342636777,163.99745984962072,170.9719220873277,168.19847791267233,0.008885988848024606,0.0037898151596669465,Tokyo
2024-06-21,170.081,170.904,169.32,170.851,54922,62.91273021333647,0.4495880881410983,0.43975629113925924,0.00983179700183906,1.2736478321047833,169.40106455150507,168.05481348807885,164.08823521585091,171.08527520216248,168.1446247978375,0.01457270616459927,0.0038531872989020894,Tokyo
2024-06-24,170.76,171.443,170.266,171.31,56528,65.31255493731217,0.5504272037583178,0.46189047366307096,0.08853673009524682,1.2667444155258716,169.58286792755223,168.18246786109538,164.18388772954825,171.28061959182315,168.03958040817685,0.012183304972584574,0.0038914091714676714,Tokyo
2024-06-25,171.311,171.391,170.702,171.056,54991,62.88748320898561,0.6028974259227198,0.4900918641150008,0.112805561807719,1.225476957274023,169.7231662201663,168.29515539595437,164.27490908412378,171.37921716922799,167.991982830772,0.00904897299465568,0.003908195736860871,Tokyo
2024-06-26,171.072,171.792,170.849,171.744,61535,66.51430817426561,0.6920191392888739,0.5304773191497755,0.16154182013909846,1.2053000317544509,169.91562658015044,168.43040420395616,164.37383744062546,171.67544738630997,167.84465261369004,0.01134155389887992,0.003973970326429213,Tokyo
2024-06-27,171.657,172.16,171.381,172.058,57699,68.04898434798736,0.7790060185439529,0.580183059028611,0.1988229595153419,1.1748500294862756,170.11966214394562,168.57266286262455,164.47561442816684,172.04615401577843,167.69784598422154,0.011641717329695656,0.003920464447922468,Tokyo
2024-06-28,172.078,172.439,171.449,172.333,64537,69.37287301048376,0.8602178923929102,0.6361900257014709,0.22402786669143937,1.16164645595154,170.33045622547462,168.72012706409026,164.5796857602441,172.38009691517212,167.53810308482784,0.008674224909424044,0.0038211737034252367,Tokyo
2024-07-01,172.85,173.669,172.467,173.407,62833,73.91815984410303,0.9997175896546651,0.7088955384921097,0.29082205116255533,1.174100280526431,170.62346039447704,168.9039260027534,164.69660382964486,172.99191689626537,167.24938310373466,0.012240966668612518,0.003957442404362024,Tokyo
2024-07-02,173.389,173.594,173.116,173.221,24273,71.92729351842667,1.0827818243793388,0.7836727956695555,0.2991090287097833,1.1243788319173986,170.87084511881255,169.07322302225327,164.80950973918598,173.43469145516795,167.28000854483204,0.012656673837807553,0.0030652641418819726,Tokyo
2024-07-03,173.452,174.51,173.24,174.486,52394,76.55266578927325,1.2364329276607577,0.874224822067796,0.3622081055929618,1.1361374867804406,171.21514558368756,169.2854887860865,164.93767517310405,174.16375349691668,167.0360465030833,0.015965623253213934,0.0031119186758532475,Tokyo
2024-07-04,174.452,174.452,173.798,174.375,39986,75.37903866354671,1.33386974159734,0.9661538059737048,0.36771593562363514,1.1041276662961226,171.51608409952684,169.48507746114194,165.0626728529305,174.74038033584725,166.9532196641527,0.01346638924083754,0.00309094496290286,Tokyo
2024-07-05,174.33,174.496,173.712,174.238,60752,73.87367375218761,1.3840795560308834,1.0497389559851407,0.33434060004574273,1.0812614044178295,171.7753141852862,169.67146658031282,165.1842003648122,175.19571124938403,166.98998875061596,0.011054179988742696,0.003093822352541377,Tokyo
2024-07-08,173.7,174.629,173.483,174.064,60995,71.90945190390366,1.393764401458526,1.1185440450798176,0.27522035637870834,1.085885589816555,171.99328426287798,169.84372279284958,165.30181360501336,175.5307543368597,167.1592456631403,0.003788774386270344,0.0030575284012273655,Tokyo
2024-07-09,174.038,174.586,173.906,174.415,52980,73.44341736170936,1.413468888315407,1.1775290137269356,0.23593987458847132,1.0568937619725158,172.2239238568896,170.02298856567901,165.42251806057612,175.83991385892494,167.41798614107506,0.006892928686475619,0.0029670276100405494,Tokyo
2024-07-10,174.445,175.155,174.185,175.098,47703,76.17033248497451,1.4672832995187832,1.2354798708853052,0.23180342863347803,1.0506870646887647,172.49764539432869,170.2220086219269,165.550670139244,176.25714544156546,167.57275455843455,0.0035074447233589545,0.0029713371937839157,Tokyo
2024-07-11,175.118,175.421,171.538,172.641,61084,54.492876900377496,1.2967244102960933,1.247728778767463,0.0489956315286304,1.2529951314967087,172.51129821391643,170.31687102891016,165.64458179302886,176.17393293831648,168.0620670616835,-0.009944086021505427,0.00442463049108511,Tokyo
2024-07-12,172.642,173.426,171.448,172.226,77948,51.81080499221301,1.115212751670981,1.2212255733481665,-0.1060128216771854,1.3047811935326568,172.4841269554482,170.391738831698,165.73175289510795,175.96783828334284,168.6510617166572,-0.011547423638930687,0.004470009651135886,Tokyo
2024-07-15,172.054,172.552,171.553,172.224,61873,51.797573565399794,0.9601342413331224,1.1690073069451576,-0.20887306561203522,1.2829396797088952,172.45935295969122,170.46359221084708,165.8177429229873,175.82261651581734,169.09388348418264,-0.010570824524312905,0.004378850371205446,Tokyo
2024-07-16,172.082,172.917,171.926,172.596,58594,54.143348315087465,0.8573674968651801,1.1066793449291623,-0.2493118480639822,1.262086845443975,172.47236696353016,170.54721604571583,165.90752116241794,175.67926519670073,169.5446348032993,-0.010429148869076532,0.004385353251086268,Tokyo
2024-07-17,172.629,172.823,170.697,170.865,73531,43.52818310323818,0.6289962013775892,1.0111427162188478,-0.3821465148412586,1.3237949279122632,172.3192843955749,170.5596781615701,165.97318313377664,175.56188063147712,169.76671936852287,-0.024175033409861935,0.005016883786873842,Tokyo
2024-07-18,170.875,171.568,169.991,171.469,77903,47.40313288651346,0.49108711002548944,0.9071315949801761,-0.4160444849546867,1.3418810044899587,172.23830492932967,170.59533784150855,166.04597541015048,175.42980894668807,170.03789105331197,-0.006788653911874887,0.005062225021090532,Tokyo
2024-07-19,171.455,171.867,170.9,171.322,68676,46.565670598833236,0.365715746601154,0.7988484253043717,-0.4331326787032177,1.315103789883532,172.15103779320305,170.62383439674352,166.11585653054584,175.39162929108628,170.1231707089137,-0.005248917120527663,0.004973651622850111,Tokyo
2024-07-22,171.48,171.653,170.057,170.995,67976,44.674908087506736,0.23723714851544742,0.6865261699465869,-0.44928902143113947,1.3351678048918514,172.04093895575514,170.63838991059674,166.1804809473598,175.41578161706474,170.06751838293525,-0.007136055369750927,0.004955955570156745,Tokyo
2024-07-23,170.99,171.085,168.812,168.846,70150,34.70240746301181,-0.0375564784578728,0.5417096402656949,-0.5792661187235677,1.4021558188281473,171.73665905520704,170.5681001101812,166.21578583547424,175.74504492269656,169.51725507730342,-0.02172703886532712,0.005694568979457115,Tokyo
2024-07-24,168.864,169.2,166.136,166.78,80880,28.1878984680137,-0.4172317533975445,0.34992136153304704,-0.7671531149305915,1.5208589746261363,171.2645962880445,170.4195471646839,166.223258870766,176.44236346425876,168.32353653574123,-0.023907763438972385,0.0061431982713066385,Tokyo
2024-07-25,166.743,167.587,164.821,166.949,97196,29.356153055274433,-0.6964618775993188,0.14064471370657386,-0.8371065913058926,1.6097976192956973,170.85358711775453,170.2834472758728,166.23287133605388,176.86017711044175,167.39482288955824,-0.026360449993876323,0.006122898940560575,Tokyo
2024-07-26,166.953,168.009,166.331,166.885,84698,29.162669044792594,-0.9124004435397524,-0.06996431774269139,-0.842436125797061,1.6146692179174331,170.47562643987314,170.1501748336817,166.24150880180153,177.1336393873,166.57656061270004,-0.025898600296517693,0.006085957317264253,Tokyo
2024-07-29,166.86,167.515,166.235,166.654,90063,28.434212202546107,-1.0896127052476459,-0.2738939952436823,-0.8157187100039636,1.5907642737804717,170.1116620170281,170.0130699382432,166.24697226138034,177.22454702130995,165.81035297869005,-0.02538670721366132,0.005802743715497338,Tokyo
2024-07-30,166.633,167.941,165.102,165.202,89062,24.321678898295886,-1.3318660418535728,-0.48548840456566045,-0.8463776372879124,1.679923968510438,169.64407515826352,169.82440052890036,166.23313156917663,177.41570046723655,164.81729953276346,-0.021581796429882893,0.005990106497121376,Tokyo
2024-07-31,165.202,166.506,162.008,162.352,104067,18.62695151041433,-1.7338381313100228,-0.7351583499145329,-0.99867978139549,1.8812151136168347,168.94959180985745,169.53136521404153,166.1817258530286,177.71478194892438,163.30481805107559,-0.026549946036695027,0.0064245076124838695,Tokyo
2024-08-01,162.343,162.884,160.883,161.154,107577,16.841839195108392,-2.1245816414960075,-1.013043008230828,-1.1115386332651795,1.8897711769299161,168.20715449463296,169.2028410880007,166.11513345762427,177.93294333280812,161.76455666719187,-0.03471119922850696,0.006438260662911059,Tokyo
2024-08-02,161.181,161.586,159.698,159.798,110926,15.080194719351624,-2.514678902849738,-1.31337018715461,-1.201308715695128,1.8896446642920655,167.40628263800124,168.83402379043204,166.03146281580143,178.0916962821713,160.16180371782866,-0.04246636905653589,0.0064685101420620195,Tokyo
2024-08-05,160.01,160.01,154.396,157.92,126427,13.04505088256579,-2.9414653166984124,-1.6389892130633705,-1.3024761036350418,2.155670045414061,166.5028271486678,168.4060228574739,165.92402622221465,178.26616661545506,158.37293338454492,-0.05240798300670857,0.006626360080352247,Tokyo
2024-08-06,157.919,160.218,157.291,157.736,114599,12.861903662705089,-3.2569992270733223,-1.9625912158653611,-1.2944080112079612,2.210765042170199,165.66789122974706,167.9875905885534,165.81557554377474,178.0575557798278,156.91364422017222,-0.04519315746782726,0.006489280320466862,Tokyo
2024-08-07,157.735,161.434,157.503,160.191,112736,27.4895236195579,-3.2712551485684855,-2.2243240024059863,-1.0469311461624993,2.3336389677294713,165.14628254119972,167.6818419380219,165.7410778544532,177.15321060585333,156.32728939414667,-0.013310584409184978,0.0077209492114157455,Tokyo
2024-08-08,160.197,160.873,158.955,160.762,114134,30.41534865117373,-3.1995951993288543,-2.41937824179056,-0.7802169575382942,2.3039504700345077,164.72873182299023,167.41047558751126,165.67512980340086,176.49705787919842,155.79554212080157,-0.002432455911736575,0.007565027962299189,Tokyo
2024-08-09,160.763,161.377,159.803,160.013,100505,28.775153103517184,-3.166738028849636,-2.5688501992023753,-0.5978878296472607,2.2518111507463296,164.27961450651495,167.1203785056481,165.6001347066671,175.8169886856247,155.25431131437526,0.0013454486288939638,0.00756372555997434,Tokyo
2024-08-12,160.06,161.946,159.782,160.889,85099,33.30519099369653,-3.03502670692032,-2.6620855007459645,-0.37294120617435533,2.2455389256930194,163.9566988392278,166.87601072111286,165.53773557147946,174.94293327383008,154.99486672616996,0.01880065856129698,0.007798589287061033,Tokyo
2024-08-13,160.854,161.791,160.62,161.401,90381,35.87242618641049,-2.856403571996566,-2.700949114996085,-0.15545445700048077,2.1687861452863744,163.71329894977754,166.66130441832414,165.4829443718572,173.82165253149302,154.996647468507,0.02323502561241586,0.007840083153230969,Tokyo
2024-08-14,161.392,162.578,160.58,162.221,87849,39.864797935856664,-2.6184919583440944,-2.684457683665687,0.0659657253215924,2.1565871349087757,163.57117524027493,166.48717483329182,165.43973981064056,172.92359045091746,155.03030954908252,0.012672372355500672,0.007887560023289577,Tokyo
2024-08-15,162.177,163.88,161.937,163.774,80041,46.64030482537775,-2.2783675663560246,-2.6032396602037546,0.3248720938477301,2.1413309109867193,163.59049188405825,166.38077582022154,165.41767703169168,171.81477492261345,155.36962507738653,0.0187357708911311,0.008238965297340287,Tokyo
2024-08-16,163.786,163.835,162.283,162.765,79953,43.23211414537308,-2.066414067603489,-2.495874541683702,0.42946047408021304,2.099235845916241,163.51187360938604,166.23898069001677,165.38254223656995,170.54033302530377,155.78836697469626,0.01719860261353756,0.008275942456632766,Tokyo
2024-08-19,162.81,163.2,160.411,162.473,89607,42.26947021354966,-1.9000982031380715,-2.376719273974576,0.4766210708365044,2.14850471406508,163.412933265635,166.09129517276122,165.34400525330412,169.1282423029432,156.3482576970568,0.00984529706816506,0.008276458288645061,Tokyo
2024-08-20,162.414,163.185,161.532,161.656,84001,39.61176226146769,-1.813313999318865,-2.264038219043434,0.4507242197245689,2.113111520203288,163.24560628795547,165.91736202873136,165.29515750160473,168.0954634052695,156.6620365947305,0.001579915861735559,0.007956948417853653,Tokyo
2024-08-21,161.654,162.999,161.346,161.88,93993,40.71242629186084,-1.706787184368551,-2.152588012108457,0.44580082773990615,2.0802464116173383,163.11554854624544,165.759034106036,165.2499236274113,167.46313443666594,156.8043655633341,-0.0021020706320390437,0.007621003007416813,Tokyo
2024-08-22,161.861,162.896,161.47,162.541,83901,43.9584428886115,-1.5511460936312176,-2.0322996284130093,0.4811535347817917,2.0335145250732416,163.0608296370792,165.63283669011304,165.2140438442668,166.74567110623622,157.08102889376374,-0.007528667554068447,0.007704257771800055,Tokyo
2024-08-23,162.478,162.703,161.196,161.553,87184,40.398127567677356,-1.4903430043796675,-1.923908303606341,0.4335652992266734,1.9959063447108676,162.91722681450022,165.47284309442236,165.16555319732285,165.8747230554943,157.4187769445057,-0.007446318311676303,0.007772630832696578,Tokyo
2024-08-26,161.402,161.473,160.495,161.287,84377,39.4712207082167,-1.4469406637480802,-1.8285147756346887,0.3815741118866085,1.9289130343743766,162.76196711788117,165.30869238483717,165.1141816317954,164.8885799264254,157.8682200735746,-0.00729967440744006,0.007772428655006814,Tokyo
2024-08-27,161.285,162.166,160.87,160.982,77392,38.38373154204317,-1.420777112954113,-1.7469672430985734,0.3261901301444605,1.883704960490492,162.59244643998773,165.1390181736671,165.05945074925506,164.18221502619892,158.15258497380105,-0.004169347255901457,0.0075912192826752345,Tokyo
2024-08-28,160.941,161.364,160.442,160.751,80136,37.540130736167335,-1.4025147627542083,-1.6780767470297007,0.2755619842754924,1.8150117490268853,162.4170705885603,164.96693902960172,165.00238517641725,164.05436950574273,158.1203304942573,-0.006974301952063167,0.006580279877497259,Tokyo
2024-08-29,160.782,161.257,160.019,160.602,84268,36.97563021201035,-1.384109619289859,-1.6192833214817326,0.2351737021918736,1.7737966240963936,162.24420672298314,164.7957649500095,164.9441019290475,164.03441883607232,158.0850811639277,-0.011929297838699116,0.006378536900957031,Tokyo
2024-08-30,160.596,161.622,160.182,161.458,72004,42.339962465794336,-1.285631405814513,-1.5525529383482888,0.2669215325337757,1.7499540080895102,162.16932989222283,164.66487220687188,164.89792839356343,164.06129036158399,158.22420963841603,-0.0005880423142869962,0.006177778875918672,Tokyo
2024-09-02,161.51,162.88,161.02,162.652,57346,48.87643624411725,-1.0985771769570079,-1.4617577860700326,0.36318060911302474,1.7578144360831154,162.2152984739159,164.5859360418965,164.8681809976222,163.9435589803343,158.81514101966567,0.00846317434139121,0.005626148776964522,Tokyo
2024-09-03,162.707,162.788,160.491,160.637,82151,40.52681965388871,-1.1002460611631193,-1.38945544108865,0.28920937992553064,1.796327690648607,162.06498433354295,164.4310758049594,164.8121388652034,163.47582813023158,159.5729718697684,-0.002143096743735362,0.006417214297214274,Tokyo
2024-09-04,160.672,160.884,159.246,159.273,93764,36.038739571267115,-1.1978242916817692,-1.351129211207274,0.15330491952550473,1.7850185698879906,161.79908106368174,164.228798322412,164.7387727875186,163.59793641964856,159.35906358035143,-0.009194344047626535,0.0057655245112764545,Tokyo
2024-09-05,159.296,159.781,158.547,159.356,92923,36.49957210429592,-1.2540029703880293,-1.331703963043425,0.07770099265539576,1.7456601006102774,161.56640667666443,164.03770819212133,164.6674777837104,163.71287913969223,159.1035208603078,-0.00775830936102917,0.005698515022618866,Tokyo
2024-09-06,159.364,159.621,157.458,157.71,97202,31.632225364313186,-1.4150318158656887,-1.3483695336078778,-0.0666622822578109,1.7754700934238299,161.19912985031544,163.78956277282245,164.57532576008512,164.0724764061958,158.51362359380425,-0.02321346727941631,0.0060538466618765266,Tokyo
2024-09-09,157.72,158.721,157.392,157.981,90571,33.21140296976746,-1.5034500644209459,-1.3793856397704916,-0.12406442465045431,1.7435793724649855,160.89264129314253,163.56177599741767,164.48798369703763,164.29586080516754,157.99943919483246,-0.028717753240046218,0.005908717595098905,Tokyo
2024-09-10,157.977,158.626,156.785,156.963,85359,30.37326094443705,-1.6367982641218362,-1.4308681646407604,-0.20593009948107577,1.750537988717487,160.5183897414147,163.30300046810717,164.38831503879874,164.58320570899318,157.26829429100687,-0.02287144306728839,0.005950708301514665,Tokyo
2024-09-11,156.95,157.002,155.453,156.744,97456,29.783596339450284,-1.7400904631567755,-1.4927126243439635,-0.24737783881281206,1.73614241809481,160.15892405175614,163.04578476347552,164.28706583298683,164.7002953884398,156.60350461156023,-0.015878397468497507,0.005753554766614362,Tokyo
2024-09-12,156.75,157.503,156.442,157.042,94292,31.72594055687223,-1.7774152292022904,-1.5496531453156288,-0.22776208388666164,1.687917959659465,159.8620741420651,162.8103422237314,164.19110469612608,164.3900755043208,156.24052449567915,-0.01452094681091387,0.0051945446277658555,Tokyo
2024-09-13,157.04,157.083,155.608,155.952,89536,28.608633088375882,-1.8733544022669832,-1.6143933967058999,-0.25896100556108337,1.6727095339695028,159.48968612853508,162.54138762672233,164.08197748160788,164.3174489167891,155.6318510832109,-0.011147042039185928,0.005229853143015133,Tokyo
2024-09-16,156.14,156.661,155.148,156.517,85784,32.320795853272614,-1.8821004278616442,-1.6679348029370487,-0.21416562492459557,1.6613017101145386,159.20657316391268,162.30513713155676,163.98177910436803,164.11411873201124,155.23958126798877,-0.009266937163329714,0.0053861735955005995,Tokyo
2024-09-17,156.514,158.316,156.042,158.249,87284,42.23640989106168,-1.7293390470271106,-1.6802156517550613,-0.04912339527204934,1.705065873677786,159.11537571973054,162.14607293031924,163.90584825530357,163.8850546521871,155.12794534781293,0.008193013640157343,0.006043523774956888,Tokyo
2024-09-18,158.239,158.367,157.039,158.17,90981,41.93462256574493,-1.5962486313074749,-1.6634222476655443,0.0671736163580694,1.6781325969865157,159.02533993689906,161.99014850167924,163.82987675523333,163.58912652109603,155.05287347890396,0.009097636911141738,0.006017958712842066,Tokyo
2024-09-19,158.145,159.956,157.767,159.175,100964,47.11183681796189,-1.3936137058142037,-1.6094605392952763,0.2158468334810726,1.7146231257731928,159.03959327624202,161.87975052122124,163.76822275847528,163.14260072954974,155.16279927045022,0.013582353765234867,0.00614129580598069,Tokyo
2024-09-20,159.143,161.148,158.414,160.59,91104,53.41041836838908,-1.1060950182531997,-1.508787435086861,0.4026924168336614,1.787435759646537,159.18725105945705,161.82917206940866,163.7261270928001,162.9944758537215,155.21462414627848,0.02973991997537717,0.006398424275917066,Tokyo
2024-09-23,160.525,161.182,159.039,159.539,86832,48.7650134006561,-0.9520664736598121,-1.3974432428014514,0.44537676914163926,1.81283320538607,159.22075095855638,161.7393614000201,163.6706684558094,162.77698254247454,155.25731745752543,0.01930780681970634,0.0065458118693411844,Tokyo
2024-09-24,159.53,161.095,159.227,160.093,90892,51.175618562117045,-0.7763453464295367,-1.2732236635270684,0.4968783170975317,1.816773690715636,159.3038222958367,161.67479820786247,163.62328211864636,162.65494531617642,155.29045468382358,0.011652522290820144,0.006597220634592902,Tokyo
2024-09-25,160.083,161.658,159.84,161.134,90089,55.420096025571915,-0.5467821231416679,-1.1279353554499885,0.5811532323083206,1.8168612842359466,159.47812493432846,161.65359043500513,163.59031149455834,162.7167718303459,155.2669281696541,0.01873933109944992,0.006759554651645235,Tokyo
2024-09-26,161.134,161.913,160.735,161.854,88079,58.131189871953794,-0.30325786417662925,-0.9629998571953167,0.6597419930186874,1.77122833536195,159.70439875010672,161.6614496336324,163.56731399131914,162.93225179049912,155.17664820950088,0.016830532432857037,0.006822660562026661,Tokyo
2024-09-27,161.887,163.482,158.561,158.746,99942,45.31910184509683,-0.35693819844414065,-0.8417875254450815,0.48484932700094086,1.996212025693239,159.61312267866796,161.54711827545074,163.50345552785797,162.62880073170263,155.20889926829736,-0.011482657699732224,0.008015702838284766,Tokyo
2024-09-30,158.85,160.114,158.1,159.903,95232,49.758370704018624,-0.3026314723182111,-0.7339563148197075,0.4313248425014964,1.9974825952865796,159.64073004260436,161.48264304896247,163.45576737517112,162.09109964610835,155.47170035389163,0.002281573784466584,0.00801002034317654,Tokyo
2024-10-01,159.861,160.899,158.368,158.885,96709,46.20406257593347,-0.3378426530193508,-0.6547335824596361,0.3168909294402853,2.035590981337539,159.56875575283252,161.3807746941012,163.39522740993706,161.88741327126453,155.50018672873549,-0.0075456141117975495,0.0076535395038764935,Tokyo
2024-10-02,158.875,161.865,158.698,161.742,90246,55.755981624163574,-0.13367086977359577,-0.550521039922428,0.4168501701488322,2.1164059112420004,159.77573139541988,161.39494039237175,163.37333035814984,162.2843066843813,155.3501933156187,0.003773257040723843,0.008435631380262735,Tokyo
2024-10-03,161.724,162.481,161.362,162.075,93628,56.72056856248079,0.054380195387864205,-0.42954079286036956,0.48392098824823376,2.045162631867572,159.99470935776085,161.42160939659246,163.3561339295651,162.7103076557538,155.19609234424615,0.0013654281018693482,0.008440241999210913,Tokyo
2024-10-04,161.891,163.362,161.006,163.174,86521,59.832963803921096,0.2887634493419,-0.28587994441991565,0.5746433937618156,2.067365301019888,160.297498942736,161.4903305967261,163.35372155963708,163.37691466181937,155.0758853381806,0.027893616217101513,0.008103584412385071,Tokyo
2024-10-07,162.674,163.566,162.286,162.615,86318,57.56532964395618,0.4245137087150681,-0.1438012137929189,0.568314922507987,2.0111249223756102,160.5182133291421,161.53443527920743,163.3439371681187,163.8274925339655,155.0887074660345,0.016960282171066376,0.008184492443166661,Tokyo
2024-10-08,162.532,162.812,161.9,162.756,83548,57.99774102017235,0.5372808497200765,-0.007584801090319837,0.5448656508103964,1.9326159993487815,160.73133586922378,161.58233977806205,163.33614992085887,164.18817994007523,155.30732005992476,0.024363533373194413,0.00797300969837756,Tokyo
2024-10-09,162.755,163.456,162.384,163.296,78161,59.69180182364829,0.662585238259993,0.12644920677974275,0.5361360314802504,1.8711434279667258,160.97558959596438,161.64954213970668,163.33561813382764,164.5493418488129,155.60135815118713,0.009607894053492716,0.00794274836183294,Tokyo
2024-10-10,163.304,163.599,162.171,162.416,82713,55.745928873349364,0.6830079331187733,0.23776095204754888,0.4452469810712244,1.8394903259691024,161.11277153920585,161.67959931069856,163.32343776119419,164.69478619784576,155.99331380215426,0.0021039642140985304,0.008115897086683645,Tokyo
2024-10-11,162.268,163.398,162.16,163.062,70691,57.943755484251625,0.7427578173173117,0.33876032510150145,0.40399749221581027,1.7965267312570237,161.29841234499577,161.73381110243588,163.3199750093903,164.68589101983315,156.71320898016683,-0.0006863838601737227,0.007867197998338384,Tokyo
2024-10-14,162.687,163.59,162.678,163.337,57804,58.87997655398028,0.8030432500390532,0.4316169100890118,0.3714263399500414,1.7333462504529509,161.49256355023428,161.79668125528153,163.3202005059547,164.6713725239042,157.40972747609578,0.004439934815361424,0.007861124591085934,Tokyo
2024-10-15,163.344,163.419,162.332,162.526,68970,54.99202806888751,0.7764287799487875,0.500579284060967,0.2758494958878205,1.6871786611348842,161.5909860692596,161.82528199036855,163.3096812939553,164.6915903091251,157.81720969087485,-0.0014131583474648046,0.007722854814482417,Tokyo
2024-10-16,162.502,162.876,162.103,162.511,69245,54.919794866687624,0.7455322147219476,0.5495698701931632,0.19596234452878447,1.6218801853395353,161.67860644361585,161.85217289270705,163.29910273377047,164.62509861208613,158.31780138791382,-0.004807221242406401,0.007718305763311601,Tokyo
2024-10-17,162.525,162.754,161.837,162.677,73154,55.614624831319055,0.726071575701269,0.5848702112947843,0.14120136440648468,1.5715316006724256,161.77369154422385,161.88451905377735,163.29086296246226,164.64857005499945,158.64452994500053,0.0016069845335435762,0.007628792742579103,Tokyo
2024-10-18,162.648,162.834,162.184,162.466,67019,54.46548447366948,0.6857184075146563,0.6050398505387587,0.08067855697589754,1.5057079149101098,161.8396256828692,161.90732222813904,163.27993762521112,164.72052387519733,158.76017612480263,-0.003655051452821634,0.007419970601217848,Tokyo
2024-10-21,162.47,163.15,161.994,163.106,68232,57.344483217416304,0.6973423537215524,0.6235003511753175,0.07384200254623485,1.4807287781308167,161.96023276069118,161.95432919958455,163.2776338156057,164.76825051674157,159.06914948325843,-0.0014142539657272524,0.0072573159878285085,Tokyo
2024-10-22,163.056,163.655,162.769,163.145,75419,57.52074047532128,0.7016136237842829,0.6391230056971107,0.06249061808717227,1.4382481511214724,162.07306773586345,162.00102217214987,163.27587707632617,164.83476853754283,159.3078314624572,0.0038086213898083088,0.0072379129126896105,Tokyo
2024-10-23,163.151,165.007,162.996,164.684,78029,63.86596455732159,0.8197336943601101,0.6752451434297106,0.14448855093039947,1.4791589974699384,162.32172795149552,162.10623698892832,163.29452771107682,165.20789471221934,159.28970528778063,0.013371402551211942,0.007382743419843196,Tokyo
2024-10-24,164.654,164.751,163.783,164.376,84127,61.8740293619305,0.8783664141062957,0.7158693975650277,0.16249701654126802,1.442647640507801,162.51737290849593,162.195247303088,163.30885184735396,165.4747552020667,159.2750447979333,0.010444008679776573,0.007366395756286065,Tokyo
2024-10-25,164.372,164.783,163.935,164.404,74300,61.99009256176391,0.916527474715366,0.7560010129950954,0.16052646172027063,1.4001728090429568,162.69705167911536,162.2818650559081,163.32335712089895,165.37193140900732,159.9436685909927,0.011928649686703707,0.0056462671334039,Tokyo
2024-10-28,165.029,166.066,164.671,165.705,80309,67.01465864165729,1.0397644598111526,0.8127537023583069,0.2270107574528457,1.4188747512541746,162.98352294777104,162.41610564195094,163.35490205969498,165.662548908208,160.233251091792,0.015934423013255206,0.005679738636301498,Tokyo
2024-10-29,165.708,166.071,165.149,165.815,75848,67.40696614077584,1.1332434144040349,0.8768516447674526,0.2563917696365823,1.383383697593162,163.2531874289357,162.5493956167764,163.38748613837453,165.55696141762397,161.03183858237603,0.01636580955591649,0.005355595096122191,Tokyo
2024-10-30,165.816,166.587,165.501,166.469,77818,69.71332543594824,1.2457383968981048,0.9506289951935831,0.2951094017045217,1.3621420049079351,163.55945529284656,162.70310559258908,163.42830089150866,166.07993099336684,160.98156900663318,0.01083894003060415,0.0039235023284317685,Tokyo
2024-10-31,166.469,166.683,164.93,165.468,78381,62.43139946488477,1.2398271906254195,1.0084686342799505,0.23135855634546898,1.390060433128796,163.74122145543262,162.81153282425225,163.45531677374035,166.29290518145882,161.10789481854118,0.006643305592057169,0.004259094595763846,Tokyo
2024-11-01,165.472,166.105,165.223,165.696,74654,63.3699410711662,1.2392548530542342,1.0546258780348072,0.184628975019427,1.353770402191023,163.9273908406295,162.92464918408552,163.48499469726698,166.5530726702983,161.09992732970167,0.0078586895695969,0.004043091589280919,Tokyo
2024-11-04,165.761,165.919,165.21,165.467,75178,61.70262673676071,1.2064160717314678,1.0849839167741393,0.12143215495732851,1.307715373463093,164.0740202843791,163.0243492160822,163.51124642313098,166.72702659726323,161.21117340273676,-0.0014362873781720298,0.0039561378044901925,Tokyo
2024-11-05,165.458,166.03,165.204,165.706,63862,62.8026288776489,1.1860048775699568,1.1051881089333029,0.08081676863665388,1.2733071325014431,164.22944692396203,163.12951199192213,163.5403160069306,166.91657521795386,161.31662478204615,-0.0006573591050267336,0.003958218542093652,Tokyo
2024-11-06,165.72,166.092,164.916,165.877,113442,63.608031398716314,1.1701385017730956,1.1181781875012615,0.05196031427183412,1.2663566230370553,164.38635674072754,163.23725661968987,163.57126546379246,167.12321792596194,161.36808207403809,-0.003556217674161477,0.003917649723395366,Tokyo
2024-11-07,165.831,165.953,165.001,165.164,94028,57.97171945102371,1.0874951759861347,1.1120415851982361,-0.024546409212101494,1.2439025785344084,164.46041800351537,163.31281518362363,163.5923612854641,167.15319379070058,161.6129062092994,-0.0018372132376048844,0.0038333037266064583,Tokyo
2024-11-08,165.233,165.416,163.199,163.597,85133,47.921460298281545,0.8853501751446515,1.0667033031875193,-0.18135312804286774,1.313409537210521,164.3781877174663,163.3239596862266,163.59242272539174,167.1362184796946,161.68338152030537,-0.012667777134028557,0.004400037355139705,Tokyo
2024-11-11,163.296,164.645,163.233,163.786,73194,49.06836204199365,0.7319619246261482,0.9997550274752451,-0.26779310284909696,1.3204517131240556,164.3217888872314,163.34207891421772,163.5949866628038,167.12870364567289,161.73579635432714,-0.010159125384517798,0.004391976216600879,Tokyo
2024-11-12,163.686,164.321,163.228,164.225,82084,51.72757971569671,0.6384644414606555,0.9274969102723273,-0.28903246881167177,1.3042051621866224,164.31257089797128,163.3767032705229,163.60333121031636,167.0636703828302,161.9707296171698,-0.008937515841309307,0.004254148611902828,Tokyo
2024-11-13,164.12,164.789,163.625,164.23,86072,51.75847395102321,0.5583343399325997,0.8536643962043818,-0.2953300562717821,1.2941905077447198,164.3047070029264,163.41016588736514,163.61163145918633,166.97452874843444,162.23177125156556,-0.009929043809569826,0.0042533073013312,Tokyo
2024-11-14,164.085,164.971,163.797,164.547,85368,53.778229876291185,0.5144793106449583,0.7858273790924972,-0.2713480684475389,1.2856054714772402,164.3277825264572,163.4547476172724,163.62402044648186,166.8889609916972,162.50433900830282,-0.0037356808989852386,0.004263690682421483,Tokyo
2024-11-15,164.534,165.023,162.309,162.642,88755,42.31322213360931,0.32229113316157054,0.693120129906312,-0.37082899674474146,1.3876336520860089,164.16723180965175,163.4228751616931,163.611013553151,166.86116792659735,162.54973207340262,-0.005837515357861145,0.005056478929383146,Tokyo
2024-11-18,162.433,163.969,162.226,163.896,87601,49.886892862598735,0.26807770484080606,0.6081116448932109,-0.34003394005240484,1.4130169626512936,164.14140020873253,163.44142907692083,163.61478820807616,166.8040547083881,162.68584529161188,0.0006716080739501695,0.005272658770578692,Tokyo
2024-11-19,163.897,163.915,161.488,163.833,87142,49.53503254763887,0.21752213900725792,0.5299937437160203,-0.31247160470876234,1.4854443224619152,164.11202876028182,163.4567847993945,163.61767843048577,166.7468613080932,162.8118386919068,-0.0023869690972750934,0.005274517566796757,Tokyo
2024-11-20,163.788,164.747,163.153,163.815,80044,49.42776423791751,0.17399829524586607,0.45879465402198943,-0.28479635877612336,1.493198299428923,164.08374030692164,163.47083245432023,163.6202919612078,166.75010480851188,162.72169519148815,-0.0025269439201119903,0.004811897116086539,Tokyo
2024-11-21,163.806,163.851,161.736,161.852,88673,39.40582276538532,-0.01867706149306514,0.3633003109189786,-0.3819773724120437,1.537612706612572,163.87119361102435,163.40734882866062,163.59687087562892,167.0000169664514,162.2193830335486,-0.016378299209344416,0.005482931707635404,Tokyo
2024-11-22,161.769,162.476,159.907,161.208,88063,36.77164994751468,-0.22079391293817707,0.24648146614754743,-0.4672753790857245,1.611283227568816,163.61755612426015,163.32109985498766,163.56523020177954,167.28420867094783,161.6155913290522,-0.008816910761058061,0.005523907016544348,Tokyo
2024-11-25,161.521,162.108,160.981,161.772,91195,40.521564085183854,-0.33163994853831014,0.13085718321037593,-0.46249713174868606,1.5766915684567584,163.44178887433063,163.26035084106658,163.5414788083785,167.26133208701313,161.2451679129869,-0.012959437692194986,0.005232706395607475,Tokyo
2024-11-26,161.773,161.996,160.295,160.495,95812,35.4019921174923,-0.5165747063613537,0.001370805296029995,-0.5179455116573837,1.58557074213842,163.16114231487057,163.15190571004436,163.50112809568475,167.3354910071869,160.63900899281307,-0.02037440564477233,0.0054206775423457105,Tokyo
2024-11-27,160.461,160.7,159.086,159.594,92269,32.30112159947929,-0.7274543632727557,-0.14439422841772717,-0.5830601348550285,1.5876014034142454,162.8214144753591,163.012379995925,163.4493780546823,167.3149887558471,159.97201124415287,-0.025766871165644245,0.00532481270100134,Tokyo
2024-11-28,159.53,160.33,159.352,159.837,62439,33.98067258625609,-0.8649987740919585,-0.2885151375525734,-0.5764836365393851,1.5440584460275142,162.5371845253249,162.88785529020245,163.40153198773288,167.29840378616677,159.42549621383324,-0.012449645355015804,0.005299750119893136,Tokyo
2024-11-29,159.789,159.934,158.03,158.245,85645,28.91877767658839,-1.0899011042312736,-0.4487923308883135,-0.6411087733429601,1.5697685570255486,162.12840504672252,162.70578253372395,163.33323355080927,167.3799147234625,158.5988852765375,-0.018379981142375046,0.005553834450962129,Tokyo
2024-12-02,157.998,158.633,156.371,157.02,90525,25.741255516264573,-1.3514069058591929,-0.6293152458824893,-0.7220916599767035,1.6192136600951526,161.641890280368,162.48281066965635,163.24961456338133,167.5404865319102,157.59361346808979,-0.029374675469178713,0.005680545685752813,Tokyo
2024-12-03,157.052,157.972,156.17,157.115,81072,26.41650038783409,-1.533311372594909,-0.8101144712249733,-0.7231969013699358,1.6322698272312146,161.2107578727139,162.27230829045413,163.16836139035644,167.44237690219703,156.83262309780295,-0.021059846101124657,0.005652000400304072,Tokyo
2024-12-04,157.116,158.65,156.976,158.195,84337,33.78768515318316,-1.5722016371588268,-0.962531904411744,-0.6096697327470828,1.635250553857557,160.92354283721735,162.11241384769124,163.10248905406033,167.03059931304165,156.47620068695835,-0.008765993709036635,0.005991692936675134,Tokyo
2024-12-05,158.192,159.379,157.55,158.824,77167,37.701887901925076,-1.5345777517071326,-1.0769410738708218,-0.4576366778363108,1.6490898000105871,160.72358637653,161.98345644189945,163.04582032486746,166.6116725186407,156.2611274813593,-0.006337706538535937,0.006134957799851479,Tokyo
2024-12-06,158.818,159.565,158.088,158.558,73123,36.71345880316261,-1.5088316562483044,-1.1633191903463183,-0.34551246590198614,1.6367976714384025,160.5173400549557,161.84912481672694,162.9863789960613,166.40724991354574,155.96165008645426,0.0019779455906978605,0.005870163068447166,Tokyo
2024-12-09,158.204,159.985,157.854,159.498,72476,42.45490904837626,-1.396479796202243,-1.2099513115175033,-0.1865284846847397,1.672097837764231,160.42026004972183,161.75692384352197,162.94017530074922,166.09430581658202,155.84579418341795,0.01578142911730973,0.006078749428932497,Tokyo
2024-12-10,159.504,160.055,159.235,159.864,75270,44.56374147725756,-1.2633439537592608,-1.2206298399658548,-0.04271411379340595,1.6112337064953568,160.3672829021293,161.6826915359329,162.8994312570307,165.6596357262069,155.84436427379313,0.01749673805811036,0.006066011613685004,Tokyo
2024-12-11,159.815,160.657,158.642,159.93,74657,44.95547922238881,-1.139373205933481,-1.20437851315938,0.06500530722589914,1.6400741560314038,160.32563691145032,161.61395853452376,162.8601010417058,165.17228617183724,155.90171382816277,0.010967476848193769,0.006071176757133291,Tokyo
2024-12-12,159.976,160.535,159.1,159.657,78811,43.583562869806265,-1.0510385948912528,-1.1737105295057546,0.12267193461450177,1.6254260020291609,160.2619572055979,161.53721506258168,162.81767586234548,164.53654511609574,156.04845488390424,0.005244799274668699,0.006022826802703961,Tokyo
2024-12-13,159.657,161.545,159.562,161.35,72386,53.13507116984322,-0.8347987874377338,-1.1059281810921506,0.2711293936544168,1.650967001884219,160.3655803288743,161.5298732954216,162.7982364469502,164.3592004910628,156.0965995089372,0.017608698394278477,0.006100921080828896,Tokyo
2024-12-16,160.642,162.197,160.642,161.935,58515,55.912634926762344,-0.6092000917127791,-1.0065825632162764,0.39738247150349726,1.6441122160353467,160.51504886898152,161.54576061716978,162.78680285162636,163.9779736589829,156.2817263410171,0.01527918845377374,0.005881485291801286,Tokyo
2024-12-17,161.935,162.465,160.766,160.912,69462,50.298584733938604,-0.5071133632477824,-0.9066887232225777,0.3995753599747952,1.648032772032823,160.55285373860232,161.5209072596337,162.761971025777,163.44212606908118,156.52547393091882,0.006555572236401019,0.006018929607635922,Tokyo
2024-12-18,160.857,161.551,159.797,160.167,70451,46.626877955444584,-0.48078201344472404,-0.8215073812670071,0.340725367822283,1.6556018597447635,160.51610576349734,161.46781285729512,162.72760054861442,162.75722083355635,156.84557916644366,0.0014818983305195932,0.006072668657172924,Tokyo
2024-12-19,160.17,163.796,159.843,163.085,84810,59.192100062199266,-0.2218981124486561,-0.7015855275033369,0.4796874150546808,1.819701726905852,160.76076235744998,161.53123196093063,162.73233431618246,163.0419680201813,156.6841319798187,0.021471028517384028,0.0068969135311935945,Tokyo
2024-12-20,163.151,163.65,162.338,163.113,88874,59.291136262600894,-0.014306473634661643,-0.5641297167296019,0.5498232430949402,1.7834373178411491,160.9847849900738,161.5932620801098,162.73737624576944,163.4094036282207,156.50719637177932,0.010926557173845719,0.006820613001061431,Tokyo
2024-12-23,162.952,163.613,162.827,163.381,63515,60.28464037666209,0.1698785023436642,-0.4173280729149487,0.5872065752586129,1.7121917951382102,161.2129959434001,161.6633694495173,162.74590106370627,163.7342373120836,156.3432626879164,0.008929508753512172,0.006791617053125902,Tokyo
2024-12-24,163.302,163.619,163.017,163.328,44138,59.97292253454691,0.30801911312616426,-0.27225863570672615,0.5802777488328904,1.6328923811997667,161.41442490117154,161.728649078948,162.7536109833923,164.15608088310645,156.20471911689359,0.015014417818434822,0.006502151785032199,Tokyo
2024-12-26,163.457,164.743,163.306,164.544,47083,64.50747352929196,0.5097415960682667,-0.11585858935172758,0.6256001854199943,1.618900068256925,161.71247967248854,161.83905499742062,162.77732474520167,164.84200890573254,156.01379109426745,0.02732772668527228,0.006469633919518073,Tokyo
2024-12-27,164.617,164.817,164.019,164.564,46826,64.57855032554568,0.6635726969936684,0.040027667917351614,0.6235450290763168,1.560264349095716,161.98405303701344,161.94591558575706,162.8009893181129,165.43679498477158,155.89170501522838,0.009068890455897094,0.0064772682842227265,Tokyo
2024-12-30,164.243,164.897,162.805,163.179,64023,56.187184401279005,0.6660492268127882,0.16523197969643894,0.5008172471163492,1.5982454670174495,162.09785750967882,161.994271837296,162.80599608211142,165.66701230206706,156.15488769793296,0.00040462746684810647,0.006339986522492603,Tokyo
2024-12-31,163.182,163.422,162.448,162.652,63237,53.34666867683191,0.6183593373341694,0.255857451223985,0.36250188611018436,1.553656505087631,162.1506329849475,162.0200650985785,162.80395639890466,165.6351998245135,156.74990017548652,-0.004461963141369041,0.00606468171955602,Tokyo
2025-01-01,162.459,162.459,162.459,162.459,1,52.303811949523876,0.5585526223599402,0.31639648545117605,0.24215613690876414,1.4564667547242274,162.18000127209535,162.03727823196758,162.79938743997877,165.4938407212731,157.42565927872693,-0.005320581896551713,0.006095837920567011,Tokyo
2025-01-02,162.582,163.309,160.894,161.592,82045,47.784704008776515,0.43616784427629796,0.34035075721620045,0.0958170870600975,1.5249334151010678,162.12400115094343,162.01981634051788,162.78339555335654,165.35950432501667,157.8996956749833,-0.017940490081680305,0.006160561487594307,Tokyo
2025-01-03,161.587,162.197,161.381,162.14,67423,50.68501408085732,0.3790268603728748,0.34808597784753537,0.03094088252533944,1.4742953140224202,162.1255248508536,162.02452942520344,162.77487375794786,165.2874122023194,158.30338779768067,-0.0147298315548966,0.006147459218801251,Tokyo
2025-01-06,161.904,164.008,161.776,163.612,76647,57.51194450916977,0.4473633902448455,0.36794146032699737,0.07942192991784813,1.528417077306533,162.26709391267707,162.08678317323466,162.78596152274326,165.2751025133471,158.82109748665292,0.0026535277210915087,0.00636199558091231,Tokyo
2025-01-07,163.614,164.536,163.205,163.347,64650,56.00871625680173,0.4746656470933033,0.3892862976802586,0.0853793494130447,1.5143158574989228,162.36994211146975,162.13620344095096,162.79339249595196,165.28090077444622,159.2001992255538,0.004272926247448572,0.006314186286417637,Tokyo
2025-01-08,163.387,163.8,162.833,163.297,75255,55.71282585410027,0.4866584050561471,0.40876071915543627,0.07789768590071083,1.4752218676775721,162.45823333894882,162.18172487463917,162.80006279401883,165.26974967541528,159.55465032458474,0.005158224536652378,0.006317095284422059,Tokyo
2025-01-09,163.255,163.414,162.368,162.855,57768,53.04500476407136,0.4552492165078661,0.41805841862592225,0.03719079788194385,1.4445631628434594,162.4960206400013,162.20812782073176,162.8007904391312,165.16990359604736,159.94699640395262,0.007815980989157811,0.006372358698550269,Tokyo
2025-01-10,162.712,163.18,161.204,161.578,73139,46.16666907979516,0.323583906773365,0.39916351625541086,-0.07557960948204584,1.4825229369260695,162.4085901028583,162.1834169258011,162.78459453927513,164.93724465457558,160.37175534542445,-0.0034661403725174678,0.006648533950536131,Tokyo
2025-01-13,161.182,161.779,160.024,161.241,68793,44.525798684354115,0.18985656830020048,0.3573021266643688,-0.1674455583641683,1.5019855842884928,162.29739104544325,162.14645939929912,162.76414957849002,164.94538818114927,160.35271181885076,-0.014491602082976729,0.006241129227092519,Tokyo
2025-01-14,161.246,162.848,160.899,162.814,72153,52.934549179476356,0.2084023108833719,0.32752216350816943,-0.11911985262479752,1.5339151854107442,162.34659189825817,162.17263746207172,162.7648098489736,164.96531678668404,160.42068321331593,-0.003262992280237853,0.006568637794979032,Tokyo
2025-01-15,162.753,162.884,160.774,160.97,66321,44.43193434450901,0.07345778087434951,0.27670928698140546,-0.20325150610705595,1.575064100738547,162.21548790794787,162.12547520865715,162.74103753309316,164.95877482736216,160.43302517263783,-0.014250108697649089,0.0069237625818807024,Tokyo
2025-01-16,160.894,161.076,159.663,159.74,69306,39.83558182025766,-0.13122477432787605,0.19512247471954916,-0.3263472490474252,1.5634880935429354,161.97972715480998,162.03192716125884,162.70128869159524,165.04346069572267,160.30563930427735,-0.01912744465935945,0.007062812327119408,Tokyo
2025-01-17,159.752,161.001,159.706,160.486,61845,43.64344180479531,-0.230583189095114,0.10998134195661652,-0.3405645310517305,1.544310372575584,161.83746742578046,161.97130256669968,162.67194711952112,165.09676303721355,159.99243696278646,-0.006758345814405486,0.005762757829333098,Tokyo
2025-01-20,160.552,162.305,160.307,162.012,64260,50.53948918325665,-0.1840681785669176,0.0511714378519097,-0.2352396164188273,1.5767167745344723,161.85408957570613,161.97289854447615,162.6632060980705,165.03758416280758,159.94151583719238,0.0047816622323104685,0.006203227597160894,Tokyo
2025-01-21,162.056,162.214,160.951,162.088,74495,50.861979865122954,-0.13946447312670784,0.013044255656186193,-0.15250872878289404,1.5543084334962962,161.8763667589722,161.97741232704573,162.65558747425501,164.94313822293802,159.906661777062,-0.0044590760008352825,0.006189049930108218,Tokyo
2025-01-22,162.101,163.204,161.859,162.825,60651,53.99458803454299,-0.044137188543885486,0.0016079668161718564,-0.04574515536005734,1.5393578311037035,161.96671278192724,162.01065105931843,162.6578313487682,164.88990229931454,159.90959770068542,0.011523886438466802,0.006286739739663319,Tokyo
2025-01-23,162.83,163.116,162.186,162.527,62438,52.53617567113814,0.007280338562793531,0.0027424411654961914,0.00453789739729734,1.4958322717391537,162.02007346936276,162.03090003738438,162.65609848322163,164.5778216194212,160.0199783805788,0.017447101540002397,0.006035612688088116,Tokyo
2025-01-24,162.465,164.073,161.911,163.656,76760,57.24760729131062,0.13754443713852993,0.02970284036010294,0.10784159677842699,1.5434156809006432,162.1758759960901,162.09462944768305,162.6693422119207,164.37302661052607,160.13397338947388,0.01975250177585597,0.006266560813470569,Tokyo
2025-01-27,163.25,163.446,161.533,162.089,84449,49.851130278693915,0.11303289685298523,0.046368851658679405,0.06666404519430583,1.584814560836313,162.1676020917006,162.0944086850288,162.6616555601072,164.27391138684385,160.12408861315618,0.00047527343653563925,0.00635172273305805,Tokyo
2025-01-28,162.065,162.69,161.558,162.147,72920,50.10807606743556,0.09716735506967211,0.05652855234087795,0.040638802728794166,1.5524706636337195,162.1656399877291,162.0964710895375,162.654838930172,164.23771224723004,160.10978775276993,0.00036399980257639797,0.006316101988208677,Tokyo
2025-01-29,162.152,162.478,161.299,161.756,69691,48.31102645497932,0.05243888381414763,0.05571061863553189,-0.0032717348213842576,1.5257941876598826,162.12662665556442,162.08311928210466,162.642933778779,164.20604962646996,160.07115037353003,-0.006565330876708075,0.006332589570486102,Tokyo
2025-01-30,161.65,161.793,160.19,160.271,76449,42.13102293307524,-0.10166392282550873,0.024235710343323766,-0.12589963316883251,1.53130888854132,161.94990030741545,162.01205578084566,162.61151743733822,164.29232044571611,159.8527795542839,-0.013880770579657531,0.0065531503332982004,Tokyo
2025-01-31,160.277,161.49,159.91,160.81,80656,44.88680603563725,-0.17824402577309684,-0.01626023687996036,-0.16198378889313647,1.5347868250740837,161.8413383733759,161.96491633845957,162.5876562792278,164.29589471780824,159.71620528219174,-0.01739013540597356,0.006552296352913247,Tokyo
2025-02-03,158.611,160.121,157.963,160.053,95960,41.87099383201738,-0.2965988753670956,-0.07232796457738741,-0.2242709107897082,1.6285163375687928,161.67102043305437,161.88993922714744,162.5540846728804,164.14545338151765,159.51074661848236,-0.01256100043803099,0.006221834700523113,Tokyo
2025-02-04,160.061,160.688,159.166,160.164,76731,42.48124254023297,-0.37709228886248525,-0.133280829434407,-0.24381145942807825,1.6209080277424497,161.5274946775254,161.82225533588675,162.5224279222462,163.98428555373934,159.35361444626065,-0.012229643471664664,0.006233138337984013,Tokyo
2025-02-05,160.133,160.296,158.487,158.725,74634,37.05081269052449,-0.5506516038362292,-0.21675498431477147,-0.33389661952145777,1.6343431686179888,161.260590422523,161.70079434232255,162.47213086367344,163.97162114106058,158.9090788589394,-0.018738099359529192,0.0064831321972515085,Tokyo
2025-02-06,158.69,158.849,157.029,157.167,70330,32.24477001035321,-0.8046407924471453,-0.3343321459412463,-0.470308646505899,1.6476043708595605,160.870724667997,161.52299848576087,162.40186422971752,164.236532752472,158.075367247528,-0.019367196810402332,0.0067499379417967935,Tokyo
2025-02-07,157.161,158.004,155.859,156.348,75847,30.038923065302782,-1.0597988086813643,-0.47942547848926986,-0.5803733301920945,1.6831326300838763,160.43998898533061,161.3200573686722,162.32168059753585,164.64027054675753,157.14862945324248,-0.027747030657297334,0.006649330872241939,Tokyo
2025-02-10,155.592,157.409,155.487,156.65,64863,31.8892127023732,-1.223540287968234,-0.6282484403850627,-0.5952918475831713,1.700194585077885,160.07903765339438,161.1369178640184,162.24655900021747,164.85736089773488,156.4724391022651,-0.02126170705953645,0.00669577792521616,Tokyo
2025-02-11,156.558,158.184,156.25,157.971,62283,39.43470569831519,-1.232505375295915,-0.7490998273672331,-0.48340554792868184,1.716894971858036,159.87827216259493,161.0127642222922,162.18992907968482,164.65185202613463,156.19364797386538,-0.013692215479133796,0.006586385493442734,Tokyo
2025-02-12,157.958,160.956,157.838,160.3,74944,49.96012268796368,-1.0396944850222098,-0.8072187588982286,-0.23247572612398126,1.8169739024396045,159.9184367185383,160.98481268416307,162.16489690644397,164.61070731261051,156.1677926873895,0.009922822491731154,0.007083748973426401,Tokyo
2025-02-13,160.223,161.182,158.997,159.872,77554,48.298959799927225,-0.9109259016451006,-0.827960187447603,-0.08296571419749754,1.8432614808367738,159.9140141739156,160.94117297105865,162.1345274109944,164.6134443392666,156.17825566073338,0.017210992129391034,0.006892243195484433,Tokyo
2025-02-14,159.868,160.253,159.42,159.74,67325,47.77140018806334,-0.8101878274705143,-0.8244057154521853,0.014217887981671007,1.7710999464912898,159.89744139544746,160.8940681486642,162.10281181614678,164.5859710366534,156.13112896334655,0.021695192775091465,0.0068074261885506995,Tokyo
2025-02-17,159.745,159.81,158.524,158.812,52731,44.12257279879584,-0.7960575661944631,-0.8187360856006409,0.02267851940617782,1.7364499503133406,159.79406602445246,160.81241841734402,162.05922490467464,164.4046506057095,155.99244939429053,0.01380146824130235,0.006513354136998743,Tokyo
2025-02-18,158.81,159.186,158.361,158.813,65691,44.127525247244655,-0.7758351954944942,-0.8101559075794116,0.03432071208491738,1.6713463824338173,159.7006311649808,160.73400985195798,162.01622854832132,164.1858185738064,155.8837814261936,0.005330092232118444,0.006508691356814808,Tokyo
2025-02-19,158.82,159.122,157.711,157.85,76939,40.41290358223861,-0.8279705438578162,-0.8137188348350926,-0.014251709022723658,1.6527502122599733,159.52438057783976,160.620911426391,161.96104671324423,163.82787452157962,155.74422547842036,-0.015283842794759916,0.0064644674819726395,Tokyo
2025-02-20,157.811,157.852,156.314,157.145,109631,37.897742148881974,-0.9156210812494976,-0.8340992841179736,-0.08152179713152397,1.6445537685271188,159.29777290375978,160.48460117437565,161.89725801505557,163.50671804365726,155.52718195634276,-0.017057395916733387,0.006497462153104114,Tokyo
2025-02-21,157.15,158.211,155.807,156.032,110830,34.2714029510465,-1.0626450512145027,-0.8798084375372794,-0.18283661367722326,1.6987999279180408,158.9867469129255,160.30998936361584,161.81957247843232,162.91153310456426,155.35996689543575,-0.02321272067109048,0.006272887357954663,Tokyo
2025-02-24,156.202,157.247,156.028,156.708,126721,38.14291615511824,-1.1117989302330784,-0.9262065360764392,-0.1855923941566392,1.6645285044953253,158.76972339740877,160.16873487876816,161.7518695316981,162.52134613307155,155.21205386692847,-0.01324836914087102,0.006200832945658468,Tokyo
2025-02-25,156.603,157.304,156.079,156.653,129548,37.94707437067192,-1.1420271952164853,-0.9693706679044485,-0.17265652731203684,1.6331336113170873,158.56813069289365,160.03086292273804,161.68433483591403,162.0278475549901,155.15615244500992,-0.013600901689408307,0.006190541890790417,Tokyo
2025-02-26,156.589,157.123,156.023,156.285,128606,36.593250204672906,-1.182051879232347,-1.0119069101700282,-0.17014496906231869,1.595052639080152,158.3506896745228,159.88396633753263,161.6128204672264,161.55926669207878,155.0776333079212,-0.009914475768134312,0.006190191126221761,Tokyo
2025-02-27,156.239,157.211,155.647,155.754,130286,34.67111825057401,-1.2422985475726023,-1.0579852376505432,-0.18431330992205908,1.5928345934315713,158.10338589599684,159.72200687331568,161.53522019613732,161.3895692238834,154.7956307761166,-0.00885169747685266,0.00595112795027615,Tokyo
2025-02-28,155.717,157.163,154.788,156.244,140852,37.91209178195044,-1.2362547857586037,-1.0936391472721554,-0.14261563848644832,1.648703551043602,157.92630152494954,159.58561444691114,161.46513780943351,160.99725455643824,154.7313454435618,0.0013586956521738358,0.005942158218038019,Tokyo
2025-03-03,156.699,158.467,155.918,156.752,148053,41.17058701809097,-1.1769070545851434,-1.110292728734753,-0.0666143258503904,1.7130104402547737,157.81446328447814,159.47449231173815,161.4027121430834,160.6913499051134,154.70715009488654,0.00028077698649719984,0.005977668570670428,Tokyo
2025-03-04,156.74,159.203,155.593,159.164,171499,53.61751890021945,-0.9245872417901637,-1.0731516313458351,0.14856438955567142,1.8485096945222907,157.94299059071832,159.46231614265037,161.3730603266187,160.49791150472382,154.80058849527617,0.01602905785398301,0.007001389670163034,Tokyo
2025-03-05,159.054,160.72,158.724,160.595,166296,59.14088429607052,-0.6022103258762286,-0.9789633702519138,0.37675304437568524,1.8590447163421278,158.1955629154118,159.50673511744841,161.36275489182907,160.85100738114514,154.63449261885486,0.02757782256774477,0.006977901230190774,Tokyo
2025-03-06,160.603,161.27,159.115,159.515,166631,53.921924102972795,-0.42892686952345116,-0.8689560701062213,0.4400292005827702,1.8801843794605473,158.3212235901345,159.50705923048966,161.33828131710288,161.0530609157421,154.66723908425797,0.024147052403148628,0.0067637736516759665,Tokyo
2025-03-07,159.514,160.762,159.161,160.35,160721,57.07580800549077,-0.22166573569120374,-0.7394980032232179,0.5178322675320142,1.8602426380705082,158.5144403910741,159.54011573125476,161.3251914983333,161.35415779758992,154.76634220241007,0.026279409129310594,0.006681633408616081,Tokyo
2025-03-10,159.998,160.369,158.893,159.423,153352,52.75841991716206,-0.13070426917661848,-0.617739256413898,0.48703498723727956,1.8327967353511863,158.60096987763845,159.53552295748008,161.2999969089514,161.47627031299456,154.92152968700546,0.017039654996427345,0.006862089911746397,Tokyo
2025-03-11,159.428,161.779,158.962,161.169,164071,59.042624674053826,0.081333395690109,-0.47792472599309666,0.5592581216832057,1.9030969685403878,158.8455441750062,159.59958088071616,161.2982618505547,161.89146522913373,154.82613477086633,0.012597069689125773,0.00702670251237527,Tokyo
2025-03-12,161.205,162.355,161.197,161.329,139664,59.57333103986375,0.2592964277573344,-0.33048049524301043,0.5897769230003449,1.8518757565017872,159.08206377738657,159.66740123833515,161.29866897836192,162.08891038976634,154.73158961023364,0.004570503440331386,0.006253157270198357,Tokyo
2025-03-13,161.347,161.505,160.047,160.327,136173,54.78568841887246,0.3158395847586064,-0.20121647924268704,0.5170560640012934,1.8237417738945165,159.20062913192118,159.69326785643963,161.28579919056904,162.15509454333872,154.71090545666132,0.005090430367050258,0.006391809265395806,Tokyo
2025-03-14,160.326,162.324,160.321,161.676,122746,59.50423609542523,0.46415300309570284,-0.06814258277500908,0.5322955858707119,1.8365459329020521,159.43637873840487,159.77102205814788,161.29096741321052,162.48821109006798,154.571388909932,0.008269410664172083,0.006644822730598174,Tokyo
2025-03-17,161.78,163.024,161.532,162.887,117820,63.21544039386014,0.6716674704185834,0.07981942786370944,0.591848042554874,1.8119355091233336,159.76500933474728,159.89321727155385,161.31210691767131,163.14652395725918,154.32057604274078,0.02172835789064309,0.006632542400998009,Tokyo
2025-03-18,162.903,164.182,162.872,163.346,120478,64.54184089377668,0.8632110847550791,0.2364977592419834,0.6267133255130957,1.7760829727573793,160.10605606477137,160.02862051580667,161.3390458988942,163.8321193062279,154.08828069377208,0.013507560386923023,0.0066341719184582655,Tokyo
2025-03-19,163.346,163.878,162.041,162.25,161156,59.06509519091719,0.9160135052779026,0.3724009084491673,0.5436125968287353,1.780434188988994,160.31024120145983,160.11573343675545,161.35111151612742,164.2349805241622,154.12541947583776,0.005708831022320782,0.006674269802675318,Tokyo
2025-03-20,162.249,162.304,160.737,161.468,112080,55.449656743697105,0.8845622563396205,0.47483317802725794,0.40972907831236255,1.765188889775495,160.42050394417797,160.16876349805915,161.3526597079668,164.45441084228858,154.33828915771144,0.0071167052336786885,0.006691105106216921,Tokyo
2025-03-21,161.467,162.127,160.735,161.426,109291,55.25403313400316,0.8464900555322856,0.5491645535282635,0.2973255020040221,1.7385325405058165,160.51626547330386,160.21806689029214,161.35363110256327,164.54068399868504,154.79141600131493,-0.0015463024815062232,0.0064042151488298334,Tokyo
2025-03-24,161.551,162.82,161.551,162.681,115050,59.81602418375674,0.9071287579705825,0.6207573944167273,0.2863713635538552,1.7139230733268298,160.72243066632254,160.31465250243755,161.37121214756246,164.8080523883752,155.1213476116248,-0.001264680422624176,0.00652258910772797,Tokyo
2025-03-25,162.691,163.02,161.614,161.721,108107,55.18148944863534,0.8677188666277402,0.6701496888589299,0.19756917776881033,1.6919285680891993,160.81753250762515,160.36980338469493,161.37584509925037,164.85794568256108,155.5782543174389,-0.009948208098147449,0.006737649623676727,Tokyo
2025-03-26,161.728,162.601,161.541,161.564,118371,54.43862622581437,0.8144294205143296,0.6990056351900099,0.11542378532431974,1.6467908132256854,160.88862464975608,160.4166346245108,161.37833721714108,164.76684753130738,156.19725246869265,-0.004228043143297389,0.006702094376391106,Tokyo
2025-03-27,161.589,163.355,161.362,163.064,128037,59.98169670731238,0.8830553026703285,0.7358155686860737,0.14723973398425483,1.6715200408524218,161.0958032545412,160.52045287452998,161.4006638765167,164.65468404988223,157.04041595011773,0.009884311442514893,0.006794978316480375,Tokyo
2025-03-28,163.065,163.168,162.061,162.234,121698,55.92710222894299,0.8605478849558494,0.7607620319400289,0.09978585301582055,1.6311971807915344,161.2042029445849,160.587650801019,161.41170144106616,164.31874544401157,157.97535455598845,0.005005389466381072,0.006988150447783811,Tokyo
2025-03-31,161.993,162.475,161.036,162.173,146637,55.62947676922185,0.8282409578581564,0.7742578171236545,0.053983140734501944,1.6174688107349957,161.2964693308149,160.6498213578418,161.4217848656878,163.84817878583277,158.98802121416725,-0.0031226756658737642,0.006997841816137921,Tokyo
2025-04-01,162.042,162.376,160.768,161.429,135136,51.99503730462939,0.7341401920937471,0.7662342921176731,-0.03209410002392599,1.6167924671110676,161.3090912993087,160.68037738302448,161.4218804303807,163.71804346878056,159.34465653121944,-0.001805578743638736,0.0063503168549544015,Tokyo
2025-04-02,161.431,164.163,161.105,161.896,138247,54.02542429815011,0.689301812168992,0.750847796127937,-0.06154598395894495,1.7197358623174215,161.36498736604122,160.7280488582,161.42816015977962,163.74284493354094,159.44995506645904,0.0020549132232428047,0.006074817070301368,Tokyo
2025-04-03,161.948,163.047,160.11,161.39,211647,51.48452353474179,0.6059520636562183,0.7218686496335932,-0.11591658597737486,1.8066833007233187,161.36736952165634,160.7540077265059,161.42765472719975,163.60512789188496,159.77517210811502,-0.01026590786439685,0.005902093007057544,Tokyo
2025-04-04,161.371,161.991,159.004,161.043,216675,49.75629491838443,0.5060632058338967,0.6787075608736539,-0.17264435503975717,1.8909916363859407,161.3364771862605,160.765340756839,161.4225599626011,163.56114105308643,159.8884589469136,-0.007341247827212571,0.005827031795562456,Tokyo
2025-04-07,158.4,162.366,158.169,161.235,242139,50.74157889163247,0.43735184194650856,0.6304364170882248,-0.19308457514171629,2.0557065195012307,161.32681269233095,160.78375876637472,161.42007572468586,163.32293607274232,160.3078639272577,-0.005783946772890625,0.005654431213584401,Tokyo
2025-04-08,161.186,162.196,160.016,160.204,205725,45.57344517711223,0.29628907147125005,0.5636069479648299,-0.26731787649357985,2.0645846252511433,161.21987815020418,160.76102312847766,161.403968761445,163.41686286499646,160.1174371350035,-0.007588475428826236,0.005304259583027429,Tokyo
2025-04-09,160.176,162.195,159.464,161.787,232006,53.418410089095524,0.3086724954980582,0.5126200574714755,-0.20394756197341735,2.1121857234474897,161.27388975494665,160.80125751559618,161.4090420228828,163.42681863622013,160.15328136377988,-0.0006732717299994251,0.005765898729107403,Tokyo
2025-04-10,161.779,162.571,160.863,161.686,213994,52.89454890415523,0.30679999300625127,0.4714560445784307,-0.16465605157217944,2.083315314629812,161.31313834971363,160.8359532992983,161.4127103404605,163.34501552042605,160.37098447957396,0.0018340665468741246,0.005572863425825178,Tokyo
2025-04-11,161.686,163.127,161.298,162.793,218726,57.78151008095206,0.39014432874054705,0.455193701410854,-0.06504937267030697,2.0651499350133973,161.4540775545028,160.91270022873758,161.43099232270606,163.45500394568614,160.37269605431385,0.01086666294095373,0.0054657942327013456,Tokyo
2025-04-14,162.82,163.271,162.078,162.242,182749,54.73753150594541,0.4070420923073641,0.4455633795901561,-0.03852128728279197,2.0028535110838677,161.52911778740727,160.96482963153218,161.4417341462464,163.3628405043315,160.40035949566848,0.006245542220981726,0.005256645699351066,Tokyo
2025-04-15,162.266,162.797,161.289,161.482,151832,50.76503036361627,0.35501564390750673,0.4274538324536262,-0.0724381885461195,1.967506831720735,161.52463037908277,160.9851108224525,161.4422674688127,163.10735786616723,160.46944213383276,0.007977328905645287,0.005298179579534118,Tokyo
2025-04-16,161.483,162.273,161.221,161.587,160920,51.29098532613767,0.3185844875383168,0.40567996347056434,-0.08709547593224753,1.9021134865978249,161.53057034297964,161.00871431961122,161.44418445598077,163.058593534343,160.45190646565698,-0.0012361932664554098,0.005099999414598565,Tokyo
2025-04-17,161.514,162.624,161.237,161.745,151707,52.11984854764389,0.299014954912451,0.3843469617589417,-0.08533200684649067,1.8653196661265516,161.55099221507683,161.03758826786176,161.4481687678221,163.06545942063195,160.47274057936806,0.0003649048155065504,0.004986794554572753,Tokyo
2025-04-18,161.757,162.144,161.668,161.841,174028,52.6471013821564,0.2879332418305296,0.3650642177732593,-0.07713097594272972,1.7660825471175121,161.57861200411713,161.06909461029858,161.45337183049998,163.07633378805758,160.50336621194242,-0.005847917293741123,0.004987331061533622,Tokyo
2025-04-21,161.864,162.666,161.376,162.122,151161,54.23568522826245,0.2983856519021515,0.35172850459903776,-0.05334285269688627,1.732076650894832,161.63036324182028,161.11038501773785,161.46222783274501,162.989820261464,160.533979738536,-0.0007396358526150504,0.004675619461179266,Tokyo
2025-04-22,162.113,162.307,160.976,161.631,150277,51.01518806513768,0.26400636461463023,0.3341840766021563,-0.07017771198752609,1.7034283186880574,161.63042388545642,161.13080129155205,161.4644632256888,162.98661034133733,160.5281896586627,0.0009227034592089733,0.004531260921919932,Tokyo
2025-04-23,161.629,162.458,161.159,162.274,171933,54.800370599954654,0.2853558533253988,0.32441843194680486,-0.03906257862140605,1.674540581638911,161.6917168487463,161.17563261345197,161.4751855670704,163.03947997825978,160.54632002174023,0.004251579644402259,0.00461113209430985,Tokyo
2025-04-24,162.268,162.488,161.833,162.348,137577,55.22914241151042,0.3047338760666207,0.320481520770768,-0.0157476447041473,1.6017162543789887,161.75422000600855,161.2216078050813,161.4867460231357,162.88550136573738,160.62869863426263,0.0037280905128442843,0.004096118256335197,Tokyo
2025-04-25,162.353,163.75,162.121,163.232,132804,60.098641240639346,0.38696185541010664,0.3337775876986358,0.053184267711470834,1.6036650933519174,161.89496095781726,161.30044671468596,161.50986196984914,163.10040204198006,160.51359795801991,0.008594855444541194,0.004112373949513064,Tokyo
2025-04-28,163.32,163.363,162.08,162.088,128292,52.18790098589302,0.35571640497653334,0.3381653511542153,0.01755105382231803,1.5807604438267795,161.91334562850133,161.3313311572473,161.51751942720213,163.0916390157146,160.5138609842854,-0.0002097186069751622,0.0044278466416424415,Tokyo
2025-04-29,162.092,162.541,161.88,161.938,150961,51.235600038481614,0.3152167910473338,0.33357563913283905,-0.018358848085505253,1.515063269267724,161.91569366388214,161.3551220922572,161.52308870631205,163.1060695428384,160.55033045716155,0.0018993881124289569,0.004302644261240542,Tokyo
2025-04-30,161.868,162.644,161.697,161.959,134071,51.36939101200045,0.28156932382594846,0.32317437607146093,-0.041605052245512475,1.4744873214628866,161.91981807684576,161.37880357883537,161.5288623658311,163.1102334398508,160.55246656014918,-0.0019411612457941319,0.004254423021321351,Tokyo
2025-05-01,161.912,164.446,161.802,164.058,122381,62.456858645093874,0.4194401763012081,0.3424275361174104,0.07701264018379772,1.5580239413583952,162.12345445047947,161.48387010515557,161.56236087754195,163.56580871225694,160.36369128774308,0.010532929263064483,0.005060065343796185,Tokyo
2025-05-02,164.051,164.621,163.446,163.718,136402,60.06785960239943,0.4955561983111352,0.3730532685561554,0.12250292975497978,1.5306650884042248,162.2753159313862,161.57148304220829,161.5909123890977,163.81789885458468,160.37910114541532,0.002977357380905543,0.005057689580419901,Tokyo
2025-05-05,163.476,163.888,162.55,162.55,118020,52.621444934837726,0.4563701050333009,0.38971663585158456,0.06665346918171633,1.5169032963753513,162.3014763188732,161.60985625623934,161.60361553626197,163.84474727918794,160.48375272081208,0.002850303538818544,0.005361352257749946,Tokyo
2025-05-06,162.535,162.943,161.589,161.877,123999,48.86272756506818,0.36678134129675755,0.3851295769406192,-0.018348235643861677,1.5052673466342557,162.26105000279003,161.62033248148484,161.60723652253665,163.6631793141064,160.83262068589363,-0.0003766873741800625,0.0052319977978874995,Tokyo
2025-05-07,161.876,163.01,161.686,162.462,139125,52.06774397383096,0.33907753675902086,0.3759191689042996,-0.036841632145278747,1.4923196790175222,162.28018809776242,161.65333905083838,161.61855789309908,163.68277380086798,160.88052619913205,0.003105724288245737,0.004817532087589133,Tokyo
2025-05-08,162.403,163.897,162.403,163.781,138678,58.398749538626916,0.4187275185399244,0.3844808388314246,0.034246679708499816,1.492439701944842,162.42312256464217,161.73677673511924,161.64719951040902,163.90808554746351,160.8647144525365,-0.0016884272635286912,0.005122384002138539,Tokyo
2025-05-09,163.779,163.93,163.144,163.397,116489,56.07656186425707,0.44572704821393927,0.3967300807079276,0.04899696750601168,1.4419797232344962,162.51587279658102,161.80188352982043,161.6703756758341,163.9951736933572,160.83802630664277,-0.0019606885009589847,0.004947576562281878,Tokyo
2025-05-12,163.61,164.913,163.544,164.525,144150,60.98444402199544,0.5517839213407285,0.4277408488344878,0.12404307250624069,1.447266885860605,162.7072182445257,161.90867241100392,161.70818526953167,164.36554594451036,160.69595405548966,0.012150107659181675,0.005087912235109154,Tokyo
2025-05-13,164.526,165.205,164.126,164.934,123015,62.615569818279894,0.6612155578777674,0.4744357906431438,0.18677976723462364,1.420962108299134,162.919292697428,162.0273127086116,161.75091129245178,164.75892934210205,160.64777065789795,0.018884708760354973,0.004938364647304236,Tokyo
2025-05-14,164.871,165.155,163.726,163.874,132633,56.07269883940928,0.6548589704594576,0.5105204266064065,0.14433854385305112,1.4215362434206247,163.01021720243486,162.0997318180778,161.77903167268423,164.86623458280314,160.76916541719686,0.008691263187699416,0.005216389634684209,Tokyo
2025-05-15,163.879,164.061,162.739,162.936,122337,50.99469872773142,0.5675897470353277,0.5219342906921908,0.045655456343136946,1.4144265117477233,163.00314889744106,162.13252664874142,161.79435575648975,164.86276235601497,160.89173764398504,-0.005159328615651382,0.005410442926777941,Tokyo
2025-05-16,162.938,163.103,162.452,162.486,108633,48.71539684146624,0.4568507287168586,0.5089175782971244,-0.05206684958026575,1.3598960466228864,162.9538966214943,162.14638834879077,161.80351660739717,164.84445235902018,160.97454764097984,-0.005575377760913658,0.00545499210992655,Tokyo
2025-05-19,162.53,163.376,162.137,162.724,124702,49.98859214114628,0.3838688684534759,0.48390783632839474,-0.10003896787491884,1.351260614721252,162.9320017051615,162.1690397860931,161.81570844041178,164.8414177897375,161.03778221026246,-0.010946664640632209,0.005451310357418698,Tokyo
2025-05-20,162.712,163.277,162.415,163.006,114031,51.52423263143995,0.3448105008003779,0.4560883692227914,-0.1112778684224135,1.316313427955448,162.93904916181276,162.20186175526592,161.83147389153214,164.80763468538103,161.20906531461898,-0.011689524294566267,0.005407186921943718,Tokyo
2025-05-21,163.003,163.298,162.618,162.689,128531,49.67761880851974,0.2849920019177148,0.4218690957617761,-0.13687709384406133,1.2708624688157737,162.91523495592583,162.22096521584373,161.84283185323372,164.80210659306354,161.25609340693646,-0.0072311654075692955,0.005364618237087767,Tokyo
2025-05-22,162.618,163.404,161.794,162.402,134391,48.00029924459984,0.2119832976430871,0.37989193613803834,-0.16790863849495125,1.2950865781860745,162.86635543631385,162.228064619144,161.85023805385316,164.80059889074167,161.26300110925834,-0.0032773604359995767,0.005380441165326044,Tokyo
2025-05-23,162.397,162.74,161.075,161.97,119721,45.509473279026395,0.11790544332373543,0.32749463757517777,-0.20958919425144235,1.3215089654584993,162.780988251903,162.2179444380011,161.8518243047955,164.79648509622817,161.1409149037718,-0.0031756582105534337,0.0052547412219656215,Tokyo
2025-05-26,161.85,162.972,161.783,162.566,73866,49.40990042212899,0.09039823047154982,0.28007535615445217,-0.18967712568290235,1.3120440393543222,162.7605131802932,162.23159367572657,161.8612835855267,164.78403593098832,161.20116406901164,-0.0009709692485434518,0.005084745629076536,Tokyo
2025-05-27,162.541,163.935,162.084,163.421,105899,54.4473357668884,0.13602194427141967,0.25126467377784567,-0.115242729506426,1.3505408936861563,162.82341668693195,162.2782370609922,161.88194208108266,164.79608109979876,161.33741890020127,0.002545918555145077,0.0052021038278136445,Tokyo
2025-05-28,163.404,163.902,163.068,163.5,110926,54.89424728256892,0.17651890586085983,0.23631552019444851,-0.05979661433358868,1.3136451155657147,162.88785319293845,162.32614933311015,161.9033733117968,164.80113744621494,161.48646255378506,0.004984971325658227,0.005201537923189766,Tokyo
2025-05-29,163.466,164.255,163.338,163.88,128297,57.07573044356697,0.236549073421088,0.23636223083977642,0.00018684258131157483,1.2853133215967352,162.98234336503955,162.38708465338036,161.9295537977333,164.77337103313292,161.49642896686706,0.0091008731419564,0.00434114872798531,Tokyo
2025-05-30,163.91,163.938,162.797,163.253,122821,52.55889006548586,0.2308684460290351,0.23526347387762817,-0.004395027848593053,1.2750052271969676,163.00812018741675,162.42104211795368,161.94708288650506,164.72833410158273,161.49496589841726,0.00792121997900841,0.004401618305886401,Tokyo
2025-06-02,163.205,163.427,162.83,163.196,117547,52.15480796426649,0.21923982404348408,0.23205874391079936,-0.012818919867315287,1.2265762823971829,163.02601350290087,162.45143262313195,161.96362483502818,164.739055602871,161.548844397129,0.003875349088985347,0.004081975348577629,Tokyo
2025-06-03,163.211,163.868,162.787,163.622,107304,54.942893866156275,0.2416135267722268,0.23396970048308485,0.007643826289141953,1.216177976511669,163.0827741216722,162.4973372261464,161.98559006900132,164.7220024826266,161.7403975173734,0.0012299520869412106,0.003981599271968885,Tokyo
2025-06-04,163.625,164.235,162.91,162.91,108721,49.7271473956587,0.1995916297446172,0.22709408633539133,-0.027502456590774133,1.223950978189408,163.0663194434177,162.51352008002303,161.997833909147,164.70877608270595,161.798423917294,-0.0036085626911315227,0.0040560795533692105,Tokyo
2025-06-05,162.915,164.666,162.858,164.219,123196,57.68111003131855,0.26881559498235674,0.23543838806478443,0.033377206917572316,1.2656687654615928,163.1760985440446,162.58040164551232,162.0272533275689,164.77655625971764,161.77444374028235,0.002068586770807901,0.004047548586400779,Tokyo
2025-06-06,164.222,165.276,163.864,165.012,107947,61.64060661372426,0.38324672905767443,0.2650000562633624,0.118246672794312,1.2761209965000508,163.35094630175465,162.67575844372752,162.06678639607793,165.04664489316488,161.6658551068351,0.010774687142043327,0.004132582663821993,Tokyo
2025-06-09,165.168,165.204,164.543,165.033,90457,61.74268902895858,0.4702084810647591,0.3060417412236418,0.1641667398411173,1.232183782464333,163.51114189206373,162.76819928907153,162.10607399348086,165.1590180453193,161.60428195468066,0.011256403343219201,0.0038493596124886697,Tokyo
2025-06-10,165.027,165.627,164.619,165.411,99141,63.61943640489556,0.5631362527960562,0.3574606435381247,0.2056756092579315,1.2161706551454528,163.69208075948623,162.87183853263736,162.14984784787185,165.2806853803365,161.53031461966353,0.010933737516959807,0.003843392321165587,Tokyo
2025-06-11,165.407,166.417,165.298,166.014,111878,66.44712338227922,0.6776279685080908,0.4214941085321179,0.25613385997597293,1.2092298940636346,163.91321592524946,162.99506055096532,162.20102867107886,165.71576652235333,161.30923347764664,0.019053465103431533,0.003586026968886338,Tokyo
2025-06-12,166.021,166.732,165.489,166.137,118849,67.01038688823131,0.7694191649376592,0.49107911981322616,0.278340045124433,1.2116420444876606,164.1250048847495,163.11827386269218,162.25316074166062,166.14775967534973,161.19734032465027,0.011679525511664401,0.0032559281752482477,Tokyo
2025-06-13,166.218,166.587,164.934,166.344,138094,67.98446228047783,0.849079855417358,0.5626792669340526,0.2864005884833054,1.2431676127385412,164.3363377528686,163.24477292690034,162.30734404309558,166.54426297162493,161.18663702837503,0.008072140207984857,0.0031348172552756225,Tokyo
2025-06-16,166.011,167.453,165.868,167.272,122538,71.97895787753731,0.9758444436232026,0.6453123022718826,0.3305321413513199,1.267584211828646,164.61592463354776,163.40270340035522,162.37310107563738,167.11395626480817,161.07174373519183,0.01356698357298236,0.0032852291273979014,Tokyo
2025-06-17,167.309,167.607,166.696,166.718,123079,66.63400893529614,1.019846962090753,0.7202192342356567,0.2996277278550964,1.242113910983743,164.8161222874956,163.53271503171385,162.4306494057614,167.4697166005672,161.08718339943277,0.007901530127984113,0.003446681235941347,Tokyo
2025-06-18,166.687,167.049,166.316,166.528,117498,64.85527164993607,1.027542986963141,0.7816839847811535,0.24585900218198742,1.2057486316277617,164.97915826011507,163.65017718733293,162.48491895005594,167.72040711903705,161.22039288096292,0.0030961244232412533,0.0034134067773723058,Tokyo
2025-06-19,166.603,167.306,166.029,167.065,96675,67.49619298379255,1.0647003513279856,0.83828725809052,0.2264130932374656,1.2108380150829225,165.17780985438984,163.78409180743753,162.54558227522077,167.99751855353657,161.40958144646345,0.005585751518325299,0.0033697857778448204,Tokyo
2025-06-20,167.315,168.394,166.896,168.28,109961,72.52651417149696,1.1786019860716408,0.9063502036867441,0.27225178238489667,1.2313495854341439,165.47325653492413,163.96040193263607,162.62153482786687,168.417702393942,161.62039760605805,0.011638532198336105,0.0034656526344572763,Tokyo
2025-06-23,168.04,169.706,167.911,169.103,144480,75.3134682059705,1.3200622185793804,0.9890926066652714,0.330969611914109,1.271610329331704,165.81894638874087,164.16207244508172,162.70738204868985,168.9990473323275,161.69275266767244,0.01094624324453597,0.0035081467550647115,Tokyo
2025-06-24,169.095,169.275,167.908,168.191,126357,67.18066898860361,1.343097304235556,1.0598935461793284,0.28320375805622766,1.2784238772365837,166.04485625647985,164.32006960409814,162.78001275003172,169.33007160166008,161.83872839833995,0.00883527873414991,0.0037828364089984995,Tokyo
2025-06-25,168.196,169.374,168.001,169.254,105047,71.09822352164588,1.4306365046301437,1.1340421378694916,0.2965943667606521,1.2851793145768269,166.35048899395798,164.5135570706041,162.86576092552798,169.82201218558086,161.92218781441912,0.016369619523443513,0.003926426864539727,Tokyo
2025-06-26,169.254,169.393,168.551,168.907,118054,68.23488507580302,1.4552368866529264,1.1982810876261785,0.2569557990267479,1.2535236492499118,166.59396623262865,164.68584895018824,162.9457773371104,170.17800426716434,162.06889573283564,0.011025648699608093,0.004012569746197965,Tokyo
2025-06-27,168.871,169.798,168.621,169.466,118397,70.30932571659925,1.502519386680433,1.2591287474370294,0.24339063924340354,1.248057674303489,166.8674932580926,164.87330585410243,163.0321379021818,170.51461306889007,162.35358693110993,0.007047777513667697,0.0038252920227114535,Tokyo
2025-06-30,169.264,169.855,168.695,169.731,118760,71.26728274874802,1.5435809535204328,1.31601918865371,0.22756176486672275,1.2417678404246681,167.1402081858933,165.0638036637455,163.12086455248405,170.79593910879433,162.72576089120562,0.0037137129441817684,0.003790712793621044,Tokyo
2025-07-01,169.68,169.736,168.451,169.259,117875,67.11374419951856,1.5205086089817428,1.3569170727193167,0.16359153626242606,1.2448558518229058,167.34199788247489,165.22832116712803,163.20216435973592,170.93976556812024,163.14563443187976,0.006349923598765628,0.003931619498625267,Tokyo
2025-07-02,169.246,169.782,169.031,169.413,112276,67.77368071033611,1.4973891526168472,1.3850114886988227,0.1123776639180245,1.2095804338355556,167.53923617938204,165.39242621939752,163.28442708344804,170.87913953821496,163.85656046178505,0.0009394164982807762,0.003672539894470646,Tokyo
2025-07-03,169.442,170.605,169.261,170.348,61400,71.51161094065878,1.5367982491672478,1.4153688407925078,0.12142940837474003,1.2191818314187297,167.80673749563138,165.58676244608782,163.3779843406209,171.09717316063728,164.2514268393627,0.00853132197007822,0.003494189169481584,Tokyo
2025-07-04,170.353,170.416,169.867,169.973,69122,68.09990694649035,1.520246421687716,1.4363443569715495,0.08390206471616657,1.1713117006031064,168.01304821033318,165.7587717619275,163.46533554140737,171.2505988694463,164.5941011305537,0.0029917505576340098,0.003530994180881738,Tokyo
2025-07-07,170.18,171.307,169.876,170.942,106942,71.83864867908949,1.5672528654380926,1.462526058664858,0.10472680677323454,1.1898608648457405,168.29199599982528,165.96203561440095,163.5643642097331,171.51504035171416,164.92055964828586,0.007134819213932664,0.0036359610340511916,Tokyo
2025-07-08,170.919,172.015,170.89,171.805,110350,74.68437936401587,1.655064149112178,1.501033676754322,0.15403047235785605,1.1852279459281876,168.62656780936572,166.19117147265976,163.67351170364392,171.92747708424568,165.1475229157543,0.015042036169421014,0.0037082022170881633,Tokyo
2025-07-09,171.709,172.271,171.263,171.43,103214,71.31221015756665,1.675086503567826,1.5358442421170229,0.1392422614508031,1.1725688069333156,168.8935613513309,166.3966157286339,163.77624664796653,172.21475171775506,165.40184828224488,0.011905815964536437,0.0037918917492861734,Tokyo
2025-07-10,171.402,171.773,170.928,171.094,96986,68.3349607056143,1.644880809724583,1.557651555638535,0.08722925408604798,1.1491710350095072,169.10312693691844,166.5808268765306,163.87317053342392,172.3641491265397,165.7481508734603,0.004379270669452984,0.0038716357276825123,Tokyo
2025-07-11,171.09,172.417,170.8,172.298,107386,72.72865449123864,1.6985158836682217,1.5858244212444723,0.11269146242374939,1.1825873896516848,169.40740056197384,166.80502974411766,163.98475767867657,172.70551587176078,166.00218412823926,0.013678643078606445,0.00406400338394233,Tokyo
2025-07-14,171.632,172.463,171.605,172.256,100139,72.35151252925505,1.7178309315309548,1.612225723301769,0.10560520822918584,1.159402576105136,169.67869574654776,167.01879328356404,164.0943105571047,173.04294800799397,166.16315199200602,0.007686817751050068,0.003984519654891431,Tokyo
2025-07-15,172.254,173.073,172.157,172.677,93061,73.81717284993162,1.7469714284999895,1.639174864341413,0.10779656415857652,1.1420166778119119,169.96424853259083,167.24068374303212,164.20798856297085,173.3209550012633,166.48104499873673,0.0050755216670062,0.003825395418188463,Tokyo
2025-07-16,172.618,173.235,171.833,172.044,117854,67.98189529075853,1.69939806939027,1.6512195053511844,0.04817856403908549,1.160586915111062,170.1623201009155,167.42904908644263,164.31177679392488,173.3307597567993,167.02284024320073,0.003581636819693257,0.003965635194237326,Tokyo
2025-07-17,172.077,172.667,171.852,172.202,104868,68.64809750308694,1.6553631234280601,1.6520482289665597,0.0033148944615004616,1.1359021354602716,170.35657532939973,167.61622363207232,164.41628306155502,173.34819221559033,167.51910778440967,0.006475972272552033,0.003950427133654659,Tokyo
2025-07-18,172.204,173.104,172.0,172.99,105153,71.79961225044526,1.6648586714812836,1.6546103174695046,0.010248354011779037,1.1336234114988246,170.60737767898073,167.82695996022636,164.52984222630266,173.611996976392,167.726303023608,0.004016297345297071,0.0037878378851497266,Tokyo
2025-07-21,171.916,172.841,171.907,172.222,103133,64.94731304367042,1.592060497773872,1.6421003535303782,-0.05003985575650627,1.1300074535346227,170.7611512333635,167.99931447159003,164.6317251107225,173.74900380001182,167.90119619998822,-0.00019738064276419998,0.003906818340323417,Tokyo
2025-07-22,172.198,172.924,171.358,172.282,98416,65.22652692262557,1.5216680768034507,1.6180138981849927,-0.09634582138154202,1.16114977828215,170.9059939730432,168.16726292368452,164.73305325495133,173.74242773938514,168.31687226061487,-0.002287507890454288,0.0036179537432499418,Tokyo
2025-07-23,172.282,172.73,171.365,172.37,118299,65.658592712578,1.4561963159086133,1.585650381729717,-0.12945406582110364,1.175710508404852,171.04542311846765,168.33207614236355,164.83420486746854,173.82579116418776,168.54510883581224,0.0018948641045313241,0.003414420134517567,Tokyo
2025-07-24,172.357,172.915,171.744,172.66,107779,67.1089645783719,1.411439850068973,1.5508082753975683,-0.13936842532859517,1.1753740435187905,171.19919234528027,168.5017986465846,164.93785778313122,173.86066358504084,168.88553641495915,0.0026596671351086787,0.0033451737430866897,Tokyo
2025-07-25,172.619,173.606,172.419,173.342,104957,70.2871329299681,1.4146940167180446,1.5235854236616635,-0.10889140694361887,1.1762044689817328,171.40326926477738,168.69161046436562,165.0491709250765,174.03271844214498,169.10108155785503,0.002034799699404566,0.003370263728005745,Tokyo
2025-07-28,173.605,173.89,172.061,172.061,114033,58.795253544440165,1.2989336741585475,1.4786550737610404,-0.1797213996024929,1.2228327211973218,171.46591028717953,168.8237433873317,165.14204283335363,173.99963100387401,169.367168996126,-0.0009348399159224696,0.0038707240021330917,Tokyo
2025-07-29,172.03,172.312,171.041,171.337,108273,53.47379863206376,1.135680600367948,1.4100601790824219,-0.2743795787144738,1.2262732411118,171.45363311697196,168.92230247018142,165.22409524615688,173.81395252653428,169.76064747346575,-0.005485192881438672,0.003950636564111603,Tokyo
2025-07-30,171.34,171.54,170.41,170.449,119376,47.76368174800572,0.9239959345734121,1.3128473301806198,-0.3888513956072077,1.2193965810323855,171.35795377249846,168.98217296154687,165.29329928263164,173.65191135551288,170.02628864448712,-0.011144630736206973,0.004156816312209421,Tokyo
2025-07-31,170.426,172.327,169.712,172.031,124543,56.64574542034266,0.8738156871894205,1.22504100158238,-0.35122531439295956,1.3190825395300732,171.4220534132129,169.1017348061921,165.38254035173588,173.5954169364356,170.25108306356438,-0.0036429977991427887,0.004474414554387077,Tokyo
2025-08-01,172.006,172.378,170.276,170.758,138331,49.370969999277186,0.722992807476146,1.1246313627611333,-0.40163855528498726,1.3750052152779233,171.35881023100214,169.16668638241987,165.45373849277252,173.4707368235593,170.45426317644072,-0.014906946960344336,0.004781913071351526,Tokyo
2025-08-04,170.668,171.16,169.901,170.193,95656,46.51564176777128,0.5515162742822781,1.0100083450653623,-0.4584920707830842,1.3667191284723563,171.24778068519242,169.20693397526614,165.51651016836493,173.5708968913068,170.2792031086932,-0.010856614805214382,0.004663593100222348,Tokyo
2025-08-05,170.178,170.937,169.812,170.794,86516,49.83888600155619,0.45882649728667957,0.8997719755096258,-0.4409454782229463,1.3494534764386166,171.20456347707886,169.26917185858906,165.58641069593628,173.59622575606505,170.15277424393497,-0.0031691928771950817,0.004585573769656158,Tokyo
2025-08-06,170.791,171.977,170.608,171.789,88144,54.84161694312866,0.460350729016227,0.8118877262109461,-0.3515369971947191,1.350849656693001,171.26022409830944,169.36798864844832,165.66856419665237,173.60210671843421,170.18279328156578,0.007861589097031718,0.004757337489095224,Tokyo
2025-08-07,171.714,172.161,171.272,171.63,119698,53.91624078830287,0.4436150048269383,0.7382331819341446,-0.2946181771072063,1.3178603955006447,171.29544085085138,169.45669497596015,165.74752361126625,173.59262614928403,170.24587385071598,-0.0023309752312083987,0.004739258972172547,Tokyo
2025-08-08,171.494,172.335,171.358,171.859,106384,55.09156851491815,0.4437153348230538,0.6793296125119265,-0.23561427768887266,1.293513224393456,171.3491131507703,169.55090301611858,165.8284703184018,173.56124801289707,170.23335198710294,0.00644772133662852,0.004469301825887439,Tokyo
2025-08-11,171.739,172.191,171.544,172.059,91888,56.143587039158064,0.4546917718875818,0.6344020443870576,-0.1797102724994758,1.2473337083653513,171.41672142212553,169.64925976058453,165.91099389034352,173.5447766330363,170.2301233669637,0.010964023197193695,0.004478438166399642,Tokyo
2025-08-12,171.909,172.847,171.756,172.569,110211,58.794385784116606,0.4987936325861142,0.607280362026869,-0.10848672944075477,1.236167014910684,171.52646223906598,169.7637593778165,165.9991794017297,173.52921745390472,170.23488254609526,0.010392636743679295,0.004495136697268258,Tokyo
2025-08-13,172.31,173.009,172.226,172.488,101653,58.19277962071527,0.5212005760668887,0.590064404834873,-0.06886382876798425,1.2037979424170626,171.61803726391685,169.87059234339233,166.0851240454154,173.5724418197614,170.2360581802386,0.004068945043047112,0.004414921572366791,Tokyo
2025-08-14,172.446,172.491,170.959,172.085,112253,55.16816749979037,0.5006681178131487,0.5721851474305282,-0.07151702961737949,1.2272409465301304,171.6625099054486,169.95743185933773,166.16459260110526,173.56301215971038,170.23378784028958,0.0026510516809417073,0.0044442574617295045,Tokyo
2025-08-15,172.017,172.367,171.495,172.15,100348,55.56928982582819,0.48406099960510574,0.5545603178654437,-0.07049931826033795,1.2018665932065484,171.70893753350109,170.04341492367743,166.24386952029593,173.4457306635326,170.26706933646742,0.0016932485351364157,0.004312854438031598,Tokyo
2025-08-18,172.35,172.67,172.045,172.387,91335,57.07727577437208,0.4844393428938645,0.5405361228711278,-0.05609677997726337,1.1606618365489378,171.77351491126288,170.13532022078815,166.32523548691452,173.4636548583392,170.26564514166077,0.0019063228311217983,0.004209309952404404,Tokyo
2025-08-19,172.278,172.694,171.686,171.965,90145,53.589545419212435,0.4455512717623549,0.5215391526493732,-0.07598788088701836,1.149757419652584,171.7917515863807,170.20707236899256,166.39993435463754,173.43663157006247,170.26096842993755,-0.0035000492556599427,0.004245181490673593,Tokyo
2025-08-20,171.845,172.008,171.11,171.606,97387,50.74855340653728,0.38136772575606415,0.4935048672707114,-0.11213714151464726,1.1317747468202564,171.77406095910635,170.2619322760909,166.46888886649666,173.38231450472423,170.23888549527575,-0.005113399192987367,0.004265524316940231,Tokyo
2025-08-21,171.601,172.355,171.504,172.198,102408,54.98640354037395,0.3739604720387888,0.4695959882243269,-0.09563551618553812,1.1117194077616666,171.81443610585814,170.33785650055793,166.54477113316557,173.3197351750723,170.25526482492768,0.0006566522358137927,0.00432472137504427,Tokyo
2025-08-22,172.064,172.667,171.819,172.127,100401,54.38203288840645,0.35823159266442417,0.4473231091123464,-0.08909151644792224,1.0928823072072626,171.8442040957764,170.40801899073213,166.6187079393488,173.0860660626007,170.36743393739926,-0.0001336044147545179,0.0042169801846802055,Tokyo
2025-08-25,172.131,172.656,171.57,171.58,84278,49.837224662814904,0.29819065762566765,0.41749661881501066,-0.119305961189343,1.0923907138353162,171.81904180094057,170.45397903031125,166.68442041697332,173.05411331094214,170.35128668905784,-0.004681327478290087,0.003940811955731386,Tokyo
2025-08-26,171.609,172.111,171.318,171.59,107158,49.91962425453119,0.24854957567077918,0.3837072101861644,-0.1351576345153852,1.0710056628470777,171.7972282960891,170.4985288722598,166.74939498098692,173.05705155523032,170.37364844476969,-0.002180676300409967,0.003822205902945239,Tokyo
2025-08-27,171.523,171.901,171.245,171.536,91077,49.44727384170259,0.2025168239891002,0.3474691329467515,-0.14495230895765132,1.041362401215144,171.77234941074727,170.53921401452413,166.8127937229606,172.9767163475727,170.5626836524273,-0.0004079111452979234,0.0036183907002310576,Tokyo
2025-08-28,171.484,171.782,171.112,171.636,96583,50.38356193042691,0.17212060174287558,0.31239942670597637,-0.1402788249631008,1.0148365154140633,171.75936375258084,170.58222522964084,166.87667724980884,172.95187975981054,170.5480202401895,-0.003263684827930713,0.0029514250784262925,Tokyo
2025-08-29,171.525,172.01,171.231,171.732,95800,51.31576216830438,0.15400252902298917,0.28072004716937893,-0.12671751814638976,0.9979910500273441,171.75675768090647,170.6273144363216,166.9409861604074,172.90660597012197,170.69069402987805,-0.002294817198928767,0.00239847753888499,Tokyo
2025-09-01,171.958,172.537,171.751,172.251,72912,56.11607856246367,0.1794541526296598,0.2604668682614351,-0.08101271563177531,0.9842059750253914,171.803828377963,170.69098837999528,167.01131746954107,172.72817038009117,171.07492961990886,0.0039107122042194575,0.0023149024667602058,Tokyo
2025-09-02,172.253,173.408,172.145,172.582,115437,58.899469654334105,0.22375438021174432,0.25312437065149695,-0.029369990439752636,1.0041198339521475,171.87793996101414,170.76514569842683,167.08510134411668,172.69014938436632,171.29175061563367,0.005781222681974452,0.0022346174522805307,Tokyo
2025-09-03,172.608,173.292,172.534,172.694,103583,59.827939125717286,0.26484710119243005,0.2554689167596836,0.009378184432746461,0.9865398458127091,171.9556599647271,170.84078704358657,167.159391392539,172.794969530326,171.27743046967402,0.006750769517768873,0.0018580939321557958,Tokyo
2025-09-04,172.617,173.211,172.45,172.953,85388,61.9675786100079,0.31468502103552964,0.26731213761485284,0.0473728834206768,0.9704298568260887,172.05064472999118,170.92361892423025,167.23612793038615,172.93872445035348,171.26597554964653,0.007673215409354617,0.0018555510456100942,Tokyo
2025-09-05,172.961,173.286,172.487,172.619,84168,57.699614221086456,0.3235017956016293,0.27855006921220815,0.04495172638942113,0.9581848670527972,172.10477380332534,170.99010445661338,167.30742424918898,172.99893617575887,171.28176382424115,0.00516502457317225,0.0019105219933743625,Tokyo
2025-09-08,173.443,173.902,173.066,173.516,83239,64.7261300603315,0.39827845036876397,0.3024957454435193,0.09578270492524465,0.9813859479775965,172.23917629824672,171.089159183805,167.38965704059046,173.26763536406648,171.15876463593347,0.007343934142617359,0.002203829164522968,Tokyo
2025-09-09,173.356,173.501,172.129,172.599,86944,54.71927495071562,0.37917436563796514,0.3178314694824085,0.06134289615555666,1.010358380264911,172.27344522222322,171.14836862757736,167.45865496058263,173.2713495411363,171.1580504588637,9.850389959553674e-05,0.002461832958905297,Tokyo
2025-09-10,172.397,172.907,172.269,172.424,78265,53.034169291737825,0.3459255885339587,0.32345029329271857,0.022475295241240145,0.983761353103132,172.28778377248767,171.19839338728022,167.52442112004513,173.26504769089684,171.15795230910317,-0.0015634590663252679,0.002470404541755387,Tokyo
2025-09-11,172.374,173.052,172.183,172.772,85755,55.93991755535564,0.3436944886543074,0.32749913236503636,0.016195356289271046,0.9755641135957653,172.33389960367933,171.26010345052413,167.59392547607104,173.3264816428462,171.16521835715378,-0.0010465270911751423,0.002446931171488997,Tokyo
2025-09-12,172.695,173.436,172.612,173.187,81894,59.18308721330214,0.37113514272408565,0.33622633443684624,0.03490880828723941,0.964738105481783,172.41514726047177,171.33566802109183,167.66800593334162,173.45571010819364,171.13968989180634,0.003290483666340327,0.0024959487532491336,Tokyo
2025-09-15,172.918,173.445,172.834,173.267,66166,59.79742162621331,0.39478653673631925,0.34793837489674084,0.046848161839578406,0.9394710979473693,172.4962760928078,171.41140653006863,167.74216479515167,173.57820936538258,171.10519063461743,-0.0014350261647340101,0.002483557847445743,Tokyo
2025-09-16,173.336,173.812,173.016,173.766,87490,63.48878051387898,0.4486241071249992,0.3680755213423925,0.08054858578260671,0.9292231623797015,172.61720217920703,171.5037435288895,167.82195069190465,173.8072564713714,171.05624352862864,0.006761336971824905,0.002463684286316048,Tokyo
2025-09-17,173.538,173.838,173.086,173.626,82861,61.77499197236805,0.4745239231602625,0.3893652017059665,0.08515872145429598,0.9165643650668643,172.7132781621397,171.58696927285462,167.89882551717744,173.94900419594148,171.1164958040585,0.006971187305711446,0.0024081814460397725,Tokyo
2025-09-18,173.489,174.468,173.468,174.398,89673,67.05593396756814,0.5509921673683777,0.42169059483844873,0.12930157252992902,0.922524053276374,172.8737278609835,171.69720577195838,167.98490729840688,174.27483202520466,171.01066797479535,0.009411247192832262,0.00247937753723421,Tokyo
2025-09-19,174.188,174.496,173.469,173.685,87912,58.95489706790943,0.5477465790144436,0.44690179167364774,0.10084478734079583,0.9299866208994912,172.95099187422318,171.77515848678354,168.06040521498429,174.39720376800045,171.04409623199956,0.0028755045124633227,0.0026892635704227103,Tokyo
2025-09-22,173.622,174.364,173.529,174.332,73125,63.28899841265924,0.5905741484919531,0.4756362630373089,0.11493788545464423,0.9232018622638138,173.0825164576305,171.8754267814195,168.14347269558053,174.5914032413638,171.1250967586362,0.006146583019270846,0.0026408216679545985,Tokyo
2025-09-23,174.182,174.485,173.917,174.418,77481,63.83563340607994,0.6242587211767159,0.5053607546651904,0.11889796651152551,0.8978303006735423,173.20970536642758,171.97513553508932,168.22657901749338,174.7583952794679,171.24090472053211,0.003752172461816583,0.0026362173955317876,Tokyo
2025-09-24,174.18,174.778,174.148,174.752,77702,65.95583235988056,0.6701795832952655,0.5383245203912054,0.13185506290406013,0.8786995649111461,173.35659056962496,172.0840321807721,168.31300843448025,174.9436437611012,171.37725623889878,0.006485203828919595,0.002632930179812814,Tokyo
2025-09-25,174.736,174.934,174.487,174.643,81837,64.62428619965054,0.6898249358577004,0.5686246034845044,0.12120033237319605,0.8478638817032073,173.4791057534702,172.18438385995753,168.39684938236795,175.05953543488147,171.56206456511853,0.0014048326242273035,0.002655009219474902,Tokyo
2025-09-26,174.665,175.049,174.404,174.886,79678,66.25965963700787,0.7167399564025345,0.5982476740681104,0.1184922823344241,0.8333736044386932,173.61309568171114,172.2903295909396,168.48279839717102,175.18633946316615,171.75066053683386,0.006914817053861766,0.002656419861289734,Tokyo
2025-09-29,174.77,174.985,173.982,174.143,75193,57.505957052792965,0.6703885912293686,0.6126758575003621,0.05771273372900643,0.8454897755502162,173.66356275964344,172.36298333247137,168.55776795482439,175.2053564580001,171.9208435419999,-0.001084138310809224,0.0028441006091386705,Tokyo
2025-09-30,174.18,174.407,173.386,173.568,83013,51.80227706413579,0.5805647171908106,0.6062536294384518,-0.02568891224764125,0.8580262201537733,173.65446154443933,172.41023888806075,168.62412864416447,175.18851359467428,172.03628640532574,-0.004873350227614037,0.0029494539646282843,Tokyo
2025-10-01,173.48,173.906,172.299,172.5,91930,43.22638471129559,0.4183771837737993,0.5686783403055213,-0.15030115653172205,0.9115243472856466,173.5445128259213,172.4137589316662,168.67546468861264,175.2047861531966,172.0006138468034,-0.012886833913202778,0.003280895858747953,Tokyo
2025-10-02,172.388,172.981,172.261,172.521,75625,43.42471541064343,0.28821456148097013,0.5125855845406111,-0.22437102305964096,0.8978440367652433,173.44703541392877,172.41796446375773,168.72639893114757,175.231003588938,171.931196411062,-0.012150501308383466,0.0032609379969441733,Tokyo
2025-10-03,172.412,173.245,172.39,173.077,75481,48.54947378560018,0.22730407892700555,0.45552928341789,-0.22822520449088446,0.8947837484248701,173.41179394593556,172.44380899459074,168.78402278636418,175.2098023736802,171.99819762631978,-0.010343881156867907,0.003313598260343004,Tokyo
2025-10-06,175.142,176.244,174.706,176.007,100091,66.01844706948458,0.41072402474455316,0.4465682316832227,-0.03584420693866952,1.0570849092516652,173.65895642727503,172.58354197519503,168.8796913587302,175.65917667495674,171.79792332504329,0.010703846838517883,0.004886918757607021,Tokyo
2025-10-07,175.896,177.124,175.769,177.047,80237,69.92213401244626,0.6327114577953807,0.4837968769056543,0.14891458088972642,1.0783645585908312,173.98162724372503,172.75857954479523,168.9878676321245,176.3107786713352,171.5911213286648,0.0200440173303833,0.004802288842508088,Tokyo
2025-10-08,177.002,177.851,176.892,177.537,85443,71.57875184089906,0.8385111679315571,0.554739735110835,0.28377143282072215,1.0698385186914863,174.32023417289406,172.94596858225424,169.1011011734209,176.9470493984428,171.46615060155722,0.029200000000000115,0.004781873486134673,Tokyo
2025-10-09,177.461,177.931,176.76,177.021,93144,67.37066722117657,0.9490321810817761,0.6335982243050232,0.3154339567767529,1.077064338784953,174.57744996595176,173.10577373589135,169.20600049562725,177.3438214782806,171.49427852171945,0.026083781104909054,0.004877718665334796,Tokyo
2025-10-10,176.689,177.152,175.638,175.68,98269,57.85188073967465,0.917833177925047,0.690445215029028,0.22738796289601904,1.1082740288717408,174.68245473109923,173.20672378546422,169.2917488334335,177.45986778813997,171.62753221186003,0.015039548871311759,0.005248654936340155,Tokyo
2025-10-13,176.296,176.91,175.898,176.197,88043,60.187370906706235,0.9241720423700315,0.7371905804972287,0.18698146187280273,1.1169687410951872,174.8266971376612,173.3239895193676,169.3832091137854,177.6306030228877,171.7497969771123,0.0010795025197860575,0.0052715442566436755,Tokyo
2025-10-14,175.986,176.446,175.351,176.205,104041,60.22409947427804,0.9192446906688758,0.7736014025315583,0.14564328813731753,1.1153995453026737,174.95796407693155,173.43697032252965,169.47356395996044,177.79319166007673,171.83110833992328,-0.004755799307528452,0.005251926512959294,Tokyo
2025-10-15,176.028,176.302,175.433,175.834,91706,57.571572371939034,0.8753130653682888,0.7939437350989045,0.08136933026938431,1.097799577781054,175.04139606960473,173.53097148635203,169.55780814592123,177.88209679854836,171.96300320145164,-0.009592366661597351,0.005279525656301441,Tokyo
2025-10-16,175.798,176.455,175.442,175.802,104890,57.33699549542757,0.8283659165958284,0.8008281713982893,0.027537745197539043,1.0917424650824077,175.1138345391662,173.62003142806373,169.64051267378983,177.96647974211075,172.01902025788925,-0.0068861886442851405,0.005204830506623311,Tokyo
2025-10-17,175.618,175.963,174.817,175.462,114573,54.78290776729037,0.7550213878812713,0.7916668146948858,-0.03664542681361449,1.095618003290806,175.1469931544837,173.6922654897083,169.71761846618998,177.99641424164992,172.1667857583501,-0.0012408925318762032,0.005128420399998502,Tokyo
2025-10-20,175.382,176.36,175.236,175.486,85968,54.935507009122716,0.6908680233569839,0.7715070564273054,-0.0806390330703215,1.0976452887700359,175.17927952072336,173.76260801952367,169.7940208706113,178.03727490820546,172.24132509179452,-0.0040352559918728215,0.005072687927853718,Tokyo
2025-10-21,175.339,176.614,175.295,176.103,95292,58.78629824525882,0.681951649175744,0.7535959749769932,-0.07164432580124913,1.1134563395721773,175.2672528997021,173.85438809718943,169.87758350808664,178.13118825125613,172.31591174874384,-0.0005788712011577379,0.005122402681037234,Tokyo
2025-10-22,176.125,176.422,175.762,176.324,87775,60.10141635278451,0.6848239867924519,0.739841577340085,-0.05501759054763311,1.0810666010313073,175.36789548068285,173.95123562278985,169.96296650797956,178.24093895754876,172.36336104245126,0.0027867192920596473,0.00511481816816346,Tokyo
2025-10-23,176.353,177.439,176.256,177.268,69953,65.2083740763762,0.754574975104191,0.7427882568929063,0.011786718211284741,1.088347558100499,175.5488578158559,174.081304814053,170.0597219184699,178.48070558469033,172.38609441530969,0.0083389267471361,0.005221757531198096,Tokyo
2025-10-24,177.146,177.828,177.094,177.712,76437,67.3267030333247,0.8360428437233338,0.7614391742589919,0.07460366946434194,1.0630370182361784,175.75487135720297,174.22368501742346,170.16107659504647,178.77344633998044,172.37595366001958,0.012823289373197655,0.005234869611785767,Tokyo
2025-10-27,177.957,178.228,177.625,177.874,74392,68.09011788628746,0.9032664690662671,0.789804633220447,0.11346183584582004,1.0301772312193092,175.95669313270747,174.36683462458333,170.2632345209399,179.04254928537014,172.47995071462984,0.013607923139167921,0.005097759149203936,Tokyo
2025-10-28,177.927,178.0,176.991,177.102,84284,60.799645618043456,0.8840568710407695,0.8086550807845116,0.07540179025625782,1.0286645718465004,176.06576997721152,174.47409601185456,170.35381419615925,179.10041742278426,172.77548257721574,0.005672816476721021,0.005149815405731809,Tokyo
2025-10-29,177.138,177.584,176.622,177.103,95044,60.80549977133616,0.8590116660801073,0.8187263978436308,0.04028526823647649,1.0239028167146067,176.16455378890564,174.5771902858995,170.4432073856141,178.92048315114363,173.4157168488564,0.004418003221342559,0.004874393384089796,Tokyo
2025-10-30,177.109,178.82,176.811,178.181,103008,66.59668107449342,0.9155943497596013,0.838099988226825,0.07749436153277633,1.094266901234991,176.35659628520034,174.71851615704068,170.54569470500996,178.75134299864297,174.15085700135702,0.005150393754089988,0.004977935259140504,Tokyo
2025-10-31,178.241,178.559,177.448,177.644,85872,61.70557958440726,0.9066537817049607,0.8518107469224522,0.054843034782508515,1.095462122575348,176.4792061628003,174.83324101362732,170.63971199368532,178.40409458281056,174.95480541718945,-0.00038264157738354676,0.005066713677678328,Tokyo
2025-11-03,177.522,177.975,177.215,177.616,78212,61.4521486703566,0.8870832080814921,0.8588652391542603,0.02821796892723183,1.071500542391394,176.58747224253358,174.94236881701448,170.73211315933187,178.502486571184,175.01731342881598,-0.001450464935853324,0.003522497706002155,Tokyo
2025-11-04,177.584,177.674,176.089,176.332,90543,51.08974383910605,0.7592135768028925,0.8389349066839867,-0.07972132988109426,1.1081790750777236,176.56314155276849,174.9968641575237,170.80628384596326,178.47126784019977,174.9770321598002,-0.0043477769872729555,0.003677843889345266,Tokyo
2025-11-05,176.38,177.14,175.693,177.104,92200,55.904304263734396,0.7119628562649609,0.8135404966001817,-0.10157764033522076,1.1323805697150273,176.61465188107624,175.07949693566005,170.88969730495714,178.41764522943996,174.98735477056007,5.646431737504898e-06,0.0037624908459546356,Tokyo
2025-11-06,177.034,177.213,176.272,176.645,83883,52.58965849047855,0.6302141395327681,0.776875225186699,-0.146661085653931,1.1187105290210968,176.6175421781166,175.140889212693,170.96592647972594,178.3923763236854,174.97502367631458,-0.008620447746953919,0.003750823443422172,Tokyo
2025-11-07,176.544,177.603,176.411,177.381,94346,56.99298591160336,0.6176963228390946,0.7450394447171782,-0.1273431218780836,1.123945491233876,176.69025244686742,175.22873669454816,171.05089434092162,178.43590160494193,175.1015983950581,-0.0014804890680236715,0.003420930302750773,Tokyo
2025-11-10,177.578,178.448,177.317,178.105,85656,60.84542552430403,0.6586046280182529,0.7277524813773931,-0.0691478533591402,1.1244493847171706,176.82499030907053,175.34153133397763,171.14432620395576,178.61004844467655,175.11825155532344,0.0027531303486170167,0.0034728384290686047,Tokyo
2025-11-11,177.856,178.743,177.681,178.526,78808,62.92514256962802,0.7167338742068239,0.7255487599432794,-0.008814885736455502,1.1199887143802285,176.98699123201618,175.46641245813538,171.24209671781065,178.84605277248724,175.11434722751275,0.012442438128076772,0.0034940671885731467,Tokyo
2025-11-12,178.476,179.467,178.436,179.46,84890,67.10021715200637,0.8286159460160434,0.7461621971578323,0.0824537488582111,1.113632377638784,177.22251587658607,175.62302373428693,171.35094311889927,179.24980936409773,175.07319063590225,0.013302918059445279,0.003572390857722447,Tokyo
2025-11-13,179.383,179.924,179.214,179.755,95590,68.31392192397625,0.9303626866526997,0.7830022950568059,0.14736039159589387,1.0848014935217285,177.4637048407207,175.78506201921687,171.4622551305695,179.64464718423073,175.07365281576926,0.017605932803079538,0.0035633483840509963,Tokyo
2025-11-14,179.782,179.98,178.974,179.542,106016,66.40894857931303,0.9824849172181302,0.8228988194890708,0.1595860977290594,1.0791728154130336,177.66163771303303,175.93239292042404,171.56927161890636,179.86394842209782,175.2623515779022,0.012182815521391888,0.003533400084803314,Tokyo
2025-11-17,179.48,180.016,179.254,179.965,85442,68.299511295641,1.0458686030774516,0.867492776206747,0.17837582687070452,1.0565176143121027,177.88100554988702,176.09053437452508,171.6804733193182,180.1084520470832,175.46574795291681,0.01044327784172272,0.003534728800254957,Tokyo
2025-11-18,179.766,180.285,179.596,179.995,104630,68.4351976382499,1.0860026178894486,0.9111947445432874,0.1748078733461612,1.0302663561469518,178.0823383546597,176.2436506735633,171.7905995005193,180.36044156030218,175.6029584396978,0.00822849332870268,0.0035016378526490635,Tokyo
2025-11-19,179.948,181.348,179.768,181.323,100656,73.78442513190787,1.211007870316024,0.9711573696978348,0.23985050061818924,1.0695330449935991,178.39097279707306,176.4428408432275,171.91685646077732,180.90881545114706,175.55448454885294,0.010381143430290951,0.0037713928947730978,Tokyo
2025-11-20,181.261,182.004,180.954,181.521,111204,74.4788729875512,1.3109406707036442,1.0391140298989967,0.27182664080464747,1.0681378274940552,178.68907062592325,176.6419843395715,172.04406365997232,181.45414602511852,175.43445397488148,0.009824483324524902,0.0036555622655945466,Tokyo
2025-11-21,181.422,181.649,179.764,179.994,116883,61.04784830581649,1.2524841391474695,1.0817880517486913,0.17069608739877817,1.1264851255301935,178.81334961393057,176.7734359340981,172.14936083003892,181.62386133905457,175.49293866094544,0.0025175167927280473,0.00422382178121924,Tokyo
2025-11-24,179.966,181.263,179.916,180.689,89341,64.21124122557393,1.2478531342057693,1.115001068240107,0.13285206596566224,1.1422361879923233,178.9919829840324,176.92698746609426,172.26246863361456,181.88830413800835,175.50999586199165,0.004023004473092007,0.004284653018010452,Tokyo
2025-11-25,180.599,180.85,180.092,180.553,98391,63.13079848723931,1.219155302593805,1.1358319151108467,0.0833233874829582,1.1147907459928703,179.14065127126742,177.06918403605135,172.37227699608326,182.07042494995275,175.6729750500472,0.0031000861135030977,0.004130506151792918,Tokyo
2025-11-26,180.326,181.457,180.324,181.42,98188,66.9488527896707,1.2519401319280803,1.1590535584742936,0.0928865734537867,1.1160914069933783,179.35773210257528,177.2398042699317,172.49211438686362,182.36538481009853,175.8097151899015,0.0005349569552675071,0.00420982581226003,Tokyo
2025-11-27,181.266,181.402,180.746,181.227,66163,65.32706360028328,1.2479631163703004,1.176835470053495,0.07112764631680535,1.0845134493509925,179.53575761661574,177.39616488679715,172.60780823604426,182.62173557031656,175.85796442968342,-0.0016196473135339229,0.00407606458719749,Tokyo
2025-11-28,181.052,181.515,180.523,181.003,152373,63.407222074570186,1.2127564732253404,1.184019670687864,0.028736802537476347,1.077905345825921,179.67549498646184,177.5376094010404,172.71900282894433,182.78961761159363,176.0259823884064,0.0056057424136359835,0.004005998660603357,Tokyo
2025-12-01,180.89,181.154,180.134,180.479,99612,59.03642872443377,1.1295517645138204,1.1731260894530555,-0.043574324939235076,1.0737692496954987,179.7520192734655,177.65295805198002,172.82178424842851,182.85489860897033,176.24700139102967,-0.0011622179546070255,0.0040914065580265535,Tokyo
2025-12-02,180.367,181.355,180.367,181.187,84010,62.77060003212371,1.107969137865041,1.1600946991354526,-0.05212556127041168,1.0676428747172486,179.88868410456402,177.79154793229455,172.932581808052,182.8020334152042,176.7853665847958,0.0035114343156856798,0.0036752390085491664,Tokyo
2025-12-03,181.024,181.457,180.796,181.154,83639,62.484686057331785,1.0758007649878891,1.14323591230594,-0.06743514731805078,1.0385969550945882,180.00919038031984,177.92340879769478,173.04147476423674,182.7789906175718,177.21340938242818,-0.0014662110020945418,0.003619493637603515,Tokyo
2025-12-04,181.06,181.282,180.392,180.612,87918,57.825912242331036,0.9951013188306774,1.1136089936108875,-0.11850767478021007,1.0279828868735472,180.06660082028938,178.0288437468048,173.14174662166408,182.49537140714193,177.89372859285805,-0.0033935340760483657,0.0036422774906857223,Tokyo
2025-12-05,180.461,180.921,180.093,180.86,84369,59.32046447241859,0.9403185468405013,1.0789509042568104,-0.13863235741630908,1.0136983949540084,180.1421626469285,178.1398694822242,173.24397514323147,182.26403708544578,178.4729629145542,-0.0007900421539972502,0.003572195999794722,Tokyo
2025-12-08,180.522,181.475,180.485,181.445,95052,62.680118269844726,0.9333483574255013,1.0498303948905487,-0.11648203746504748,1.0120056524572922,180.26624239484008,178.26948244370564,173.3525979890165,182.16061078170924,178.9103892182908,0.005352423273621731,0.003538446880986853,Tokyo
2025-12-09,181.242,182.641,181.227,182.394,87244,67.38577870347169,0.9929546379986505,1.0384552435121692,-0.045500605513518755,1.0407195344246276,180.46888597628387,178.431228230227,173.47235165803613,182.26530316809547,179.19249683190455,0.006661625834083029,0.003654967513900565,Tokyo
2025-12-10,182.21,182.615,181.997,182.465,87055,67.71377909308197,1.0340028106642478,1.037564756942585,-0.003561946278337169,1.0105252819657253,180.65899207378064,178.58941535845338,173.59145958309526,182.4794772396238,179.27882276037622,0.007236936529140925,0.0035237893953609187,Tokyo
2025-12-11,182.211,182.747,181.873,182.606,101001,68.39358974648341,1.0656274153377012,1.0431772886216082,0.022450126716093033,1.0007734761110323,180.84442140008724,178.7469284816513,173.71085746941188,182.706109139006,179.33729086099402,0.011040240958518854,0.0035186018720089274,Tokyo
2025-12-12,182.556,183.16,182.512,182.836,94298,69.52095717480984,1.0966082034398141,1.0538634715852495,0.04274473185456462,0.9755753706745297,181.0340955524599,178.90728422746892,173.83172028438656,182.90542743623107,179.46737256376892,0.01092557779497949,0.0034888095422739695,Tokyo
2025-12-15,182.818,183.007,181.822,182.405,92480,64.8527229024064,1.0740021747056971,1.0578912122093391,0.016110962496358017,0.9905342727692064,181.16465788079705,179.0444495518819,173.9452736581033,183.00867866452592,179.6081213354741,0.005290859489101463,0.0035448600548507497,Tokyo
2025-12-16,182.298,182.476,181.7,181.734,110337,58.290314811050884,0.9905244920826419,1.0444178681839997,-0.053893376101357804,0.9752103961428351,181.21888093976875,179.14992211847476,174.04843559640656,182.98723141259936,179.80346858740066,-0.0036185400835553327,0.0036760591774974856,Tokyo
2025-12-17,181.655,182.876,181.562,182.782,103034,64.35677625378811,0.9974348604881413,1.0350212666448282,-0.03758640615668685,0.9994096535612035,181.36774942169555,179.29235654520127,174.16411194612306,183.1757474763258,179.7608525236742,0.0017373194859289232,0.0035332545035781367,Tokyo
2025-12-18,182.664,183.172,182.281,182.356,98320,60.504485137310866,0.9574992817689179,1.0195168696696462,-0.06201758790072831,0.9916661068782597,181.4618685243912,179.41249942578162,174.27261377465123,183.26314728621597,179.75695271378405,-0.0013690678290965153,0.003580690669766311,Tokyo
2025-12-19,182.208,184.734,182.087,184.618,104110,70.57598992069268,1.0957434946610363,1.0347621946679242,0.06098129999311208,1.1099042421012426,181.76245247444916,179.61663670320195,174.40963875776845,183.83838035766595,179.644119642334,0.009746439432059217,0.003927652433611151,Tokyo
2025-12-22,184.714,184.912,184.234,184.683,91752,70.80636747324033,1.1967525675006243,1.0671602692344642,0.12959229826616014,1.0790539390940108,182.04059985783496,179.81531761680188,174.54570976759933,184.3531711189107,179.52872888108928,0.012488692744168084,0.0038841377412224165,Tokyo
2025-12-23,184.302,184.659,183.43,184.202,134719,66.64782912596762,1.2238821537139586,1.0985046461303631,0.12537750758359545,1.0914786577301518,182.24644749042213,179.9873443769273,174.67360765147222,184.6431966835679,179.6036033164321,0.013580287673192526,0.0039520908532555315,Tokyo
2025-12-24,183.956,184.269,183.28,183.482,108816,60.88360499707539,1.1737542551208264,1.113554567928456,0.060199687192370455,1.0841587536065698,182.364119158001,180.12438969547915,174.7902750997971,184.7934134855522,179.65958651444782,0.00382969876683692,0.0039919806566622185,Tokyo
2025-12-26,183.616,184.428,183.48,184.232,87800,64.34309402245387,1.1809332034581814,1.127030295034401,0.053902908423780316,1.074433128348958,182.5420125715247,180.28547245251917,174.91533105874018,185.04703450094644,179.7064654990536,0.010287569369804128,0.004046789595141418,Tokyo
2025-12-29,184.144,184.413,183.455,183.647,142833,59.893578919737834,1.1264331407200814,1.1269108641715373,-0.00047772345145591366,1.0661164763240323,182.64724946947473,180.41729706222432,175.03098230299528,185.15455413759076,179.86334586240923,-0.005259508823625025,0.00412148655797756,Tokyo
2025-12-30,183.564,184.094,183.405,183.785,89753,60.58599824400838,1.0819053634669444,1.1179097640306188,-0.03600440056367438,1.0391795851580294,182.7556066628581,180.54936384409788,175.14692955726028,185.19604659228062,180.15245340771932,-0.004862385817860804,0.0040324047779908825,Tokyo
2025-12-31,183.536,184.249,183.526,184.004,81725,61.71560371072093,1.052159607915712,1.1047597328076375,-0.05260012489192545,1.016595329075312,182.87450126639544,180.6848397717803,175.26424174855487,185.30156753451706,180.32863246548288,-0.0010749068956906749,0.003971006177935944,Tokyo
2026-01-02,183.971,184.426,183.689,183.689,81810,59.092243917834956,0.9917359007696973,1.0821549664000494,-0.09041906563035207,0.9966242341413608,182.9520725743578,180.80264997680854,175.37582795056076,185.32821965200228,180.5554803479977,0.0011281760608670144,0.004004974284499911,Tokyo
2026-01-05,183.634,184.063,182.802,183.222,101929,55.336746174684684,0.8958399945923929,1.0448919720385181,-0.1490519774461252,1.0155082174169776,182.9777799482285,180.89752644830625,175.4797507591626,185.19291539387078,180.95178460612917,-0.005482218072864642,0.003984320298782933,Tokyo
2026-01-06,183.106,183.647,183.004,183.102,93697,54.38037112070445,0.8009262220080018,0.996098822032415,-0.19517260002441317,0.9889004876014793,182.9896104293496,180.98397639150994,175.58070770274986,185.03205709829854,181.33684290170152,-0.0029676498935456985,0.003992565043723721,Tokyo
2026-01-07,182.925,183.357,182.701,183.009,85787,53.607114867678234,0.7100174118976099,0.938882540005454,-0.2288651281078441,0.9651218813442313,182.9914570551258,181.06338908203895,175.6790956801969,184.9231913544033,181.60210864559673,-0.00422232499931996,0.00395105971774608,Tokyo
2026-01-08,182.933,183.251,182.621,182.785,84241,51.70023410971812,0.6128322482852582,0.8736724816614149,-0.2608402333761567,0.9411846041053573,182.97179447844715,181.13090323568449,175.77321361820756,184.90853531863235,181.6558646813677,-0.006624855981391731,0.0037999133673338238,Tokyo
2026-01-09,182.554,183.956,182.479,183.708,90177,58.2848870859471,0.6033358124261383,0.8196051478143597,-0.21626933538822135,0.9794571323835444,183.04190929002363,181.23196585389294,175.87831012657568,184.93377747395002,181.75492252605002,0.00010343569838155986,0.003956948896624917,Tokyo
2026-01-12,183.789,184.671,183.735,184.509,85617,62.99916218953717,0.6529173990046218,0.7862675980524121,-0.13335019904779033,0.9782816229275765,183.1816322147833,181.36047699687754,175.99262389973364,185.07012835812336,181.80887164187666,0.007024265644955285,0.004057182370630115,Tokyo
2026-01-13,184.37,185.543,184.256,185.3,90829,66.96899271987142,0.7474224323751457,0.7784985649169589,-0.031076132541813184,1.0003329355756072,183.3833815276611,181.51496809503922,176.11590040437295,185.36466911013915,181.76073088986087,0.012004238074952767,0.004141471348433468,Tokyo
2026-01-14,185.162,185.573,184.274,184.486,91334,59.852363797929364,0.7480127299460833,0.7724013979227838,-0.024388667976700584,1.021666297320207,183.488392810741,181.63147915013573,176.22676265067264,185.42709540576004,181.90640459423997,0.008070641334579243,0.004244017200620521,Tokyo
2026-01-15,184.264,184.625,183.855,184.044,82298,56.35063948722782,0.704691592943874,0.758859436927002,-0.05416784398312802,1.0036901332259072,183.54130778114663,181.72608781091472,176.3303022182134,185.29426265317807,182.27023734682194,0.006887873731433292,0.0041855085814141825,Tokyo
2026-01-16,184.03,184.189,183.197,183.316,78998,51.05263192527287,0.6046457836920638,0.7280167062800144,-0.12337092258795057,1.0028551237097703,183.51984989722789,181.7884373085259,176.42282801664768,185.2643932821588,182.35350671784116,-0.0021338210638621735,0.004123408430475319,Tokyo
2026-01-19,182.856,184.139,182.758,184.136,79125,56.06343133870357,0.5847848700766178,0.6993703390393351,-0.11458546896271726,1.0298654720162153,183.57853085939666,181.88049859054453,176.52498923497026,185.18754193472512,182.60835806527484,-0.0020215816030654254,0.00418789240517173,Tokyo
2026-01-20,183.958,185.444,183.758,185.433,105569,62.58732971066265,0.6660244976420131,0.6927011707598707,-0.026676673117857597,1.0767322240150554,183.75514696802557,182.01981237130752,176.64297613252032,185.3680296331545,182.50937036684547,0.0007177549919048509,0.0035113729814201778,Tokyo
2026-01-21,185.274,185.536,184.813,184.908,100519,58.782517365880366,0.6802034138525812,0.6902016193784128,-0.009998205525831638,1.0514656365854096,183.86494249488027,182.13307463125625,176.75244664732136,185.40721484613903,182.49268515386098,0.0022874364450418128,0.0035767940055100593,Tokyo
2026-01-22,184.854,186.232,184.792,186.215,91914,64.55888885987474,0.7878227537457576,0.7097258462518818,0.07809690749387577,1.079218091115023,184.08875749536787,182.29315013591287,176.87777847980718,185.82477217469932,182.27642782530063,0.011796092238812506,0.003839224609123377,Tokyo
2026-01-23,185.995,186.877,183.784,184.128,104901,52.02194263155861,0.6966775328216102,0.7071161835658275,-0.010438650744217348,1.22305965603538,184.0924948767614,182.36510503254374,176.9738079039157,185.83689284647275,182.32890715352724,0.0044295096990987215,0.004571271354995121,Tokyo
2026-01-26,183.5,184.092,181.777,183.185,127460,47.53053619722793,0.5421030431195675,0.6741135554765756,-0.13201051235700811,1.3036268234614243,184.00606679326032,182.39725777636556,177.05607534889697,185.8277709512418,182.2333290487582,-0.00516466090281098,0.004621182082951077,Tokyo
2026-01-27,182.963,183.769,182.087,183.215,122167,47.68528024026046,0.41721302363086465,0.6227334491074334,-0.2055204254765688,1.3306534789284665,183.93072709866408,182.42932609886103,177.13765050983872,185.8357213797567,182.1821786202433,-0.011961193530817038,0.0045711325369939704,Tokyo
2026-01-28,183.19,183.578,182.568,183.355,126929,48.44934984731408,0.3257782445598707,0.5633424081979209,-0.23756416363805022,1.3077496590050042,183.87589594641037,182.46562703616058,177.21999950970843,185.83531915411785,182.1395808458822,-0.008398771280853201,0.004571260256097423,Tokyo
2026-01-29,183.289,183.729,182.076,183.266,128435,47.969701784856795,0.24332902170297643,0.4993397308989321,-0.25601070919595564,1.3324103976475052,183.8178106181808,182.49701421121313,177.30007898640105,185.82629159094557,182.0748084090544,-0.015836533039765954,0.004561372485843714,Tokyo
2026-01-30,183.04,184.075,182.903,183.361,143262,48.55515858634536,0.1835374195022439,0.43617926861959444,-0.25264184911735055,1.3209525121012546,183.7743048450207,182.53089600685183,177.38035608591892,185.82519329606222,182.04310670393775,-0.004165580465762875,0.004549707835121204,Tokyo
2026-02-02,183.43,184.277,183.184,183.44,133705,49.06839103457473,0.14090254690052006,0.3771239242757796,-0.23622137737525956,1.304670189808307,183.7424662883521,182.56654714383802,177.4606162702114,185.8212647195611,182.06883528043886,0.0013920353740752844,0.004513672656488505,Tokyo
2026-02-03,183.323,184.174,183.32,184.009,110929,52.72652542008552,0.1512837430456102,0.33195588802974574,-0.18067214498413553,1.2724794619648576,183.76785045136617,182.62311392251104,177.54734982954636,185.82418164349065,182.15661835650928,0.004333706301339779,0.004560146718807983,Tokyo
2026-02-04,183.878,185.259,183.843,185.168,107646,59.16087357380687,0.25014896802488806,0.3155945040287742,-0.06544553600388614,1.2827309289673676,183.90119802742652,182.72291337653022,177.64828559339344,185.9430361693449,182.25366383065506,0.009887922336451194,0.004749587202263076,Tokyo
2026-02-05,184.922,185.509,184.56,184.941,111067,57.50983855304268,0.30664851502544366,0.3138053062281081,-0.0071567912026644365,1.2588930054696972,184.00022678671922,182.8098971656859,177.74487783718956,185.9782360470389,182.4340639529611,0.009139720406403873,0.004749626008917885,Tokyo
2026-02-06,184.648,185.778,184.344,185.659,97596,61.198381301893306,0.40469632518230014,0.33198351001894655,0.0727128151633536,1.2714006479361473,184.15820518798407,182.92162668860016,177.84970064729302,186.1724835728947,182.4349164271053,0.01253265416309901,0.0046991518550431885,Tokyo
2026-02-09,186.083,186.242,184.853,185.741,114273,61.608281458666184,0.4834437966705991,0.36227556734927713,0.12116822932132199,1.2798006016549925,184.3089475510332,183.03219034787074,177.95422116852095,186.34075273697084,182.38984726302914,0.012543610989969478,0.0046122862065297665,Tokyo
2026-02-10,185.504,185.997,183.441,183.531,102631,47.1511116581371,0.36333490627913534,0.36248743513524884,0.0008474711438865024,1.3709577015367795,184.23485730807766,183.05175151069935,178.02808578880544,186.23442038193159,182.31927961806846,-0.002597699025591038,0.005265458554979544,Tokyo
2026-02-11,183.444,183.693,181.329,181.926,110236,39.83932365979423,0.1370577425105921,0.31740149661031747,-0.18034375409972536,1.4418892942841526,184.0149661358798,183.00760439263271,178.07971379160273,186.36636214562725,181.93133785437277,-0.017508424781819798,0.005522121196739378,Tokyo
2026-02-12,181.814,182.531,180.797,181.291,114220,37.37021275937003,-0.09244211790647228,0.2354327737069595,-0.32787489161343175,1.462754344692428,183.75554078960556,182.94028657331378,178.12224738376693,186.57141476077038,181.45098523922957,-0.019736023921142487,0.0055453168089706194,Tokyo
2026-02-13,181.124,182.281,181.096,181.104,103054,36.64984649770369,-0.28611360834258903,0.1311234972970498,-0.41723710563963884,1.4429147486429692,183.5030130953574,182.86827533514463,178.1617407959025,186.76080554289055,181.04039445710944,-0.024534226727494945,0.005494518671099216,Tokyo
2026-02-16,181.186,182.299,181.038,181.936,61768,42.006273754554606,-0.36821960673736953,0.031254876490165936,-0.3994744832275355,1.4299208380256139,183.35377375294243,182.83171551808013,178.21173098403622,186.77903119558388,180.80216880441608,-0.020485514775951508,0.005500426394972179,Tokyo
2026-02-17,181.682,182.163,180.812,181.69,97627,40.90498737766653,-0.4479753649470979,-0.06459117179728684,-0.38338419314981104,1.4242836353094985,183.19531910980504,182.78694236050836,178.25780077232713,186.62740575542006,180.57949424457996,-0.010031002936833566,0.005200383485885429,Tokyo
2026-02-18,181.625,182.545,181.398,182.334,88566,44.97225952442743,-0.45398371835986495,-0.14246968110980246,-0.3115140372500625,1.4044776613588195,183.11328871839504,182.76917991499823,178.31179016607115,186.4839934352911,180.46550656470896,0.002242670096632704,0.005277967444410777,Tokyo
2026-02-19,182.388,183.151,182.001,182.356,97443,45.11124112550665,-0.4517625283743314,-0.20432825056270826,-0.24743427781162314,1.3863006855474755,183.0411659833098,182.75297678107674,178.36535585923576,186.03524305804459,180.52835694195542,0.005874533209039523,0.004960816816371843,Tokyo
2026-02-20,182.38,183.1,182.215,182.672,101291,47.17502408862991,-0.4196660116805333,-0.24739580278627327,-0.17227020889426004,1.3504934937226554,183.0060073182327,182.74980122103452,178.42239750348432,185.9451781259727,180.47282187402732,0.008658008658008587,0.0043669047605776196,Tokyo
2026-02-23,182.6,182.815,181.979,182.26,95276,44.80940608538624,-0.4226027463314779,-0.2824371914953142,-0.14016555483616366,1.3137439584567503,182.93495900221055,182.73059333001356,178.4732266756236,185.93171065437417,180.39378934562586,0.0017808460117842984,0.004248415008283816,Tokyo
2026-02-24,182.193,184.189,182.114,183.534,90512,52.70686671358048,-0.31845799147018283,-0.28964135149028797,-0.028816639979894865,1.368119389995553,182.99201052580955,182.76209947393463,178.54025678588027,185.95259857519562,180.40480142480436,0.010149155154383749,0.004545418420434109,Tokyo
2026-02-25,183.328,184.772,183.184,184.655,91730,58.3538686236558,-0.14380944573588295,-0.260474970339407,0.11666552460352403,1.383825147853013,183.15039047573245,182.83633086711367,178.62124676222626,186.09484264078532,180.39255735921466,0.01272938672984747,0.004739016232435196,Tokyo
2026-02-26,184.554,184.686,183.814,184.247,87646,55.74492659903916,-0.03788469399836458,-0.21595691507119852,0.17807222107283394,1.347266208720656,183.25482947804366,182.89165122526606,178.6957600501438,186.17904479294629,180.40645520705374,0.01036982605453085,0.004770716753723232,Tokyo
2026-02-27,183.857,184.552,183.702,184.366,82778,56.35780294872287,0.05502939575612231,-0.16175965290573435,0.21678904866185666,1.3117471938120373,183.3606552420395,182.94946882427524,178.77086256603596,186.26901831130718,180.4169816886928,0.009273451870018379,0.004771155107792351,Tokyo
2026-03-02,183.646,184.684,183.549,183.918,128671,53.36171007156214,0.09146032766338408,-0.11111565679191068,0.20257598445529476,1.299122394254034,183.4137356951786,182.98745043900956,178.83903657178385,186.30404189041334,180.4297581095867,0.00909689454625262,0.00480900056341678,Tokyo
2026-03-03,183.884,184.325,182.015,183.091,135171,48.26122226706152,0.052989287674364505,-0.07829466789865565,0.13128395557302014,1.371327937521603,183.38299896230444,182.99151120610722,178.89535396818405,186.2445524173601,180.3974475826399,-0.0024137217082392803,0.004862368915531904,Tokyo
2026-03-04,182.79,183.226,182.361,182.698,119257,46.01055561262879,-0.00910613439879171,-0.06445696119868287,0.05535082679989116,1.3351616562700606,183.3177609658945,182.98000096273046,178.94572014079088,185.99865310846292,180.39634689153712,-0.010598142481925699,0.0046262241958521955,Tokyo
2026-03-05,182.538,183.095,182.11,182.786,130664,46.61095442175248,-0.050632677226531086,-0.06169210440425252,0.011059427177721431,1.3101501093936265,183.26711706438073,182.97239308183907,178.9965847746877,185.77177663949215,180.40772336050787,-0.007929572801728235,0.004631200298821103,Tokyo
2026-03-06,182.708,183.385,182.372,183.313,233766,50.18379954552788,-0.04055082129693233,-0.057463847782788485,0.01691302648585616,1.2889251015797945,183.27148686777304,182.98575021588462,179.05375583727465,185.37164402918597,180.57325597081405,-0.005711465237625335,0.004585848642436199,Tokyo
2026-03-09,182.531,183.512,182.399,183.472,374698,51.24393622899776,-0.01950605301820474,-0.049872288829871735,0.030366235811666996,1.2763590228955233,183.29058335655657,183.00481883486952,179.11227562750943,184.89390023037387,180.82409976962614,-0.0024249937472133887,0.0045920914780787055,Tokyo
2026-03-10,183.468,183.765,183.057,183.518,363447,51.565076868432506,0.0008738201690050573,-0.03972306703009638,0.040596887199101435,1.2357619498315573,183.31224208450357,183.02494358644327,179.170629592708,184.89235453091584,180.82434546908416,0.0023321736185830666,0.003734636833752267,Tokyo
2026-03-11,183.518,184.08,183.507,183.834,300736,53.81556239975683,0.04203897642489096,-0.023370658339098908,0.06540963476398987,1.1884218105578752,183.36193331455087,183.0566712889357,179.23239608816883,184.9826035394203,180.92489646057967,0.006217911526125164,0.0031235018813305466,Tokyo
2026-03-12,183.834,183.903,183.221,183.384,294461,50.235901214784384,0.03791436692250727,-0.011113653286777672,0.04902802020928494,1.1522488240894546,183.36403490364128,183.06950770897743,179.28738421945135,184.93644583773386,181.18035416226616,0.0032715853511755544,0.003060824908140232,Tokyo
2026-03-13,183.407,183.654,182.255,182.338,309558,43.06516128692794,-0.04919083273802016,-0.018729089177026172,-0.03046174356099399,1.169873908083065,183.2663172937707,183.0408211321548,179.3277897264785,184.79823654804758,181.44196345195243,-0.0053187717183178496,0.003355612522955265,Tokyo
2026-03-16,182.402,183.179,181.869,183.003,268651,48.13398619035999,-0.06382663494795793,-0.027748598331212525,-0.0360780366167454,1.1798829146485605,183.24123945626872,183.03933795050168,179.376468008247,184.7583372416138,181.58856275838622,-0.002556248364873226,0.0032989839843220524,Tokyo
2026-03-17,182.985,183.546,182.819,183.424,156583,51.10199682611135,-0.04098201690791825,-0.030395282046553673,-0.010586734861364577,1.1475341350308064,183.25864522233834,183.05442273675652,179.430077703502,184.6849812587809,181.8353187412191,-0.000512211336217705,0.003304150026909951,Tokyo
2026-03-18,183.424,183.832,182.91,183.094,162150,48.74722409021193,-0.04894156668385108,-0.03410453897401315,-0.014837027709837927,1.1314245539571772,183.24296472497278,183.05597478629548,179.47860647564104,184.65803827335165,181.93826172664834,-0.00402537071488418,0.0032589977473474166,Tokyo
2026-03-19,183.092,183.434,182.052,182.712,223322,46.09910375332822,-0.085092877001955,-0.04430220657960153,-0.04079067042235347,1.1493228001030935,183.19239665592775,183.04248557898975,179.52143287993718,184.63254408690895,181.99935591309102,-0.003664441826985998,0.003299302876388008,Tokyo
2026-03-20,182.712,184.255,182.59,184.24,166052,56.3204987630666,0.009444904110694097,-0.0335527844415424,0.0429976885522365,1.1861568858100147,183.29216840298227,183.0894469288333,179.58393045768636,184.7359916143155,182.0527083856845,0.01043117726420184,0.003767729816888955,Tokyo
2026-03-23,183.827,184.335,183.178,183.952,270567,54.23297498510313,0.060430973026711854,-0.014756032947891552,0.0751870059746034,1.1840742511093,183.35500950746012,183.12327253946728,179.64178568341237,184.72972583931374,182.22817416068625,0.005185707338131174,0.0037448359028913565,Tokyo
2026-03-24,183.952,184.258,183.623,184.143,205235,55.41328469750716,0.1149251184962452,0.011180197340935798,0.10374492115530941,1.1448546617443514,183.43005622103536,183.16326185164505,179.7014044160824,184.79498639505815,182.22381360494185,0.003919879623168088,0.0034238245219248096,Tokyo
2026-03-25,184.143,184.603,184.037,184.259,164451,56.15287921633273,0.16556383510629757,0.042056924894008155,0.12350691021228942,1.1035079001911836,183.5090032476034,183.20623197510997,179.76176992050515,184.71151728559778,182.2676827144022,0.006362851868439101,0.003131876683210228,Tokyo
2026-03-26,184.259,184.473,183.969,184.136,139862,55.10901818727705,0.19353931011298187,0.0723534019378029,0.12118590817517896,1.0606859073203863,183.56871722402212,183.24269346628213,179.81970674275013,184.69241566015097,182.27568433984902,0.00779368623845178,0.0030960905738490695,Tokyo
2026-03-27,184.136,184.657,183.864,184.417,135193,57.07234981536826,0.2356677955442592,0.10501628065909416,0.13065151488516505,1.0415654853689305,183.64950605982955,183.28874470289853,179.88059804417065,184.70299076140097,182.27020923859905,0.0009607034303082962,0.003112390173336648,Tokyo
2026-03-30,184.141,184.507,182.593,183.055,140718,46.46481944602503,0.15733919814093156,0.11548086415546163,0.041858333985469925,1.103882236414008,183.59288643508387,183.27957824396134,179.92264310318825,184.65662894293433,182.2302710570657,-0.004876272070974963,0.0034942166210124312,Tokyo
2026-03-31,183.023,183.651,182.828,183.361,177705,48.76866420711472,0.11858785603698152,0.11610226253176562,0.002485593505215905,1.0838192195272935,183.5708020126949,183.28277125400209,179.9681842541394,184.65957843288328,182.25432156711673,-0.004246699575873203,0.0033674775854384232,Tokyo
2026-04-01,183.2,184.244,183.187,183.983,198593,53.17933978649652,0.136493922980776,0.1201805946215677,0.016313328359208304,1.0819035609896288,183.61005896386683,183.31023120482556,180.02136062163424,184.68992933258426,182.35247066741573,-0.0014978915548221616,0.003402487723151729,Tokyo
2026-04-02,183.938,184.204,183.495,184.089,167351,53.90762036672239,0.15742324696259402,0.12762912508977298,0.029794121872821044,1.0552675923475126,183.65567239587952,183.34077115757748,180.07523663989076,184.72746178944095,182.445238210559,-0.0002552461224312186,0.003402744714519427,Tokyo
2026-04-03,183.983,184.274,183.583,183.907,71187,52.40050372914418,0.15750834983197137,0.13360497003821267,0.0239033797937587,1.0292484786084046,183.67960835817672,183.36297621022152,180.125988472475,184.7581257603229,182.4739742396771,-0.0027654717298296605,0.0033614221019838196,Tokyo
2026-04-06,183.801,184.461,183.667,184.299,121113,55.29925421388173,0.18705071419026353,0.14429411886862287,0.04275659532164067,1.0124450158506622,183.73859803835037,183.39968302550696,180.18126014833626,184.83679099369192,182.47800900630807,0.006795771762585057,0.0033871117724546913,Tokyo
2026-04-07,184.219,185.165,184.183,185.074,139002,60.429940907607566,0.2698881710043963,0.16941292929577756,0.10047524170861877,1.010270371861329,183.8657791775551,183.46534251470277,180.2460646496828,185.07081270788944,182.39958729211054,0.009342226536722675,0.003501663164214727,Tokyo
2026-04-08,185.003,185.548,184.803,184.895,215680,58.75259065144709,0.3174344614313611,0.19901723572289426,0.11841722570846686,0.9913224881569488,183.96380020826416,183.5214075141262,180.30763995233602,185.22112930596967,182.35537069403034,0.004956979720952548,0.0035007968800852343,Tokyo
2026-04-09,184.814,186.23,184.774,185.969,120749,65.02537785316667,0.43674355551024746,0.24656249968036492,0.19018105582988254,1.0245137390028802,184.1547716170009,183.61739153318007,180.38262485362958,185.63493817791223,182.20006182208775,0.010212451585917659,0.0036437007563421475,Tokyo
2026-04-10,185.884,186.883,185.879,186.804,100409,68.97570188203207,0.5918518935434918,0.3156203784529903,0.2762315150905015,1.0230484719312474,184.40707908204843,183.74235657109458,180.4676761800716,186.13290944536695,182.14869055463302,0.01575252709249786,0.003403741647284551,Tokyo
2026-04-13,186.276,187.51,186.075,187.484,126696,71.77190303491321,0.7608757835291726,0.4046714594682268,0.3562043240609458,1.0524735810790156,184.7001191694724,183.88908768595363,180.56060762139518,186.78097149184893,181.94872850815105,0.01728169984644512,0.003403483825808491,Tokyo
2026-04-14,187.454,187.541,187.085,187.266,112688,69.60596915594346,0.8672406456714441,0.49718529670887035,0.37005534896257375,1.0098683252876566,184.9444887723798,184.02151561983783,180.64942076548266,187.25284274154254,181.86105725845746,0.011843911084214787,0.003433104738984165,Tokyo
2026-04-15,187.241,187.699,187.103,187.539,106037,70.79459403709764,0.9624696328692437,0.5902421639409451,0.3722274689282986,0.9803063020528242,185.1915850797722,184.15945618376577,180.74067347057562,187.69148711717276,181.86691288282725,0.014300008112712481,0.003368071800168815,Tokyo
2026-04-16,187.562,187.598,187.099,187.494,113818,70.30651892516715,1.0225211797294094,0.6766979670986379,0.3458232126307714,0.9459272804776242,185.41086269122246,184.29022260793184,180.83012150407794,188.00035772124752,182.0362422787525,0.008200291446423869,0.003297724978894489,Tokyo
2026-04-17,187.365,187.952,186.315,186.616,132439,61.41049664335517,0.9878775633978591,0.7389338863584822,0.24894367703937692,0.9952896175863655,185.5256376730108,184.38142956448354,180.9067556563418,188.177349290369,182.09685070963096,-0.0010064024324960563,0.0031158658839649904,Tokyo
2026-04-20,186.261,187.287,186.252,187.178,123326,64.50633053483959,0.9943091738116436,0.7900089438491146,0.20430022996252906,0.9981260734730534,185.68300551367645,184.49109899332734,180.98981849533067,188.4152559327446,182.18154406725543,-0.001632139275884903,0.003113264751449956,Tokyo
2026-04-21,187.028,187.364,186.993,187.145,127282,64.18073722682749,0.9853845475111882,0.8290840645815294,0.1563004829296588,0.9533313539392645,185.8222430838025,184.59517354260862,181.07134407817398,188.61974046793776,182.2772595320623,-0.0006461397156983795,0.003121631354001709,Tokyo
2026-04-22,187.095,187.325,186.659,186.659,111308,59.423666686842616,0.9283936346260759,0.8489459785904387,0.07944765603563719,0.9328076858007454,185.90193421867843,184.67610791348673,181.1453527658803,188.73184396688933,182.40515603311067,-0.004692357323010099,0.0032135706099335436,Tokyo
2026-04-23,186.556,186.967,186.433,186.613,134789,58.97808044867401,0.8694931343927124,0.8530554097508936,0.016437724641818807,0.904321422529265,185.9696547692805,184.75206446589902,181.21777193454412,188.81321987033945,182.57148012966056,-0.004698817028811586,0.0032058700754834415,Tokyo
2026-04-24,186.325,186.88,186.325,186.795,109573,60.24815114347288,0.8279557836754918,0.8480354845358132,-0.020079700860321403,0.8793698923486036,186.04825907696807,184.83217958488336,181.2916425049475,188.9086431909224,182.71385680907767,0.0009591889227074102,0.0032004879282708024,Tokyo
2026-04-27,186.625,187.109,186.599,186.845,102193,60.60897273952595,0.7899654857212681,0.8364214847729043,-0.04645599905163622,0.852986328609419,186.12413916487588,184.9111137188095,181.3651969088555,188.84122000377246,183.1602799962275,-0.0017790552308497576,0.0025848831147510013,Tokyo
2026-04-28,186.749,186.948,186.07,186.905,155925,61.06567563276795,0.7559848763757202,0.8203341630934676,-0.06434928671774742,0.854773019423033,186.19850686345913,184.98930533767972,181.4385717842349,188.75500147513398,183.60089852486604,-0.0012824280638008556,0.002584752799896394,Tokyo
2026-04-29,186.733,187.415,186.678,187.226,152585,63.50362484321428,0.7463535171861508,0.8055380339120043,-0.05918451672585345,0.846360660892816,186.2963633526535,185.07701885384915,181.51522646258942,188.73748558482635,183.9427144151736,0.0030376247595884642,0.002528498219869452,Tokyo
2026-04-30,187.08,187.559,182.294,183.743,225221,36.67154477212491,0.4524559734657032,0.7349216218227441,-0.2824656483570409,1.1619777565433285,186.05318589049602,185.02470438899232,181.54473339685975,188.79248633001217,183.85311366998783,-0.01537942158370531,0.005072411605701405,Tokyo
2026-05-01,183.601,184.584,182.641,184.066,158601,39.235664553684984,0.24280455347428642,0.6364982081530526,-0.39369365467876616,1.2177650596473772,185.86393009140116,184.98710813844363,181.578127656504,188.7685103073349,183.89298969266514,-0.014609598757996611,0.005084050426188809,Tokyo
2026-05-04,184.053,184.402,182.796,183.858,164049,38.164048166896926,0.05918814688871521,0.5210361959001851,-0.4618480490114699,1.2454961268154214,185.67288913031533,184.94282938791645,181.60832464118607,188.83037313717583,183.78702686282415,-0.015986512885011628,0.005065876069548164,Tokyo
2026-05-05,183.646,184.761,183.646,184.626,105479,44.22172349077597,-0.024080412651414917,0.41201287418986515,-0.43609328684128007,1.2361749749000348,185.57318540361865,184.93040470603736,181.6482938512366,188.86154360425968,183.71105639574034,-0.012193360263235364,0.005064630023810128,Tokyo
2026-05-06,184.55,185.038,182.041,183.689,186567,39.17883346320624,-0.16379133066544682,0.29685203321880277,-0.4606433638842496,1.3619481909786049,185.3937391747026,184.8817221685457,181.67532307175003,188.98811048222493,183.46388951777507,-0.018891606934934302,0.005183290196681944,Tokyo
2026-05-07,183.597,184.24,183.497,183.969,133659,41.33185949086068,-0.2490487014096061,0.187671886293121,-0.43672058770272715,1.317737605908704,185.25804972949285,184.84592914232823,181.70570289861428,189.06635293266777,183.18564706733224,0.0012299788291254554,0.005002803499527612,Tokyo
2026-05-08,183.866,184.736,183.776,184.673,100322,46.46336625715084,-0.2568480807514959,0.09876789288419764,-0.3556159736356935,1.2921849197723667,185.20233070763638,184.83914760733498,181.745004846977,189.01036343030765,183.02853656969236,0.003297730162007184,0.004969988459007597,Tokyo
2026-05-11,183.767,185.249,183.73,185.24,85809,50.238490196287174,-0.21480089270593794,0.036054135766170524,-0.25085502847210844,1.308385996931484,185.20591825929006,184.8548673090081,181.7912961735071,188.83451866589502,182.979981334105,0.007516670473952658,0.004946248623517236,Tokyo
2026-05-12,184.962,185.46,184.44,185.029,108090,48.85779412544272,-0.19624197451975078,-0.010405086291013735,-0.18583688822873706,1.2877869971506644,185.18906890126243,184.8616960419882,181.83417966789776,188.67462492498345,182.91617507501655,0.0021827911561751456,0.0049461097146961865,Tokyo
2026-05-13,184.926,185.153,184.628,184.945,81146,48.288823755169936,-0.18616599047621207,-0.0455572671280534,-0.14060872334815866,1.2333022116399028,185.16582424399934,184.86496286387103,181.87538258620376,188.44622604644533,182.88517395355464,0.006837644061429948,0.004922671256913628,Tokyo
2026-05-14,184.738,185.045,184.043,184.812,93689,47.34862386740526,-0.18675983784410732,-0.07379778127126418,-0.11296205657284314,1.2167806250941942,185.1321266969518,184.86288588881726,181.91427818108846,188.1971802489104,182.8660197510896,0.004582293756013378,0.0049214987769017025,Tokyo
2026-05-15,184.677,184.839,184.176,184.576,120966,45.65014263489285,-0.20392299646178458,-0.09982282430936827,-0.1041001721524163,1.1772248661588953,185.07916224962304,184.85163546180482,181.94953277471643,188.07652189855781,182.78267810144217,-0.0005252527440394728,0.004834856782631429,Tokyo
2026-05-18,184.269,185.216,184.192,185.144,118881,50.27354710350123,-0.16973546550454444,-0.11380535254840352,-0.05593011295614092,1.1662802328618314,185.08533727346847,184.8631007378125,181.9918435988924,187.84509291446707,182.81070708553293,-0.0005182465990066776,0.004837417838983866,Tokyo
2026-05-19,185.144,185.209,184.206,184.61,113734,46.28697280068359,-0.18361434620177874,-0.12776715127907856,-0.05584719492270018,1.1546173590859874,185.04006705694766,184.8531752186826,182.02652116711897,187.5848425159818,182.81745748401818,-0.0022645098876391545,0.004864438058380147,Tokyo
2026-05-20,184.471,184.786,184.271,184.747,119498,47.438546388388296,-0.1814668670192532,-0.1385070944271135,-0.04295977259213968,1.1089304048655608,185.01215590866693,184.84901148461663,182.06255399934258,187.39454384704283,182.81655615295722,-0.0010705885533536241,0.0048524586758088495,Tokyo
2026-05-21,184.641,184.94,184.394,184.687,124660,46.963660382909744,-0.18250269538600605,-0.147306214618892,-0.03519648076711404,1.0687210902323059,184.98118867927008,184.84265809306305,182.0973148735235,187.1907461428508,182.82775385714922,-0.0006763630067311288,0.004852262258657928,Tokyo
2026-05-22,184.595,184.858,184.449,184.719,89690,47.26685749659588,-0.17868173247808272,-0.15358131819073015,-0.025100414287352574,1.021598155215712,184.9562183288634,184.8378087560802,182.13203917983444,186.9203810528125,182.8905189471875,0.0007747486130373904,0.004842577660351192,Tokyo
2026-05-25,184.71,185.142,184.71,185.035,59768,50.28907129541767,-0.1484438643026067,-0.15255382741310547,0.004109963110498771,0.9794840012717317,184.96372134516213,184.84554174603784,182.17048899202206,186.6141236671121,183.01577633288792,-0.0005887309337596625,0.004866197738731727,Tokyo
2026-05-26,184.907,185.359,184.832,185.288,78240,52.62987082893638,-0.1028792226915698,-0.14261890646879832,0.03973968377722853,0.9471637154666092,184.99460502657527,184.8628930501148,182.21178052855157,186.26281502979586,183.2053849702041,0.0036726071177075603,0.004880921672026407,Tokyo
2026-05-27,185.126,185.786,185.079,185.447,90933,54.09290164954332,-0.053324255928600905,-0.12475997636075885,0.07143572043215794,0.9300091643618509,185.03769026213953,184.88579920501226,182.2546311175774,185.69556591271825,183.59473408728175,0.00378896545004781,0.004864766749685956,Tokyo
2026-05-28,185.349,185.657,184.892,185.501,98027,54.605682403881296,-0.009583763382977395,-0.10172473376520257,0.09214097038222517,0.9182227954788625,185.08181499907863,184.90992472638433,182.29762938092074,185.75955156520897,183.70654843479102,0.0044074569406618025,0.002261037133648101,Tokyo
2026-05-29,185.516,185.984,185.186,185.727,96143,56.781492565562466,0.042823559989074056,-0.07281507501434725,0.11563863500342131,0.9096354529446583,185.14326118964257,184.9419668939771,182.34305150832577,185.88332816591105,183.74887183408896,0.00545693729394392,0.0022481542161301043,Tokyo
2026-06-01,185.673,185.978,185.392,185.717,98126,56.6520992740449,0.08259769015248253,-0.041732521980981305,0.12433021213346383,0.8865186348771836,185.1979029811052,184.97236034911526,182.38773956781816,185.9483824731256,183.8697175268744,0.003685789175021048,0.002221058297977317,Tokyo
2026-06-02,185.562,186.207,185.544,186.012,75213,59.57843896090295,0.13635123725885023,-0.006115770133014994,0.14246700739186524,0.8705530181002407,185.27543603052374,185.01313053150292,182.43574301725104,186.11818734306314,183.83851265693687,0.003907430594533912,0.002066472269317059,Tokyo
2026-06-03,185.905,186.012,185.113,185.654,100077,54.748163312582186,0.14835357488053091,0.024778098869694187,0.12357547601083672,0.8725849453787949,185.31148974190242,185.03826266752242,182.47836893755235,186.07895058485425,184.07424941514577,0.0011162218854983141,0.0017182386267006907,Tokyo
2026-06-04,185.55,186.113,185.346,185.796,92734,56.26285157818411,0.16739411204986254,0.053301301505727865,0.11409281054413467,0.8650431635660235,185.35763357600695,185.06797785703137,182.52231107082983,186.07363019812405,184.262269801876,0.001590287922976108,0.0017035182034035976,Tokyo
2026-06-05,185.652,186.206,184.496,184.729,112597,44.27141507646946,0.09528747750107414,0.06169853670479712,0.033588940796277014,0.925397223311306,185.29776371162532,185.05468460773602,182.55153873876586,186.0703129056792,184.2711870943208,-0.005373478277256316,0.0020339025157652445,Tokyo
2026-06-08,184.303,184.998,183.988,184.717,121385,44.157428226003795,0.03675051336739443,0.05670893203731659,-0.019958418669922158,0.9314402787890693,185.24245288194675,185.0414420740993,182.58022034487493,186.06583267545528,184.22336732454477,-0.005384536687540686,0.0019030407513632884,Tokyo
2026-06-09,184.584,185.465,184.584,185.108,108441,48.78456571888566,0.021660293452185897,0.04969920432029046,-0.02803891086810456,0.9278374017327072,185.22964784557087,185.0440521888405,182.6137008701084,186.06837205957126,184.2287279404288,-0.004859901511730436,0.0019516866146037455,Tokyo
2026-06-10,185.069,185.574,184.955,185.2,116757,49.83778654622755,0.016929661969300014,0.04314529585009237,-0.026215633880792358,0.9057775873232281,185.2268242412308,185.05016778927813,182.64795648772287,186.0762987864302,184.24630121356984,-0.0024454092020640417,0.0019510782499384974,Tokyo
2026-06-11,185.13,185.474,184.658,185.206,129003,49.9101328862041,0.01350902861980785,0.03721804240403547,-0.02370901378422762,0.8993649025144262,185.2248409801612,185.05627885636528,182.6818378587464,186.08117939744804,184.28082060255198,-0.0031755258455510305,0.0019423141702320814,Tokyo
2026-06-12,185.028,185.556,185.028,185.331,121023,51.48014433475439,0.020646606153746916,0.03390375515397776,-0.013257149000230846,0.8728388380491114,185.23495136300298,185.06705223454705,182.71692609902792,186.07432093908142,184.36317906091858,0.0032588277963934154,0.001917991758358335,Tokyo
2026-06-15,185.303,186.057,185.251,185.825,100342,57.1908660915523,0.06541084375265882,0.040205172873713974,0.025205670878944847,0.8680646353313165,185.2911464712884,185.09677567632951,182.75809264076264,186.14908134692936,184.35651865307065,0.005998365066561151,0.0018876259076412714,Tokyo
2026-06-16,185.804,186.32,185.455,186.247,97628,61.37330178488056,0.13340093482017323,0.05884432526300583,0.0745566095571674,0.8678457328076497,185.3821801406895,185.1418825125519,182.80430333426247,186.28133669313524,184.38796330686478,0.006153164639021602,0.0017958902700126386,Tokyo
2026-06-17,186.192,186.316,184.544,184.763,119940,44.79810738874803,0.06676751973265027,0.06042896415693472,0.006338555575715554,0.9324281804642455,185.323210603481,185.12702437480476,182.8302463364577,186.28007055328908,184.39082944671088,-0.0023596112311013995,0.0026018482150088097,Tokyo
2026-06-18,184.736,185.372,184.29,184.892,149148,46.159332861890334,0.024091567516137502,0.05316148482877527,-0.02906991731263777,0.9431118818596581,185.28214292695898,185.11780773265556,182.85755433200129,186.26479820803442,184.42660179196562,-0.0016954094359793448,0.0026050874430848603,Tokyo
2026-06-19,184.877,185.14,184.303,185.015,115080,47.48895084313436,0.00019341045171472615,0.04256786995336317,-0.04237445950164844,0.9355324617268246,185.25670074343907,185.11377605686516,182.88612977131254,186.24602702131887,184.47497297868114,-0.001705057437773494,0.002608576276944409,Tokyo
2026-06-22,184.666,185.394,184.383,184.649,132344,44.00643358060036,-0.04772900218222276,0.024508495526245982,-0.07223749770846874,0.9409230001749082,185.19882448215915,185.09554954483124,182.90947904586469,186.27225296373257,184.41014703626746,-0.006328534911879347,0.0026177376517631254,Tokyo
2026-06-23,184.649,184.844,183.78,183.87,119095,37.673839610510946,-0.14687358185631183,-0.009767919950265578,-0.13710566190604626,0.9497142144481285,185.07226976957259,185.0474887783673,182.92220117770754,186.4108119996189,184.1297880003811,-0.012762621679812347,0.002747940376315803,Tokyo
2026-06-24,183.848,183.93,183.17,183.769,130720,36.93178751248998,-0.23093416613824047,-0.05400116918786056,-0.1769329969503799,0.9361631991304065,184.9481488391371,184.99735196352935,182.9334170561485,186.50513470465978,183.8676652953402,-0.005379865016264085,0.0027324407832331385,Tokyo
2026-06-25,183.766,184.103,183.411,183.95,121664,39.24142580398243,-0.27972312344013517,-0.09914556003831548,-0.18057756340181969,0.9187229706210922,184.85308704493357,184.95627933750862,182.9468817309015,186.5282622246123,183.6894377753877,-0.005094866192155489,0.0027467582841002197,Tokyo
2026-06-26,183.937,184.83,183.716,184.138,126304,41.6323701377894,-0.2997632110876509,-0.13926909024818257,-0.16049412083946835,0.932671329862443,184.78498351684468,184.92418995172397,182.9626581318167,186.4806547602567,183.57814523974326,-0.004740156203550949,0.0027409499665610364,Tokyo
2026-06-29,184.121,185.098,184.052,184.967,105941,50.8222870240562,-0.24591697535745993,-0.16059866727003805,-0.08531830808742188,0.9407662348722701,184.80231842000234,184.92586877714655,182.98920570622977,186.40664504313048,183.5771549568695,0.0017221864185563707,0.002953951759951257,Tokyo
2026-06-30,184.967,185.864,184.662,185.664,134406,56.958369287317005,-0.1453261413767848,-0.1575441620913874,0.012218020714602623,0.9594257895242507,184.88438333238307,184.95481509961138,183.0246334452201,186.34426379070456,183.60473620929545,0.009756893457333993,0.0030613152545832852,Tokyo
2026-07-01,185.664,185.743,184.853,184.975,127537,50.27974463889603,-0.11982248351296221,-0.14999982637570236,0.030177342862740153,0.9544668045582319,184.89301349120373,184.9556066643325,183.05046611481984,186.27253932752515,183.60856067247485,0.006562586725726183,0.0031428869099942697,Tokyo
2026-07-02,184.975,185.088,183.755,184.174,168734,43.843498193996815,-0.16237292269642012,-0.1524744456398459,-0.009898477056574206,0.9815048899469295,184.824536015851,184.924955422594,183.06534735833216,186.1694671916141,183.54943280838586,0.0012177222071216853,0.0032666793312856666,Tokyo
2026-07-03,184.174,184.605,183.932,184.417,110157,46.0977625065313,-0.17447514231088235,-0.1568745849740532,-0.017600557336829137,0.9594688263792918,184.78572306196045,184.90503560210013,183.08325004232776,186.16776497191125,183.51993502808875,0.0015151679718472533,0.0030350731539151785,Tokyo
2026-07-06,184.446,185.532,184.426,185.445,90725,54.43151996239374,-0.09996291958933057,-0.1454922518971087,0.04552933230777814,0.9705781959236288,184.84851134177373,184.92621067652757,183.1145314987208,186.22927364311863,183.53122635688135,0.0025842447571728933,0.003287036133632626,Tokyo
2026-07-07,185.445,185.529,184.812,184.963,113069,50.489879524154226,-0.07889536139333586,-0.13217287379635415,0.053277512403018285,0.9524654676433685,184.85941502350957,184.92765339509512,183.13901452522782,186.21842374471797,183.527576255282,-0.0037756377111340944,0.0033113237696533455,Tokyo
2026-07-08,184.963,185.709,184.852,185.602,125977,55.12895298445663,-0.010515988317933989,-0.10784149670067011,0.09732550838273613,0.9456465056688421,184.93013740222295,184.95409835999337,183.17163684939698,186.27071928902097,183.51548071097903,0.0033896472496284247,0.003401047338968326,Tokyo
2026-07-09,185.56,185.818,185.506,185.601,92160,55.12024871633536,0.043097662818837534,-0.07765366479676859,0.12075132761560613,0.9003860409782114,184.99402907820172,184.97946705175832,183.2038138447692,186.32035847813046,183.50534152186952,0.007748107767654444,0.00340110228181845,Tokyo
2026-07-10,185.571,185.676,184.466,184.539,149235,46.68925673372483,-0.00010643002633514698,-0.06214421784268191,0.062037787816346765,0.9225013237654806,184.95069297551584,184.96219383404232,183.22149842960673,186.27578017613035,183.47071982386967,0.0006615442177237973,0.0036387259515787604,Tokyo
2026-07-13,184.324,185.469,184.309,184.867,145585,49.2701220177383,-0.0077893354745413035,-0.05127324136905379,0.04348390589451249,0.9394655149250888,184.9427222159429,184.95846074251125,183.2432931523934,186.15453689439033,183.49616310560964,-0.003116827091590557,0.003607120129702488,Tokyo
2026-07-14,184.867,185.493,184.772,185.303,144065,52.5579661897383,0.021060688296500985,-0.03680645543594284,0.057867143732443824,0.9238608352875827,184.9770343858531,184.97197208594218,183.27057403779216,185.95283997487033,183.6034600251297,0.0018382054789336522,0.0036103899790537446,Tokyo
2026-07-15,185.303,186.003,185.109,185.904,122963,56.72176393550642,0.09136699537302206,-0.01117176527414986,0.10253876064717192,0.9217279184813251,185.06531682529567,185.00852220021898,183.30545385186116,186.11308667655388,183.55731332344615,0.0016271376386030045,0.003191661097948305,Tokyo
2026-07-16,185.904,186.034,185.653,185.807,105345,55.8694827075191,0.13767117333469514,0.018596822447619142,0.11907435088707599,0.883104495732659,185.13595331812465,185.03983505511235,183.33858691342593,186.23088418561147,183.5310158143885,0.00110990781299658,0.0031954669544861113,Tokyo
2026-07-17,185.741,185.959,185.483,185.788,105340,55.69296021657773,0.1708648036655518,0.049050418691205674,0.12181438497434612,0.854025603180326,185.19805300211277,185.06917485687265,183.37102947086402,186.32866275688886,183.51053724311114,0.006768217016457356,0.003194787774486521,Tokyo
