timestamp,open,high,low,close,volume,rsi_14,macd,macd_signal,macd_histogram,atr_14,ema_20,ema_50,ema_150,bollinger_upper_20,bollinger_lower_20,return_5,volatility_20,session
2024-02-11 20:00:00,91.98999786376953,91.98999786376953,90.87000274658203,91.06999969482422,1635,68.28375356846894,0.6993624093197184,0.43119351397220806,0.2681688953475103,0.7711499471556026,89.76094314760965,89.08895300080496,88.66916535698248,,,0.015499547111043066,,NewYork
2024-02-12 00:00:00,91.05999755859375,91.44999694824219,91.05999755859375,91.19999694824219,948,69.22035769943865,0.724345208727101,0.4898238529231867,0.23452135580391426,0.7319476816965387,89.89799589052704,89.17173903795936,88.70268630521109,,,0.019677934467733804,,Tokyo
2024-02-12 04:00:00,91.19999694824219,91.8499984741211,91.0,91.80000305175781,2446,73.16004888505488,0.7835277155662794,0.5485646254518053,0.23496309011447414,0.7437195754692606,90.07913942969188,89.27480821497106,88.74371036807926,,,0.021930325955109575,,Tokyo
2024-02-12 08:00:00,91.83000183105469,92.18000030517578,90.1500015258789,91.45999908447266,24331,67.85948388821049,0.7938438621033725,0.5976204727821188,0.19622338932125372,0.8684570450714206,90.21064987300434,89.36050197455936,88.77968770207124,,,-0.007595535479828941,,London
2024-02-12 12:00:00,91.45999908447266,92.44000244140625,91.0,91.05000305175781,9490,62.023859659728934,0.7601734231668331,0.6301310628590617,0.1300423603077714,0.9225022175310031,90.29058827098086,89.42675691876322,88.80975810405386,,,-0.010433638323921302,,London
2024-02-12 20:00:00,90.94999694824219,91.43000030517578,90.87000274658203,91.41000366210938,518,64.87975671281636,0.7538485020546801,0.6548745506981855,0.09897395135649467,0.8889988499626341,90.39719926061215,89.50453130085523,88.84419844257114,92.60670038803171,87.69730122939994,0.0037334354718843166,,NewYork
2024-02-13 00:00:00,91.45999908447266,91.62000274658203,91.30999755859375,91.30999755859375,1680,63.452222531085106,0.7323245185432938,0.6703645442672073,0.06195997427608657,0.8365874479879136,90.48413243184851,89.57533389919793,88.87685803351184,92.66047963295459,87.93252192344188,0.0012061470836890464,0.0072138129175406485,Tokyo
2024-02-13 04:00:00,91.33000183105469,91.80999755859375,91.22000122070312,91.63999938964844,1708,66.10265936000103,0.7334403525311188,0.6829797059199896,0.050460646611129256,0.814683844201513,90.59421499925803,89.65630117333325,88.91345593226862,92.70973347852167,88.21226816942756,-0.0017429592242950154,0.007203845608612346,Tokyo
2024-02-13 08:00:00,91.62000274658203,93.22000122070312,90.83999633789062,92.51000213623047,19975,71.89030106337427,0.7953582153254928,0.7054554078010903,0.0899028075244025,0.9513468963907125,90.77667091706492,89.7682110150155,88.96109230583103,92.97901136681166,88.26099031165514,0.011480462084719978,0.007105471309444232,London
2024-02-13 12:00:00,92.5,92.54000091552734,91.87000274658203,91.98999786376953,7637,64.7717351212287,0.7933236277991256,0.7230290518006974,0.07029457599842814,0.9271671897183085,90.89222586437012,89.85533991104508,89.00121026024082,93.1057117820289,88.40028949970939,0.01032394047782037,0.0072879511588513106,London
2024-02-13 20:00:00,92.05000305175781,92.05999755859375,91.37000274658203,91.83000183105469,651,62.71407235861912,0.7699256363547846,0.7324083687115149,0.03751726764326968,0.907075691266646,90.98153786119722,89.9327776333984,89.03867769826485,93.15234264070641,88.62765919034827,0.0045946630797413235,0.007262490153333521,NewYork
2024-02-14 00:00:00,91.83000183105469,91.95999908447266,91.62000274658203,91.93000030517578,768,63.494646337910304,0.750796881604856,0.7360860712901832,0.014710810314672806,0.8596666861865137,91.07186761776661,90.01110009111517,89.07697336193255,93.17041819111988,88.8945834873469,0.006790086114986105,0.007253292055628151,Tokyo
2024-02-14 04:00:00,91.91999816894531,92.16999816894531,91.58000183105469,91.98999786376953,2029,63.98185538435547,0.7320400057016627,0.7352768581724792,-0.003236852470816509,0.8373928386871234,91.15930859357643,90.08870392533692,89.11555646791714,93.16569120318215,89.17831056683738,0.003819276259845017,0.007256100325954213,Tokyo
2024-02-14 08:00:00,91.98999786376953,94.91999816894531,91.9800033569336,94.7699966430664,28325,78.38007267064063,0.9307683957988786,0.7743751656977592,0.15639323010111938,1.0091424623750782,91.5031836459088,90.27228403191455,89.19044971527012,93.8314812383463,89.05251992132168,0.024429731430638757,0.009620451924609282,London
2024-02-14 12:00:00,94.73999786376953,95.27999877929688,93.98999786376953,94.45999908447266,11441,74.78979466637122,1.0511310797103306,0.8297263485002736,0.221404731210057,1.0318512993974533,91.78478511624822,90.43650815162272,89.2602450711536,94.28449498097564,89.06950587351656,0.026850758539651354,0.009712010447162148,London
2024-02-14 20:00:00,94.1500015258789,95.5,93.69999694824219,95.22000122070312,1841,77.50972849076436,1.1940805770643266,0.9025971942130843,0.2914833828512423,1.0933802782195357,92.11194855476774,90.62409611511607,89.3391822386973,94.83134013994068,89.07666080610424,0.036916033127008197,0.009749890701580843,NewYork
2024-02-15 00:00:00,95.3499984741211,95.97000122070312,94.66999816894531,95.12999725341797,1727,76.4576827801665,1.2852904869791786,0.9791358527663032,0.30615463421287537,1.1097884855905704,92.399381764163,90.80079812053968,89.41588177531612,95.19337537538098,89.2836250518651,0.03480906056368216,0.009704354584947695,Tokyo
2024-02-15 04:00:00,95.13999938964844,95.55999755859375,94.33999633789062,94.5999984741211,3095,70.39817053970485,1.2998249526724948,1.0432736727475416,0.2565512799249532,1.118471321388744,92.60896430796853,90.94978636969974,89.48454557265129,95.38295692158326,89.57104316996947,0.028372656494859205,0.009888730440765813,Tokyo
2024-02-15 08:00:00,94.5999984741211,95.5,94.0,94.81999969482422,14308,71.41103171221818,1.313949489523381,1.0974088361027095,0.21654065342067152,1.1483096785366866,92.81953910671669,91.10155944127325,89.55521383917014,95.69296363615116,89.52703605867306,0.0005276253406036879,0.008274820281575451,London
2024-02-15 12:00:00,94.8499984741211,95.43000030517578,94.80000305175781,95.37999725341797,5307,73.86257670652117,1.3547141086587686,1.1488698906139214,0.2058442180448472,1.1080467578833084,93.06339226354538,91.26934131625931,89.63236328836547,96.08374924601526,89.47324996052771,0.009739553015690738,0.008299606016918292,London
2024-02-15 20:00:00,95.33000183105469,95.72000122070312,95.0,95.08999633789062,771,70.49144502073031,1.3480798869859285,1.1887118898883229,0.15936799709760563,1.0780903665215247,93.25640217538779,91.41917092495073,89.70464981882276,96.33582053450283,89.62317833634677,-0.001365310661057162,0.007894085249021104,NewYork
2024-02-16 00:00:00,95.0999984741211,95.58000183105469,95.0999984741211,95.33000183105469,519,71.64487012770365,1.3466651385546413,1.2203025396215867,0.12636259893305457,1.0329517418061487,93.45388785687987,91.57253684283717,89.77915779249471,96.58920619119911,89.78279316793174,0.0021024343888491615,0.007892527214440637,Tokyo
2024-02-16 04:00:00,95.3499984741211,95.4800033569336,95.08000183105469,95.18000030517578,1558,69.808299249447,1.3182441724651,1.2398908661902894,0.07835330627481052,0.9846268776605168,93.61827951862234,91.71400599822299,89.85069213041103,96.80379649296408,89.90620259150857,0.0061310976787527505,0.007866443758086405,Tokyo
2024-02-16 08:00:00,95.18000030517578,96.41999816894531,95.01000213623047,95.12999725341797,11713,69.1717429359699,1.2769654607451315,1.247305785101258,0.029659675643873618,1.016944215706559,93.76225263622193,91.84796643960318,89.92061670157669,96.95313043935204,90.12386846201514,0.003269326720011234,0.007780614686817359,London
2024-02-16 12:00:00,95.1500015258789,95.29000091552734,93.5199966430664,94.41999816894531,9610,60.706987482055425,1.1734341731918505,1.2325314627193764,-0.05909728952752591,1.0738988765604718,93.82489506790988,91.94883042898915,89.98021115809813,96.9319081829824,90.48209023010355,-0.010064993836412128,0.007938927987092812,London
2024-02-20 00:00:00,92.37999725341797,92.80000305175781,91.5199966430664,92.4800033569336,4456,44.634479913523435,0.9241900264504039,1.170863175465582,-0.24667314901517812,1.2114308233643767,93.69681014305499,91.96966073988894,90.01332098854628,96.85794348147544,90.66305490109292,-0.027447608386509392,0.009381400437637008,Tokyo
2024-02-20 04:00:00,92.44000244140625,92.44999694824219,91.83000183105469,92.37000274658203,4301,43.92436335097492,0.7096062157679484,1.0786117835260554,-0.369005567758107,1.169310749535156,93.57044753386708,91.98536042642593,90.04453531646729,96.76734108605181,90.85965781531537,-0.03105002651440636,0.009382323158298482,Tokyo
2024-02-20 08:00:00,92.3499984741211,92.58999633789062,91.5199966430664,91.83000183105469,16169,40.516550680972486,0.4903213199402927,0.9609536908089029,-0.4706323708686102,1.161886826987158,93.4046908002659,91.9792679324898,90.06818387957442,96.74849412124101,90.89750502426679,-0.03519645370224822,0.00946000153554712,London
2024-02-20 12:00:00,91.83000183105469,92.13999938964844,91.5999984741211,91.70999908447266,7030,39.7779762053179,0.30335633835434805,0.829434220317992,-0.5260778819636439,1.115552310803105,93.24329158923797,91.96870836982247,90.08992977632805,96.80438880878391,90.76161003154813,-0.0359507859527709,0.009203007372139525,London
2024-02-20 20:00:00,91.5,92.58999633789062,91.5,92.58999633789062,915,47.35645089035932,0.22361596173368525,0.7082705686011307,-0.48465460686744544,1.1136540683692027,93.18107299387157,91.99307260386436,90.12304324071961,96.77067170726089,90.85532698048324,-0.019381506741614984,0.009376038187438249,NewYork
2024-02-21 00:00:00,92.61000061035156,92.76000213623047,91.9000015258789,92.05999755859375,1232,43.782829652806235,0.11631387273675386,0.5898792294282554,-0.47356535669150157,1.0948667677687867,93.07430390479749,91.99569711189297,90.14869826479743,96.75133553317522,90.89766272732282,-0.004541585024805839,0.00946466074554522,Tokyo
2024-02-21 04:00:00,92.06999969482422,92.36000061035156,91.7300033569336,92.25,1745,45.37428872348868,0.04607666018480927,0.4811187155795662,-0.43504205539475693,1.0605259681882553,92.99579877100726,92.00566977417168,90.17653007585972,96.7269489664172,90.95404926356328,-0.0012991527878510878,0.0094723746819809,Tokyo
2024-02-21 08:00:00,92.23999786376953,93.8499984741211,91.18000030517578,93.5999984741211,15035,55.100188488353886,0.09821460087673017,0.40453789263899903,-0.30632329176226886,1.1791309636893614,93.05334159987525,92.06819246828735,90.22187402815457,96.6770048790988,91.16499341191681,0.019274709874478546,0.010002586615461957,London
2024-02-21 12:00:00,93.61000061035156,94.12999725341797,92.94000244140625,92.98999786376953,6159,50.70697728725095,0.0892831427483145,0.34148694266086216,-0.25220379991254765,1.1799297330048206,93.04730886310328,92.10434169948273,90.25853792001703,96.58752926234591,91.07646915074004,0.013957025319756955,0.007449400569534779,London
2024-02-21 20:00:00,92.94999694824219,93.41000366210938,92.66000366210938,93.30000305175781,1180,52.76802697195,0.10599784846729676,0.2943891238221491,-0.18839127535485234,1.148385101954617,93.07137497630848,92.15123037996412,90.29882222639772,96.52269668456876,91.0253021252457,0.007668287525103068,0.007487047689055966,NewYork
2024-02-22 00:00:00,93.30000305175781,94.0,93.30000305175781,93.91000366210938,1256,56.61231143128057,0.16654648028695362,0.26882059511511003,-0.1022741148281564,1.1155499466434653,93.15124437495618,92.22020188122472,90.34665244408926,96.37326457907993,91.04373447487514,0.020095656664971706,0.0074032406511242285,Tokyo
2024-02-22 04:00:00,93.86000061035156,94.9000015258789,93.44999694824219,94.41000366210938,3936,59.52060260324216,0.25197294133896264,0.26545106435988053,-0.013478123020917887,1.1399978044369734,93.2711262118279,92.30607646086726,90.40047166551999,96.27513630202017,91.06986339280405,0.023414673844003975,0.0075231713978953525,Tokyo
2024-02-22 08:00:00,94.37999725341797,94.70999908447266,93.63999938964844,94.5,10735,60.03980712160725,0.323210213375674,0.27700289416303925,0.04620731921263477,1.134889631076519,93.38816181070143,92.39211267808815,90.45477005405616,96.26300844342988,91.07199140398224,0.009615401074261065,0.007426441291814422,London
2024-02-22 12:00:00,94.48999786376953,94.81999969482422,93.2300033569336,94.44000244140625,3884,59.491964072411335,0.3705534535920947,0.2957130060488503,0.07484044754324437,1.168050132243233,93.48833710886379,92.47242208057122,90.50755458898794,96.2138743861417,91.0831257359286,0.015593124109551937,0.007406063498327794,London
2024-02-22 20:00:00,94.26000213623047,94.44000244140625,94.16000366210938,94.36000061035156,616,58.722527824819146,0.39704099198417,0.31597860323591426,0.08106238874825572,1.1034366192731613,93.57135268043405,92.5464447680136,90.55858036410535,96.05627919968293,91.13872125808075,0.01136117388984137,0.007266417263038558,NewYork
2024-02-23 00:00:00,94.44000244140625,94.66000366210938,94.33000183105469,94.38999938964844,338,58.93699135009155,0.41566171822405806,0.3359152262335431,0.07974649199051498,1.047237220785908,93.64931903369255,92.61874102768556,90.60932763596685,95.95074272690363,91.17425803603584,0.005111231059750532,0.007244214324954542,Tokyo
2024-02-23 04:00:00,94.37000274658203,94.37000274658203,93.5,93.58999633789062,2043,51.2845556620534,0.36169581336324086,0.34107134365948266,0.020624469703758197,1.0358260652792681,93.64366925313999,92.656829471223,90.64880669162147,95.71476200705828,91.23623820656476,-0.008685597843566817,0.007430202760806003,Tokyo
2024-02-23 08:00:00,93.5999984741211,94.02999877929688,92.5999984741211,93.69999694824219,10884,52.20351401431051,0.32406792162439046,0.33767065925246426,-0.013602737628073791,1.0643996194409617,93.64903379553068,92.69773799973358,90.68921980760321,95.49678051225186,91.30621936567783,-0.008465640759341975,0.007442895186948228,London
2024-02-23 12:00:00,93.70999908447266,93.80999755859375,93.31999969482422,93.37000274658203,4373,49.20481639923596,0.2645699741566858,0.3230505222333086,-0.058480548076622785,1.022805569777257,93.62245940991653,92.7241013231394,90.72472686639765,95.2445137630112,91.38248666423489,-0.011329941414265465,0.0074676555527826306,London
2024-02-25 20:00:00,93.36000061035156,93.48999786376953,92.5,92.87999725341797,881,45.065257063138304,0.17585097341924438,0.29361061247049575,-0.11775963905125136,1.0204322073138037,93.55174872834525,92.73021488903267,90.7532734940403,95.10349157018959,91.36950876550378,-0.01568464759813948,0.007380741886883349,NewYork
2024-02-26 00:00:00,92.87999725341797,93.19000244140625,92.7699966430664,93.0199966430664,669,46.4513890426131,0.1155058275892884,0.2579896554942543,-0.1424838279049659,0.9770360133674938,93.50110567260441,92.74157887938694,90.78329631720622,95.09979340872044,91.42720625558619,-0.014514278582909657,0.005703785373889171,Tokyo
2024-02-26 04:00:00,93.0199966430664,93.0999984741211,92.72000122070312,92.97000122070312,1132,46.00496154055313,0.06292232263268716,0.21897618892194087,-0.15605386628925372,0.9339211844393012,93.45052429623286,92.75053661826207,90.81225929606049,95.08744756102772,91.49955195069103,-0.00662458747139083,0.005696728163501568,Tokyo
2024-02-26 08:00:00,92.95999908447266,94.3499984741211,92.94000244140625,94.01000213623047,11053,55.570543551176954,0.10397039237960826,0.19597502961347438,-0.09200463723386612,0.9682736732858425,93.50380790004216,92.79992742288829,90.85461350586407,95.08338994099,91.72160960124631,0.0033084866391139833,0.005984835643952085,London
2024-02-26 12:00:00,94.01000213623047,94.88999938964844,93.98999786376953,94.88999938964844,4587,61.745970779559855,0.20514492430720566,0.19780900855222064,0.007335915754985017,0.9633508984611416,93.63582613714752,92.8818910294279,90.90806232551684,95.1682675335771,91.95473203917682,0.016279282407133167,0.006219975049607698,London
2024-02-26 20:00:00,94.6500015258789,95.58999633789062,94.54000091552734,95.2699966430664,1230,64.06846982880818,0.3123880572945694,0.2207248183006904,0.09166323899387901,0.9695941924178301,93.7914614234255,92.97554222996276,90.96583628998769,95.40486162751742,91.98613797575408,0.025732121665846375,0.005970263640734368,NewYork
2024-02-27 00:00:00,95.27999877929688,97.58999633789062,95.26000213623047,96.94999694824219,3329,72.12584601857895,0.5268675954349362,0.2819533737275396,0.24491422170739663,1.0675582366487122,94.09227433055091,93.13140319930706,91.04509669605729,96.02252805157052,91.85747149066582,0.04224898351970352,0.006714588876420765,Tokyo
2024-02-27 04:00:00,96.95999908447266,97.95999908447266,96.75,97.58999633789062,4858,74.47414360961535,0.7399570128623338,0.3735541015544984,0.3664029113078354,1.0778096009802547,94.4253907122023,93.30624998905544,91.1317841085319,96.70504037194233,91.70895880408305,0.04969339632705827,0.006771715286242315,Tokyo
2024-02-27 08:00:00,97.5999984741211,97.76000213623047,95.41000366210938,97.55999755859375,16087,74.1587719427365,0.896081787565393,0.4780596387566774,0.41802214880871563,1.1693186307875596,94.72392469757291,93.47306361923341,91.21692600853274,97.29713232845552,91.51286675601713,0.03776189066796287,0.006210240302801827,London
2024-02-27 12:00:00,97.54000091552734,98.80000305175781,97.54000091552734,98.80000305175781,6489,78.25735896886194,1.1071078266015064,0.6038692763256432,0.5032385502758632,1.1758382582371916,95.11212263606672,93.68196320482261,91.31736411506553,98.10931292934156,91.28168667392994,0.04120564534997695,0.006290101320229499,London
2024-02-27 20:00:00,98.94999694824219,102.37999725341797,98.3499984741211,101.4000015258789,6621,83.99089195256953,1.4672322901454038,0.7765418790895954,0.6906904110558084,1.3809406178457904,95.71096824462026,93.9846313742758,91.45090898143393,99.5745066134192,90.62649283726438,0.06434349846551224,0.008119145570378314,NewYork
2024-02-28 00:00:00,101.5199966430664,102.62999725341797,101.1500015258789,101.95999908447266,3586,84.91365817133361,1.7773326603864916,0.9767000353489748,0.8006326250375169,1.3880557251808616,96.30611403889192,94.29739089232275,91.59010222783179,100.88278295973137,90.12321603318856,0.05167614537321863,0.008106870549573436,Tokyo
2024-02-28 04:00:00,101.94999694824219,102.79000091552734,101.43000030517578,102.19999694824219,5105,85.30459977989614,2.019179416398728,1.1851959115589255,0.8339835048398028,1.3860413404860141,96.8674362207348,94.60729701216273,91.73063063472465,102.01572102057195,89.76927730096126,0.047238454589035195,0.008110857850796916,Tokyo
2024-02-28 08:00:00,102.25,103.80000305175781,100.5,101.9000015258789,29195,82.4291824914555,2.1617186426425974,1.3805004577756599,0.7812181848669375,1.5234145053132309,97.34672815455805,94.89328542446533,91.86532428891212,102.90381803223391,89.62118044188719,0.04448548663276242,0.008232707971945927,London
2024-02-28 12:00:00,101.9000015258789,102.44000244140625,100.66999816894531,101.11000061035156,5837,75.23704758922277,2.185739688260057,1.5415483038725393,0.6441913843875176,1.5411071847450386,97.70513505510982,95.13707817685304,91.9877703329047,103.51601023579457,89.67598805522107,0.023380541368846153,0.008581733744650138,London
2024-02-28 20:00:00,100.5,100.5,97.94999694824219,99.36000061035156,2928,62.27470121844642,2.0400497417978443,1.6412485914576005,0.39880115034024377,1.657224852442102,97.86274129846618,95.3026829781667,92.08541576704307,103.78712212039599,89.90487617061964,-0.02011835192139222,0.009741282363848934,NewYork
2024-02-29 00:00:00,99.27999877929688,100.5,99.0,100.19000244140625,1638,65.32597915304677,1.9688677390207374,1.706772420970228,0.26209531805050945,1.6459510328172697,98.08438521684141,95.4943425649604,92.19276128590882,104.12952359895169,90.1424749972397,-0.01735971615299825,0.009807485931988229,Tokyo
2024-02-29 04:00:00,100.13999938964844,100.4000015258789,99.1500015258789,99.54000091552734,2775,61.15443317553155,1.8388091508600581,1.733179766948194,0.10562938391186405,1.6175671830428164,98.22301528338292,95.65299583361009,92.2900757180892,104.29689632687167,90.57010272708341,-0.02602735921863053,0.009693518967976952,Tokyo
2024-02-29 08:00:00,99.5199966430664,100.41000366210938,97.25,100.06999969482422,19320,63.21697932400026,1.758235411465975,1.7381908958517502,0.020044515614224823,1.7281087576137895,98.39891856066303,95.82621167130478,92.39312106877443,104.4756855133793,91.02831381523397,-0.01795880082091983,0.009694805757779758,London
2024-02-29 12:00:00,100.0999984741211,100.19999694824219,98.9800033569336,99.51000213623047,5881,59.615215142826024,1.6303987971643892,1.7166324761142782,-0.08623367894988898,1.6917024157584326,98.5047360440504,95.97067404247834,92.4873843941712,104.49477898323266,91.62322028434545,-0.015824334531329143,0.009782715591338349,London
2024-02-29 20:00:00,99.5,100.0,98.25,99.41000366210938,882,58.96911760413204,1.5036847760903527,1.674042936109493,-0.1703581600191404,1.6958785012683202,98.59095200767507,96.10554971383642,92.57907471560085,104.36110936615307,92.40989054229419,0.0005032513229734636,0.009634475030626678,NewYork
2024-03-01 00:00:00,99.48999786376953,99.94999694824219,98.83999633789062,99.47000122070312,970,59.254446712507196,1.392057530337965,1.6176458549551875,-0.22558832461722256,1.6539183781967568,98.6746709803444,96.23748898861551,92.67034526533732,104.1354150280549,93.28058533815604,-0.007186357951475264,0.009645909890409603,Tokyo
2024-03-01 04:00:00,99.44999694824219,100.30000305175781,98.5999984741211,98.75,1838,54.3683122788295,1.2313003882212996,1.5403767616084099,-0.30907637338711025,1.6572184071099207,98.68184517269256,96.33601883219922,92.750870493611,103.70593148187112,94.28806876226952,-0.00793651706109344,0.009902555733979142,Tokyo
2024-03-01 08:00:00,98.75,99.04000091552734,95.56999969482422,95.56999969482422,20201,39.05169234491981,0.8376439090763057,1.399830191101989,-0.5621862820256833,1.7870007946317632,98.3854789367051,96.30597886602764,92.78820995322972,103.47784997454535,94.67215002545466,-0.04496852217171288,0.012521903803159847,London
2024-03-01 12:00:00,95.56999969482422,95.66999816894531,95.56999969482422,95.56999969482422,3961,39.05169234491981,0.5196777911242378,1.223799711106439,-0.7041219199822011,1.6662432424895701,98.11733805652597,96.27711693774515,92.82505485046939,103.38443399205099,94.83356603846659,-0.039594034336491446,0.012361544489204892,London
2024-03-03 20:00:00,93.94999694824219,94.62000274658203,92.88999938964844,94.05999755859375,2557,33.80675465790998,0.14418077284570074,1.0078759234542913,-0.8636951506085906,1.7387980607289115,97.73092467577052,96.1901710797392,92.84141170753064,103.57928641206107,94.51771371000925,-0.05381758280283422,0.012846044416087592,NewYork
2024-03-04 00:00:00,94.06999969482422,94.86000061035156,93.61000061035156,94.4000015258789,1595,35.89454352264207,-0.12453230987223662,0.7813942767889858,-0.9059265866612224,1.7038196296306451,97.41369389959037,96.11996835213684,92.8620552812836,103.82830565057003,94.01369492926395,-0.05097013805775419,0.012173087650208508,Tokyo
2024-03-04 04:00:00,94.43000030517578,95.25,94.38999938964844,94.94999694824219,1433,39.233398999247974,-0.2897690525553571,0.5671616109201173,-0.8569306634754744,1.6434438086058885,97.17905609470007,96.07408712061157,92.88971013779961,103.98082860034182,93.59717204052731,-0.03848104356210447,0.012147927587386946,Tokyo
2024-03-04 08:00:00,94.94999694824219,97.72000122070312,94.25,96.29000091552734,14489,46.53922858425429,-0.3090309241896847,0.39192310389815693,-0.7009540280878417,1.7741192696682384,97.0943841728741,96.08255432825533,92.93474710174303,104.01084347633808,93.44015750022443,0.007533757695953103,0.012626603955882887,London
2024-03-04 12:00:00,96.27999877929688,96.33999633789062,94.29000091552734,94.56999969482422,5359,39.90697980269566,-0.45780848881182123,0.2219767853561613,-0.6797852741679825,1.7938537476014065,96.85396660353602,96.02323846027764,92.95640607648582,104.11585207581786,92.9121485650513,-0.010463534615394177,0.012788549104211972,London
2024-03-04 20:00:00,94.54000091552734,95.3499984741211,94.30000305175781,94.69000244140625,826,40.54361006485971,-0.5595820483888616,0.06566501860715673,-0.6252470669960184,1.7406483126343106,96.64787477857128,95.9709546948317,92.97936761774304,103.85581036876889,92.501190363653,0.006697904520144737,0.010991959841309056,NewYork
2024-03-05 00:00:00,94.62999725341797,94.77999877929688,94.20999908447266,94.56999969482422,556,40.08626549272258,-0.6425150329883564,-0.0759709917119459,-0.5665440412764106,1.6569243288177096,96.44998191345252,95.91601528306671,93.00043559227392,103.41148522325946,92.20651557019758,0.0018008280317527436,0.010805047862985853,Tokyo
2024-03-05 04:00:00,94.58000183105469,94.58000183105469,93.52999877929688,93.87999725341797,2742,37.46905880420631,-0.7552118392341782,-0.21181916121639238,-0.5433926780177858,1.6135216749887336,96.2052214696397,95.83617143876677,93.01208541560032,102.85651224458258,91.92948857939203,-0.01126908614233535,0.01073328127149526,Tokyo
2024-03-05 08:00:00,93.8499984741211,94.12999725341797,93.13999938964844,93.80000305175781,12482,37.166101106656086,-0.8412819589126883,-0.3377117207556516,-0.5035702381570367,1.5689354835282752,95.97615304888905,95.75632169809975,93.02252141078122,102.24163861747121,91.73436235909128,-0.02585936068225758,0.010756769997015853,London
2024-03-05 12:00:00,93.7699966430664,94.6500015258789,93.73999786376953,94.3499984741211,4309,40.715352019006524,-0.8552542758635724,-0.4412202317772358,-0.4140340440863366,1.521821064238941,95.82128118462543,95.70117176774765,93.04010388844135,101.65077248481424,91.64922827812521,-0.002326332044126689,0.010944019339736774,London
2024-03-05 20:00:00,94.4000015258789,95.94999694824219,94.4000015258789,95.31999969482422,1843,46.459468776538664,-0.7790757456024693,-0.5087913345422825,-0.27028441106018675,1.5274104372781292,95.77354009035865,95.68622384331928,93.07030118389014,101.31237995117336,91.58362072021337,0.006653260504537517,0.010830539793498845,NewYork
2024-03-06 00:00:00,95.37999725341797,96.44999694824219,95.33999633789062,96.27999877929688,1168,51.47094913314711,-0.6339322322992018,-0.5338195140936665,-0.10011271820553536,1.4989988955870412,95.82177425120992,95.70950913492625,93.11281373482268,100.78673568354725,91.71826462162852,0.018081834514019235,0.010922813849515095,Tokyo
2024-03-06 04:00:00,96.29000091552734,96.86000061035156,96.05000305175781,96.69000244140625,1517,53.47395001171467,-0.4802846607132949,-0.5231125434175922,0.04282788270429727,1.4497444539256998,95.90446265027623,95.74795985282742,93.16019371769133,100.38069002179861,91.83931043596505,0.029931884002968312,0.010953445158252894,Tokyo
2024-03-06 08:00:00,96.72000122070312,97.69999694824219,95.01000213623047,95.55999755859375,12231,47.63801715684095,-0.444575019373616,-0.5074050386087969,0.06283001923518095,1.5384007220899822,95.87165645106838,95.74058878246531,93.1919791990278,99.72988450264938,92.03911574149123,0.018763267053038213,0.011063071410729337,London
2024-03-06 12:00:00,95.55999755859375,95.87999725341797,95.18000030517578,95.41999816894531,3202,46.95430400536218,-0.422699040639273,-0.49046383901489216,0.06776479837561916,1.4784727110013949,95.82864137658046,95.72801660154296,93.22148938405982,99.12805812630934,92.23194172110276,0.0113407494661244,0.011036674645404573,London
2024-03-06 20:00:00,94.86000061035156,96.62999725341797,94.86000061035156,96.20999908447266,496,51.209699107713455,-0.3377226419234205,-0.45991559959659783,0.12219295767317734,1.4993094179306516,95.86496115828449,95.74691787538335,93.26107229399908,98.50519898315993,92.53480040648851,0.009336963832331735,0.011276133157519103,NewYork
2024-03-07 00:00:00,96.25,96.3499984741211,95.87000274658203,96.04000091552734,999,50.27506059522996,-0.2808581077807162,-0.4241041012334215,0.14324599345270533,1.426457244321519,95.88163161135523,95.758411327938,93.29787929560872,97.706414207191,92.99058515193987,-0.002492707382762638,0.011263808119322587,Tokyo
2024-03-07 04:00:00,95.97000122070312,96.69999694824219,95.87000274658203,96.23999786376953,1596,51.39889266601588,-0.21715128763500502,-0.38271353851373824,0.16556225087873322,1.3838288055591925,95.91576173063278,95.7772970744412,93.33684775346516,97.01880892932007,93.42719021618774,-0.004654096248569384,0.011216932824576491,Tokyo
2024-03-07 08:00:00,96.16999816894531,99.27999877929688,96.0,98.91000366210938,17045,63.318206183873194,0.048228037277041835,-0.29652522335558223,0.34475326063262407,1.5193401721751894,96.20092762886864,95.90014831317329,93.41066438801676,97.82804178791874,92.9519577543176,0.03505657376625115,0.010367366260640052,London
2024-03-07 12:00:00,98.91999816894531,99.27999877929688,98.87999725341797,99.25,5070,64.51174471952586,0.2827189195067916,-0.18067639478310746,0.4633953142898991,1.4393486840536716,96.4913154737383,96.03151504599002,93.48800658155297,98.5625503536211,92.58544921913281,0.04013835573831703,0.010365840245461654,London
2024-03-07 20:00:00,99.19999694824219,100.0,98.19999694824219,99.43000030517578,1778,65.15810013801193,0.47757397785457556,-0.04902632025557084,0.5266002981101464,1.4651212967945488,96.77119021958949,96.1647889777228,93.56670848517712,99.20041295420775,92.48458689320437,0.03346846742900356,0.009482540282095407,NewYork
2024-03-08 00:00:00,99.41000366210938,100.69000244140625,99.25,100.58000183105469,1661,69.03804043644057,0.7165337723241834,0.10408569826038,0.6124480740638034,1.463326343528478,97.13393418258616,96.33793457981425,93.65959978777153,100.04515218542586,92.25784769250383,0.04727197909463299,0.00968108944704198,Tokyo
2024-03-08 04:00:00,100.58999633789062,101.5,99.30000305175781,99.5,4389,62.049705697479105,0.8094333652595509,0.2451552316602142,0.5642781335993368,1.5159660774670949,97.35927378424462,96.46193714531174,93.73695608197323,100.50200931352562,92.25599086957986,0.03387367215910686,0.01014385502852321,Tokyo
2024-03-08 08:00:00,99.51000213623047,99.58000183105469,95.29000091552734,95.62999725341797,16416,44.62010908660882,0.5642754669458583,0.308979278717343,0.2552961882285153,1.7141827705996047,97.19458078130876,96.42931205151199,93.7620294749725,100.48255143733037,92.20944837956417,-0.0331615234784175,0.013454876069970322,London
2024-03-08 12:00:00,95.62999725341797,96.80000305175781,95.27999877929688,95.27999877929688,5860,43.431891663038265,0.3378495946397635,0.31475334190182713,0.023096252737936362,1.700308240497606,97.01223963826,96.38424094279766,93.78213502867216,100.46573153895218,92.2972681863896,-0.040000012299275856,0.012830435105270365,London
2024-03-10 20:00:00,94.86000061035156,95.73999786376953,94.55000305175781,95.69000244140625,1870,45.2705156154284,0.18930711394551736,0.2896640963105652,-0.10035698236504786,1.6638459647899362,96.88631228617868,96.35701590352741,93.80740479572823,100.45253691112084,92.41046281422096,-0.037614380491708066,0.01285933991781536,NewYork
2024-03-11 00:00:00,95.6500015258789,96.33000183105469,95.37999725341797,95.87999725341797,586,46.14407698573191,0.08592661277639024,0.24891659960373025,-0.16298998682734,1.6128425954175372,96.79047275924908,96.33830928979764,93.83485635145922,100.43212302661756,92.56187645458361,-0.04672901662431228,0.012856027656445009,Tokyo
2024-03-11 04:00:00,95.91000366210938,96.44999694824219,95.4000015258789,96.1500015258789,2145,47.42829195845936,0.025490075329912543,0.20423129474896673,-0.1787412194190542,1.572628464264347,96.72947549892811,96.33092467160475,93.86552052595485,100.35409061265437,92.86690929579288,-0.033668326373076374,0.012722700163057063,Tokyo
2024-03-11 08:00:00,96.18000030517578,97.52999877929688,95.70999908447266,96.5,9415,49.1219091748914,0.005769132812218913,0.1645388623616172,-0.15876972954939828,1.590302229695938,96.70762068950638,96.33755507663986,93.900414293823,100.24940906386107,93.24159053941042,0.009097592508306107,0.012724254774983868,London
2024-03-11 12:00:00,96.5,97.0,94.83999633789062,94.87000274658203,4538,42.289130773059725,-0.13977576410891857,0.10367593706751005,-0.24345170117642861,1.6310045809852165,96.53260945684691,96.28000400487288,93.91325652498539,100.20762690254543,93.33537312797216,-0.0043030650500378576,0.013319965936859107,London
2024-03-11 20:00:00,95.05999755859375,95.54000091552734,94.87000274658203,95.45999908447266,931,45.25734395877165,-0.20514854512298086,0.04191104062941187,-0.24705958575239273,1.5623465550016646,96.43045608804937,96.2478469491709,93.93374318140245,100.2027263499548,93.35427361952763,-0.0024036299620164847,0.013191360545836413,NewYork
2024-03-12 00:00:00,95.4000015258789,95.66999816894531,95.0199966430664,95.47000122070312,476,45.30869909209213,-0.25323076957860735,-0.017117321412191973,-0.23611344816641539,1.4971660847452963,96.33898419592116,96.21734319511334,93.95409097000245,100.20593321526847,93.27006699835458,-0.004276137301414296,0.012982494698536552,Tokyo
2024-03-12 04:00:00,95.41999816894531,95.55999755859375,94.0999984741211,94.23999786376953,2970,40.301678834313805,-0.3861361332285185,-0.09092108377545727,-0.2952150494530612,1.4945108084579604,96.13908073571623,96.13980024094299,93.95787781627752,100.25920376333077,92.97179599252861,-0.019864832363994278,0.013224950639202676,Tokyo
2024-03-12 08:00:00,94.22000122070312,95.33999633789062,94.05000305175781,95.0999984741211,9139,44.88757700255284,-0.4172598180745837,-0.15618883063528255,-0.2610709874393011,1.4798999074984678,96.04012052032623,96.09902370106762,93.97300524220923,100.26990819075756,92.91509165665455,-0.014507787832942043,0.013177303479558207,London
2024-03-12 12:00:00,95.12999725341797,95.7699966430664,94.87000274658203,95.33000183105469,4351,46.08054254821003,-0.41854152766498487,-0.20865937004122304,-0.20988215762376183,1.4384714501434857,95.97249016896703,96.06886598067496,93.99097870696215,100.27166421585578,92.90433599776726,0.004848730590863548,0.013186896655700338,London
2024-03-12 20:00:00,95.2300033569336,95.94999694824219,95.2300033569336,95.87000274658203,491,48.87841377204056,-0.37169901596107024,-0.24126729922519247,-0.13043171673587778,1.3871440108027857,95.96272946207323,96.06106742247525,94.01586644258627,100.26513266679899,92.876867913035,0.004295031071041233,0.013113538339428275,NewYork
2024-03-13 00:00:00,95.91999816894531,96.2300033569336,95.55999755859375,95.72000122070312,788,48.13128488618416,-0.3427290898704598,-0.26155965735424597,-0.08116943251621384,1.335912816013917,95.93961248670465,96.04769227730772,94.03843776415073,100.26156732730013,92.84843328305143,0.002618623617926419,0.013112322126025882,Tokyo
2024-03-13 04:00:00,95.75,96.16999816894531,95.33000183105469,95.37999725341797,909,46.39999670271365,-0.34324893331655915,-0.27789751254670864,-0.06535142076985051,1.300485691986502,95.8863157978202,96.0215081587238,94.05620676400858,100.25374096882102,92.77025958049539,0.012096767991191859,0.013122078307780727,Tokyo
2024-03-13 08:00:00,95.37000274658203,95.37999725341797,94.5199966430664,94.73999786376953,6269,43.24663026304063,-0.390798631677157,-0.30047773637279834,-0.09032089530435866,1.2690187451800068,95.77714266124394,95.97125285303933,94.06526359976701,99.9460290695867,92.66097089989572,-0.0037854954377263272,0.011423235878649225,London
2024-03-13 12:00:00,94.69999694824219,95.30000305175781,94.5999984741211,95.0,2853,44.88535330056922,-0.40285821204184913,-0.3209538315066085,-0.08190438053524063,1.2283704058718485,95.70312907445881,95.93316450586131,94.07764421433964,99.49802711937248,92.68397285010995,-0.003461678639632537,0.011406488528248594,London
2024-03-13 20:00:00,95.29000091552734,95.38999938964844,94.80000305175781,94.80000305175781,388,43.836815622565055,-0.4236697969503922,-0.34149702459536524,-0.08217277235502696,1.182767601324291,95.61711707229682,95.88872680177882,94.08721188106041,98.92314491456719,92.79585532957344,-0.011160943612910978,0.011367748372713989,NewYork
2024-03-14 00:00:00,94.80000305175781,94.86000061035156,94.36000061035156,94.66000366210938,1209,43.078195509479436,-0.44631506638688734,-0.36246063295366965,-0.08385443343321769,1.1339938620622583,95.52596341418374,95.84054158061531,94.09479852716701,97.7149478866409,93.41205254060519,-0.011073940086458012,0.01089405805773212,Tokyo
2024-03-14 04:00:00,94.6500015258789,95.0,94.12999725341797,94.22000122070312,1858,40.694583373350035,-0.49407078487367073,-0.3887826633376699,-0.10528812153600081,1.1151356933498704,95.40158606242368,95.77699097826581,94.09645684098868,96.50488235399182,94.09411819532458,-0.012161837556283639,0.01074937132126993,Tokyo
2024-03-14 08:00:00,94.22000122070312,95.54000091552734,93.36000061035156,93.5999984741211,13226,37.54232062376245,-0.5753147060949431,-0.4260890718891246,-0.14922563420581847,1.1912036707172593,95.23000629210915,95.69161872320133,94.0898812334805,96.61031658635625,93.78568408503048,-0.012032926064529659,0.006451659034013863,London
2024-03-14 12:00:00,93.55999755859375,93.77999877929688,93.19999694824219,93.6500015258789,3371,37.9597155489168,-0.628422210545807,-0.4665556996204611,-0.16186651092534593,1.1475430817106884,95.07952964770628,95.6115553036985,94.08405501218778,96.68804069502973,93.54496025101518,-0.014210510253906294,0.00643111687979607,London
2024-03-14 20:00:00,93.62999725341797,93.83000183105469,93.38999938964844,93.72000122070312,447,38.57853761593761,-0.6572851262914554,-0.50470158495466,-0.15258354133679541,1.0970009014312654,94.95005074989646,95.53737671220848,94.07923310766479,96.6823965625221,93.3536042614525,-0.011392424011474334,0.006329536428407567,NewYork
2024-03-15 00:00:00,93.73999786376953,94.25,93.62999725341797,93.73999786376953,561,38.76643778379893,-0.6708129192231667,-0.5379238518083613,-0.13288906741480533,1.0629273741253586,94.83480761788437,95.46689126717166,94.07473992562645,96.61670549397041,93.20529539103936,-0.009719055173754487,0.006297324013789044,Tokyo
2024-03-15 04:00:00,93.69999694824219,94.43000030517578,93.26000213623047,93.31999969482422,2927,36.25755421896506,-0.7072711531542097,-0.571793312077531,-0.1354778410766787,1.0705757529585433,94.69054019664054,95.3826994408051,94.06474336627807,96.51158049646821,93.02742020543607,-0.009552128149210248,0.006268451315779339,Tokyo
2024-03-15 08:00:00,93.30999755859375,94.55000305175781,93.30999755859375,93.80000305175781,6369,40.96028807702553,-0.6894843603458867,-0.5953315217312022,-0.09415283861468449,1.082678560396111,94.60572713522313,95.32063291574443,94.06123687204601,96.22369441774015,93.04530658933993,0.0021368010779616586,0.006341406021775057,London
2024-03-15 12:00:00,93.7699966430664,94.16999816894531,93.66999816894531,93.94999694824219,4613,42.39059443173467,-0.6557261422113214,-0.607410445827226,-0.048315696384095386,1.0410564816965278,94.54327664122495,95.26688248564629,94.05976349557179,96.2020654350282,92.9749349922179,0.003203368045652244,0.005190677357403368,London
2024-03-17 20:00:00,93.87999725341797,96.19999694824219,93.80000305175781,95.70999908447266,1731,55.89313093250746,-0.481405702409873,-0.5822094971437555,0.10080379473388246,1.138128164277437,94.6543930643914,95.2842596071689,94.08162092059035,96.24654858634734,92.95545184089876,0.021233438303988494,0.006578935702833457,NewYork
2024-03-18 00:00:00,95.69000244140625,95.91999816894531,95.3499984741211,95.56999969482422,580,54.79299925493283,-0.35051179686890066,-0.5358699570887846,0.18535816021988394,1.0975457252887988,94.74159369586118,95.29546510080245,94.10133454673915,96.26323227065164,92.94876800400657,0.019522102333671798,0.006588604688852523,Tokyo
2024-03-18 04:00:00,95.55999755859375,96.0,95.06999969482422,95.1500015258789,1526,51.51700751299971,-0.277469282678652,-0.4841898222067581,0.2067205395281061,1.0855776930470709,94.7804896796724,95.28976064688388,94.11522417560194,96.31637342423781,92.98662721663132,0.01960996396312864,0.0059447775465073325,Tokyo
2024-03-18 08:00:00,95.16000366210938,96.0,94.70999908447266,95.11000061035156,7203,51.20301414891221,-0.2202711547633669,-0.43140608871807984,0.21113493395471294,1.1001799208025136,94.81187167307041,95.28271123368654,94.12840002241981,96.31744669686891,92.98655415762327,0.013965858379246576,0.005590110094967675,London
2024-03-18 12:00:00,95.11000061035156,95.11000061035156,94.12999725341797,94.58000183105469,3237,47.10627574572761,-0.21522669899287905,-0.3881702107730397,0.17294351178016065,1.0915955699120694,94.78978883097368,95.25515400221079,94.13438150332888,96.24915805823024,92.97984279626196,0.006705746708640881,0.005693993900020099,London
2024-03-18 20:00:00,94.56999969482422,94.6500015258789,94.22000122070312,94.2699966430664,344,44.84608041647099,-0.23355152272738167,-0.3572464731639081,0.12369495043652645,1.0443371774435963,94.74028481307774,95.21652038028357,94.13617773034528,96.06364830372547,93.00535194041515,-0.015045475448550727,0.005543316499783198,NewYork
2024-03-19 00:00:00,94.22000122070312,94.23999786376953,93.69999694824219,94.0999984741211,766,43.61036935816054,-0.25880813003951175,-0.33755880453902887,0.07875067449951711,1.010454871582115,94.67930516174853,95.17273520749289,94.13569853489861,95.88686596431855,93.02013400516388,-0.015381408657498818,0.005545218209329228,Tokyo
2024-03-19 04:00:00,94.08999633789062,94.16000366210938,93.30000305175781,93.3499984741211,2829,38.56197355074666,-0.33547574967106186,-0.3371421935654355,0.0016664438943736481,0.9997078272872094,94.55270452483163,95.10125533559597,94.12529191157705,95.79657824260491,92.90742184894782,-0.01891753045603728,0.005744743907457717,Tokyo
2024-03-19 08:00:00,93.36000061035156,93.54000091552734,92.19000244140625,92.4800033569336,13468,33.690000424739736,-0.46112120745236496,-0.3619379963428214,-0.09918321110954353,1.0247292608870606,94.35530441360324,94.99846114035431,94.10350001019104,95.89402646618437,92.58397417468477,-0.027652163143101927,0.0059088663251897384,London
2024-03-19 12:00:00,92.4800033569336,93.58000183105469,92.33000183105469,93.37999725341797,3882,41.871653055528206,-0.4825120534879517,-0.38605280777184753,-0.09645924571610415,1.0408204299219632,94.2624180173951,94.93499196831759,94.09391719222053,95.81477734257706,92.50122302363388,-0.012687719966217093,0.006341246854002085,London
2024-03-19 20:00:00,93.12999725341797,93.47000122070312,93.0199966430664,93.22000122070312,267,40.90538672339488,-0.5065357667695736,-0.41014939957139274,-0.09638636719818083,0.9986183187126204,94.16314022723397,94.86773742919546,94.08234214624017,95.75741909842546,92.40058108468,-0.011138171844206846,0.00633778872121677,NewYork
2024-03-20 00:00:00,93.20999908447266,93.20999908447266,92.69999694824219,92.91999816894531,314,39.084101294966125,-0.5435171443609761,-0.4368229485293095,-0.10669419583166662,0.964430864767486,94.04474574549218,94.79135549742094,94.06694686177269,95.72317031075099,92.26082932303808,-0.012539854668545014,0.006359013259525588,Tokyo
2024-03-20 04:00:00,92.94999694824219,93.05999755859375,92.5,92.69999694824219,1237,37.756483247714776,-0.5838471855002467,-0.46622779592349695,-0.11761938957674978,0.9355421936876493,93.91667443146837,94.70934143666884,94.04884156490475,95.73619535314644,92.09580385339653,-0.006963058773472808,0.006308724528413164,Tokyo
2024-03-20 08:00:00,92.69999694824219,92.87999725341797,91.80999755859375,92.04000091552734,9758,34.02274951996979,-0.6614405230709366,-0.5052703413529849,-0.15617018171795172,0.9451464792795534,93.73794362042636,94.6046614162319,94.02223440398585,95.83984726362401,91.8361521870596,-0.004757811693713143,0.006336060298643849,London
2024-03-20 12:00:00,92.04000091552734,92.75,91.95999908447266,92.18000030517578,3048,35.480267318668055,-0.7035271977988629,-0.5449217126421605,-0.15860548515670236,0.9340644621862564,93.58956806659297,94.50957666677873,93.99783395234599,95.89896338424967,91.63003594436361,-0.012850685195305744,0.006351132340798527,London
2024-03-20 20:00:00,92.5,93.31999969482422,92.19000244140625,92.9800033569336,1228,43.20181404709035,-0.6646657770289579,-0.56887052551952,-0.0957952515094379,0.948774335416465,93.53151428472066,94.44959339972597,93.98435275240675,95.89067324488822,91.5643262973481,-0.0025745318668396466,0.006688117834122283,NewYork
2024-03-21 00:00:00,93.01000213623047,93.5,92.97000122070312,93.20999908447266,683,45.231169037881756,-0.6082970186502337,-0.5767558241456627,-0.031541194504570935,0.9188613509013576,93.50089378945894,94.40098185795134,93.97409641243412,95.87647913042603,91.5255205338806,0.003120974184696701,0.006717926382170555,Tokyo
2024-03-21 04:00:00,93.23999786376953,93.30999755859375,92.01000213623047,92.12999725341797,1495,38.30938364507265,-0.6433552939800933,-0.5900757181125489,-0.05327957586754439,0.9460855890453663,93.37033221459791,94.31192363816571,93.94967125801007,95.92334827044311,91.35965114972291,-0.006148864224261752,0.0071322567063955514,Tokyo
2024-03-21 08:00:00,92.08000183105469,93.02999877929688,91.83999633789062,92.0,7835,37.56422436995897,-0.6738610707193828,-0.6068327886339158,-0.06702828208546707,0.963508444738494,93.23982438463621,94.22125996608078,93.92384779763907,95.94622417581532,91.15677493917492,-0.00043460359766900325,0.007002436680884492,London
2024-03-21 12:00:00,91.9800033569336,92.37000274658203,91.8499984741211,92.22000122070312,2844,39.70181142026315,-0.6725323246815975,-0.6199726958434522,-0.052559628838145356,0.9318291981364699,93.14269836902353,94.14277923096793,93.90128029330879,95.92325318951909,91.00674635271723,0.00043394353867332036,0.007019899503755465,London
2024-03-21 20:00:00,92.22000122070312,92.29000091552734,91.58999633789062,91.87999725341797,1244,37.56150077209931,-0.6909499219034672,-0.6341681410554552,-0.056781780848012,0.9152701136115167,93.02244111991824,94.05404268282872,93.87450833251553,95.58789682698799,90.95910253214288,-0.011830566399238518,0.005327909834504325,NewYork
2024-03-22 00:00:00,91.79000091552734,92.01000213623047,91.66999816894531,91.75,460,36.745840057035394,-0.7078757414023187,-0.648909661124828,-0.05896608027749073,0.87417925277583,92.9012562513546,93.96368806781582,93.8463691493034,95.22286765685014,90.9421317327983,-0.015663545744158958,0.005328194505714009,Tokyo
2024-03-22 04:00:00,91.77999877929688,92.5,91.5999984741211,92.2300033569336,1269,41.773672433026434,-0.6747788849990002,-0.6540835058996624,-0.02069537909933783,0.8760237184362849,92.83732740426689,93.89570043209496,93.82496033086142,94.87157481718059,91.00142475557332,0.0010854890534788275,0.005533887439148763,Tokyo
2024-03-22 08:00:00,92.27999877929688,92.8499984741211,92.0199966430664,92.1500015258789,5351,41.186071598682744,-0.6475404240834166,-0.6527748895364132,0.005234465452996551,0.8727364116693898,92.77186779680136,93.82724165145905,93.80277544602723,94.45822038762189,91.11877927668475,0.0016304513682490196,0.005529948754413907,London
2024-03-22 12:00:00,92.12000274658203,92.23999786376953,91.41999816894531,91.51000213623047,6951,36.73445581536944,-0.6698744538897756,-0.6561948024070856,-0.013679651482690014,0.8689694723627573,92.65169011484222,93.73636951360695,93.77240758761933,94.17031562316325,91.09968407166096,-0.007698970668775784,0.005590922732533026,London
2024-03-24 20:00:00,91.69000244140625,91.83999633789062,91.41000366210938,91.69000244140625,444,38.73995719155177,-0.6653797297765749,-0.6580317878809835,-0.007347941895591403,0.837613747587421,92.56010081261023,93.65611982450105,93.74482606250392,93.88887746530277,91.12312280935542,-0.0020678582682984725,0.005633234808808208,NewYork
2024-03-25 00:00:00,91.68000030517578,91.91999816894531,91.5,91.62999725341797,396,38.30404342958646,-0.6590622859402089,-0.6582378874928286,-0.0008243984473802479,0.8077838519999593,92.47151952125859,93.57666403739975,93.71681508490013,93.59690191289138,91.16809823969652,-0.0013079318428559361,0.005634620268418046,Tokyo
2024-03-25 04:00:00,91.66999816894531,91.69000244140625,91.30000305175781,91.36000061035156,975,36.3235042830677,-0.6681402341085771,-0.6602183568159784,-0.007921877292598745,0.7779419083110228,92.36566057736269,93.48973605986845,93.68559899914453,93.48970195864139,91.07629840756955,-0.009432968827021382,0.005429274481912705,Tokyo
2024-03-25 08:00:00,91.33999633789062,92.30999755859375,90.9800033569336,91.86000061035156,9534,42.27590630978293,-0.6277524130540684,-0.6537251680635965,0.025972755009528115,0.8173744559339222,92.31750248526639,93.42582486576974,93.6614188880347,93.46920234262465,91.03479774892809,-0.0031470527479687815,0.005247217395164309,London
2024-03-25 12:00:00,91.83000183105469,92.19999694824219,91.76000213623047,92.12000274658203,2587,45.147362602051196,-0.5682147485051843,-0.636623084151914,0.06840833564672977,0.7904186141323264,92.29869298634407,93.37461615521336,93.6410027802009,93.28475077974112,91.09324986112803,0.0066659446630048524,0.004759268842713464,London
2024-03-25 20:00:00,92.02999877929688,92.66000366210938,92.02999877929688,92.38999938964844,484,48.038021817683116,-0.4935548546281865,-0.6080094382471686,0.11445458361898209,0.7789604300957147,92.30738883427782,93.33600373303435,93.62443319886908,93.13651044069411,91.15849001706957,0.00763438684266049,0.004818904372286102,NewYork
2024-03-26 00:00:00,92.38999938964844,92.62000274658203,92.27999877929688,92.33999633789062,365,47.53837110943047,-0.4334249264644541,-0.5730925358906257,0.13966760942617162,0.7476062436387287,92.31049431081236,93.2969446194993,93.60742079011442,93.04411825501074,91.19288201964747,0.007748544207734076,0.004774695650873319,Tokyo
2024-03-26 04:00:00,92.33000183105469,93.5,92.11000061035156,93.05999755859375,2317,54.824628810336385,-0.3239392736708169,-0.523261883446664,0.19932260977584715,0.7934916768111461,92.38187557250582,93.28765257789516,93.60017015128633,93.12180814589539,91.15119218979797,0.018607672251367946,0.005073531647448104,Tokyo
2024-03-26 08:00:00,93.05000305175781,94.2699966430664,92.86000061035156,93.86000061035156,10244,61.26243843940829,-0.1706503931518597,-0.45273958538770315,0.28208919223584344,0.8375278879995202,92.52264938563398,93.3100975987758,93.60361161432031,93.47624460247083,90.97875570270496,0.021772261993373343,0.005093197220744806,London
2024-03-26 12:00:00,93.83999633789062,93.94999694824219,92.0199966430664,93.41999816894531,2756,56.49389194686481,-0.08370744341982572,-0.37893315699412766,0.29522571357430194,0.9155619377567221,92.60811117452077,93.31440742505696,93.60117964815642,93.64673317384812,90.93226691770461,0.014111977676982024,0.0052459770267774,London
2024-03-26 20:00:00,93.41000366210938,93.41000366210938,92.86000061035156,92.91999816894531,500,51.58054667209638,-0.05452185666770504,-0.31405089692884314,0.2595290402611381,0.8901643897217257,92.6378146977993,93.29894039540551,93.59215737690859,93.63755718187478,90.93544239087912,0.005736538400240132,0.005057148618831721,NewYork
2024-03-27 00:00:00,92.9000015258789,92.9000015258789,92.47000122070312,92.69999694824219,718,49.53898428063957,-0.04858427944886046,-0.26095757343284665,0.2123732939839862,0.8587237519946482,92.6437368168891,93.27545241708538,93.58034068248917,93.55678761287324,90.96521174625762,0.003898642242027517,0.005046892841287387,Tokyo
2024-03-27 04:00:00,92.69000244140625,92.79000091552734,92.2300033569336,92.33999633789062,1698,46.30896843488712,-0.0720966618900718,-0.22318539112429167,0.15108872923421987,0.8373860998302103,92.61480915222258,93.2387678649601,93.56391228057396,93.56622082743819,90.97677844013994,-0.00773695722751111,0.004380053282174439,Tokyo
2024-03-27 08:00:00,92.31999969482422,92.3499984741211,91.05000305175781,91.25,10809,38.18980195661892,-0.17664770458154067,-0.21387785381574148,0.037230149234200816,0.8704297191008536,92.48482732820138,93.160776968295,93.53326443579815,93.60313793788545,90.86486132969269,-0.02780737900468022,0.005132090443463863,London
2024-03-27 12:00:00,91.26000213623047,91.2699966430664,90.55999755859375,90.97000122070312,5178,36.423194128263574,-0.2788839203711291,-0.22687906712681902,-0.05200485324431006,0.8589703570667929,92.3405581751063,93.07486419387963,93.49931392963795,93.65285282650802,90.69014644107011,-0.026225615459887885,0.005120682032582722,London
2024-03-27 20:00:00,90.9800033569336,91.30000305175781,90.86000061035156,91.12000274658203,599,38.075829946957704,-0.3438394216134242,-0.2502711380241401,-0.0935682835892841,0.8290440022284966,92.22431480096114,92.99820296065228,93.46779987423325,93.68372753662399,90.58327228027053,-0.019371453485078294,0.005094580515459252,NewYork
2024-03-28 00:00:00,91.1500015258789,91.27999877929688,91.0,91.05000305175781,599,37.58483585396423,-0.39639610711272155,-0.2794961318418564,-0.11689997527086515,0.7898263948594851,92.1124755867513,92.92180296422505,93.43577607526008,93.71535995102471,90.4816401710456,-0.017799287495183225,0.005089943352883918,Tokyo
2024-03-28 04:00:00,91.08999633789062,91.7699966430664,91.02999877929688,91.47000122070312,1434,42.385431594197634,-0.3995515354699535,-0.3035072125674758,-0.09604432290247766,0.7862672063610313,92.05128755188957,92.86486956251831,93.4097393222196,93.69991307491708,90.42108683353018,-0.009421649899183593,0.005056029452282243,Tokyo
2024-03-28 08:00:00,91.4800033569336,91.97000122070312,90.51000213623047,90.91000366210938,9449,38.169925244623926,-0.4421426132391417,-0.33123429270180904,-0.11090832053733268,0.8343910086948896,91.94259384810098,92.78820815465915,93.37663024062873,93.71560959732395,90.28139052474637,-0.003725987264554753,0.005215920094186022,London
2024-03-28 12:00:00,90.9000015258789,91.94999694824219,90.77999877929688,91.43000030517578,4844,43.763043909923034,-0.4289918153123722,-0.3507857972239217,-0.07820601808845046,0.8583629934666219,91.89377541544144,92.73494510173823,93.35084706267571,93.7167659947429,90.27223394422194,0.005056601938002059,0.005180975556654751,London
2024-03-31 20:00:00,91.56999969482422,92.47000122070312,91.54000091552734,92.44999694824219,764,52.78528660993088,-0.3324324344093412,-0.34711512466100564,0.01468269025166441,0.8713371532483029,91.9467488947558,92.72377066434625,93.33891527308057,93.76000659412797,90.30499279552048,0.014596072888178657,0.005739339350036534,NewYork
2024-04-01 00:00:00,92.4000015258789,92.75,91.98999786376953,92.02999877929688,336,49.2794483579395,-0.28649622143069564,-0.3349913440149437,0.04849512258424804,0.8633846392312263,91.95467745518827,92.69656392375607,93.3215786307788,93.76961659527919,90.33538294695714,0.010763269573774492,0.005842776641516517,Tokyo
2024-04-01 04:00:00,92.05000305175781,93.05000305175781,92.0,92.38999938964844,879,52.209409822553376,-0.21852339936604892,-0.3116977550851648,0.09317435571911586,0.8767145457653179,91.99613668704161,92.68454178516362,93.30923983288304,93.795254891595,90.41274452857101,0.010057922342490144,0.005848172768621072,Tokyo
2024-04-01 08:00:00,92.38999938964844,93.37999725341797,91.62999725341797,93.19000244140625,3961,58.01381176320923,-0.09896013693168015,-0.26915023145446787,0.17019009452278772,0.9390921647904208,92.1098381874573,92.70436377168295,93.30766052968467,93.92477611372209,90.4162234895494,0.025079734764625883,0.006027650147576344,London
2024-04-01 12:00:00,92.55999755859375,93.44000244140625,92.5199966430664,92.80000305175781,5858,54.53638193967802,-0.03526852779485523,-0.22237389072254538,0.18710536292769014,0.9377288511439847,92.17556817453354,92.70811433168588,93.30093658957968,93.98087459477297,90.42812503901608,0.014984170863056256,0.006102394060760651,London
2024-04-01 20:00:00,92.76000213623047,93.41000366210938,92.54000091552734,93.22000122070312,179,57.49147499795515,0.04853835355635283,-0.16819144186676574,0.21672979542311857,0.9328912664571253,92.27503798845446,92.72818832733361,93.29986459793892,94.07851602611662,90.4134837907779,0.008328872881326665,0.00614763923979527,NewYork
2024-04-02 00:00:00,93.27999877929688,93.41000366210938,93.27999877929688,93.33000183105469,255,58.25676432791432,0.122420849417324,-0.1100689836099478,0.2324898330272718,0.879827719983665,92.37551073536876,92.75178885689131,93.30026376658947,94.1911054647395,90.39989490147146,0.014125861882009039,0.006145116457088124,Tokyo
2024-04-02 04:00:00,93.30999755859375,93.30999755859375,92.91999816894531,93.19000244140625,678,56.853868656695944,0.1677428438729862,-0.054506618113361,0.2222494619863472,0.846268824076606,92.453081374039,92.76897370334288,93.29880335168637,94.2094981026177,90.3945027518745,0.008658978861812328,0.0059160891024628804,Tokyo
2024-04-02 08:00:00,93.16999816894531,93.16999816894531,92.19000244140625,92.2300033569336,8711,48.26995619227319,0.1247588060797824,-0.018653533274732324,0.14341233935451472,0.8572496328788543,92.4318358486004,92.74783761132683,93.28464706036515,93.9813660525861,90.45963507656428,-0.01030152440522003,0.005998716038193277,London
2024-04-02 12:00:00,92.26000213623047,92.37999725341797,91.58999633789062,91.63999938964844,2960,43.884587835378476,0.04259425707284947,-0.006403975205215965,0.048998232278065434,0.8524461487940187,92.35642285250974,92.70439297518259,93.26286364750797,93.81534596455829,90.44765528666242,-0.01250003905131769,0.006068274553774809,London
2024-04-02 20:00:00,91.70999908447266,91.9000015258789,91.55999755859375,91.87000274658203,558,45.94625652906589,-0.003917235836155442,-0.00590662733140386,0.0019893914952484187,0.8158431055869936,92.31009712813568,92.67167178974728,93.244415158754,93.7243688403144,90.43363286866999,-0.01448185428495008,0.006022701731338035,NewYork
2024-04-03 00:00:00,91.9000015258789,91.98999786376953,91.54000091552734,91.5999984741211,337,43.90691129998572,-0.061852025680991574,-0.017095707001321403,-0.04475631867967017,0.7897112171567646,92.24246868489621,92.62964538521292,93.22263480531515,93.65544700495958,90.39255485661268,-0.018536411903915195,0.006033077260597493,Tokyo
2024-04-03 04:00:00,91.5999984741211,92.05999755859375,91.19000244140625,91.9800033569336,1034,47.44262818121701,-0.0762238843301617,-0.02892134246708946,-0.047302541863072235,0.7954457855299956,92.21747198699501,92.60416922724119,93.2061761106346,93.6306975502482,90.38130501322836,-0.01298421561082641,0.006069436279302657,Tokyo
2024-04-03 08:00:00,92.0,92.02999877929688,90.27999877929688,90.58000183105469,10488,37.95144318722001,-0.19829627269429295,-0.06279632851253017,-0.13549994418176278,0.8636282745245633,92.06152244833402,92.52479011366525,93.17139234534216,93.6879280933423,90.25707465323973,-0.017890073358160175,0.006457210357999562,London
2024-04-03 12:00:00,90.61000061035156,90.66999816894531,90.08000183105469,90.08000183105469,3933,35.23992308054258,-0.33156328611127606,-0.11654972003227934,-0.21501356607899672,0.8440831241876565,91.87280619906932,92.4289160633668,93.1304467756165,93.79261452677513,90.06338828084206,-0.017023107474725352,0.006534495240526776,London
2024-04-03 20:00:00,90.1500015258789,90.41999816894531,90.11000061035156,90.19999694824219,296,36.41407364068555,-0.4226240048120644,-0.17776457698823636,-0.24485942782382805,0.8080769046288749,91.71349103232387,92.34150747061682,93.09163287061817,93.87173963159947,89.89226259618374,-0.018177922590755236,0.0065294256717225605,NewYork
2024-04-04 00:00:00,90.20999908447266,90.2300033569336,89.7300033569336,89.83000183105469,809,34.346252846332774,-0.5186669247685103,-0.24594504654429117,-0.2727218782242191,0.7860713997859425,91.53411110839347,92.24301705337909,93.04843245949813,93.98528492053435,89.65671718517854,-0.019323107778942417,0.006579031573626989,Tokyo
2024-04-04 04:00:00,89.77999877929688,89.95999908447266,89.69999694824219,89.91000366210938,685,35.20306713254145,-0.5816215800944917,-0.3130803532543313,-0.2685412268401604,0.7484950053370477,91.37943420874737,92.15152633215283,93.00686386615523,94.06709115690663,89.4189111929469,-0.022504888228710662,0.0064738544683152315,Tokyo
2024-04-04 08:00:00,89.83999633789062,89.94000244140625,89.0,89.12000274658203,10374,30.912856025002284,-0.6873368778979909,-0.3879316581830632,-0.29940521971492773,0.7621741141604721,91.16425025996972,92.0326430542873,92.95538226192248,94.23614169527322,89.07086056302755,-0.016118337988066833,0.006615383858057312,London
2024-04-04 12:00:00,89.11000061035156,89.19000244140625,88.55000305175781,88.55999755859375,5419,28.281665593699202,-0.807002133305545,-0.4717457532075596,-0.3352563800979854,0.7534473444231784,90.91622619317201,91.8964608779856,92.89716524598435,94.44044444056776,88.57955754307481,-0.01687393696229833,0.006519686787823371,London
2024-04-04 20:00:00,88.66000366210938,89.06999969482422,88.56999969482422,88.81999969482422,945,31.209271455722842,-0.8708194463807502,-0.5515604918421978,-0.31925895453855235,0.7360583941335102,90.71658557428174,91.77581534139104,92.84316305325376,94.45678601006306,88.20021624823774,-0.015299304879243247,0.005910589708800873,NewYork
2024-04-05 00:00:00,88.81999969482422,89.0,88.6500015258789,88.87999725341797,716,31.900099935739107,-0.9061087673765655,-0.6224701469490714,-0.2836386204274941,0.7084826754781854,90.54167240086615,91.66225384774503,92.79067079100429,94.4634561183648,87.87854598734808,-0.010575582302930542,0.005907472222020999,Tokyo
2024-04-05 04:00:00,88.8499984741211,88.9800033569336,88.55000305175781,88.56999969482422,1793,30.211885782088984,-0.9481602199263506,-0.6876081615445273,-0.26055205838182327,0.6885910708456381,90.35389404790978,91.54098897900305,92.73476786257807,94.41483402776541,87.54516810846505,-0.01490383619959601,0.0057652740286832024,Tokyo
2024-04-05 08:00:00,88.55999755859375,88.69000244140625,87.8499984741211,87.88999938964844,11648,26.854590465839024,-1.024546308577058,-0.7549957909510334,-0.26955051762602467,0.6994062811439753,90.11923741378965,91.39781291667542,92.67059874373132,94.24831218859589,87.18168964245879,-0.013801653041138007,0.005303002213770292,London
2024-04-05 12:00:00,87.87999725341797,88.08999633789062,87.7300033569336,87.87000274658203,9503,26.760415119300404,-1.0743123916269184,-0.8188591110862105,-0.2554532805407079,0.6751624668901862,89.9050245883413,91.25946741980903,92.60701469078894,94.0764426125598,86.8605591879773,-0.007791269546447266,0.00532727011912581,London
2024-04-07 20:00:00,87.91000366210938,89.83999633789062,87.91000366210938,89.41000366210938,2485,43.26245996897399,-0.9782109603945486,-0.8507294809478781,-0.12748147944667043,0.7676504294912219,89.85787973822399,91.18693942931101,92.56467017385279,93.67012082119923,86.8858812234785,0.006642692741638756,0.006815653521448931,NewYork
2024-04-08 00:00:00,89.23999786376953,89.30999755859375,88.58999633789062,88.8499984741211,712,39.75465356197495,-0.936442891543237,-0.86787216306695,-0.06857072847628698,0.7713902086300755,89.76189104640466,91.09529468597023,92.51546922418747,93.17866421502289,86.92933749396148,-0.0003375200295218095,0.00683170149280322,Tokyo
2024-04-08 04:00:00,88.83000183105469,89.13999938964844,88.76000213623047,88.83999633789062,875,39.692749237980365,-0.8938447984212274,-0.8730666901378055,-0.02077810828342197,0.7434335624190659,89.6740915503557,91.00685161349654,92.46678746410406,92.63009844308124,87.04290265555159,0.003048398374130068,0.006848988726434628,Tokyo
2024-04-08 08:00:00,88.80000305175781,88.87999725341797,87.9000015258789,88.05999755859375,9787,35.10230712733289,-0.912506083372989,-0.8809545687848422,-0.031551514588146756,0.7603308636054352,89.52036831304503,90.89128870938269,92.40841938588538,92.28873060750391,86.96726991129492,0.0019342151567398602,0.006763030469048545,London
2024-04-08 12:00:00,88.08000183105469,88.75,87.94000244140625,88.5199966430664,6006,39.54287538450987,-0.8800327348345576,-0.8807702019947854,0.0007374671602278227,0.7638784853930357,89.42509482066612,90.7982968636448,92.35691709790103,91.99850672156133,86.9454935225793,0.007397221761321182,0.0068902299553379185,London
2024-04-08 20:00:00,88.55000305175781,88.79000091552734,88.30000305175781,88.63999938964844,1540,40.683141803373864,-0.8349889208980841,-0.8716139457754453,0.03662502487736119,0.7443155801770758,89.35032382723587,90.71365774701749,92.30768639977849,91.5927210161827,87.02827889226457,-0.008612059511493464,0.006857669906962453,NewYork
2024-04-09 00:00:00,88.31999969482422,88.73999786376953,88.30999755859375,88.62000274658203,824,40.54590945836465,-0.791777814031235,-0.8556467194266033,0.06386890539536827,0.7218644851930577,89.28076943860218,90.63155362935335,92.25884290768319,91.18928069311775,87.13371964257561,-0.002588584484962575,0.00686053019314463,Tokyo
2024-04-09 04:00:00,88.58999633789062,89.05000305175781,88.51000213623047,88.63999938964844,3533,40.76110517917602,-0.7473046754261929,-0.8339783106265213,0.08667363520032834,0.7088742281148537,89.2197437196542,90.55345346309042,92.21091120545756,90.53700083280182,87.45199910616302,-0.002251203922628786,0.006741349967728081,Tokyo
2024-04-09 08:00:00,88.63999938964844,89.19000244140625,88.44999694824219,88.55999755859375,12559,40.135205260511725,-0.7103266681653508,-0.8092479821342873,0.09892131396893644,0.7110978902382131,89.15691075193416,90.47527872173762,92.16255473331367,90.25249881998137,87.53450069173739,0.005677947011834883,0.005947190609237573,London
2024-04-09 12:00:00,88.55000305175781,88.56999969482422,87.80000305175781,87.94999694824219,5202,35.64126697423927,-0.7219214214999568,-0.7917826700074213,0.06986124850746456,0.7153049445986589,89.04196658015398,90.37624806395348,92.10675926596173,90.08705918653126,87.48693983690623,-0.006439219571173216,0.006008534289250311,London
2024-04-09 20:00:00,87.88999938964844,88.16999816894531,87.83000183105469,88.0999984741211,655,37.494665404076365,-0.7108126715182124,-0.7755886703095796,0.0647759987913672,0.6884971835033884,88.95225533196037,90.28698337415614,92.0536895865996,89.83211592000723,87.53188325601818,-0.006092068132283912,0.0060173621155798765,NewYork
2024-04-10 00:00:00,88.04000091552734,88.44000244140625,88.04000091552734,88.19000244140625,398,38.636548757851,-0.6868290019596941,-0.7578367366396025,0.0710077346799084,0.6678903483367665,88.87965981857427,90.2047488277738,92.00251492242485,89.63342194863033,87.56657728843022,-0.004852181131221656,0.0059950999630036875,Tokyo
2024-04-10 04:00:00,88.19999694824219,88.5199966430664,88.16000366210938,88.23999786376953,1540,39.299905725375886,-0.65622302770727,-0.7375139948531361,0.08129096714586603,0.6458976767813203,88.81873963240238,90.12769977036186,91.95268025939632,89.35590548895242,87.67709316827414,-0.004512652624472091,0.005990390549249582,Tokyo
2024-04-10 08:00:00,88.2300033569336,88.2300033569336,87.20999908447266,87.4800033569336,14936,33.39071356894176,-0.6853920053744105,-0.727089596957391,0.041697591582980476,0.6733334726641873,88.6912409395006,90.02386853846272,91.89343950572132,89.3432278471529,87.5257708711088,-0.012195056813835148,0.005978358656596795,London
2024-04-10 12:00:00,87.45999908447266,87.9000015258789,87.02999877929688,87.08000183105469,10196,30.7684402100507,-0.7323434115327387,-0.7281403598724605,-0.004203051660278234,0.6873812792971883,88.53778959583909,89.90842278523104,91.829685364335,89.44937971659054,87.27161942891728,-0.009891928907052594,0.00590891987818527,London
2024-04-10 20:00:00,87.08999633789062,87.30000305175781,87.0,87.30000305175781,683,33.84566144020876,-0.7432329524664141,-0.7311588783912513,-0.01207407407516281,0.6597114034265964,88.41990516306944,89.80613181529093,91.76968957211545,89.44796804613442,87.12103143506674,-0.009080538436084917,0.005895883376046835,NewYork
2024-04-11 00:00:00,87.2300033569336,87.2300033569336,86.76000213623047,86.83999633789062,927,30.766345310508115,-0.7799904451592283,-0.7409251917448467,-0.03906525341438161,0.6511606535807466,88.26943765590956,89.68981277696152,91.70439562199327,89.47651592113709,86.88848346851134,-0.015307926818718176,0.005964205785337827,Tokyo
2024-04-11 04:00:00,86.8499984741211,86.8499984741211,86.51000213623047,86.5999984741211,2320,29.270098151280763,-0.8190453992772717,-0.7565492332513317,-0.06249616602593999,0.6289346293173104,88.11044344812018,89.56864358861483,91.63678771274994,89.54319040407117,86.62480886350696,-0.018585668963641333,0.005951449253741464,Tokyo
2024-04-11 08:00:00,86.62000274658203,86.6500015258789,86.04000091552734,86.20999908447266,18810,26.974372367730595,-0.8714212217715982,-0.7795236309553851,-0.09189759081621307,0.627582199294332,87.92944874682041,89.43693203943279,91.56490971767343,89.68254161814403,86.3174576189165,-0.014517652305968687,0.0058066250848951215,London
2024-04-11 12:00:00,86.19999694824219,86.2699966430664,85.12000274658203,85.2699966430664,8673,22.41169051473969,-0.9775116339032905,-0.8191212315449663,-0.15839040235832424,0.6648973230036134,87.67616759408195,89.27352280820274,91.48153338555944,89.94972685014564,85.79027177656336,-0.020785543752053437,0.006216635532928171,London
2024-04-11 20:00:00,85.30000305175781,85.5199966430664,85.08999633789062,85.19000244140625,952,22.06957170355595,-1.055872472783875,-0.8664714797927482,-0.1894009929911269,0.6481189635512904,87.43938996049378,89.11338475460288,91.39820184987529,89.92849332086118,85.38950518377749,-0.024169536501626454,0.0043621284169883786,NewYork
2024-04-12 00:00:00,85.19999694824219,85.19999694824219,84.44999694824219,84.5999984741211,3691,19.682998775801295,-1.152299401231204,-0.9236370640804394,-0.22866233715076456,0.6553961808577485,87.16897172369639,88.93638921419183,91.30815942105735,90.02173546708046,84.87126303755822,-0.025794541204882115,0.004395647919368134,Tokyo
2024-04-12 04:00:00,84.5999984741211,84.93000030517578,83.83999633789062,84.86000061035156,4591,23.603666078753065,-1.1939750362843142,-0.9777046585212145,-0.21627037776309976,0.6864395958268328,86.94906971290165,88.77653083757065,91.22275334409437,89.97966152542166,84.5153374064631,-0.020092354439122717,0.004539898881003014,Tokyo
2024-04-12 08:00:00,84.9000015258789,85.9000015258789,84.44000244140625,84.80000305175781,19767,23.320763686619543,-1.217806464019631,-1.0257250196208978,-0.19208144439873331,0.7416938477475804,86.7443966975546,88.62058857146033,91.13768380379854,89.99567883086733,84.17332065033385,-0.016355365360035123,0.004281069502462427,London
2024-04-12 12:00:00,84.7699966430664,84.88999938964844,84.41000366210938,84.56999969482422,8365,22.221225193859226,-1.2409475203309341,-1.068769519762905,-0.17217800056802912,0.7230011240173903,86.53731126872314,88.46174194884716,91.05069461030219,89.92146899208653,83.85253079429042,-0.00820918231265233,0.003943111136552491,London
2024-04-14 20:00:00,84.6500015258789,85.16000366210938,84.43000030517578,84.9800033569336,1002,28.676824755944637,-1.2122292806307229,-1.0974614719364686,-0.11476780869425429,0.7235012835327261,86.3889962295051,88.32520318053683,90.97028810363506,89.73478470038951,83.67321548271595,-0.0024650672432730003,0.00418177062802413,NewYork
2024-04-15 00:00:00,84.9800033569336,85.05000305175781,84.75,84.86000061035156,680,27.945721125831994,-1.185487525258111,-1.115066682600797,-0.07042084265731385,0.6932514086370983,86.24337759910952,88.18931288366683,90.88935714345912,89.51263845226259,83.51936151721983,0.0030733113583920613,0.004162015128407849,Tokyo
2024-04-15 04:00:00,84.8499984741211,86.19999694824219,84.80000305175781,85.81999969482422,2543,40.92170132406822,-1.0744450546206963,-1.106942357004777,0.03249730238408066,0.7437330167674481,86.2030558939395,88.09639864096712,90.82221333619243,89.21196179283271,83.53803820716729,0.011312739542398198,0.005116206777673673,Tokyo
2024-04-15 08:00:00,85.80999755859375,86.08000183105469,85.18000030517578,85.18000030517578,13518,36.2365782518725,-1.0262556622172383,-1.0908050180472693,0.06454935583003096,0.7548950535135276,86.10562202834296,87.98203007877923,90.74748203776838,88.89368213153422,83.51831814312398,0.004481099525268206,0.005277078605944025,London
2024-04-15 12:00:00,85.19999694824219,86.13999938964844,85.11000061035156,85.2300033569336,5413,36.84496110291338,-0.9728163715931828,-1.067207288756452,0.0943909171632693,0.7745453202636933,86.02222977392303,87.87410746223627,90.67440284994275,88.65959056824377,83.48041034728357,0.0078042292123807755,0.005170988127619868,London
2024-04-15 20:00:00,85.1500015258789,85.58000183105469,85.0999984741211,85.30000305175781,488,37.74052204226094,-0.9142777338066708,-1.0366213777664959,0.12234364395982511,0.753506607978097,85.95344627657396,87.77316219123712,90.60321874665554,88.35501922404555,83.50498214924548,0.0037655881640785704,0.005145258730394519,NewYork
2024-04-16 00:00:00,85.30999755859375,85.5199966430664,85.08999633789062,85.26000213623047,715,37.414024414838785,-0.8611859654541121,-1.0015342953040192,0.14034832984990708,0.7303990142893166,85.88740397749362,87.67460689496235,90.53244766572277,87.976573058106,83.59042828466744,0.004713663952414793,0.005115783372079864,Tokyo
2024-04-16 04:00:00,85.27999877929688,85.27999877929688,84.54000091552734,84.5999984741211,1689,32.429005066278876,-0.8624256303552187,-0.9737125623142591,0.11128693195904038,0.7310846464124445,85.76479392955338,87.55403401571368,90.4538721797413,87.52363000696494,83.67937139684366,-0.014215814787245984,0.005259954499554768,Tokyo
2024-04-16 08:00:00,84.5999984741211,84.63999938964844,82.61000061035156,82.66999816894531,19466,22.84387650226948,-1.0075288037777597,-0.9804758106069592,-0.027052993170800455,0.8238642295189235,85.47005147616214,87.36250319819337,90.35077451072414,87.4864050450213,83.23559583998848,-0.029467036008896996,0.0069291035223923,London
2024-04-16 12:00:00,82.69000244140625,83.52999877929688,81.44000244140625,82.9800033569336,15210,26.596848235028034,-1.0850020579441662,-1.0013810600744006,-0.08362099786976551,0.914302239238534,85.23290403623562,87.19064045932043,90.25314840272692,87.37225954860385,82.93974148899382,-0.02639915418725558,0.00706683267246932,London
2024-04-16 20:00:00,83.08999633789062,83.5999984741211,82.8499984741211,83.33000183105469,1851,30.695563978815045,-1.1054156744358892,-1.0221879829466984,-0.08322769148919074,0.9025663647687718,85.05167525478981,87.03924286605512,90.16145109714186,87.07412877338626,82.84087214214108,-0.023094972452788576,0.007138476746606294,NewYork
2024-04-17 00:00:00,83.3499984741211,83.79000091552734,82.62999725341797,83.08999633789062,1838,29.479939614722326,-1.1279576563335496,-1.0433419176240686,-0.08461573870948103,0.9209547434971556,84.8648486912756,86.88437045318592,90.06778944470145,86.84852241110103,82.69147850442631,-0.025451627304354907,0.007106273757904971,Tokyo
2024-04-17 04:00:00,83.05000305175781,83.26000213623047,82.55000305175781,82.77999877929688,1740,27.940778589553133,-1.1574936849294062,-1.0661722710851362,-0.09132141384426995,0.9058864818742929,84.66629155680143,86.72341470126871,89.9712624160206,86.65151728684067,82.50648365920425,-0.021512999144804423,0.0071136094603853695,Tokyo
2024-04-17 08:00:00,82.80999755859375,82.80999755859375,81.4000015258789,81.41000366210938,16807,22.37971923043945,-1.2767309966256875,-1.1082840161932466,-0.16844698043244088,0.9418943075200704,84.35616890016408,86.51504564090952,89.85786826033966,86.7069082723886,81.97109313141999,-0.015241254805171245,0.007804374774404101,London
2024-04-17 12:00:00,81.41999816894531,81.63999938964844,80.91000366210938,81.33999633789062,7818,22.1372526479538,-1.3611855316914898,-1.1588643192928954,-0.20232121239859446,0.9267586944356601,84.06891437042376,86.31210253098722,89.74504876467807,86.81746112350685,81.46754024978416,-0.019763882293286628,0.007576188546651359,London
2024-04-17 20:00:00,81.55000305175781,81.88999938964844,81.1500015258789,81.69000244140625,1368,26.428874799646678,-1.3839208140786354,-1.2038756182500434,-0.18004519582859202,0.913418634915256,83.84235132956495,86.13084370394483,89.63835940940295,86.80681865796959,81.12818271532143,-0.01968077947452118,0.007716862560511868,NewYork
2024-04-18 00:00:00,81.6500015258789,81.80999755859375,81.4000015258789,81.44000244140625,1186,25.35393011175188,-1.4059051998340664,-1.244281534566848,-0.16162366526721827,0.8774598771468909,83.61355619735936,85.9468891446296,89.52977189989306,86.84549950708961,80.77350226292992,-0.01985791273566284,0.007636776443663523,Tokyo
2024-04-18 04:00:00,81.45999908447266,81.66000366210938,81.08000183105469,81.2300033569336,2102,24.454178569925816,-1.423859785727629,-1.2801971847990044,-0.1436626009286246,0.8562128735976305,83.38655116493786,85.76191323138661,89.4198411907148,86.82910379546179,80.42689824921594,-0.01872427452548997,0.007547150436553218,Tokyo
2024-04-18 08:00:00,81.19000244140625,81.66999816894531,79.69999694824219,80.06999969482422,24951,20.191581441844875,-1.5142363513027988,-1.3270050180997632,-0.18723133320303553,0.9357691849985903,83.07068912016513,85.53870093583515,89.29600223050434,86.91109019002421,79.87191151896018,-0.016459942353605816,0.008011410949351339,London
2024-04-18 12:00:00,80.05999755859375,81.0,80.05999755859375,80.87999725341797,7401,29.440401737561942,-1.503172757249601,-1.362238565929731,-0.14093419131987006,0.9360715604594334,82.86205179952253,85.35600667377958,89.18453196590717,86.85113525827433,79.56286620656942,-0.005655263156907453,0.008518074192389265,London
2024-04-18 20:00:00,80.70999908447266,81.2699966430664,80.19999694824219,80.81999969482422,1191,29.170739811788934,-1.4821606553892082,-1.3862229838216265,-0.0959376715675817,0.9456378558638351,82.66757064669412,85.17812404715387,89.07374345900541,86.69159932682714,79.30640177180567,-0.010650051665821114,0.008364432953926,NewYork
2024-04-19 00:00:00,80.80000305175781,80.98999786376953,80.5,80.75,561,28.83884458411319,-1.4543914839416772,-1.3998566838456366,-0.054534800096040614,0.9130921418501806,82.48494487081848,85.00447212373608,88.96349520127025,86.50741983369058,79.07958120390707,-0.008472524812394133,0.008369096074447144,Tokyo
2024-04-19 04:00:00,80.75,80.9000015258789,80.31999969482422,80.87999725341797,1862,30.422087923374136,-1.4056905973902616,-1.4010234665545616,-0.0046671308357000285,0.8892999765947143,82.33209271678034,84.84272801117459,88.85642900328546,86.0648522984705,79.02814849498654,-0.004308827884416777,0.007794491912706948,Tokyo
2024-04-19 08:00:00,80.9000015258789,81.56999969482422,80.20999908447266,81.20999908447266,11922,34.41141631580423,-1.325190433684483,-1.3858568599805459,0.06066642629606278,0.9229214506951504,82.22522665656055,84.70026805326471,88.75515178581773,85.68399759056996,79.01200308081675,0.014237534582157929,0.007869714754091204,London
2024-04-19 12:00:00,81.2300033569336,81.47000122070312,80.80000305175781,80.9000015258789,8268,32.524857269469635,-1.2717477695443193,-1.3630350418933006,0.09128727234898126,0.9048555018686758,82.09901473935277,84.55123799336722,88.65111006052052,85.23380778420868,79.02919270407257,0.00024733275395960597,0.007843772723832586,London
2024-04-21 20:00:00,81.12000274658203,82.58000183105469,81.05999755859375,82.31999969482422,2264,46.8886567642436,-1.102107677102154,-1.3108495689350714,0.20874189183291736,0.9602229881893055,82.12006092558813,84.4637384522479,88.56725429408746,84.70734032649068,79.25765982609721,0.018559762505122368,0.009013923097283537,NewYork
2024-04-22 00:00:00,82.29000091552734,82.4800033569336,81.75,82.0199966430664,4946,44.72257476816421,-0.9805710084959287,-1.244793856847243,0.26422284835131427,0.9437787287118223,82.1105309939194,84.36790544012314,88.48053564970309,84.06840351787464,79.57259608539685,0.015727512607633498,0.009017683897188197,Tokyo
2024-04-22 04:00:00,81.9800033569336,82.5199966430664,81.81999969482422,82.08999633789062,1885,45.3568792111579,-0.8685913522116806,-1.1695533559201305,0.30096200370844994,0.926365744292195,82.10857531239286,84.27857567140815,88.39589274491087,83.53228016704078,79.85771922260766,0.01496042440112122,0.008929795717381778,Tokyo
2024-04-22 08:00:00,82.12000274658203,82.33000183105469,81.5,82.05999755859375,9185,45.11793786340749,-0.7733525913378827,-1.090313203003681,0.31696061166579836,0.9194826075955328,82.10394885965007,84.19157260816053,88.31197360337025,83.4532418959397,79.8757574326736,0.010466672622874151,0.007345815862100997,London
2024-04-22 12:00:00,82.06999969482422,82.48999786376953,82.0,82.41999816894531,3887,48.61624789317308,-0.6612041961940349,-1.0044914016417519,0.34328720544771696,0.8888051257412101,82.13404879386866,84.12209910074033,88.23393419364277,83.35467725845461,79.91832155135984,0.018788586086493142,0.007365859270534923,London
2024-04-22 20:00:00,82.5,82.95999908447266,82.37000274658203,82.7300033569336,776,51.48413505998996,-0.5410737953022817,-0.9118078803738578,0.3707340850715761,0.8674616407962406,82.19080637130341,84.06750711078713,88.16103444746119,83.21780443879763,79.99519452360471,0.004980608158762667,0.0073517706089559695,NewYork
2024-04-23 00:00:00,82.73999786376953,82.75,82.25,82.2699966430664,636,47.26827762466555,-0.47748414448130916,-0.8249431331953482,0.347458988714039,0.8412143806268885,82.1983483019475,83.99701650420985,88.08300745667451,83.05499167416075,80.07600731875918,0.0030480371888814695,0.007424658932494646,Tokyo
2024-04-23 04:00:00,82.2699966430664,82.70999908447266,82.18000030517578,82.30999755859375,1625,47.66956663931151,-0.4190308220070733,-0.7437606709576933,0.32472984895061996,0.818984694729145,82.20898156448524,83.93085889849942,88.00654374941516,82.96411881744717,80.11988005340243,0.0026800003717575294,0.007387570006549384,Tokyo
2024-04-23 08:00:00,82.31999969482422,82.33999633789062,80.62999725341797,81.12999725341797,11545,38.38875061504123,-0.46258985783748585,-0.6875265083336518,0.22493665049616596,0.8826285799459878,82.10622115390741,83.82102118692761,87.91546366337546,82.96106094814384,80.09493728183664,-0.011333174906710486,0.007137681127603707,London
2024-04-23 12:00:00,81.1500015258789,82.0,81.12000274658203,81.63999938964844,3887,43.508001972018796,-0.45076169717528103,-0.6401735461019776,0.1894118489266966,0.8824406280504844,82.06181908112084,83.73549092036764,87.83234493127313,82.97405434096541,80.11194419419084,-0.00946370779695993,0.007278044998163006,London
2024-04-23 20:00:00,81.72000122070312,81.72000122070312,81.0199966430664,81.37000274658203,695,41.54017974203009,-0.45789592804437973,-0.6037180224904581,0.1458220944460784,0.8694094815508413,81.99593181116477,83.6427266782584,87.74675099505205,82.95828956068873,80.0957090049851,-0.016439025204482594,0.007250674689021613,NewYork
2024-04-24 00:00:00,81.30999755859375,81.47000122070312,81.23999786376953,81.38999938964844,617,41.7503124881977,-0.4566720641439872,-0.5743088308211639,0.11763676667717671,0.8237376153716359,81.93822396149655,83.55438443164624,87.66255560955003,82.95660371607646,80.0923945444216,-0.010696454227850483,0.007219457167589354,Tokyo
2024-04-24 04:00:00,81.36000061035156,81.69999694824219,81.19000244140625,81.63999938964844,1043,44.43919831173659,-0.43056593642552343,-0.5455602519420358,0.1149943155165124,0.8013273932718087,81.90982162132053,83.47931050843064,87.58278665299504,82.97107891411292,80.1189189496566,-0.008139936688351446,0.007224890939523318,Tokyo
2024-04-24 08:00:00,81.66000366210938,82.0,81.20999908447266,81.26000213623047,5892,41.31718588150572,-0.4355188544523827,-0.5235519724441052,0.08803311799172253,0.8005183591451402,81.84793405131195,83.39227880756005,87.49904116270677,82.86063261065809,80.34836549725208,0.0016024268114593898,0.006476883101754197,London
2024-04-24 12:00:00,81.2699966430664,81.4800033569336,80.91000366210938,80.91000366210938,2702,38.62556647578692,-0.4623562741531231,-0.5113128327859089,0.04895655863278581,0.7840527402260729,81.75860734757838,83.29493468420904,87.41176914283132,82.85855597291277,80.35344277586654,-0.008941642981340148,0.006178260072509526,London
2024-04-24 20:00:00,80.91000366210938,81.0999984741211,80.76000213623047,80.77999877929688,1030,37.64457879074934,-0.48848448509284026,-0.5067471632472952,0.018262678154454925,0.7523344257037771,81.66540653155157,83.1963097467615,87.32393112477126,82.86195649779025,80.34604215943632,-0.007250878055426124,0.006186899983834857,NewYork
2024-04-25 00:00:00,80.7699966430664,81.01000213623047,80.70999908447266,80.80999755859375,546,38.035652997548894,-0.5009954658556381,-0.5055968237689639,0.004601357913325721,0.720025041784506,81.5839390103175,83.10272887663727,87.23765385899408,82.85664009051243,80.3573583225735,-0.0071262051284455286,0.00618422703905515,Tokyo
2024-04-25 04:00:00,80.80999755859375,81.04000091552734,80.72000122070312,80.76000213623047,1241,37.61227729788459,-0.5090764050935803,-0.5062927400338872,-0.0027836650596930745,0.6914518026617252,81.50546883183301,83.01085723975858,87.1518571474343,82.86639003865328,80.3356088627139,-0.010778996325293333,0.006174486787751639,Tokyo
2024-04-25 08:00:00,80.76000213623047,81.69999694824219,80.69999694824219,81.06999969482422,9205,41.928564436434975,-0.4848770348070701,-0.5020095989885238,0.017132564181453702,0.7134909596532707,81.46399558068931,82.93474517917292,87.07130274408847,82.87000169440428,80.31799726799805,-0.0023382037461396887,0.006166209666463885,London
2024-04-25 12:00:00,81.05000305175781,81.27999877929688,80.72000122070312,80.98999786376953,2982,41.13756510832583,-0.4667736624467125,-0.4949624116801616,0.028188749233449106,0.7025271452739479,81.41885294098267,82.85848057856887,86.99075565958093,82.86479457033036,80.33220402586105,0.000988681226541832,0.006108042271389276,London
2024-04-25 20:00:00,81.06999969482422,81.25,80.91000366210938,81.06999969482422,451,42.30963653852832,-0.4408888381777132,-0.4841476969796719,0.04325885880195873,0.6766320875643905,81.38562882230092,82.78834407332398,86.9123350507762,82.77546154664307,80.29653704954833,0.0035900089119791367,0.004561955338749742,NewYork
2024-04-26 00:00:00,81.16999816894531,81.4800033569336,81.12000274658203,81.37999725341797,299,46.735488046065456,-0.39085518100588956,-0.4654891937849155,0.07463401277902593,0.6575872000050366,81.3850924824073,82.73311478626884,86.8390590534602,82.72373786043448,80.28426079679207,0.007053578914056002,0.00461856276596436,Tokyo
2024-04-26 04:00:00,81.33000183105469,81.66999816894531,81.16000366210938,81.44000244140625,969,47.5738978413251,-0.3424140935131703,-0.4408741737305665,0.09846008021739616,0.6470448647648696,81.39032200231196,82.68240449823502,86.76754836985684,82.65972683268765,80.28327243489048,0.008420013461969855,0.004616989775563923,Tokyo
2024-04-26 08:00:00,81.44000244140625,81.45999908447266,80.72000122070312,81.41000366210938,5954,47.17411731097094,-0.3029525846406784,-0.41328985591258893,0.11033727127191051,0.653684364701846,81.39219644610219,82.6325064262301,86.69658751280059,82.59456093334411,80.28343894458557,0.004193955452880926,0.0046169887581667185,London
2024-04-26 12:00:00,81.38999938964844,81.38999938964844,80.66000366210938,80.91999816894531,4145,41.09885936415437,-0.3076717542421079,-0.39216623557849273,0.08449448133638482,0.6605640529451949,81.34722518161105,82.5653492396699,86.62007639566345,82.44369590648044,80.28430397144923,-0.0008643004898205575,0.0046373488351518985,London
2024-04-28 20:00:00,81.29000091552734,82.0,81.11000061035156,81.9000015258789,1420,53.889033625136456,-0.22968597255915313,-0.35967018297462483,0.1299842104154717,0.690523894270136,81.39987054773181,82.53925717246241,86.55755884771928,82.23142266586831,80.4135770289559,0.010238088493636388,0.005386135369832102,NewYork
2024-04-29 00:00:00,81.8499984741211,82.5,81.80999755859375,82.25,2107,57.44325466925443,-0.13804839099664434,-0.3153458245790287,0.17729743358238437,0.6904866476369651,81.48083525747163,82.52791375393447,86.50050508814684,82.22606791315701,80.41693211736057,0.0106906214787994,0.005347769549567342,Tokyo
2024-04-29 04:00:00,82.25,82.4000015258789,81.91999816894531,81.94999694824219,1927,53.627569539476774,-0.08861123132582804,-0.2699989059283886,0.18138767460256056,0.6754521268588494,81.5255173232593,82.50525034978968,86.44023345715473,82.1367631476553,80.47023682182711,0.00626221134021776,0.005407269685936133,Tokyo
2024-04-29 08:00:00,81.95999908447266,82.1500015258789,81.3499984741211,81.66000366210938,8415,50.15915755024227,-0.07200196687266214,-0.2303995181172433,0.15839755124458116,0.6843486215019565,81.53832554600692,82.47210342086103,86.37691915523361,82.17367671523363,80.48632389511795,0.0030708756756432365,0.004343367673886652,London
2024-04-29 12:00:00,81.66999816894531,81.81999969482422,81.26000213623047,81.31999969482422,3206,46.37227616365508,-0.08529129875833519,-0.20137787424546166,0.11608657548712648,0.6754664027158765,81.51753260779904,82.42692288258509,86.30994008953283,82.14496457235013,80.48303606851901,0.004943172700569987,0.004217254971886268,London
2024-04-29 20:00:00,81.30000305175781,81.30999755859375,80.72000122070312,80.77999877929688,1312,41.06903732649112,-0.13780818396715233,-0.1886639361897998,0.05085575222264746,0.6700758363837767,81.44729129079883,82.36233762363261,86.23669583376811,82.14833474110459,80.42066550303603,-0.013675246956230236,0.004409674238108148,NewYork
2024-04-30 00:00:00,80.79000091552734,80.81999969482422,78.80000305175781,79.0999984741211,6078,29.692140347439874,-0.31140054647849524,-0.2132112582475389,-0.09818928823095635,0.7664987512116173,81.22373959397237,82.23440275502432,86.14217004092511,82.47127158627157,79.86872856631632,-0.03829789089214475,0.006378485691621297,Tokyo
2024-04-30 04:00:00,79.0999984741211,79.37000274658203,78.02999877929688,78.75,7964,27.954716160058467,-0.47177734072377575,-0.26492447474278624,-0.2068528659809895,0.807463409528146,80.98814534692738,82.09775950972926,86.04426050395922,82.69637173681897,79.35462847680407,-0.03904816433688507,0.006320615428697916,Tokyo
2024-04-30 08:00:00,78.73999786376953,78.88999938964844,78.05999755859375,78.5199966430664,13040,26.843112576095393,-0.6104001414323079,-0.3340196080806906,-0.27638053335161733,0.8090732967809746,80.75308356560728,81.95745508358561,85.94460137997389,82.89419078377529,78.88280888053134,-0.03845220277035022,0.0062910295902482765,London
2024-04-30 12:00:00,78.5199966430664,78.79000091552734,78.25,78.5199966430664,4525,26.843112576095393,-0.7120516218571566,-0.4096260108359838,-0.3024256110211728,0.7898538409668031,80.54040862060339,81.82265279180055,85.84626224438571,83.03694639338015,78.5010525690222,-0.03443191173469751,0.006271096551780284,London
2024-04-30 20:00:00,78.5199966430664,78.5199966430664,78.0,78.05000305175781,1357,24.531349029953233,-0.8210709129854905,-0.4919149912658852,-0.3291559217196053,0.7705783268214302,80.3032271378562,81.67470574317142,85.74300053322507,83.20573018333853,78.0592692063099,-0.03379544155475689,0.006351619791256431,NewYork
2024-05-01 00:00:00,78.05000305175781,78.12000274658203,77.70999908447266,78.08000183105469,1475,24.97547901967684,-0.894734889019773,-0.5724789708166629,-0.32225591820311017,0.7448229936157637,80.0914913943513,81.5337369623041,85.64150386167316,83.30812751533064,77.68387230156388,-0.012895027341879306,0.006351845351741599,Tokyo
2024-05-01 04:00:00,78.08999633789062,78.44999694824219,77.80999755859375,78.0199966430664,1906,24.66283053165982,-0.947039160008444,-0.6473910086550192,-0.2996481513534248,0.7373355933291579,79.89420617994321,81.39594322429478,85.54055674619492,83.3764508571825,77.34154841039563,-0.009269883897569442,0.0063505677693650705,Tokyo
2024-05-01 08:00:00,78.0199966430664,78.05000305175781,76.05000305175781,76.51000213623047,17110,18.415470063206612,-1.0976812228952184,-0.7374490515030592,-0.36023217139215924,0.827525908127438,79.57190103292295,81.20433769142952,85.42094675136096,83.58043565845668,76.68156385326208,-0.02559850474743275,0.007346825237635013,London
2024-05-01 12:00:00,76.48999786376953,77.4000015258789,76.43000030517578,76.48999786376953,6175,18.349156581560095,-1.2047922258330601,-0.8309176863690594,-0.37387453946400073,0.8377027161723386,79.27838644538453,81.01946161975658,85.30265603761802,83.69031378666749,76.12168572505125,-0.025853271345957607,0.007358525673716504,London
2024-05-01 20:00:00,76.5199966430664,77.12000274658203,76.5199966430664,77.12000274658203,512,27.235888691657493,-1.22472447707473,-0.9096790445101935,-0.31504543256453654,0.8228671566415189,79.07282609311761,80.86654166394582,85.19427652382947,83.6462167176802,75.77078309921433,-0.011915442265377774,0.007724751003798969,NewYork
2024-05-02 00:00:00,77.08999633789062,77.31999969482422,76.9000015258789,77.05999755859375,922,26.935190351320458,-1.2311706777779534,-0.9739773711637456,-0.2571933066142078,0.7940908003682879,78.88112813744867,80.71726542452026,85.08653772958795,83.51713998962423,75.46785985778787,-0.013063579002827952,0.0075943065534076525,Tokyo
2024-05-02 04:00:00,77.0199966430664,78.12999725341797,77.0199966430664,78.05999755859375,2537,39.01844336285052,-1.1424186050778786,-1.0076656179465722,-0.13475298713130646,0.8166557868023754,78.80292522517676,80.61305884154275,84.99347097235623,83.28721090451167,75.35978845461919,0.0005127008106695641,0.00833638706115052,Tokyo
2024-05-02 08:00:00,78.0199966430664,78.0199966430664,75.4000015258789,75.5,12659,26.799637468077847,-1.2640808194020963,-1.058948658237677,-0.20513216116441924,0.9483229472610547,78.48836091801708,80.41254673010971,84.86772963497404,83.21184123320938,74.84415775971053,-0.013200916325059042,0.010853116586821771,London
2024-05-02 12:00:00,75.52999877929688,75.83000183105469,75.25,75.55000305175781,4686,27.2786670133963,-1.3410058912321006,-1.1153601048365618,-0.22564578639553878,0.9220142960967108,78.20851731170667,80.22185874272336,84.74431603784535,83.11770998132133,74.40128949987985,-0.012289120646674201,0.01088274529119117,London
2024-05-02 20:00:00,75.66000366210938,76.12999725341797,75.66000366210938,75.93000030517578,472,30.97542839436869,-1.3556795325216058,-1.1634239903735706,-0.1922555421480352,0.8975842893454256,77.99151569203707,80.05355056870188,84.62757013410139,82.73041978684262,74.19157957228825,-0.015430529033001017,0.01046254498112834,NewYork
2024-05-03 00:00:00,75.94000244140625,76.08999633789062,75.33000183105469,75.4000015258789,1540,28.77807258426799,-1.394005740626568,-1.20954034042417,-0.184465400202398,0.887756447735432,77.74470481906963,79.87105844937548,84.50535068233685,82.20312601751942,74.03387349419933,-0.021541605051993984,0.010308581632766125,Tokyo
2024-05-03 04:00:00,75.4000015258789,75.58999633789062,75.0,75.29000091552734,3488,28.328895474970537,-1.416922268706898,-1.2510167260807157,-0.1659055426261824,0.8664878684564363,77.51092349492274,79.69140913432261,84.38329306953143,81.63400132104677,73.93699858740051,-0.03548548206124624,0.01032800991759726,Tokyo
2024-05-03 08:00:00,75.25,78.62000274658203,74.93000030517578,78.48999786376953,18090,51.8657809765702,-1.163459139352156,-1.2335052087350038,0.07004606938284774,1.0681674808484436,77.60416867290814,79.64429496684994,84.30523617938888,81.04010643376391,74.21389289484937,0.039602620712179126,0.014559344975977315,London
2024-05-03 12:00:00,78.48999786376953,78.51000213623047,77.87000274658203,77.91999816894531,8213,48.79206430752397,-0.9970881830134459,-1.1862218035906924,0.18913362057724648,1.0375840457573147,77.63424767253073,79.57667548457917,84.22066349050884,80.40224599976327,74.51175317626212,0.03136988777570093,0.014600661628286691,London
2024-05-05 20:00:00,78.05999755859375,79.83999633789062,78.05999755859375,78.72000122070312,1413,53.001897950388454,-0.7915598320891775,-1.1072894092903893,0.31572957720121186,1.1006136259953898,77.73765277235668,79.54308041540756,84.14780703660414,79.93100053825918,74.77699888190682,0.03674438172413863,0.014811437928073901,NewYork
2024-05-06 00:00:00,78.76000213623047,78.76000213623047,77.75,78.33000183105469,1248,50.808966801917485,-0.6526237838772886,-1.0163562842077694,0.36373250033048077,1.0941413767254788,77.79406696842317,79.49550870621725,84.07075001401408,79.80416287723803,74.82683687862134,0.03885941970664475,0.01410439927585632,Tokyo
2024-05-06 04:00:00,78.33000183105469,78.5,76.91999816894531,77.0999984741211,2004,44.548664356516035,-0.6344533724823265,-0.9399757018626809,0.3055223293803544,1.1288456948967698,77.72796520706106,79.40156712848798,83.97842217904862,79.62910988357466,74.83688971969683,0.02404034448909753,0.014496742197155346,Tokyo
2024-05-06 08:00:00,77.05000305175781,78.30000305175781,76.51000213623047,77.72000122070312,8834,48.02499811131474,-0.5635281487562906,-0.8646861912414028,0.30115804248511213,1.1760710678051693,77.72720673216983,79.33562336739838,83.89552918622286,79.52448664102737,74.8615134200078,-0.009810124398306752,0.01462824495132896,London
2024-05-06 12:00:00,77.72000122070312,77.72000122070312,76.83999633789062,77.04000091552734,2581,44.714041020024105,-0.5557830189136439,-0.802905556775851,0.24712253786220706,1.154923483160251,77.66175855915627,79.2455989575211,83.80472748727325,79.36554898776262,74.87245150051862,-0.011293599513567343,0.014743582470633105,London
2024-05-06 20:00:00,77.58999633789062,77.88999938964844,77.31999969482422,77.69999694824219,424,48.430233991755365,-0.49073193145382277,-0.7404708317114453,0.24973890025762258,1.133143125369268,77.66540031049777,79.18498711401998,83.7238701291404,79.32282371222028,74.88017616570941,-0.012957371146390173,0.014839332887197068,NewYork
2024-05-07 00:00:00,77.73999786376953,77.73999786376953,77.11000061035156,77.36000061035156,766,46.689160616343344,-0.46129580804549164,-0.6846358269782546,0.223340018932763,1.0972041345118166,77.63631462476955,79.1134190158369,83.63958046663988,79.24295678465825,74.88804297120112,-0.01238352097572093,0.014867330384038188,Tokyo
2024-05-07 04:00:00,77.3499984741211,77.38999938964844,76.75,77.08000183105469,1498,45.24653894088415,-0.45531247086839244,-0.6387711557562823,0.18345868488788986,1.0645466527326655,77.58333245393958,79.03367716545328,83.55269863040697,79.14928847564266,74.88771179901553,-0.00025935983738212265,0.014884139197344142,Tokyo
2024-05-07 08:00:00,77.11000061035156,78.54000091552734,77.11000061035156,77.91999816894531,7894,50.216237439083905,-0.3784276701045286,-0.5867024586259316,0.20827478852140302,1.0927932550023742,77.61539585536869,78.99000347931572,83.47809332628165,79.24213493710691,74.93586494082278,0.0025733008891013487,0.014391903043126207,London
2024-05-07 12:00:00,77.91999816894531,78.05999755859375,77.37999725341797,77.38999938964844,2988,47.29912144193554,-0.3561568294487927,-0.5405933327905039,0.18443650334171124,1.0633080442979872,77.5939295253001,78.92725822089739,83.39745632049843,79.27198977777475,74.99601025274283,0.00454307463605641,0.014494564537739719,London
2024-05-07 20:00:00,77.48999786376953,77.87999725341797,77.2699966430664,77.8499984741211,457,50.013254727036546,-0.2979543141685639,-0.49206552906611595,0.19411121489755206,1.0309289418707057,77.61831704423544,78.88501274063165,83.32398005763251,79.33227608142882,75.00872352184267,0.0019305216444065465,0.014440433439201952,NewYork
2024-05-08 00:00:00,77.8499984741211,77.95999908447266,77.69999694824219,77.94999694824219,465,50.6087582701827,-0.24098147589469932,-0.44184871843183265,0.20086724253713334,0.9758627414638257,77.6499056065218,78.8483454546556,83.25280147340219,79.40367225310028,75.02632728913603,0.007626633056304177,0.014438404360784748,Tokyo
2024-05-08 04:00:00,77.95999908447266,78.62000274658203,77.83000183105469,78.41000366210938,2262,53.36128500847975,-0.15690271687140012,-0.38485951811974617,0.22795680124834605,0.9625868967531801,77.72229589753015,78.83115558043811,83.18865845603408,79.4549573310414,75.01004282154649,0.017254823552934173,0.014206847936980257,Tokyo
2024-05-08 08:00:00,78.43000030517578,79.76000213623047,78.3499984741211,79.58999633789062,14759,59.583439351067646,0.0048894897404636595,-0.3069097165477042,0.3117992062881679,0.9945452371377701,77.90017212994543,78.86091404151468,83.14099405711826,79.7394736562478,75.13452613012915,0.02143221519749572,0.012156685657733927,London
2024-05-08 12:00:00,79.5999984741211,80.29000091552734,79.5,79.86000061035156,7090,60.86985601644152,0.15313284725674237,-0.2149012037868149,0.36803405104355724,0.97993492845046,78.08682246141268,78.90009390695926,83.09753719027368,80.01728315893006,75.28771638330626,0.03191628427682236,0.012148643754188872,London
2024-05-08 20:00:00,80.2300033569336,80.2300033569336,79.0999984741211,79.20999908447266,931,56.22985879581341,0.2156808506850325,-0.12878479289244543,0.34446564357747794,0.9906542109054711,78.19379166360886,78.91224705117547,83.04604661933593,80.13275041644157,75.50024900372445,0.01746950079650489,0.012376333759965882,NewYork
2024-05-09 00:00:00,79.25,79.38999938964844,78.25,78.43000030517578,3059,51.187395890896916,0.20000567039936357,-0.06302670023408363,0.2630323706334472,1.0013217236733616,78.21628772471048,78.89333541407744,82.98490693305565,79.99734785738038,75.93865144071533,0.006157836763641011,0.012504686813846045,Tokyo
2024-05-09 04:00:00,78.48999786376953,79.0999984741211,78.3499984741211,78.81999969482422,1349,53.435840410477994,0.2165563417668892,-0.007110091833889068,0.22366643360077826,0.9833701719815701,78.27378410281655,78.89045950351849,82.92974259877445,79.76625234402893,76.52274683199646,0.00522887404114436,0.012494405514346246,Tokyo
2024-05-09 08:00:00,78.83999633789062,79.94999694824219,77.77999877929688,78.91000366210938,13981,53.96287701886038,0.23423531710302825,0.0411589899534944,0.19307632714953385,1.0681293146255078,78.33437644179682,78.89122594111028,82.8765010234544,79.81670018731839,76.51429956854099,-0.008543695276657881,0.008392968412696525,London
2024-05-09 12:00:00,78.91000366210938,79.30000305175781,78.33000183105469,78.37999725341797,3867,50.348917352349844,0.20313730429865018,0.07355465282252557,0.1295826514761246,1.0611201650593414,78.33872128099884,78.87117775727921,82.81694468212942,79.83811572175256,76.5388839425541,-0.018532473649164438,0.008367803387385927,London
2024-05-09 20:00:00,78.37999725341797,78.58000183105469,77.5999984741211,77.91000366210938,784,47.3223522001051,0.1389654430592202,0.0866368108698645,0.05232863218935571,1.0553261073358573,78.29789103158079,78.83348465550785,82.75195208583777,79.78237518387976,76.5136247245675,-0.016412011581731223,0.008138926351384775,NewYork
2024-05-10 00:00:00,77.87000274658203,78.43000030517578,77.81999969482422,78.31999969482422,726,50.138145183503276,0.1198109282527895,0.0932716343464495,0.026539293906339995,1.0235171432644476,78.29999661855635,78.813347990383,82.69325072966541,79.78164669285258,76.51335300197164,-0.0014025323208407547,0.008165490888521799,Tokyo
2024-05-10 04:00:00,78.33999633789062,78.55000305175781,77.5199966430664,77.5199966430664,959,45.07514279742061,0.03962055579124524,0.08254141863540865,-0.04292086284416341,1.023980662223531,78.22571090660493,78.76262832970392,82.6247308079886,79.75609985170222,76.58089966001653,-0.01649331460024328,0.007678609291426661,Tokyo
2024-05-10 08:00:00,77.5199966430664,78.55000305175781,77.43000030517578,78.20999908447266,5720,49.78509183803953,0.03138475439320132,0.07231008578696718,-0.04092533139376586,1.0308393825350575,78.22421454259234,78.74095659459681,82.56625754012745,79.76651854619219,76.61948075190351,-0.008870923142192733,0.007726025532535132,London
2024-05-10 12:00:00,78.16000366210938,78.25,76.6500015258789,77.44999694824219,8586,45.18861408263171,-0.036052408616740195,0.05063758690622571,-0.08668999552296591,1.07149360336376,78.15047953360661,78.69033072611232,82.49849249917534,79.73354517471863,76.69345372664857,-0.01186527606232124,0.007789441548640007,London
2024-05-12 20:00:00,77.44999694824219,77.94000244140625,77.41999816894531,77.69000244140625,456,46.85724753766654,-0.0693312017354657,0.026643829177887428,-0.09597503091335313,1.0321015082982574,78.10662457244467,78.65110216592778,82.43480388913866,79.73376266193141,76.6922367887522,-0.002823786553229457,0.007577824830091574,NewYork
2024-05-13 00:00:00,77.69999694824219,77.73999786376953,77.11000061035156,77.66999816894531,513,46.729554251325666,-0.09621001350073755,0.0020730606421624324,-0.09828307414289998,1.0033797758061207,78.06504110544473,78.61262749937944,82.37169387959969,79.71866793321597,76.738331273327,-0.008299304499638116,0.007508175349886101,Tokyo
2024-05-13 04:00:00,77.63999938964844,78.13999938964844,77.4800033569336,77.62000274658203,940,46.389301778556046,-0.12016074001819277,-0.022373699489908607,-0.09778704052828416,0.9788523655847701,78.02265649983876,78.57370103848542,82.3087575732021,79.67598874845808,76.83501054963762,0.001290068470669592,0.007457637516547497,Tokyo
2024-05-13 08:00:00,77.61000061035156,78.43000030517578,77.33999633789062,78.12000274658203,6069,50.28779784008429,-0.0976701611926245,-0.03743299183045179,-0.060237169362172716,0.9867917657063902,78.03192757095717,78.55590894860686,82.25327737682302,79.67884210290033,76.85215765295904,-0.0011507011756056729,0.007191256435729251,London
2024-05-13 12:00:00,78.12000274658203,78.30999755859375,77.5199966430664,77.62999725341797,2927,46.703449398364256,-0.11802504434585614,-0.053551402333532665,-0.06447364201232347,0.9727352764076175,77.99364849309629,78.51959868605043,82.19204187849978,79.66335156658575,76.89164797565057,0.0023240840835161425,0.0071650795913358305,London
2024-05-13 20:00:00,77.73999786376953,77.91000366210938,77.45999908447266,77.56999969482422,226,46.26858769724966,-0.13741371765179622,-0.07032386539718538,-0.06708985225461084,0.9353973693518889,77.95330098849895,78.48235950992391,82.13082277672925,79.67299087343885,76.85400879086778,-0.0015446356392193605,0.0070365054950423285,NewYork
2024-05-14 00:00:00,77.58000183105469,77.6500015258789,76.36000061035156,76.41000366210938,2163,38.75514211471451,-0.2435736014254246,-0.10497381260283323,-0.13859978882259139,0.9607261940791256,77.80632029074756,78.40109065314687,82.05505033812501,79.81875683990567,76.55424349578767,-0.01622240937994146,0.007769194796262855,Tokyo
2024-05-14 04:00:00,76.41000366210938,76.51000213623047,75.86000061035156,76.33999633789062,2665,38.35038518734031,-0.32955616185326164,-0.1498902824529189,-0.17966587940034273,0.9385315749216265,77.66667039047547,78.32026342509761,81.97935425865171,79.9068545870899,76.25914501618158,-0.016490677188848335,0.007599114686338955,Tokyo
2024-05-14 08:00:00,76.37000274658203,76.52999877929688,74.94999694824219,74.98999786376953,15564,31.5150807385878,-0.5008579759433758,-0.2200838211510103,-0.28077415479236545,0.9843508789317837,77.41174919745586,78.18966477563376,81.88678000176586,80.00697993705543,75.69901981880395,-0.040066625355430485,0.0074374478692234205,London
2024-05-14 12:00:00,74.9800033569336,74.98999786376953,74.62999725341797,74.62999725341797,6602,29.980527213006,-0.6580790131537668,-0.3076828595515616,-0.3503961536022052,0.9397544311754636,77.14682044088083,78.05006997084098,81.79066367397317,79.97699492177475,75.20600449839128,-0.038644855160907654,0.007292795309434556,London
2024-05-14 20:00:00,74.5999984741211,74.72000122070312,73.76000213623047,73.9800033569336,3265,27.387501864742063,-0.8256097774894187,-0.411268243139133,-0.41434153435028565,0.9412004778395666,76.84521881383824,77.89045951539364,81.68721121944286,80.08627556083435,74.57372428657776,-0.04628073162323554,0.007313764133033765,NewYork
2024-05-15 00:00:00,73.91999816894531,74.8499984741211,73.68000030517578,74.80999755859375,2098,35.10583641278214,-0.8812470522354658,-0.5052640049583996,-0.3759830472770662,0.9575431700615921,76.65138821810066,77.76965708571522,81.59612229678261,80.07155105750809,74.2264485152458,-0.02093974645768859,0.007828819392953755,Tokyo
2024-05-15 04:00:00,74.80000305175781,75.44999694824219,74.33999633789062,74.45999908447266,2299,33.48926955195704,-0.9427149144052862,-0.592754186847777,-0.3499607275575092,0.9684329872252767,76.44268449108847,77.63986657586258,81.50160410854009,79.97659042516447,73.88540908655428,-0.024626635362895,0.007649042707672809,Tokyo
2024-05-15 08:00:00,74.45999908447266,75.91000366210938,74.27999877929688,75.81999969482422,11543,44.23495325668668,-0.871640228790568,-0.6485313952363352,-0.22310883355423283,1.0156881226248289,76.38338117715854,77.56849924719442,81.42635106994784,79.71085738887753,73.8421417261127,0.011068167151604857,0.008944513641591541,London
2024-05-15 12:00:00,75.83000183105469,75.86000061035156,75.1500015258789,75.45999908447266,4221,42.28734515113383,-0.8347397092197184,-0.6857730580330118,-0.1489666511867066,0.9938531913280457,76.29544002547416,77.48581296630337,81.3473265403389,79.51914583027947,73.74185346781623,0.011121557840023666,0.008900116107143443,London
2024-05-15 20:00:00,75.63999938964844,76.27999877929688,75.5999984741211,76.05999755859375,529,46.514098568708484,-0.7484532163586266,-0.6983090896981348,-0.05014412666049184,0.9814350844348099,76.27301693339031,77.42989863658927,81.27729569289856,79.37209738467723,73.70390130306691,0.02811562729491568,0.009104000010756258,NewYork
2024-05-16 00:00:00,76.08000183105469,77.0,75.9800033569336,76.62000274658203,1180,50.18145787647651,-0.627647678848902,-0.6841768075282882,0.0565291286793862,0.9841894814799456,76.30606320131334,77.39813801345173,81.21560969360961,79.1612415141112,73.74475747880874,0.02419469652529571,0.009193349306346722,Tokyo
2024-05-16 04:00:00,76.68000030517578,76.86000061035156,76.38999938964844,76.79000091552734,1726,51.273689009401906,-0.5122856781052008,-0.6497985816436708,0.13751290353847,0.947461748567047,76.35215250742897,77.37428949980763,81.15699235880058,79.08355694041211,73.7494424797539,0.03129199381820258,0.0089587875276933,Tokyo
2024-05-16 08:00:00,76.77999877929688,77.0999984741211,75.22000122070312,76.87000274658203,9760,51.80915079685389,-0.4096824183147021,-0.601775348977877,0.1920929306631749,1.0140714274854223,76.4014715778245,77.35451354870075,81.10021103943345,78.89123234300716,73.8077674433698,0.013848629068637264,0.008696754533156055,London
2024-05-16 12:00:00,76.87999725341797,77.23999786376953,75.98999786376953,75.98999786376953,3175,45.84161906771596,-0.3948263231668392,-0.5603855438156695,0.16555922064883033,1.030923468379427,76.36228360505736,77.30100312968385,81.03252609670942,78.76852876136016,73.78447111656953,0.007023572564632152,0.00879915955076932,London
2024-05-16 20:00:00,75.91999816894531,76.37999725341797,75.76000213623047,76.08000183105469,359,46.52010379063684,-0.3715076834451594,-0.5226099717415675,0.15110228829640815,1.0015714432941174,76.33539962658091,77.25312072581605,80.96692974881995,78.59817013025526,73.79382968663927,0.00026300648307975294,0.008763227598980369,NewYork
2024-05-17 00:00:00,76.11000061035156,76.55000305175781,75.93000030517578,76.26000213623047,450,47.925175493250514,-0.33464538942190813,-0.48501705527763567,0.15037166585572753,0.974316536385963,76.3282189132142,77.21417489877348,80.90458633673268,78.4261418663243,73.82485834729876,-0.004698519935352308,0.008795189131909726,Tokyo
2024-05-17 04:00:00,76.23999786376953,76.83000183105469,76.22000122070312,76.51000213623047,754,49.89418369075858,-0.2820080321168206,-0.44441525064547266,0.1624072185286521,0.9482939702405173,76.34553160112051,77.18656028063454,80.846379923481,78.27020212463616,73.86979802795175,-0.0036462921729208952,0.008845033171210619,Tokyo
2024-05-17 08:00:00,76.48999786376953,76.48999786376953,75.55000305175781,75.94000244140625,5004,45.65549016199609,-0.28302423173992963,-0.41213704686436403,0.1291128151244344,0.9491300498285311,76.30690977638582,77.13767565948832,80.78139479126808,77.93829174276995,73.98370837930035,-0.012098351397771157,0.008800326214782078,London
2024-05-17 12:00:00,75.93000030517578,76.02999877929688,75.6500015258789,75.91999816894531,3037,45.509368123571996,-0.28219083458408534,-0.3861478044083083,0.10395696982422298,0.9084777072275998,76.27006105186767,77.08992360103566,80.71700543203202,77.69011423474484,74.06088597887822,-0.000921169848559722,0.008727428156204576,London
2024-05-19 20:00:00,75.91000366210938,76.66999816894531,75.91000366210938,76.37000274658203,415,49.43032217540516,-0.24242423706266436,-0.35740309093917955,0.11497885387651519,0.8978717643424381,76.27957930850714,77.06169141066493,80.65942923752276,77.46615374602555,74.16484677277327,0.0038117890187663317,0.00886795863619118,NewYork
2024-05-20 00:00:00,76.38999938964844,76.76000213623047,76.18000030517578,76.55999755859375,776,51.03241647721871,-0.1933491202450881,-0.3245922968003613,0.13124317655527318,0.8751667691075135,76.30628580851538,77.04201714195626,80.60513212919257,77.48634075580986,74.1596591526374,0.003933850169940634,0.008224770200318685,Tokyo
2024-05-20 04:00:00,76.5199966430664,76.7300033569336,76.30999755859375,76.66999816894531,612,51.98094315612407,-0.14392156840560233,-0.2884581511214095,0.14453658271580716,0.8426552711954237,76.34092508093728,77.02742816262251,80.55301114958665,77.53074767681802,74.1482524147347,0.002091177993041482,0.008226316056331066,Tokyo
2024-05-20 08:00:00,76.62999725341797,76.9800033569336,75.5,75.98999786376953,6850,46.04339781239258,-0.15780118525871956,-0.2623267579488715,0.10452557269015195,0.8881801344625831,76.30750344120702,76.98674462149103,80.49257388752285,77.53346884725589,74.24553124429686,0.0006583542369762441,0.007394696218964452,London
2024-05-20 12:00:00,75.97000122070312,76.61000061035156,75.8499984741211,75.91999816894531,2567,45.46764382323044,-0.1724612460810846,-0.24435365557531413,0.07189240949422954,0.8790245631602618,76.2705981771821,76.94491142727355,80.43200997072051,77.48740953524936,74.4205906478561,0.0,0.007293581762677617,London
2024-05-20 20:00:00,76.02999877929688,76.1500015258789,75.72000122070312,75.7699966430664,223,44.19237670185678,-0.1939476120823116,-0.23427244687671364,0.04032483479440205,0.8469514018755666,76.22292184059964,76.8988363376968,80.37026144982443,77.27003761693813,74.81696189478062,-0.0078565677875726,0.006974486594810923,NewYork
2024-05-21 00:00:00,75.80000305175781,76.05000305175781,75.52999877929688,75.79000091552734,474,44.416278767333104,-0.20697564790312128,-0.22881308708199516,0.021837439178873874,0.823598035488747,76.18169127630703,76.85535259565096,80.30959574738341,77.18222132745966,75.00277851995246,-0.01005742773799212,0.006569197544044144,Tokyo
2024-05-21 04:00:00,75.80999755859375,75.8499984741211,75.05000305175781,75.12000274658203,1636,38.801319554045556,-0.2682712490130399,-0.2367047194682041,-0.0315665295448358,0.8219121345512097,76.08057808299989,76.78729966039336,80.24085941624698,77.03156180242908,75.21943841119398,-0.02021645310265696,0.006810836947414658,Tokyo
2024-05-21 08:00:00,75.08000183105469,76.70999908447266,74.9800033569336,76.48999786376953,8963,52.12785862692379,-0.20395028612962562,-0.23015383280048843,0.026203546670862804,0.8867752483362011,76.11957044307319,76.77564076640812,80.1911791307837,77.06704421404902,75.25095581646855,0.006579813318278616,0.006807162920428596,London
2024-05-21 12:00:00,76.48999786376953,76.66999816894531,76.29000091552734,76.48999786376953,2863,52.12785862692379,-0.15123214955568187,-0.21436949615152714,0.06313734659584527,0.8505768201276809,76.15484924504426,76.7644390839517,80.14215686234643,77.06699190192352,75.35400800652376,0.0075078992172232795,0.006698154059184569,London
2024-05-21 20:00:00,76.2300033569336,77.75,76.2300033569336,77.29000091552734,1883,58.28043584135899,-0.044387415637501704,-0.18037308004872207,0.13598566441122037,0.8983925217662533,76.26295892794741,76.78504935185663,80.10437996238856,77.25088494511257,75.29311529902805,0.020060767319567185,0.006860626535832177,NewYork
2024-05-22 00:00:00,77.33000183105469,77.43000030517578,77.11000061035156,77.3499984741211,641,58.70903944931815,0.04461481550400492,-0.13537550093817668,0.1799903164421816,0.8570787484131769,76.36648650377347,76.80720421939641,80.06789808837178,77.39097791765262,75.2260218992419,0.02058315793309551,0.006686423778567358,Tokyo
2024-05-22 04:00:00,77.30999755859375,78.25,77.30999755859375,77.83999633789062,2250,62.13078458627951,0.15292562600954795,-0.07771527554863177,0.23064090155817973,0.8630018693412634,76.50682077368938,76.84770587110206,80.03838945591508,77.62793689947742,75.09406245965343,0.03620864605775531,0.006804394750361919,Tokyo
2024-05-22 08:00:00,77.87999725341797,79.37999725341797,77.47000122070312,79.37999725341797,13102,70.42579935321436,0.3588908568350462,0.009605950928103832,0.34928490590694233,0.937787166725206,76.78045662890163,76.94701141550661,80.02966902939194,78.33124304555758,74.64175576425686,0.037782709770702194,0.008013222239036935,London
2024-05-22 12:00:00,79.37999725341797,79.37999725341797,79.37999725341797,79.37999725341797,1682,70.42579935321436,0.5161697031304016,0.11091870136856338,0.40525100176183815,0.870802369101881,77.02803192647461,77.04242262483646,80.02106410520686,78.89045854359712,74.42154020518218,0.037782709770702194,0.00741203482955363,London
2024-05-22 20:00:00,79.37999725341797,79.51000213623047,78.36000061035156,79.08999633789062,1828,67.21054008988295,0.6103776184692578,0.21081048478870226,0.3995671336805555,0.8907451660145522,77.22440948946661,77.12271963319152,80.0087320817987,79.27121437746563,74.34178382199725,0.023288852387653103,0.007524656648715221,NewYork
2024-05-23 00:00:00,79.0199966430664,79.3499984741211,78.95999908447266,78.9800033569336,1163,65.98013616692289,0.6684569996017728,0.3023397877513164,0.3661172118504564,0.8549776105597856,77.39160890541585,77.19555428902454,79.995106535774,79.57472628040007,74.31027204113313,0.021073108144376462,0.007560302451914123,Tokyo
2024-05-23 04:00:00,79.0199966430664,79.55999755859375,78.9800033569336,79.5,2090,68.88056538257129,0.7478242583450623,0.39143668187006564,0.35638757647499664,0.8353359384955038,77.592408057281,77.28592470906281,79.98854883331342,79.95069568922955,74.23330241868061,0.021325844555587725,0.0076305768057096535,Tokyo
2024-05-23 08:00:00,79.52999877929688,82.22000122070312,78.83999633789062,81.70999908447266,23676,77.61540851896635,0.9777805930637555,0.5087054641088037,0.46907512895495185,1.0170980059469112,77.98455958368021,77.45941782182399,80.01134949889168,80.84921260714775,73.91178516506905,0.0293525058159958,0.009198167384406595,London
2024-05-23 12:00:00,81.68000030517578,82.5999984741211,81.45999908447266,81.69999694824219,6775,77.50937016563225,1.1460051225820678,0.6361653958034565,0.5098397267786112,1.0258766762113147,78.33841076125753,77.62571504246785,80.03371569027381,81.56298765542932,73.77600999471717,0.029226502583739045,0.009195053288924294,London
2024-05-23 20:00:00,81.4000015258789,81.72000122070312,81.01000213623047,81.41999816894531,1558,74.44325517507365,1.2424089952512958,0.7574141156930244,0.48499487955827136,1.003313991087104,78.63189527627542,77.77451045919246,80.05207704760721,82.10489346696129,73.73910372542151,0.029460133252508847,0.00931178778903381,NewYork
2024-05-24 00:00:00,81.3499984741211,81.6500015258789,81.04000091552734,81.08999633789062,700,70.88424801230438,1.2774556554606988,0.8614224236465593,0.41603323181413954,0.9752201781773986,78.86600013928638,77.90452951325905,80.0658243229752,82.50773587894543,73.78926119136707,0.026715534202010005,0.009452293705577822,Tokyo
2024-05-24 04:00:00,81.05999755859375,81.87999725341797,81.04000091552734,81.29000091552734,1935,71.76528705251864,1.3063107469409658,0.9504000883054406,0.3559106586355252,0.9655613324426214,79.09685735607123,78.03729309766173,80.08203858247921,82.89566533172493,73.86333201324578,0.02251573478650748,0.009446854125180044,Tokyo
2024-05-24 08:00:00,81.30999755859375,82.16999816894531,79.52999877929688,80.45999908447266,12968,63.21620716490345,1.247820307908981,1.0098841322261487,0.2379361756828322,1.0851640508145532,79.22668037782374,78.13230117557589,80.08704468184337,83.0633406710948,74.14265679594621,-0.015298005311537688,0.009540523425137273,London
2024-05-24 12:00:00,80.48999786376953,80.80999755859375,80.30000305175781,80.41000366210938,5560,62.73144788117202,1.1837860520924437,1.0446645161994077,0.139121535893036,1.0440805119589098,79.33937783347,78.22162284171446,80.091322284231,83.16966329429954,74.48533472205787,-0.01578939209691821,0.009534501694422952,London
2024-05-28 00:00:00,81.01000213623047,81.0199966430664,80.5999984741211,80.61000061035156,281,63.92324671595913,1.1360804965165556,1.0629477122628375,0.07313278425371816,1.0130742597444702,79.46038952650633,78.31528471499435,80.09819219583525,83.22986521006047,74.90913320302548,-0.009948385861088038,0.009466991298841253,Tokyo
2024-05-28 04:00:00,80.5999984741211,82.0999984741211,80.30000305175781,82.02999877929688,1635,71.01144820295954,1.1990337699098177,1.0901649237922335,0.10886884611758418,1.0692829142172755,79.7051142172483,78.46095977633955,80.12377903800031,83.44102033434503,75.32197786511786,0.011592088837806713,0.009964239005632277,Tokyo
2024-05-28 08:00:00,82.0,83.19000244140625,81.80000305175781,82.12000274658203,13882,71.39507416100392,1.241871736255959,1.1205062862849786,0.12136544997098042,1.0921912338909425,79.93510360099437,78.60445165752553,80.15021908712059,83.43548517915656,76.02751302030634,0.01021038038758526,0.009528037422927403,London
2024-05-28 12:00:00,82.12999725341797,82.5999984741211,81.4000015258789,82.16999816894531,4993,71.61974721967283,1.2652700998637414,1.1494590490007313,0.11581105086301013,1.0998916420588924,80.14795070270398,78.74427701091454,80.17697112793947,83.53965675045748,76.49134147952299,0.021252785283745412,0.00899990773061944,London
2024-05-28 20:00:00,82.33000183105469,82.33000183105469,81.81999969482422,82.0199966430664,508,69.84715431258822,1.2572171849579803,1.171010676192181,0.08620650876579927,1.0577566773568423,80.32624079226231,78.87273660433227,80.20138206191467,83.50556635790934,77.07843175000082,0.02002229707291625,0.009047326270807223,NewYork
2024-05-29 00:00:00,82.05000305175781,82.5,81.8499984741211,81.87000274658203,549,68.0338777737535,1.2246153347002178,1.1817316078937885,0.04288372680642927,1.02863130939412,80.47326574029277,78.99027645304795,80.22348299813542,83.47619447695041,77.56580381406522,0.01563084141781612,0.00896848934504727,Tokyo
2024-05-29 04:00:00,81.88999938964844,82.3499984741211,81.61000061035156,81.68000030517578,1498,65.70687751054768,1.1699599543040335,1.1793772771758375,-0.009417322871803968,1.008014634706641,80.58819284171021,79.09575581979806,80.24277461809622,83.32626830079823,78.14873017332286,-0.004266713145550161,0.009033275406252653,Tokyo
2024-05-29 08:00:00,81.66000366210938,81.88999938964844,80.25,80.56999969482422,8872,54.07132658659825,1.0252588531187996,1.14855359236443,-0.1232947392456305,1.0531564029167864,80.5864601610544,79.1535693050932,80.24710872507275,83.07892604839365,78.6690727614208,-0.018874853871364783,0.009697184884346271,London
2024-05-29 12:00:00,80.55999755859375,81.33000183105469,80.44999694824219,81.30000305175781,3141,59.18970277868564,0.9584390689471007,1.1105306876809644,-0.15209161873386368,1.0407884371950473,80.65441662683568,79.23774317751143,80.26105434529376,83.06551860833493,78.87448078131352,-0.010587746581164015,0.008929760610468058,London
2024-05-29 20:00:00,81.08999633789062,81.26000213623047,80.80000305175781,80.91999816894531,263,55.709333949552274,0.8648512238138721,1.061394794907546,-0.19654357109367382,1.0021606916811028,80.6797101070366,79.30371396148922,80.26978207805736,83.00519493290912,79.08880454829205,-0.013411345027335875,0.009023715361995322,NewYork
2024-05-30 00:00:00,80.9800033569336,81.08999633789062,80.5,80.91999816894531,467,55.709333949552274,0.7816715591218752,1.0054501477504119,-0.2237785886285366,0.9727203806960598,80.70259468436123,79.36709765589926,80.27839421171151,82.86950694387865,79.40749272042798,-0.011603817586000709,0.008961976065695503,Tokyo
2024-05-30 04:00:00,80.91999816894531,82.16999816894531,80.91999816894531,81.91000366210938,2333,62.39105128179198,0.7865691653378661,0.9616739512679027,-0.17510478593003653,0.9925260677892039,80.81758601557533,79.46681946006436,80.30000493290883,82.71694351990702,79.8530561749172,0.002815907885336033,0.009267298287539909,Tokyo
2024-05-30 08:00:00,81.95999908447266,81.9800033569336,77.20999908447266,77.83000183105469,16547,37.36996999335261,0.45597233849602503,0.8605336287135272,-0.4045612902175022,1.2623459395515408,80.53305418847813,79.40263053343652,80.2672896600366,83.16704739875416,79.23595247917552,-0.03400766878674255,0.014943982218800762,London
2024-05-30 12:00:00,77.83000183105469,78.08000183105469,77.4000015258789,78.08000183105469,4380,38.98465269286366,0.21170448454876123,0.7307677998805742,-0.5190633153318129,1.2207498228104052,80.2994301544378,79.35076274118626,80.238318960315,83.41197679387838,78.6280233587095,-0.039606409592053526,0.013418129810287553,London
2024-05-30 20:00:00,78.4800033569336,78.83000183105469,77.22000122070312,77.33000183105469,693,35.98716030533693,-0.04191511024809813,0.5762312178548398,-0.6181463281029379,1.2485534504919225,80.01662745697274,79.27151721529876,80.19979820363605,83.68068965702739,77.92231098384175,-0.04436476049338767,0.013506680965031988,NewYork
2024-05-31 00:00:00,77.27999877929688,77.76000213623047,76.81999969482422,77.29000091552734,592,35.82892929516325,-0.24333321213671866,0.4123183318565281,-0.6556515439932468,1.226514092700084,79.75694873873984,79.1938106937391,80.16125784220415,83.85468943185634,77.335311483671,-0.04485908719176235,0.013514637043930723,Tokyo
2024-05-31 04:00:00,77.27999877929688,77.83000183105469,77.01000213623047,77.54000091552734,1051,37.67340188593825,-0.37842336931855414,0.25416999162151166,-0.6325933609400658,1.1974773499946594,79.54581085081485,79.12895540831903,80.12653920741374,83.93974117856727,76.89526019472375,-0.05335127031136422,0.01357143310930869,Tokyo
2024-05-31 08:00:00,77.5,77.54000091552734,76.11000061035156,76.72000122070312,14302,34.20099922440764,-0.5453638000957852,0.09426323327805228,-0.6396270333738375,1.2140861325075998,79.27668612413754,79.03448661664781,80.0814194989805,84.04960732684766,76.32839407696092,-0.014261860262589132,0.013648324331234247,London
2024-05-31 12:00:00,76.72000122070312,76.80999755859375,76.06999969482422,76.1500015258789,8129,31.993490246215316,-0.7154126739374789,-0.06767194816505395,-0.6477407257724249,1.1802226847405892,78.9789066385891,78.92136955426471,80.02934773774736,84.23116553989006,75.71583610805915,-0.024718241033751642,0.013582851745578672,London
2024-06-02 20:00:00,76.1500015258789,76.52999877929688,76.13999938964844,76.25,492,32.81281031537158,-0.8325119113600721,-0.22063994080405758,-0.6118719705560145,1.1237781636625697,78.71901076824727,78.81660996390139,79.97929015181693,84.32886180037637,75.2021394813619,-0.013966142577032437,0.013605686099006458,NewYork
2024-06-03 00:00:00,76.2699966430664,76.37000274658203,75.1500015258789,75.22000122070312,1875,28.944689565581484,-0.9969341577021851,-0.37589878418368305,-0.621035373518502,1.1306512391654675,78.38577176371925,78.67556648377597,79.91625321233198,84.46773211185621,74.52426923091724,-0.026782244408129707,0.013760350299916312,Tokyo
2024-06-03 04:00:00,75.25,75.41999816894531,74.86000061035156,75.08999633789062,2709,28.48820166856467,-1.1247646928361519,-0.5256719659141769,-0.599092726921975,1.089890261981768,78.0718883898308,78.53495588981968,79.85232928022018,84.33997622645953,73.9580248721733,-0.03159665396839206,0.012864518514414988,Tokyo
2024-06-03 08:00:00,75.08999633789062,75.94999694824219,73.1500015258789,73.62000274658203,18915,23.89861509266362,-1.329363436275301,-0.6864102599864017,-0.6429531762888994,1.2120406305804627,77.64789928094997,78.34221262930056,79.76978190891371,84.27045599267971,73.17754510595309,-0.04040665308650371,0.013234446955237043,London
2024-06-03 12:00:00,73.58999633789062,74.30000305175781,73.1500015258789,73.1500015258789,5857,22.64257754244086,-1.5120051310911151,-0.8515292342073445,-0.6604758968837706,1.2076092659589226,77.2195280661813,78.13859650759775,79.6821026985424,84.09946658605584,72.44653484827033,-0.03939592829791971,0.013157788319116584,London
2024-06-03 20:00:00,73.1500015258789,73.58000183105469,73.11000061035156,73.48999786376953,1355,25.685314903455264,-1.6107474333391139,-1.0033728740336985,-0.6073745593054154,1.1549229770120741,76.86433471357066,77.95629852156527,79.60008806496924,83.7661503116475,71.926851244749,-0.03619674932761274,0.013339024486548764,NewYork
2024-06-04 00:00:00,73.44999694824219,74.88999938964844,73.1500015258789,73.18000030517578,839,24.73019322211526,-1.6944826898219247,-1.1415948371913438,-0.5528878526305809,1.1967140403518965,76.51344572229496,77.76899270915784,79.5150537900051,83.3637813149005,71.46021999735535,-0.02712045842091615,0.013315154952651998,Tokyo
2024-06-04 04:00:00,73.19999694824219,74.23999786376953,72.62000274658203,72.69999694824219,2066,23.28626899420354,-1.7790677575359553,-1.2690894212602661,-0.5099783362756891,1.2269484029830138,76.15026012476613,77.57020856167095,79.42478813647182,82.913987610688,71.01201336587451,-0.03182846592366173,0.013293853422065008,Tokyo
2024-06-04 08:00:00,72.76000213623047,74.16000366210938,72.26000213623047,73.41000366210938,16234,29.81411002046518,-1.7684251210770725,-1.3689565612236276,-0.39946855985344487,1.2750236260470103,75.88928331879882,77.40706327149208,79.34512211694384,82.5035775486183,70.70642382467273,-0.0028524731953015747,0.013592207244151428,London
2024-06-04 12:00:00,73.36000061035156,74.23999786376953,72.70999908447266,73.48999786376953,4743,30.531352566720884,-1.7335525764703021,-1.4418757642729625,-0.29167681219733965,1.2932361369934307,75.66077994212937,77.2534528633461,79.26757080233226,81.83173198099678,70.59726887349541,0.004647933435385498,0.013284525238213928,London
2024-06-04 20:00:00,73.5999984741211,74.91999816894531,73.54000091552734,74.16000366210938,698,36.39431241722522,-1.6330274413527377,-1.4801060996889177,-0.15292134166382,1.3030050061493135,75.51784886784175,77.13214112996427,79.19992090643527,81.10139054177748,70.6516108620311,0.009116965815971989,0.01365557965703031,NewYork
2024-06-05 00:00:00,74.19999694824219,74.7699966430664,74.12999725341797,74.4800033569336,1089,39.04052646706567,-1.510131391843288,-1.4861111581197919,-0.024020233723496043,1.2556474621135334,75.41900643823145,77.02813572710032,79.13740544220346,80.2362047044853,70.87279721812213,0.017764458135235417,0.013761494138052346,Tokyo
2024-06-05 04:00:00,74.5199966430664,75.91000366210938,74.33000183105469,74.47000122070312,1233,38.985929967099736,-1.3974337298261332,-1.4683756724610602,0.07094194263492692,1.2788156313236174,75.32862498894303,76.92781672684946,79.07558551873989,78.79907687337283,71.56592480509397,0.02434668977663179,0.013260207434550642,Tokyo
2024-06-05 08:00:00,74.44999694824219,75.36000061035156,74.05000305175781,74.69000244140625,9883,40.942263691051394,-1.2756627151432127,-1.4298330809974908,0.15417036585427812,1.2810429118429127,75.26780379393952,76.8400593038909,79.01749832566263,78.42421638138022,71.62678535812172,0.017436299079733653,0.007634803106869348,London
2024-06-05 12:00:00,74.70999908447266,75.16000366210938,74.33999633789062,74.36000061035156,4125,38.92608237822848,-1.192045539562443,-1.3822755727104814,0.19023003314803844,1.248111798441185,75.18134634788353,76.74280210022269,78.95580961420156,77.9273211225926,71.75168049483905,0.01183838307077889,0.007548024655656566,London
2024-06-05 20:00:00,74.33000183105469,75.12999725341797,74.13999938964844,74.16999816894531,338,37.7727258560688,-1.1281058327716096,-1.3314416247227072,0.20333579195109763,1.2296750888217802,75.08502747369894,76.64190782840788,78.89242138313857,77.54821964389093,71.81478160732978,0.00013476950299895485,0.0073555484325166605,NewYork
2024-06-06 00:00:00,74.19999694824219,74.36000061035156,73.69999694824219,73.75,1064,35.28401856893352,-1.0986588414095024,-1.2848850680600663,0.18622622665056388,1.188984272628035,74.95788200001333,76.52849967827424,78.82430984164004,77.11914393864117,71.8898572210268,-0.0098013335664765,0.007388083931665108,Tokyo
2024-06-06 04:00:00,73.76000213623047,75.25,73.76000213623047,74.01000213623047,1148,38.00704606160504,-1.0423265969517672,-1.2363733738384064,0.19404677688663918,1.2111996817260335,74.8676077272721,76.42973506878234,78.76054417666774,76.52272787959737,72.1332734021409,-0.006176971625250549,0.00739986946290044,Tokyo
2024-06-06 08:00:00,74.04000091552734,75.29000091552734,73.80999755859375,75.08999633789062,12146,47.82711483474308,-0.9001598982048336,-1.1691306787116917,0.2689707805068582,1.23039994424086,74.88878759495006,76.37719629502188,78.71192764900182,76.1717375644249,72.32126322903214,0.0053553873799665475,0.008022140962755088,London
2024-06-06 12:00:00,75.12000274658203,75.91000366210938,74.9000015258789,75.51000213623047,4168,51.07304331898021,-0.7450127640118467,-1.0843070957717227,0.339294331759876,1.2146572436686884,74.94795088459581,76.34318868095163,78.66951803956115,76.02433882407594,72.40466203041625,0.015465324320059537,0.008005712172156971,London
2024-06-06 20:00:00,75.61000061035156,76.0,75.30000305175781,75.36000061035156,350,49.87949175297458,-0.6269345012354535,-0.9928325768644688,0.36589807562901533,1.1778957939953656,74.98719371562017,76.30463228602613,78.6256833716246,75.80436842320398,72.53563249232337,0.016044256044009275,0.008002099708913765,NewYork
2024-06-07 00:00:00,75.43000030517578,75.55999755859375,75.25,75.52999877929688,210,51.26939479335343,-0.5137173815804204,-0.8970095378076591,0.3832921562272388,1.1159030628952482,75.03888943597032,76.27425450144852,78.58468092669311,75.8669966917785,72.50400397960823,0.024135576668432135,0.007408371866667089,Tokyo
2024-06-07 04:00:00,75.48999786376953,75.48999786376953,74.0999984741211,74.44000244140625,2110,43.02983200208908,-0.5061114557384911,-0.8188299213938256,0.31271846565533445,1.138338580201001,74.98185257934517,76.20232304811353,78.52978452291448,75.78529487255682,72.52070640918146,0.005810029627945079,0.008105157789074125,Tokyo
2024-06-07 08:00:00,74.41999816894531,75.0199966430664,74.01000213623047,74.33000183105469,11400,42.29116221398,-0.5031597225771236,-0.7556958816304853,0.2525361590533617,1.1291711463892107,74.91977155569846,76.12889868666024,78.47415826209514,75.80277011607834,72.57423107410722,-0.01012111524704451,0.006722555453974933,London
2024-06-07 12:00:00,74.3499984741211,74.5199966430664,73.54000091552734,73.8499984741211,8962,39.134189065518804,-0.533403963273571,-0.7112374979591025,0.17783353468553154,1.1185157593284856,74.81788840507204,76.03953005087439,78.41291111258556,75.77197796256235,72.67502292244743,-0.021983891075972983,0.006726566353408597,London
2024-06-09 20:00:00,73.83999633789062,74.27999877929688,73.76000213623047,73.83999633789062,320,39.06874294922126,-0.5518188070139729,-0.6793537597700766,0.12753495275610371,1.0757643938811932,74.72475582724523,75.95327382683581,78.35234270497371,75.76224583321874,72.71975489920314,-0.02016990791069806,0.006655463593176978,NewYork
2024-06-10 00:00:00,73.73999786376953,73.94000244140625,73.4000015258789,73.55000305175781,378,37.12994857899935,-0.5830912252825584,-0.6601012528725729,0.07701002759001452,1.0374955739987746,74.61287461053215,75.85902791408766,78.288735557249,75.73472059196766,72.78428041511242,-0.02621469296358292,0.006645463466126867,Tokyo
2024-06-10 04:00:00,73.48999786376953,73.97000122070312,72.80999755859375,72.86000061035156,4053,32.94115891085916,-0.6559904232372844,-0.6592790869455152,0.003288663708230777,1.0462461517209605,74.44593422956257,75.74141900021566,78.2168317831179,75.70844858538075,72.82655278791026,-0.021225171671620413,0.006827375245066581,Tokyo
2024-06-10 08:00:00,72.9000015258789,73.75,71.27999877929688,71.63999938964844,12733,27.116260841473206,-0.802951539830687,-0.6880135775225495,-0.11493796230813746,1.1479429423625456,74.17870234004694,75.58057901548753,78.12972142029048,76.0071077879098,72.35089315813511,-0.03618999562949532,0.007422560726286967,London
2024-06-10 12:00:00,71.66000366210938,73.0999984741211,71.56999969482422,71.94999694824219,3942,30.480144804294554,-0.8842124209225375,-0.7272533462025472,-0.15695907471999027,1.1752326450007125,73.96644468368459,75.43820324814457,78.04787076503158,76.16671856332853,72.03728229116366,-0.025727847869146725,0.007510029098528154,London
2024-06-10 20:00:00,72.11000061035156,72.33000183105469,71.80999755859375,72.2300033569336,404,33.46718219920727,-0.9154651650057559,-0.764895709963189,-0.1505694550425669,1.1284306183907278,73.80106931923211,75.31239148770493,77.97081291856671,76.23280953945016,71.77819128452444,-0.021803806348929533,0.007225637536989326,NewYork
2024-06-11 00:00:00,72.19000244140625,72.23999786376953,71.7300033569336,72.08000183105469,859,32.65765910850776,-0.9414842153974092,-0.8002134110500332,-0.14127080434737604,1.0842566104225277,73.63715812988188,75.18563110901277,77.89278893065264,76.25898077514918,71.51201989623755,-0.01998641957456715,0.007104096628381707,Tokyo
2024-06-11 04:00:00,72.06999969482422,72.37000274658203,71.56999969482422,71.69999694824219,1438,30.635945804343862,-0.9814541262659588,-0.8364615540932183,-0.14499257217274053,1.0639527848036192,73.45266658877334,75.04893957329628,77.81076519578627,76.29381783595267,71.20018240818797,-0.015920994405599354,0.0071400206638844894,Tokyo
2024-06-11 08:00:00,71.66999816894531,74.4000015258789,71.51000213623047,73.26000213623047,9057,45.54078900463593,-0.8771400627905308,-0.8445972558326809,-0.032542806957849946,1.1943846851496795,73.43431759329307,74.97878516399959,77.75049018837495,76.19094715683904,71.16005305678401,0.022613103857956007,0.008814936718313699,London
2024-06-11 12:00:00,73.22000122070312,73.94000244140625,72.62999725341797,72.94999694824219,4013,43.538644368792546,-0.8101463806160609,-0.8377070807893569,0.027560700173295927,1.202643292495294,73.38819181757394,74.89922484181304,77.68690749645268,76.11870589903735,71.09129394837477,0.013898541242737705,0.008811159980674355,London
2024-06-11 20:00:00,73.0,73.30000305175781,72.30999755859375,73.22000122070312,140,45.774703037736074,-0.7268872132389959,-0.8155431072792847,0.08865589404028884,1.1874548782573484,73.372173665491,74.83337293510286,77.62774317491957,76.06213937141199,71.05286078117591,0.013706186041240187,0.00886213904790294,NewYork
2024-06-12 00:00:00,72.41999816894531,72.86000061035156,72.25,72.37999725341797,508,40.412502829392736,-0.7203809203681715,-0.7965106698970621,0.07612974952889062,1.1719224741463323,73.27768067386499,74.7371621240564,77.55823660642287,76.0458646635654,70.93213521436428,0.004161978561910029,0.009130152283225017,Tokyo
2024-06-12 04:00:00,72.44000244140625,72.86000061035156,71.66000366210938,71.80000305175781,4560,37.17441495688413,-0.7533412720078587,-0.7878767903192214,0.0345355183113627,1.1739277937246075,73.13694947175954,74.62197941533881,77.48196861232134,76.02983367861673,70.7271662908657,0.0013947853245770414,0.009198987648033887,Tokyo
2024-06-12 08:00:00,71.7699966430664,73.19999694824219,71.5,73.08000183105469,5742,47.22461836426598,-0.6684716588812734,-0.7639957640316318,0.09552410515035847,1.211504161904435,73.1315258869305,74.5615097061512,77.42366441654298,75.80567181856685,70.75032870023199,-0.0024570065510107764,0.009512625209937661,London
2024-06-12 12:00:00,72.18000030517578,72.86000061035156,71.66000366210938,71.72000122070312,15536,39.91793044441786,-0.7028505387801687,-0.7517667189813393,0.04891618020117061,1.2263965909787835,72.99709496633741,74.45007800083951,77.34811920865107,75.47599658812702,70.70100383911908,-0.016860805743579954,0.010118504348038968,London
2024-06-12 20:00:00,71.7300033569336,72.5999984741211,71.4000015258789,71.55999755859375,296,39.15045512313196,-0.7345396907919479,-0.748321313343461,0.01378162255151305,1.2245109022118839,72.86022854655229,74.3367415129083,77.27145534573641,75.12419995621687,70.67280016585343,-0.02267145089366651,0.010117905575427969,NewYork
2024-06-13 00:00:00,71.58999633789062,72.05999755859375,71.55000305175781,71.87000274658203,305,41.49736052932662,-0.7262667927190165,-0.7439104092185721,0.017643616499555592,1.1734740168278872,72.7659213275075,74.24000665932688,77.19991292720456,74.60694959424445,70.82405092455438,-0.007046069717995929,0.01018040049211213,Tokyo
2024-06-13 04:00:00,71.7699966430664,73.01000213623047,71.58999633789062,71.87000274658203,485,41.49736052932663,-0.7115086327733451,-0.7374300539295267,0.025921421156181568,1.1910834297930273,72.68059574837173,74.14706532941531,77.12931809037514,74.32839845045785,70.84560209885856,0.0009749260703200147,0.009785867120174164,Tokyo
2024-06-13 08:00:00,71.83000183105469,73.41999816894531,71.44999694824219,71.6500015258789,5666,40.22059189802104,-0.7093875662876883,-0.731821556401159,0.022433990113470692,1.2467204148580346,72.58244391765813,74.0491412586884,77.05674436104407,74.03480557575551,70.87119494304332,-0.0195676008394422,0.009789928241239887,London
2024-06-13 12:00:00,71.55999755859375,73.5,71.30000305175781,71.43000030517578,1847,38.930655982024305,-0.7171915281993222,-0.7288955507607917,0.011704022561469518,1.3148115958140458,72.47268738313599,73.94642984874673,76.98221794970806,73.83197358699901,70.83202711490527,-0.004043515206238357,0.00973440392572999,London
2024-06-13 20:00:00,71.58999633789062,71.58999633789062,71.20999908447266,71.23999786376953,295,37.80303002858636,-0.730289510456501,-0.7291743426999336,-0.0011151677565673923,1.2480391427857545,72.35528838129156,73.84029526110058,76.90616205453007,73.59880403768861,70.80519681680357,-0.004471767827579964,0.009729897440623886,NewYork
2024-06-14 00:00:00,71.22000122070312,71.5199966430664,71.19999694824219,71.23999786376953,691,37.80303002858636,-0.7322290747838593,-0.7297852891167188,-0.002443785667140541,1.1817506107885016,72.24907023676565,73.73832281414643,76.83111352220212,73.3930881879009,70.77991214779246,-0.008765894792489903,0.009724071989813855,Tokyo
2024-06-14 04:00:00,71.30999755859375,71.5,71.01000213623047,71.43000030517578,1062,39.824478029785084,-0.7102472956713655,-0.7258776904276482,0.015630394756282695,1.1323397002871465,72.17106357661423,73.64780036281425,76.7595755987978,73.29968830223032,70.73031200294545,-0.006122198755963981,0.0095864905308876,Tokyo
2024-06-14 08:00:00,71.5,74.18000030517578,71.20999908447266,71.30000305175781,5690,38.89310084596756,-0.6953012690533455,-0.7197624061527876,0.024461137099442087,1.2636012374597168,72.08810543138982,73.55572988002773,76.6872633796317,73.31224037666978,70.68376029471695,-0.004884835543160215,0.008834151151580674,London
2024-06-14 12:00:00,74.2300033569336,74.69999694824219,70.83999633789062,71.08000183105469,11337,37.303104674434906,-0.6932177128810508,-0.7144534674984403,0.02123575461738947,1.4490583355234208,71.99209556469123,73.4586425055582,76.61299501474988,73.33152254268431,70.57747861698367,-0.004899880619148367,0.008788271699515602,London
2024-06-16 20:00:00,70.8499984741211,74.5,69.80000305175781,69.94999694824219,602,30.423382253059856,-0.7738282197751971,-0.7263284179537917,-0.04749980182140545,1.681268236431905,71.79760998217228,73.32104856213405,76.52474338472992,73.4749395887952,70.20606093000364,-0.01810781799845329,0.009361530245142859,NewYork
2024-06-17 00:00:00,69.7699966430664,73.29000091552734,69.05999755859375,69.08000183105469,828,26.38825054869514,-0.8975673644989541,-0.7605762072628242,-0.13699115723612998,1.8633207450391691,71.5387901582563,73.1547330040525,76.42613753633687,73.73227978237382,69.648720736425,-0.030319990138760966,0.009675032200116944,Tokyo
2024-06-17 04:00:00,69.12000274658203,72.75,68.63999938964844,68.70999908447266,1255,24.877050613995422,-1.0138011885597251,-0.8112212035222044,-0.20257998503752073,2.023797878275769,71.26938148456263,72.98042971308858,76.32393702704066,73.97922210399886,69.10277862842301,-0.038079255342044815,0.00967650522499783,Tokyo
2024-06-17 08:00:00,68.72000122070312,73.20999908447266,68.29000091552734,69.44000244140625,5643,33.026343560823534,-1.0350803990108233,-0.8559930426199281,-0.17908735639089512,2.2306693276093084,71.09515490902392,72.84158942792457,76.23275908550909,73.81951984095696,68.8804809219825,-0.026086963965504473,0.008506333164796213,London
2024-06-17 12:00:00,69.38999938964844,73.16000366210938,69.25,69.9800033569336,2309,38.353664795184635,-0.9968793609573936,-0.8841703062874213,-0.11270905466997228,2.350621780073599,70.98894999930103,72.7293703663171,76.14994112883923,73.62262962304257,68.78037178076602,-0.015475498674516142,0.008807380785661373,London
2024-06-17 20:00:00,70.01000213623047,70.25,69.04000091552734,69.41000366210938,108,35.173260614742446,-1.0010593853065473,-0.9075481220912466,-0.09351126321530068,2.2691487303878173,70.83857415766373,72.59919912301484,76.06067043391566,73.36195463623429,68.66004701171494,-0.007719704212887479,0.008797940175409349,NewYork
2024-06-18 00:00:00,69.63999938964844,69.87000274658203,68.9000015258789,69.25,1169,34.313108050861246,-1.005690073893021,-0.9271765124516016,-0.07851356144141941,2.176352479696053,70.68728138074337,72.46785798093583,75.97046287849956,73.23823097594962,68.47077094665781,0.002460888309775422,0.008546849003974408,Tokyo
2024-06-18 04:00:00,69.36000061035156,69.36000061035156,69.04000091552734,69.2300033569336,613,34.20054192969421,-0.9994524245242644,-0.9416316948661343,-0.05782072965813012,2.0437558522052077,70.5484929975234,72.3408832897985,75.88118526894239,73.1714080596651,68.28059389345991,0.007568101868574262,0.008443494328484989,Tokyo
2024-06-18 08:00:00,69.22000122070312,74.87999725341797,69.01000213623047,71.66999816894531,4526,54.02131793478739,-0.7885321452911285,-0.9110117849511332,0.12247963966000475,2.3170586568468003,70.65530301384929,72.31457406937288,75.82540795635964,72.8871148055374,68.42388678137668,0.03211399264308401,0.010977386211270085,London
2024-06-18 12:00:00,71.63999938964844,74.73999786376953,69.7300033569336,70.91999816894531,2425,49.12306879675069,-0.6741241527832216,-0.8636342585175509,0.18951010573432936,2.5094112175603103,70.68051207623938,72.25988481837572,75.76043564129455,72.79484277616596,68.43615850557232,0.013432334480141028,0.010412619417807323,London
2024-06-20 00:00:00,71.37999725341797,71.77999877929688,71.05000305175781,71.7699966430664,233,54.19244343841978,-0.5089997886060189,-0.7927073645352446,0.2837075759292257,2.391596174188257,70.78427251117529,72.2406735173832,75.70758214462927,72.82642444366353,68.42557674652203,0.03400076151048159,0.010767516277352038,Tokyo
2024-06-20 04:00:00,71.79000091552734,75.01000213623047,71.44999694824219,71.44999694824219,2952,52.088232831572114,-0.3993553218023749,-0.7140369559886707,0.3146816341862958,2.4750539608882587,70.84767483851499,72.20966659310317,75.65119028772348,72.76304365296814,68.44695695738342,0.03176890899988716,0.010767502675257052,Tokyo
2024-06-20 08:00:00,71.44999694824219,74.5199966430664,70.69000244140625,70.97000122070312,1823,49.01395767971318,-0.347190736938785,-0.6406677121786936,0.29347697523990857,2.57183540665768,70.85932497015196,72.16105226477376,75.58918778352454,72.64321444765959,68.47678601010408,0.025133580519973497,0.01086291671158101,London
2024-06-20 12:00:00,70.94000244140625,73.05999755859375,70.81999969482422,70.9000015258789,4528,48.563805578881905,-0.3079484795878926,-0.5741238656605334,0.2661753860726408,2.5481327250228123,70.86319892784024,72.11159929462102,75.52707935627096,72.549337801413,68.49566265635067,-0.010743639775897873,0.01084831953880267,London
2024-06-20 20:00:00,71.05999755859375,71.19999694824219,70.30000305175781,70.37999725341797,351,45.23984355818243,-0.31517555918635765,-0.5223342043656983,0.20715864517934068,2.430408522984352,70.8171797207524,72.0436933322209,75.4589060833855,72.45175689816327,68.48824325442462,-0.0076142263038552205,0.010943247440737295,NewYork
2024-06-21 00:00:00,70.11000061035156,70.5199966430664,70.06999969482422,70.37999725341797,154,45.239843558182436,-0.31724605677277395,-0.4813165748471135,0.16407051807433953,2.2889505533599115,70.77554329529198,71.97845034873843,75.3916357677568,72.37545067682657,68.47854941472616,-0.019367416116254255,0.01093481624458976,Tokyo
2024-06-21 04:00:00,70.3499984741211,71.95999908447266,69.80000305175781,70.0,741,42.75946204222117,-0.34556607302597797,-0.4541664744828864,0.10860040145690841,2.279739516170978,70.70168202907371,71.90086406055262,75.32022337348188,72.28320480632637,68.44679549884943,-0.02029386998144389,0.010985883065676738,Tokyo
2024-06-21 08:00:00,70.12999725341797,72.13999938964844,67.8499984741211,67.8499984741211,3468,32.051834107813065,-0.5353261382742431,-0.4703984072411578,-0.06492773103308536,2.4233296161250046,70.43009311907822,71.74200658657492,75.22127999733142,72.33947244214066,68.03252767992966,-0.04396227550961174,0.012860412627393734,London
2024-06-21 12:00:00,67.8499984741211,72.66000366210938,67.8499984741211,69.05000305175781,621,40.941265706683424,-0.58217111040058,-0.49275294787304225,-0.08941816252753776,2.5938064426866676,70.29865596980962,71.63643782050366,75.13954122984038,72.21699534720105,67.93000477486927,-0.026093066774417917,0.013625122716734637,London
2024-06-23 20:00:00,67.91999816894531,71.6500015258789,67.9000015258789,71.63999938964844,3,54.71256479319393,-0.40562918855501096,-0.475328196009436,0.06969900745442503,2.676391696780477,70.42640296217522,71.63657748988189,75.09318968228816,72.31387716333519,67.8891227145945,0.017902844350697666,0.01609498582950904,NewYork
2024-06-24 00:00:00,71.6500015258789,72.0999984741211,71.63999938964844,72.0999984741211,9,56.64613990629875,-0.22599522950376638,-0.42546160270830213,0.19946637320453575,2.5180779387584895,70.58579301093197,71.65475086181284,75.0535447656237,72.59268710085117,67.82531292966642,0.024438779309835734,0.01566647686894593,Tokyo
2024-06-24 04:00:00,72.08999633789062,72.66000366210938,72.08999633789062,72.44999694824219,3,58.11159010340708,-0.05476082228867085,-0.3513214466243759,0.29656062433570507,2.3789300377199365,70.76333624305674,71.68593698284928,75.0190606885723,72.89768842649615,67.85731111574019,0.034999956403459764,0.015325476132860555,Tokyo
2024-06-24 08:00:00,71.5199966430664,72.70999908447266,70.04000091552734,72.48999786376953,31,58.28513927844343,0.08321220024143372,-0.264414717251214,0.34762691749264774,2.399720618521749,70.92778020693414,71.71746878210107,74.98556316771398,73.12678697569756,68.00621244446846,0.06838613845243047,0.015224690061977011,London
2024-06-24 12:00:00,71.38999938964844,72.58999633789062,71.38999938964844,72.2300033569336,6,56.64247128083673,0.16962213244488566,-0.17760734731199407,0.34722947975687973,2.3140260706446374,71.05180145931504,71.73756817719253,74.94906568677649,73.31148505151988,68.10051446019888,0.04605358674339444,0.015167598711831841,London
2024-06-24 20:00:00,72.41000366210938,72.41000366210938,72.41000366210938,72.41000366210938,1,57.53478795254691,0.24974820472719728,-0.09213623690415579,0.34188444163135306,2.1615956588254335,71.18115405005736,71.76393819620887,74.91543572618488,73.51575661936306,68.13924292287328,0.010748245100797638,0.015107650696704509,NewYork
2024-06-25 04:00:00,72.62000274658203,73.04000091552734,72.62000274658203,73.04000091552734,13,60.59176102320808,0.359935099754054,-0.0017219695725138318,0.3616570693265678,2.0521957727249003,71.35818708486403,71.81397987147626,74.89059553001724,73.78308896874904,68.23491029882908,0.013037482126211808,0.014996608976313986,Tokyo
2024-06-25 08:00:00,73.04000091552734,74.8499984741211,72.0,74.0,93,64.7553544084241,0.5187431627130508,0.10237105688459909,0.4163721058284517,2.1091816799674854,71.60978831487698,71.89970615102622,74.87879956273224,74.19439250340974,68.29860676416837,0.02139410789575491,0.015127727441024965,London
2024-06-25 12:00:00,73.72000122070312,74.19999694824219,73.72000122070312,74.19999694824219,5,65.57144305307055,0.6532080037775785,0.21253844626319499,0.4406695575143835,1.9928112547940267,71.85647485138796,71.98991363326999,74.86980879962643,74.56264682958232,68.42735179712668,0.023589448680716663,0.015104979617102877,London
2024-06-26 00:00:00,74.05000305175781,74.05000305175781,74.05000305175781,74.05000305175781,1,64.36766384969732,0.7391486595498691,0.3178604889205298,0.42128817062933926,1.8611814434861944,72.06538229904223,72.07070145360285,74.85895044535002,74.88794420673385,68.34005490825639,0.025197281049960107,0.013231400770747586,Tokyo
2024-06-26 04:00:00,74.19999694824219,74.55000305175781,74.19999694824219,74.55000305175781,21,66.5707897297782,0.8379437755019552,0.42187714623681494,0.41606662926514026,1.7639541975228947,72.30201284691991,72.16792896725599,74.85485842689184,75.30169045482334,68.28930914844814,0.02955391909154481,0.012956856747278369,Tokyo
2024-06-26 08:00:00,74.19999694824219,74.80000305175781,73.72000122070312,74.69999694824219,43,67.22545596134918,0.9177634646369341,0.5210544099168388,0.3967090547200953,1.7151004570608799,72.53039228514108,72.26722575082408,74.85280728147927,75.68083525147085,68.20316438231822,0.022727218125786708,0.012765809771746699,London
2024-06-26 12:00:00,74.19999694824219,74.19999694824219,74.19999694824219,74.19999694824219,0,62.80973250063482,0.9299553753308629,0.6028346029996436,0.3271207723312193,1.6283075672708172,72.68940225305546,72.34302069974244,74.84416078699932,75.9423618225478,68.21663781124126,0.0027026614627323475,0.012835450061852957,London
2024-06-27 04:00:00,74.2300033569336,74.2300033569336,74.13999938964844,74.13999938964844,0,62.28107732938357,0.924123530028524,0.6670923884054197,0.25703114162310425,1.5184287387004127,72.82755436130242,72.41349045228777,74.83483414597481,76.16872392779261,68.30727552289098,-0.0008085924671344946,0.012693314903106961,Tokyo
2024-06-27 08:00:00,75.08000183105469,75.16999816894531,73.16999816894531,73.5999984741211,25,57.583347363656756,0.8659461020711916,0.7068631311385741,0.15908297093261747,1.5528266859360975,72.90112046728515,72.46002017863418,74.81847870661251,76.29568978346158,68.45030936204624,-0.006077036584619555,0.012854207125655088,London
2024-06-27 12:00:00,73.62000274658203,74.16000366210938,73.62000274658203,73.7699966430664,5,58.64098417798226,0.8240582719684113,0.7303021593045416,0.09375611266386974,1.4819108646541106,72.98387057926432,72.51139180469035,74.8045915269629,76.39492340261594,68.69007568185671,-0.010462862196663814,0.0126692870089741,London
2024-06-27 20:00:00,74.2300033569336,74.2300033569336,74.2300033569336,74.2300033569336,1,61.44262367299689,0.8185448862764986,0.747950704698933,0.07059418157756558,1.4089177110264732,73.1025498914233,72.57878833615086,74.79698108762477,76.51655289026918,68.95344680455504,-0.006291748467329161,0.012684787712414724,NewYork
2024-06-28 00:00:00,74.43000030517578,74.43000030517578,74.43000030517578,74.43000030517578,1,62.62793658224077,0.8208513077591277,0.7625308253109719,0.0583204824481558,1.3225662279704529,73.2289737403521,72.65138488395576,74.79212041500955,76.57915484942487,69.33384487591692,0.003099775827403839,0.012541834364031636,Tokyo
2024-06-28 04:00:00,74.56999969482422,74.56999969482422,74.56999969482422,74.56999969482422,1,63.474404118541145,0.8244719447586846,0.7749190492005145,0.04955289555817011,1.238097168090309,73.35669049792087,72.7266246804604,74.78917841871571,76.06857602359531,70.51642382381681,0.0057998423080081185,0.009628203561095686,Tokyo
2024-06-28 08:00:00,74.6500015258789,74.6500015258789,74.02999877929688,74.02999877929688,6,58.016018802575886,0.7748359383799794,0.7749024270364075,-6.648865642810975e-05,1.1939475665540036,73.42081509614715,72.7777373902187,74.77912305925321,75.48336262003521,71.5996368001308,0.005842395571882708,0.00948756194386007,London
2024-06-28 12:00:00,73.5999984741211,73.5999984741211,71.20999908447266,71.5999984741211,37,40.95045046417558,0.5332711120193352,0.7265761640329931,-0.19330505201365789,1.3100941471447334,73.24740398928752,72.73155155037173,74.73701544885411,75.48967339432446,71.58932593428884,-0.02941572817801219,0.009488876273077172,London
2024-06-30 20:00:00,72.05000305175781,72.16999816894531,72.05000305175781,72.16999816894531,0,45.034718784116585,0.38340381788209754,0.657941694802814,-0.2745378769207164,1.257230257693268,73.1447939111597,72.70952984913932,74.70301521998114,75.48251772067681,71.6034815774189,-0.02775165155365522,0.009549357309171301,NewYork
2024-07-01 00:00:00,71.95999908447266,71.95999908447266,71.95999908447266,71.95999908447266,1,43.83185893620563,0.2448650841940463,0.5753263726810605,-0.33046128848701417,1.1824280310346527,73.03195630861808,72.68013648581905,74.66668388043799,75.52729358885232,71.50970592286644,-0.033185559728277525,0.009501798854289206,Tokyo
2024-07-01 08:00:00,72.69999694824219,72.69999694824219,72.05000305175781,72.12999725341797,16,45.10998142485095,0.14709396348030168,0.48967989084090874,-0.34258592736060706,1.150825876230001,72.94605544621807,72.65856239827392,74.63308538206687,75.55405085688086,71.44694859380273,-0.03272096622491483,0.009519304162136007,London
2024-07-01 12:00:00,72.37999725341797,72.37999725341797,72.22000122070312,72.22000122070312,0,45.813020496407155,0.0759961772517812,0.40694314812308324,-0.33094697087130204,1.0864811707850008,72.87690742474045,72.64136392072211,74.60112400244616,75.55485797363704,71.4451412634235,-0.024449514905299896,0.009491295548193505,London
2024-07-01 20:00:00,72.80000305175781,73.08000183105469,72.80000305175781,72.81999969482422,3,50.37602415387879,0.06728985632167905,0.3390124897628024,-0.27172263344112335,1.070303987896898,72.87148764093891,72.6483692451967,74.57753295201408,75.53740207192828,71.50359676840375,0.017039123557301084,0.009658031398717275,NewYork
2024-07-02 00:00:00,72.66000366210938,72.66000366210938,72.66000366210938,72.66000366210938,2,49.18657412863634,0.04693861245536368,0.28059771430131464,-0.23365910184595096,1.0052819910981798,72.8513463096218,72.64882549684035,74.55213521307495,75.54445210081904,71.4585470141712,0.006789601019761671,0.009465454021697824,Tokyo
2024-07-02 04:00:00,72.70999908447266,72.70999908447266,72.22000122070312,72.22000122070312,3,45.9718421264055,-0.004640917095727559,0.2235499880219062,-0.22819090511763376,0.9684759820032764,72.79121820591527,72.63200885856045,74.521246021123,75.51814002423305,71.3068592128275,0.0036131481314396474,0.009004114009390125,Tokyo
2024-07-02 08:00:00,72.12000274658203,72.12000274658203,71.62000274658203,71.83999633789062,26,43.337450532265116,-0.07531312130348056,0.16377736615682886,-0.23909048746030942,0.9421561600116919,72.70062564705579,72.60094954402439,74.48573278028549,75.47741466413333,71.11158451189206,-0.004020531354083756,0.008998124515364728,London
2024-07-02 12:00:00,71.79000091552734,71.79000091552734,71.33000183105469,71.33000183105469,0,40.022665006429044,-0.17050813515909624,0.09692026589364384,-0.2674284010527401,0.911287470499138,72.57009004553187,72.55110845724127,74.44393501936852,75.47788498150577,70.8391140724493,-0.01232344744676217,0.009082175105432015,London
2024-07-02 20:00:00,71.62999725341797,71.62999725341797,71.62999725341797,71.62999725341797,1,42.79447747872693,-0.21921675180720968,0.033692862353473144,-0.2529096141606828,0.8676237527751482,72.48055739866388,72.5149864492482,74.40666432048177,75.33069148463537,70.69430698948574,-0.016341697972992897,0.008972946595843164,NewYork
2024-07-03 08:00:00,70.91999816894531,71.01000213623047,70.87999725341797,70.87999725341797,7,38.05898451895356,-0.31470963662488316,-0.03598763744219812,-0.27872199918268503,0.859222056148352,72.32812309911664,72.45086922588231,74.35995349840145,75.18333925585694,70.45965924878175,-0.024497747302201667,0.009114958157250701,London
2024-07-05 08:00:00,70.75,70.75,69.43000030517578,69.70999908447266,13,32.0928347741778,-0.47927275203464603,-0.1246446603606877,-0.3546280916739583,0.9014202627264831,72.07877795486483,72.34338412229764,74.29836469821697,75.24354794836087,69.95045076990085,-0.034754944527900844,0.00960662252486774,London
2024-07-05 12:00:00,70.08000183105469,70.08000183105469,69.37999725341797,69.5199966430664,7,31.236472322207135,-0.6178990599802887,-0.2232955402846079,-0.3946035196956808,0.8870334280772143,71.83508449659833,72.23266304468073,74.2350750551024,75.24203149116754,69.48996695243598,-0.03229398403519379,0.00959188240003415,London
2024-07-07 20:00:00,69.38999938964844,69.4000015258789,69.38999938964844,69.4000015258789,1,30.679684784473707,-0.7290400905397831,-0.32444445033564295,-0.4045956402041402,0.832959415601554,71.60317183272029,72.12157827923753,74.17103434610607,75.25718105503611,69.05481769374319,-0.027057342711794607,0.009547626881358509,NewYork
2024-07-08 00:00:00,69.69999694824219,69.69999694824219,69.69999694824219,69.69999694824219,1,33.854117156948874,-0.783876988589725,-0.4163309579864594,-0.36754603060326557,0.7948905589416773,71.42191708181761,72.026614305473,74.11181530772376,75.14066906703042,68.76432971226646,-0.02694402316319633,0.009615930657927606,Tokyo
2024-07-08 04:00:00,69.80000305175781,70.18000030517578,69.80000305175781,70.18000030517578,3,38.6918108757988,-0.7796164330775781,-0.4889880530046832,-0.29062838007289493,0.7723986159410998,71.30363929356601,71.95419807016724,74.05973828782247,74.8421157131618,68.6578827609593,-0.009875803828539698,0.00964901248292759,Tokyo
2024-07-08 12:00:00,69.26000213623047,69.63999938964844,69.26000213623047,69.48999786376953,8,34.75663366619132,-0.8224368030525682,-0.5556778030142602,-0.266759000038308,0.7829414411556865,71.13091153834729,71.85756276795556,73.99921192458999,74.48083459556702,68.52516363441345,-0.0031559492697242897,0.009681556885640152,London
2024-07-09 08:00:00,69.58999633789062,69.58999633789062,68.77999877929688,69.0999984741211,26,32.73037799973328,-0.8777240892094511,-0.6200870602532984,-0.2576370289561527,0.7848740209726911,70.93749124651622,71.74942299172676,73.93432168021292,74.02017973172816,68.438818376182,-0.006041400880694714,0.009609993021728394,London
2024-07-09 12:00:00,69.19999694824219,69.29000091552734,69.19999694824219,69.23999786376953,30,34.21304365734831,-0.8998697428452118,-0.6760435967716811,-0.22382614607353069,0.7423831938608024,70.77582521006416,71.65101416317943,73.87214520582295,73.58394456621349,68.39605345014394,-0.002305528221778319,0.009658466900933632,London
2024-07-09 20:00:00,69.2699966430664,69.2699966430664,69.2699966430664,69.2699966430664,2,34.545950624807716,-0.9045723353185338,-0.7217493444810517,-0.1828229908374821,0.6914985928205218,70.63241296558817,71.55764092709657,73.81118959572021,73.55974038249907,68.18725745075288,-0.006169301635624014,0.006600269562232056,NewYork
2024-07-10 00:00:00,69.0999984741211,69.18000030517578,69.0999984741211,69.18000030517578,2,33.99024684949393,-0.9051273810445508,-0.7584249517937516,-0.14670242925079924,0.6542485625437211,70.4940879503108,71.4644001183938,73.74984934021631,73.43908419748534,68.00891384938966,-0.014249073748240582,0.006205811640954064,Tokyo
2024-07-10 04:00:00,69.18000030517578,69.5,69.18000030517578,69.4800033569336,7,37.59402376516515,-0.8713155366036744,-0.7810030687557362,-0.09031246784793823,0.6303736434208995,70.39750846522726,71.38658063755221,73.69329508878211,73.30390774388465,67.89609073023644,-0.00014382655264333355,0.006365947684977627,Tokyo
2024-07-10 08:00:00,69.4800033569336,70.16000366210938,69.38999938964844,70.16000366210938,69,44.93260999683845,-0.7806502149154255,-0.7809324979876741,0.00028228307224853477,0.6403472597809022,70.37488896016842,71.33847957969172,73.64649652683943,73.11266925713426,67.89032985785599,0.015340162248849598,0.006814951742873156,London
2024-07-10 12:00:00,70.0999984741211,70.25,69.5,69.5,13,40.0142246951268,-0.7533696970098305,-0.7754199377921054,0.02205024078227491,0.6481795983679807,70.29156620205714,71.26638234127243,73.59157604304023,72.88139913744529,67.84959985547464,0.0037550858499739714,0.007014484750022195,London
2024-07-11 00:00:00,69.83999633789062,69.93000030517578,69.69000244140625,69.69000244140625,12,41.983076888702605,-0.708253772304829,-0.7619867046946502,0.05373293238982124,0.6325953631399664,70.23427441532849,71.20456352166983,73.53989957149543,72.45718946347634,67.96080980410179,0.006063314836061595,0.006692650338139404,Tokyo
2024-07-11 08:00:00,69.48999786376953,69.79000091552734,69.38999938964844,69.79000091552734,27,43.04265612922331,-0.6568581835342115,-0.7409610004625626,0.08410281692835109,0.6159815176213193,70.19196265344266,71.1490904782917,73.49023203962831,71.9993797825694,68.13161921035052,0.008817586118251564,0.00674170326905439,London
2024-07-11 12:00:00,68.94999694824219,69.12000274658203,68.93000030517578,69.0999984741211,0,37.899244957208374,-0.6641483508086168,-0.7255984705317735,0.061450119723156726,0.6334114528163366,70.08796606493584,71.06873392910853,73.4320832506812,71.59959965214995,68.21939906611178,-0.005469269781988029,0.006917110027953569,London
2024-07-12 00:00:00,69.0999984741211,69.0999984741211,68.83999633789062,68.83999633789062,2,36.14645889760192,-0.6830322893034406,-0.7170852342861069,0.03405294498266631,0.6067393587744888,69.96911180521725,70.98133245494311,73.37126090746544,71.24876646108984,68.27023225717187,-0.01881424252164965,0.006890105159137094,Tokyo
2024-07-12 04:00:00,68.91999816894531,68.91999816894531,68.91999816894531,68.91999816894531,2,37.11025656271189,-0.683661641609234,-0.7104005157507324,0.026738874141498337,0.5691152496516458,69.8691962208104,70.90049581627653,73.31230378510094,70.97537146350865,68.30262688854214,-0.008345350087117787,0.006822955385362096,Tokyo
2024-07-12 08:00:00,68.43000030517578,68.87999725341797,68.30000305175781,68.4800033569336,18,34.06488606723134,-0.7114630092843868,-0.7106130144574634,-0.0008499948269233837,0.5727495259042068,69.73689213853642,70.80557454336113,73.24829980591991,70.5443711245063,68.41862783789604,-0.017362592080406358,0.006750628694440661,London
2024-07-12 12:00:00,68.91999816894531,68.91999816894531,68.91999816894531,68.91999816894531,16,39.41876996825282,-0.690037565800651,-0.706497924726101,0.016460358925449947,0.5632670463404577,69.65909271286108,70.73163037181541,73.19097130741693,70.24598852033385,68.52101053362124,-0.012466008527999173,0.006719513222652455,London
2024-07-14 20:00:00,69.33000183105469,69.58999633789062,68.9000015258789,68.9000015258789,2,39.26273320263737,-0.6669827475232211,-0.6985948892855249,0.03161214176230387,0.5723190296026905,69.58679831410088,70.65980178962182,73.13413727057537,70.21692943740729,68.46906986068842,-0.002894311905333624,0.005682000607301908,NewYork
2024-07-15 04:00:00,69.94999694824219,70.62000274658203,69.94999694824219,70.55999755859375,17,55.13843492490737,-0.5088975767756381,-0.6606554267835476,0.15175785000790953,0.6542963289670073,69.67948395643353,70.65588789820896,73.10004270485376,70.4233866726632,68.36661271698524,0.02498549262351446,0.007842379139681417,Tokyo
2024-07-15 08:00:00,70.70999908447266,71.55999755859375,70.11000061035156,70.63999938964844,25,55.738885945534605,-0.3728603587351387,-0.6030964131738659,0.2302360544387272,0.711132087486663,69.77096161673971,70.65526481944188,73.06745934968548,70.6264910135646,68.28750816246078,0.024956489645963753,0.007821017328085138,London
2024-07-15 12:00:00,71.01000213623047,71.01000213623047,70.76000213623047,70.76000213623047,61,56.67560977411609,-0.2524565031785073,-0.5329684311747942,0.2805119279962869,0.686765705993475,69.86515595192931,70.6593721651983,73.03689700248741,70.8141802351001,68.20581945972411,0.03329437306556482,0.007782451140960347,London
2024-07-16 04:00:00,70.62999725341797,70.94999694824219,70.62999725341797,70.94999694824219,4,58.18451380052948,-0.14008971962546468,-0.45439268886492834,0.31430296923946366,0.6605681337670994,69.96847414205435,70.67076921551376,73.00925594216628,70.9756246578805,68.12137470125035,0.029454423001008978,0.007664991361656746,Tokyo
2024-07-16 08:00:00,70.2300033569336,70.9000015258789,69.80999755859375,70.69000244140625,33,55.3439383287211,-0.07119690434291215,-0.37775353196052514,0.306556627617613,0.6948132234729093,70.037191122945,70.6715234596664,72.97853735275224,71.12346821704354,68.093531599851,0.02597969340907813,0.007339291742921072,London
2024-07-16 12:00:00,70.06999969482422,70.5199966430664,70.06999969482422,70.41000366210938,41,52.378243225763434,-0.03874577613846952,-0.3099519807961141,0.27120620465764456,0.6894696179807037,70.0726970790559,70.66126778133084,72.9445170389689,71.20953652296907,68.1384638127243,-0.0021257639126166517,0.007271197419971145,London
2024-07-17 04:00:00,71.0,71.08999633789062,71.0,71.08999633789062,2,58.2319790338804,0.04136487423946278,-0.23968860978899872,0.28105348402846153,0.6887926935378856,70.16958272275444,70.6780806659018,72.91995385087515,71.41097754501287,68.12202263809259,0.006370285279307719,0.007524305500261634,Tokyo
2024-07-17 08:00:00,71.54000091552734,72.04000091552734,71.25,71.5,5,61.31935551261579,0.13636507907148143,-0.1644778720169027,0.3008429510883841,0.7074506852592309,70.29628913011116,70.71031279665074,72.90114651510197,71.67597072110806,68.08002979769077,0.010457855305669117,0.007585086377125512,London
2024-07-17 12:00:00,71.25,71.25,71.25,71.25,0,58.48080896242457,0.18929840104446782,-0.09372261740462859,0.28302101844909644,0.674775636312143,70.38711873676725,70.73147700070366,72.87927702483573,71.84732862660651,68.11567186167473,0.004228373004394381,0.007644922183194883,London
2024-07-18 04:00:00,71.01000213623047,71.01000213623047,71.01000213623047,71.01000213623047,0,55.809884453690195,0.2094680014799195,-0.03308449362771897,0.2425524951076385,0.6437200811305279,70.44644096528756,70.74239955503805,72.85451841703964,71.96231777475118,68.15368259145974,0.004526802712865319,0.007687487857068372,Tokyo
2024-07-18 08:00:00,71.54000091552734,71.54000091552734,71.1500015258789,71.22000122070312,12,57.63322728247656,0.23963535897014765,0.021459476891854356,0.2181758820782933,0.6355971309995526,70.52011337056524,70.76112903212297,72.83286918265108,72.08499856992553,68.13700155214478,0.01150401244801591,0.007431069296903619,London
2024-07-18 12:00:00,71.5999984741211,71.5999984741211,71.37000274658203,71.5999984741211,0,60.786264861978935,0.29085303694630227,0.07533818890274394,0.21551484804355833,0.6173399968865824,70.6229595709039,70.79402587298563,72.81653976929307,72.27474147855949,68.15725849092294,0.00717403520189297,0.007090073079106092,London
2024-07-19 08:00:00,70.30999755859375,71.04000091552734,70.23999786376953,70.33999633789062,5,48.023771362356996,0.22715329187852262,0.10570120949789968,0.12145208238062294,0.6703871835626524,70.5960106915693,70.77622079317798,72.78373786953941,72.29274992863911,68.20424943049174,-0.016223827442089167,0.008280858551728493,London
2024-07-19 12:00:00,70.0,70.0,69.93000030517578,69.93000030517578,2,44.73262274251959,0.1419512064734647,0.1129512088930127,0.028999997580452005,0.6517878156449518,70.5325811309604,70.74303567600143,72.7459400210048,72.29409030656679,68.21690899152891,-0.018526311506304793,0.008395192930729519,London
2024-07-22 00:00:00,70.12999725341797,70.12999725341797,70.12999725341797,70.12999725341797,0,46.65318386935092,0.08953393079967498,0.10826775327434515,-0.018733822474670175,0.6195170394018972,70.4942398092897,70.71899495354718,72.7112917724275,72.27344545431275,68.34055372171265,-0.012392689147146307,0.008071366099724777,Tokyo
2024-07-22 04:00:00,70.4800033569336,70.4800033569336,70.4800033569336,70.4800033569336,1,49.93227913051767,0.07536664978812269,0.10168753257710067,-0.026320882788977984,0.6002662582671635,70.49288395668435,70.70962273407214,72.68173828348057,72.23069081000453,68.54730906792516,-0.010390309619292992,0.008051135794527401,Tokyo
2024-07-22 08:00:00,70.87000274658203,70.87000274658203,69.8499984741211,69.8499984741211,0,44.616203814269255,0.01315124922949451,0.08398027590757945,-0.07082902667808494,0.6302475449952902,70.4316567678688,70.67591197877995,72.64423179593939,72.16453871100447,68.70646119744279,-0.024441341302996245,0.008365345515927757,London
2024-07-22 12:00:00,70.01000213623047,70.23999786376953,69.91999816894531,70.04000091552734,6,46.467299370537894,-0.020585992340784287,0.0630670222579067,-0.08365301459869098,0.613086962470515,70.39435621050295,70.65097429002495,72.60973867169554,71.99398725438567,69.03301240992096,-0.004264933721665254,0.00820646735666775,London
2024-07-23 00:00:00,70.63999938964844,70.63999938964844,69.81999969482422,69.81999969482422,2,44.60816381241493,-0.0643336608369367,0.03758688563893802,-0.10192054647587473,0.6278664433529224,70.33965558996212,70.61838705099747,72.57278848657143,71.88137150881983,69.2356283080747,-0.001573010294173005,0.008160902765030866,Tokyo
2024-07-23 08:00:00,69.30999755859375,69.30999755859375,67.58999633789062,67.58999633789062,75,31.048055890699857,-0.27576775823646926,-0.025084043136143434,-0.25068371510032583,0.7423047943229705,70.07778328024102,70.49962663087562,72.50679123956904,72.2273607430832,68.7586385550125,-0.03621846592049527,0.011023893654082626,London
2024-07-23 12:00:00,68.23999786376953,68.23999786376953,68.01000213623047,68.01000213623047,4,35.05252999612509,-0.4047738647846302,-0.1010220074658408,-0.3037518573187894,0.735711703719823,69.8808517427162,70.4019942977523,72.44723111899502,72.42379268188985,68.30720707396954,-0.03504541860184429,0.009545661226320496,London
2024-07-23 20:00:00,68.01000213623047,68.01000213623047,68.01000213623047,68.01000213623047,9,35.05252999612509,-0.5012342176097349,-0.1810644494946196,-0.3201697681151152,0.6831608677398355,69.70267558971756,70.30819068357498,72.38845987419019,72.53963975381428,67.92836027670329,-0.02634210992248387,0.009530433237213722,NewYork
2024-07-24 00:00:00,67.94999694824219,67.94999694824219,67.0999984741211,67.0999984741211,6,30.58861417390706,-0.6436893819844443,-0.27358943599258456,-0.3700999459918597,0.6993639244805169,69.45480157870837,70.18237922438071,72.31841402783166,72.731392005238,67.37060765906864,-0.04197604801507748,0.009828209584853398,Tokyo
2024-07-24 04:00:00,67.58000183105469,67.58000183105469,66.86000061035156,66.86000061035156,11,29.520852232706588,-0.7671091907042609,-0.37229338693491987,-0.394815803769341,0.700838017067846,69.2076776769601,70.0520898669678,72.24611716137497,72.84349016061219,66.84950986990538,-0.04239471637654679,0.009748672069614363,Tokyo
2024-07-24 08:00:00,66.5,66.80999755859375,65.9000015258789,66.44999694824219,41,27.739390133320256,-0.8877704817988388,-0.47538880590770366,-0.4123816758911351,0.7193495218824753,68.94504141708221,69.91083132113542,72.16934735722751,72.96190165377787,66.3070978274233,-0.016866392238718886,0.00977381677158317,London
2024-07-24 12:00:00,66.52999877929688,67.01000213623047,66.52999877929688,66.52999877929688,0,28.64423399297614,-0.9658067263979291,-0.5734723900057488,-0.3923343363921803,0.7079677837471756,68.71503735634074,69.77824965282802,72.09465399857943,73.0203823107153,65.86061668220462,-0.021761554336801936,0.009817740263629793,London
2024-07-24 20:00:00,66.4000015258789,66.4000015258789,66.33000183105469,66.33000183105469,10,27.71008114204426,-1.031894062323687,-0.6651567244693365,-0.3667373378543505,0.6716841526396765,68.48789111583731,69.6430242480526,72.01830098973805,72.94965007331348,65.45534946892286,-0.024702253380474604,0.009371148461576025,NewYork
2024-07-25 00:00:00,66.80999755859375,67.08999633789062,66.23999786376953,66.95999908447266,4,34.91100572516356,-1.0216562219663814,-0.7364566239687456,-0.28519959799763583,0.6844208898883491,68.34237758904068,69.53780757497104,71.95130361350937,72.6865107863713,65.26448866431228,-0.002086429103309584,0.009596633954696749,Tokyo
2024-07-25 08:00:00,66.66999816894531,67.12999725341797,66.66999816894531,67.0,8,35.35134354477462,-0.9988013597985912,-0.7889255711347147,-0.20987578866387646,0.6683907609300854,68.21453210437014,69.4382857092859,71.885723433198,72.4118275794414,65.1141718712422,0.002093918462016342,0.009635340249262055,London
2024-07-25 12:00:00,67.08999633789062,67.25,67.0199966430664,67.25,4,38.16683779306267,-0.9495697571338297,-0.8210544083345378,-0.12851534879929194,0.6385057065779364,68.12267190395393,69.35247058343157,71.82432312282452,72.12240800978614,65.0275912272744,0.012039173641812617,0.009753758727925155,London
2024-07-26 08:00:00,66.4000015258789,66.4000015258789,65.86000061035156,65.86000061035156,2,30.272687322300754,-1.0110598230848495,-0.8590554912846001,-0.15200433180024941,0.692183826797258,67.90717939980132,69.21551097664411,71.7453254736527,71.82277488500411,64.7912242910213,-0.010070617484421285,0.010455340592791523,London
2024-07-26 12:00:00,65.70999908447266,66.05000305175781,65.68000030517578,66.05000305175781,9,32.33296438457975,-1.0325568615031386,-0.8937557653283079,-0.13880109617483072,0.6691708924961703,67.73030546189241,69.09137341096229,71.66989073958787,71.31978151820138,64.73921811558768,-0.004221299134139045,0.010355668420661608,London
2024-07-28 20:00:00,66.7699966430664,66.7699966430664,66.7699966430664,66.7699966430664,0,39.61429832988256,-0.9801968545583293,-0.9110439831743122,-0.06915287138401705,0.6728010852684863,67.63884747914707,69.00033902790756,71.6049914800313,70.9977270921417,64.70427257216494,-0.0028375514337530827,0.010335720480264116,NewYork
2024-07-29 00:00:00,66.91999816894531,66.91999816894531,66.91999816894531,66.91999816894531,1,41.037803925506836,-0.9160377888812121,-0.9120427443156922,-0.003995044565519912,0.6354582595978019,67.57038564008025,68.91875703343845,71.54293858849374,70.71364651962934,64.68735293105426,-0.0011940571799207156,0.0103604568799627,Tokyo
2024-07-29 04:00:00,67.47000122070312,67.73999786376953,67.0,67.0,15,41.82547847833615,-0.8489496251027049,-0.8994241204730948,0.05047449537038995,0.648639790685403,67.51606319816784,68.84351165957813,71.48276721646072,70.34339461321782,64.74460511212398,-0.0037174721189591198,0.010324389602004937,Tokyo
2024-07-29 08:00:00,67.51000213623047,67.5199966430664,67.51000213623047,67.5199966430664,0,46.800196708188395,-0.745231820130158,-0.8685856604045075,0.12335384027434948,0.6394509944269031,67.5164378119677,68.79160910991101,71.43028018899854,69.83110591192354,64.96089314203152,0.025204919789416635,0.010443945019442603,London
2024-07-29 12:00:00,67.5,67.5,67.5,67.5,0,46.63504263717887,-0.6570739351098922,-0.8262833153455844,0.1692093802356922,0.5952042550440105,67.51487230606602,68.74095777226744,71.37822349775352,69.42467663908053,65.13232256746244,0.02195301864113386,0.010324711678785585,London
2024-07-30 00:00:00,67.5199966430664,67.61000061035156,67.5199966430664,67.61000061035156,2,47.72782791482403,-0.5717413675576068,-0.775374925787989,0.2036335582303821,0.5605468518516928,67.5239321445694,68.69660651101584,71.32831326083429,68.87793071442799,65.4360684615974,0.01258056027433363,0.010302996285188524,Tokyo
2024-07-30 08:00:00,68.0,68.5,67.9800033569336,67.9800033569336,10,51.337499000585105,-0.468853907582087,-0.7140707221468086,0.24521681456472155,0.5840791759800317,67.5673674981279,68.66850442654204,71.28396478528593,68.32022925590037,65.80977028633596,0.01583988668547498,0.010421260629810332,London
2024-07-30 12:00:00,68.37000274658203,68.37000274658203,68.37000274658203,68.37000274658203,0,54.87470838157274,-0.35178994737195524,-0.641614567191838,0.2898246198198827,0.5702163340992036,67.64380895036163,68.65679847830832,71.24536926159449,68.47137143859885,65.73662874450662,0.02044780218779141,0.00750989275339342,London
2024-07-30 20:00:00,68.3499984741211,68.3499984741211,68.12000274658203,68.12000274658203,3,52.25268983727833,-0.2760071871233265,-0.5684930911781357,0.29248590405480923,0.5473437388064033,67.68916074047786,68.63574766529945,71.20397367861419,68.49300540228282,65.72599484185781,0.008886346761648456,0.007444770841988265,NewYork
2024-07-31 00:00:00,67.9000015258789,67.94999694824219,67.9000015258789,67.94999694824219,4,50.48606840970173,-0.2270495647206161,-0.5002043858866319,0.27315482116601575,0.5239621303704549,67.71400228407447,68.6088554803168,71.16087464907284,68.48201994367794,65.73097978166386,0.006666621455439836,0.007467132481129245,Tokyo
2024-07-31 04:00:00,67.9800033569336,68.1500015258789,67.9800033569336,68.1500015258789,17,52.51986570663375,-0.17015021260250762,-0.434193551229807,0.2640433386272994,0.500822305175188,67.75552602138917,68.59086120759375,71.12099553485835,68.61147461694517,65.7065254135724,0.007986997643136595,0.006784519374579035,Tokyo
2024-07-31 08:00:00,68.36000061035156,68.36000061035156,67.16000366210938,67.16000366210938,5,43.08589760312131,-0.20260610292346826,-0.38787606156853927,0.185269958645071,0.5507633511085451,67.69880960621967,68.53474914698651,71.06853206634513,68.61965368950197,65.7283466461914,-0.012062366200818686,0.007563455341259733,London
2024-07-31 12:00:00,67.98999786376953,67.98999786376953,67.98999786376953,67.98999786376953,0,51.02813594993205,-0.15951524189807742,-0.3422038976344469,0.1826886557363695,0.5707084118622316,67.72654182122442,68.51338635156625,71.0277567788938,68.69833412802642,65.80366629921967,-0.005558064466093637,0.007862959650224701,London
2024-08-01 04:00:00,67.5999984741211,67.5999984741211,67.5999984741211,67.5999984741211,1,47.66245470191407,-0.15504782070314604,-0.30477268224818677,0.14972486154504072,0.5578006245612463,67.71449007388125,68.47756721911742,70.98235600664516,68.71833374653255,65.89066665019595,-0.007633650198098807,0.008012684061837244,Tokyo
2024-08-01 08:00:00,68.61000061035156,68.69999694824219,66.94999694824219,67.23999786376953,14,44.72965235571267,-0.17849877505763345,-0.2795179008100761,0.10101912575244265,0.6429577228068716,67.6693003395849,68.42903508753515,70.93278834912363,68.68834178849488,66.01165821150511,-0.010448846451214244,0.008087521307892248,London
2024-08-01 12:00:00,66.69999694824219,66.69999694824219,66.69999694824219,66.69999694824219,0,40.685546745425505,-0.2379148519294887,-0.2711972910339586,0.03328243910446993,0.6356036651440482,67.5769857308856,68.36122967030798,70.87672488686029,68.69618132068857,65.97781846568839,-0.021276662438314164,0.008035891089647388,London
2024-08-01 20:00:00,66.5199966430664,67.52999877929688,66.5199966430664,67.52999877929688,4,48.406813473541106,-0.21554365666598585,-0.2600665641603641,0.04452290749437826,0.6623464130787926,67.57251078311525,68.32863238046441,70.83239738874687,68.71566471876784,66.0113349455388,0.005509158680946369,0.008513687065230754,NewYork
2024-08-02 00:00:00,67.52999877929688,67.52999877929688,67.33000183105469,67.33000183105469,2,46.82507208033312,-0.21151420147127453,-0.25035609162254624,0.03884189015127171,0.6293214513047494,67.54941469244281,68.28947039813463,70.78600804361187,68.71872407218834,66.01627577522376,-0.009707251852504317,0.008507377483972844,Tokyo
2024-08-02 04:00:00,67.1500015258789,67.1500015258789,66.83000183105469,66.94999694824219,7,43.89046691412143,-0.23626058248072468,-0.24753698979418196,0.011276407313457276,0.6200842047829815,67.49232728823323,68.23694202755061,70.73519994963347,68.59313789832527,66.2508615828759,-0.00961540740459843,0.0070991220503554,Tokyo
2024-08-02 08:00:00,67.93000030517578,67.93000030517578,67.93000030517578,67.93000030517578,0,52.208896608204945,-0.17477943847369204,-0.23298547953008397,0.05820604105639193,0.6457927156508825,67.53401043270395,68.2249050972614,70.69804498745522,68.51219256196806,66.5198066445749,0.01026178559381008,0.007727305391585143,London
2024-08-02 12:00:00,67.22000122070312,67.22000122070312,67.0,67.0,17,45.33945821620083,-0.19880672106371833,-0.22614972783681084,0.02734300677309251,0.6660932577598038,67.48315229625595,68.17686960325115,70.64906425914457,68.49224593885519,66.56275360338113,0.004497797083718114,0.008097411444854883,London
2024-08-04 20:00:00,67.08999633789062,67.73999786376953,66.91999816894531,67.73999786376953,2,50.87787829628702,-0.15633474283708892,-0.21218673083686648,0.05585198799977756,0.6770865746929763,67.50761377887629,68.15973737817345,70.61053357841112,68.49341446789194,66.64358504382682,0.0031097155081991623,0.008443574989514466,NewYork
2024-08-05 00:00:00,66.52999877929688,66.52999877929688,65.68000030517578,66.48999786376953,6,42.959512878496696,-0.2209924836243573,-0.21394788139436466,-0.007044602229992647,0.7758659306858887,67.41069797743755,68.09425739721644,70.55595694642912,68.55767497346595,66.52832432462976,-0.012475923725546623,0.009471720018055995,Tokyo
2024-08-05 04:00:00,65.80999755859375,65.80999755859375,65.80999755859375,65.80999755859375,0,39.369846804868395,-0.3233768634731291,-0.23583367781011755,-0.08754318566301156,0.7690183860065953,67.25825031850005,68.00467858001555,70.49309655718628,68.73458526094805,66.18041412870039,-0.017027624221249038,0.009515849529940603,Tokyo
2024-08-05 08:00:00,65.80000305175781,66.12999725341797,65.80000305175781,66.12999725341797,0,41.83302766343334,-0.3743802980869333,-0.26354300186548074,-0.11083729622145255,0.7376595156961354,67.15079764563508,67.93116166524702,70.43530716243438,68.7967683714943,65.98123074349593,-0.026497910255723456,0.009613029176283818,London
2024-08-05 12:00:00,66.93000030517578,66.93000030517578,66.5,66.5,0,44.63388969415358,-0.380557923221275,-0.28694598613663963,-0.09361193708463539,0.7421126254148267,67.08881691747936,67.87503767837458,70.38318388875976,68.79121840753898,65.87578064641609,-0.007462686567164201,0.009710539306910633,London
2024-08-05 20:00:00,66.69000244140625,66.69000244140625,66.69000244140625,66.69000244140625,1,46.069989679014704,-0.3659042105707897,-0.3027376310234697,-0.06316657954732002,0.7026761836999283,67.05083458642478,67.82856570829739,70.33426757819879,68.72041634024676,65.8175826221556,-0.015500375782043885,0.009639010653728736,NewYork
2024-08-06 00:00:00,66.63999938964844,66.63999938964844,66.22000122070312,66.22000122070312,3,43.092393690039366,-0.3877465078885223,-0.31973940639648024,-0.06800710149204203,0.686056543485871,66.9717075992132,67.76548474799958,70.27977398405979,68.58782819264854,65.73517061716592,-0.004060710659362643,0.009596881224354415,Tokyo
2024-08-06 04:00:00,66.44999694824219,66.44999694824219,66.44999694824219,66.44999694824219,1,44.96685906277824,-0.3820934177452955,-0.33221020866624335,-0.04988320907905214,0.6534807709182419,66.9220208705493,67.71389699114634,70.22904846040657,68.46299592080283,65.69300230917764,0.009724956896991488,0.009648411585629077,Tokyo
2024-08-06 08:00:00,66.62000274658203,66.68000030517578,66.62000274658203,66.68000030517578,0,46.85220665580076,-0.3549621714361564,-0.336760601220226,-0.018201570215930385,0.6232323842050527,66.89897129289469,67.67335202306907,70.18204120007239,68.34660525145837,65.68239331421545,0.008316997952534821,0.009699285311994035,London
2024-08-07 00:00:00,66.0,66.0,66.0,66.0,1,42.24438425988795,-0.3839053826161063,-0.34618955749940206,-0.03771582511670424,0.6272872357029619,66.81335497928568,67.60773037510559,70.12664992589926,68.1997012402802,65.61429717280572,-0.007518796992481258,0.00986833028482197,Tokyo
2024-08-07 04:00:00,66.19999694824219,66.19999694824219,66.19999694824219,66.19999694824219,6,43.98914869135637,-0.3862525250469844,-0.35420215100891855,-0.03205037403806582,0.596766500884335,66.7549399287101,67.55252514267958,70.07464127718856,68.18305829051383,65.53493945118538,-0.007347510499712162,0.009420952951917074,Tokyo
2024-08-07 08:00:00,66.19999694824219,67.0,65.91999816894531,67.0,27,50.43881467299906,-0.3198718088620467,-0.3473360825795442,0.02746427371749749,0.6312833101822174,66.77827898311867,67.53085749002548,70.0339175516629,68.0251080911884,65.59388986413387,0.01177890010447502,0.00940147655776525,London
2024-08-07 12:00:00,66.87000274658203,66.87000274658203,66.52999877929688,66.52999877929688,1,47.01365301732791,-0.30171183733321527,-0.33821123353027843,0.03649939619706316,0.6197631609337108,66.75463324942136,67.49160812882045,69.98750803149912,67.91812835838536,65.5938696274545,0.001203940326995001,0.009441957890941072,London
2024-08-08 08:00:00,66.06999969482422,66.0999984741211,65.30000305175781,65.91999816894531,1,42.93819903812286,-0.332706645225187,-0.33711031586926016,0.004403670644073154,0.6633512014055215,66.67514419413793,67.42997636568809,69.93363372868383,67.88583473495834,65.4941632813991,-0.011397752440794107,0.009578667825649973,London
2024-08-08 12:00:00,65.9000015258789,65.94000244140625,65.9000015258789,65.94000244140625,16,43.112358510062236,-0.35160301548297923,-0.340008855792004,-0.011594159690975214,0.6188261809856517,66.60513069387777,67.37154601571625,69.8807379500444,67.89390994702768,65.41008861864614,-0.0009090539180871549,0.009435177701640724,London
2024-08-09 00:00:00,66.20999908447266,66.20999908447266,66.20999908447266,66.20999908447266,1,45.52886697272976,-0.34086279825535826,-0.3401796442846749,-0.0006831539706833589,0.5939097854199913,66.56749911202967,67.32599515566748,69.83211889222227,67.77041441598475,65.40158418020665,0.0001510896781202753,0.009009541640933543,Tokyo
2024-08-09 04:00:00,66.91000366210938,67.25,66.91000366210938,67.25,2,53.689277200986744,-0.24560058581835165,-0.3212638325914102,0.07566324677305858,0.6257734375705165,66.63249919659826,67.32301495348445,69.79791864199416,67.7563320037186,65.40766640936735,0.003731343283582156,0.009721895886969418,Tokyo
2024-08-09 08:00:00,66.93000030517578,67.18000030517578,66.69999694824219,67.18000030517578,12,53.11252450210985,-0.17375010345833175,-0.2917610867647945,0.11801098330646276,0.6203612671553234,66.68464215931994,67.31740653590371,69.76324422693696,67.78734862096374,65.39965012781556,0.009770051673008151,0.009636341808339055,London
2024-08-09 12:00:00,66.98999786376953,67.4000015258789,66.98999786376953,67.4000015258789,33,54.75751047871485,-0.0979269774112339,-0.2529942648940824,0.15506728748284848,0.6053357239377556,66.75277162280175,67.32064555511842,69.73194299910838,67.65475203489945,65.47924683595016,0.022451507858670006,0.009065147005188255,London
2024-08-11 20:00:00,67.55000305175781,68.22000122070312,67.55000305175781,68.22000122070312,0,60.34229263161883,0.028007663693244922,-0.19679387917661692,0.22480154286986184,0.6206688647153601,66.89250777498283,67.35591440474919,69.71191728018911,67.93310948764547,65.32288950527446,0.03457686828754469,0.008898111776345084,NewYork
2024-08-12 00:00:00,67.9800033569336,67.9800033569336,67.9800033569336,67.9800033569336,2,58.08242575178727,0.10721010091093319,-0.1359930831591069,0.2432031840700401,0.5934780789335151,66.99607878278766,67.38038848130545,69.68897802292744,67.9917414438218,65.28825809841454,0.026733186783505447,0.008619973351347567,Tokyo
2024-08-12 04:00:00,68.16000366210938,68.16000366210938,68.16000366210938,68.16000366210938,0,59.313163505320475,0.18240052363498194,-0.07231436180028913,0.2547148854352711,0.5639439522365342,67.10692877129449,67.4109616256507,69.66872670689013,68.23330601923902,65.21369410283128,0.01353165296816905,0.007404563414501158,Tokyo
2024-08-12 08:00:00,67.6500015258789,68.3499984741211,67.6500015258789,68.3499984741211,10,60.62723349260822,0.25438804184268804,-0.006973881071693701,0.26136192291438176,0.5736620233797951,67.22531636203989,67.44778660010051,69.65126010778062,68.46073851234051,65.24026170128253,0.017415870253504107,0.006893400565803894,London
2024-08-12 12:00:00,69.0,69.94999694824219,68.29000091552734,68.94999694824219,13,64.5239023557528,0.35575263618781605,0.06557142238020824,0.2901812138076078,0.6512573097608699,67.38957165596392,67.50669680983157,69.64197185401189,68.8157383258811,65.16726185722437,0.022996964202859127,0.007034628723377377,London
2024-08-13 00:00:00,67.80000305175781,67.80000305175781,67.69999694824219,67.69999694824219,3,52.799914947642826,0.3314000803478052,0.11873715397372764,0.21266292637407758,0.6940246447779507,67.41913596951423,67.5142772074163,69.61625033208115,68.88657688937684,65.21642298855284,-0.007622460615012816,0.008319364973659921,Tokyo
2024-08-13 08:00:00,67.94999694824219,67.94999694824219,67.66999816894531,67.79000091552734,1,53.455694090551866,0.3157236071472198,0.15813444460842607,0.15758916253879374,0.6644513686721595,67.45445644056309,67.52508990185203,69.59206159808707,68.96178327899266,65.25121644634915,-0.0027949754637202062,0.00830744758484992,London
2024-08-13 12:00:00,67.7300033569336,67.75,67.33999633789062,67.33999633789062,0,49.735056288361505,0.26394567913418143,0.17929669151357713,0.0846489876206043,0.6491337407410566,67.44355547840381,67.51783133071629,69.56223291914408,68.97216867488609,65.35283056217446,-0.01203062324180304,0.008287330732850257,London
2024-08-13 20:00:00,66.97000122070312,67.1500015258789,66.97000122070312,67.1500015258789,3,48.20937296833281,0.2052147171499854,0.1844802966408588,0.020734420509126605,0.6291952676300883,67.41559795911573,67.50340663248738,69.53028283446507,68.97595457411892,65.41904512070529,-0.01755664923235567,0.00830172055072899,NewYork
2024-08-14 00:00:00,67.55000305175781,67.55000305175781,67.55000305175781,67.55000305175781,1,51.57724708128288,0.18877075507121788,0.18533838832693061,0.003432366744287263,0.6128242860764325,67.42839844412926,67.505233943047,69.50405396317093,69.00868585019525,65.47331411928717,-0.020304480905710465,0.008366209560965624,Tokyo
2024-08-14 04:00:00,67.1500015258789,67.1500015258789,67.1500015258789,67.1500015258789,0,48.201645160498956,0.1418271216907243,0.17663613499968936,-0.03480901330896505,0.5976226603480378,67.40188445191494,67.49130326002081,69.47287446069025,68.96832279646232,65.628677325608,-0.008124009559169698,0.008122621137147637,Tokyo
2024-08-14 08:00:00,66.63999938964844,67.05999755859375,66.36000061035156,66.36000061035156,24,42.31178427748006,0.04041164220022608,0.1493912364397967,-0.10897959423957063,0.6113639642894169,67.3026574193851,67.44693845022987,69.43164434346723,68.95556727979141,65.65743320848983,-0.021094560936172457,0.008581163675066318,London
2024-08-14 12:00:00,66.12000274658203,66.18000030517578,66.12000274658203,66.12000274658203,0,40.685316948027854,-0.058650590318961804,0.10778287108804502,-0.16643346140700682,0.5848378142522821,67.1900236410229,67.39490175596917,69.38778154085948,68.99104519519912,65.53395556774032,-0.01811692393309694,0.008141758983178914,London
2024-08-15 00:00:00,66.5999984741211,66.5999984741211,66.44999694824219,66.44999694824219,3,43.87970425557388,-0.10927074397999093,0.06437214807443783,-0.17364289205442876,0.5773490937727664,67.11954490837712,67.35784666547008,69.34887048665263,68.99453644581374,65.52246413402025,-0.010424490867166125,0.008089538891441567,Tokyo
2024-08-15 08:00:00,66.62999725341797,66.75,66.62999725341797,66.75,4,46.69052905753733,-0.12375329050888695,0.02674706035777288,-0.15050035086665983,0.5575386622002697,67.08435015519835,67.334009541334,69.31444836100161,68.93824024272524,65.66176052021422,-0.011843123843308212,0.007850790117765518,London
2024-08-15 12:00:00,66.72000122070312,66.72000122070312,66.6500015258789,66.6500015258789,0,45.86590467106637,-0.14166680734307135,-0.0069357131823959695,-0.13473109416067539,0.5248572201946142,67.04298361907269,67.30718569759067,69.2791576744437,68.87760354300988,65.79339712837682,-0.007446016212036999,0.007865018813714162,London
2024-08-16 00:00:00,66.25,66.3499984741211,66.25,66.25,3,42.62306821770592,-0.18599613105999424,-0.042747796757915624,-0.14324833430207862,0.5159389563149208,66.96746136963719,67.26572743494005,69.23903638074246,68.87354923233794,65.80145153060151,-0.0016576342576827274,0.007949071732808633,Tokyo
2024-08-16 04:00:00,65.97000122070312,66.0199966430664,65.8499984741211,65.8499984741211,4,39.60731907711571,-0.25051642229225024,-0.08430152186478256,-0.16621490042746767,0.5076577112837769,66.86103633196899,67.21020865216283,69.19414846144947,68.94172435087513,65.59327625947644,-0.004083549020646338,0.0071532973217845125,Tokyo
2024-08-16 08:00:00,65.77999877929688,66.22000122070312,65.77999877929688,66.22000122070312,12,43.58365813539942,-0.26869573139597946,-0.12118036377102195,-0.1475153676249575,0.5028251920068108,66.79998536899129,67.17137698818402,69.1547557827641,68.95809581596356,65.48090488594073,-0.0034611849225245628,0.007306469139655004,London
2024-08-16 12:00:00,66.36000061035156,66.36000061035156,66.33999633789062,66.33999633789062,6,44.85181687442379,-0.27030446016146925,-0.15100518304911142,-0.11929927711235783,0.47690906326692695,66.75617688983884,67.13877382542742,69.1174742007128,68.94607180182254,65.38692838128293,-0.006142376960440066,0.00727174507192356,London
2024-08-18 20:00:00,66.77999877929688,67.45999908447266,66.77999877929688,67.45999908447266,6,55.01589467579497,-0.17913951903771874,-0.1566320502468329,-0.022507468790885832,0.522844326360863,66.82320757504206,67.1513708944096,69.09552088791493,68.8446802819395,65.41231968754292,0.012153001351083992,0.007763039056472359,NewYork
2024-08-19 00:00:00,67.5199966430664,67.5199966430664,67.0999984741211,67.0999984741211,3,51.71649670927561,-0.13439051677181624,-0.1521837435518296,0.017793226780013355,0.5154981722597521,66.84956861304958,67.14935628969239,69.06909012746733,68.75322691220232,65.41577256899886,0.012830165647110814,0.007810346013729414,Tokyo
2024-08-19 04:00:00,67.5,67.5,67.5,67.5,1,54.94938251769927,-0.06589028766975957,-0.13492505237541558,0.069034764705656,0.5072484118039774,66.91151445942582,67.16310702342994,69.04830747677241,68.65552349822599,65.44747561676425,0.025056971360862823,0.007917723826808337,Tokyo
2024-08-19 08:00:00,68.0,68.5,68.0,68.3499984741211,16,60.935139137617135,0.05633501554714826,-0.0966730387909028,0.15300805433805106,0.5424449538179791,67.04851293701584,67.20965178620214,69.03905835090949,68.65552349822599,65.44747561676425,0.03216546684013122,0.008412712653533352,London
2024-08-19 12:00:00,68.4000015258789,68.4000015258789,67.9800033569336,68.4000015258789,0,61.26122147649662,0.15544243370008815,-0.046249944292704626,0.20169237799279277,0.5336987548985028,67.17722613595518,67.25633216815025,69.03059402210114,68.50512889190564,65.54287068084825,0.031052235479423596,0.008161658917881334,London
2024-08-20 08:00:00,68.7699966430664,69.19000244140625,68.41999816894531,68.87000274658203,15,64.27941265455722,0.26881224691075545,0.016762493947987393,0.25204975296276805,0.5520060520862772,67.33844295601489,67.31961336730444,69.0284669853393,68.75598307306184,65.40901707952604,0.020901329398830715,0.007131615234772747,London
2024-08-20 12:00:00,69.04000091552734,69.06999969482422,69.04000091552734,69.06999969482422,0,65.51079541003867,0.37052553521866116,0.08751510220212215,0.283010433016539,0.5268625446688422,67.50335312161577,67.38825596838365,69.02901708745169,69.0198739948183,65.27312603569929,0.02935918428467499,0.0071457264674522365,London
2024-08-20 20:00:00,68.81999969482422,68.81999969482422,68.81999969482422,68.81999969482422,11,62.60551285161586,0.4260499003007112,0.15522206182183995,0.27082783847887126,0.5070866486210678,67.62874803334991,67.44440278118523,69.02624864516524,69.23747591155255,65.20352445465839,0.01955555103443296,0.0070068344073661625,NewYork
2024-08-21 04:00:00,68.9800033569336,69.36000061035156,68.94999694824219,69.04000091552734,5,64.11376237964481,0.482246581144139,0.22062696568629975,0.26161961545783924,0.5094376676858018,67.76315306974776,67.50697525704179,69.02643079444157,69.48905363778704,65.14094666738873,0.010095134700953912,0.00695901984526817,Tokyo
2024-08-21 08:00:00,69.13999938964844,69.55000305175781,69.13999938964844,69.41999816894531,5,66.6182278887621,0.5510928033751128,0.28672013322406237,0.2643726701510504,0.5094779868675637,67.9209478410999,67.58199576339095,69.0316436073489,69.77723760660686,65.03976221028768,0.014912231291113187,0.00694423428491192,London
2024-08-21 12:00:00,69.29000091552734,69.75,69.0999984741211,69.75,10,68.6635313602939,0.6250768238011801,0.3543914713394859,0.27068535246169423,0.5195153825112311,68.09514328480468,67.66701553737562,69.0411582615562,70.12305572414432,64.95394394016232,0.012777656720242225,0.006761226538794167,London
2024-08-22 00:00:00,69.79000091552734,69.79000091552734,69.37999725341797,69.37999725341797,4,63.93364086422548,0.6464022409455197,0.4127936252606927,0.233608615684827,0.5116931167682414,68.21751032943452,67.7341912909459,69.04564619522326,70.3362811002139,65.04271822839938,0.0044881650494199565,0.006198174478853037,Tokyo
2024-08-22 08:00:00,68.51000213623047,70.87000274658203,68.51000213623047,70.8499984741211,40,72.14369309994495,0.7730088361894047,0.48483666744643517,0.2881721687429696,0.6437150805956214,68.46822348607134,67.85637980793317,69.06954490090403,70.8163713454555,65.03562755591169,0.029497221567839516,0.007315177401000109,London
2024-08-22 12:00:00,69.47000122070312,69.47000122070312,69.47000122070312,69.47000122070312,0,58.64681668589208,0.7533075690999738,0.5385308477771429,0.21477672132283088,0.6963066643686463,68.5636308893696,67.91965907902218,69.07484895811993,70.95822830633239,65.1957710222809,0.006228277802341031,0.008940661243340711,London
2024-08-23 00:00:00,70.41999816894531,70.41999816894531,70.41999816894531,70.41999816894531,1,63.68373338029972,0.8050706341278442,0.5918388050472831,0.21323182908056104,0.7144273989310421,68.74042777313872,68.0177115923525,69.09266550395867,71.25126755622028,65.26973158928752,0.014405070964800926,0.00928636116867011,Tokyo
2024-08-23 08:00:00,71.0,71.0999984741211,70.91999816894531,71.0999984741211,8,66.80085863613877,0.8906961865240675,0.6516102813426401,0.23908590518142736,0.7119683208056663,68.96514879227989,68.13858558771597,69.11925269561645,71.62745883423034,65.33854000610168,0.019354816833277333,0.009355459097682055,London
2024-08-25 20:00:00,71.97000122070312,71.98999786376953,71.97000122070312,71.98999786376953,3,70.3838587014512,1.0186284516893664,0.7250139154119855,0.293614536277381,0.7246848257230071,69.25322965623128,68.28962136324749,69.15727581042643,72.09871304251982,65.44128558418916,0.037618920635269726,0.009305168792731336,NewYork
2024-08-26 00:00:00,71.91000366210938,71.91000366210938,71.5999984741211,71.87999725341797,3,69.38710286209124,1.098477004463902,0.7997065332223687,0.29877047124153333,0.7007787231462521,69.50339799882049,68.43042041776398,69.19333834609519,72.37888268951889,65.7641158151198,0.014537738905853193,0.009096443142505612,Tokyo
2024-08-26 04:00:00,71.7300033569336,71.7300033569336,71.7300033569336,71.7300033569336,1,67.97352835203051,1.136552830371528,0.8670757926522006,0.2694770377193274,0.661436949813261,69.71545565197411,68.55981582714318,69.22693655815928,72.57117862070132,66.1228200975604,0.03253205839237783,0.009204023396455858,Tokyo
2024-08-26 08:00:00,71.26000213623047,71.5999984741211,71.26000213623047,71.5999984741211,0,66.70508908094945,1.1430613890164238,0.9222729119250452,0.2207884770913786,0.647762969162537,69.89493592075002,68.67903867604427,69.2583678418144,72.65452460546952,66.56547432641524,0.01675660800707246,0.009284657805629273,London
2024-08-26 20:00:00,70.2699966430664,70.2699966430664,69.72000122070312,69.72000122070312,8,51.684889811908235,0.985163055613512,0.9348509406627387,0.05031211495077337,0.7357797037522107,69.87827547312651,68.71986073661914,69.26448219120367,72.59436827472763,66.85163087078018,-0.01940924448711845,0.011008098509745346,NewYork
2024-08-27 00:00:00,70.83000183105469,70.91000366210938,70.72000122070312,70.91000366210938,5,58.11412918654771,0.9451555754172745,0.9369118676136459,0.008243707803628597,0.7682241850132135,69.97653530064868,68.8057486944815,69.28627717757328,72.54791332029127,67.27908634401537,-0.015002003524210217,0.011383219365667248,Tokyo
2024-08-27 08:00:00,69.6500015258789,70.05999755859375,69.31999969482422,70.05999755859375,14,52.717863795557285,0.8352329251207777,0.9165760791150723,-0.08134315399429459,0.8269227408897809,69.98448408711964,68.85493492444668,69.29652512963979,72.41833702908897,67.66466239107703,-0.025319974462543193,0.01182170921992107,London
2024-08-27 12:00:00,69.70999908447266,70.0199966430664,69.70999908447266,69.70999908447266,0,50.63301692897856,0.7116727604273052,0.875595415377519,-0.16392265495021374,0.7928567218348747,69.95834265829612,68.88846685229085,69.30200160586274,72.35686898369602,67.86213049750515,-0.028161218150363876,0.011638549129148773,London
2024-08-28 04:00:00,69.55000305175781,69.55000305175781,69.55000305175781,69.55000305175781,1,49.66606724429617,0.5939929164146776,0.8192749155849508,-0.22528199917027325,0.7476523868977295,69.91945317195913,68.91440944834838,69.30528639322559,72.28535084732347,68.04864878646559,-0.028631221592891887,0.011661712052183257,Tokyo
2024-08-28 08:00:00,68.66999816894531,68.72000122070312,68.5999984741211,68.5999984741211,5,44.261095841685446,0.4192406174318961,0.73926805595434,-0.32002743852244386,0.7621061148076573,69.79379081978408,68.90207960622182,69.29594483138315,72.30975607474011,67.99724313180286,-0.01606429614131233,0.012007250645853836,London
2024-08-28 12:00:00,68.9000015258789,68.9000015258789,68.9000015258789,68.9000015258789,0,46.25036613204345,0.3014806195949262,0.6517105686824572,-0.350229949087531,0.7290987531612397,69.70866802988834,68.90199811287503,69.29070054919104,72.32049430383005,67.9695050858184,-0.028345819100620173,0.012031555670022431,London
2024-08-29 08:00:00,69.5,70.0,69.08999633789062,70.0,8,52.88940288380569,0.29353200247766154,0.5800748554414982,-0.28654285296383664,0.7555915903726579,69.73641393180374,68.94505701040936,69.30009524390375,72.2903699979578,68.11762942220822,-0.0008563739749429811,0.012511020976617413,London
2024-08-29 12:00:00,70.19000244140625,70.19999694824219,70.19000244140625,70.19999694824219,0,54.00186631318228,0.29991353191817893,0.5240425907368343,-0.2241290588186554,0.7159062587919099,69.78056469527407,68.99427034130477,69.31201447177578,72.27533991145151,68.248659111986,0.007029090090444168,0.01250791388839284,London
2024-08-29 20:00:00,69.93000030517578,69.93000030517578,69.93000030517578,69.93000030517578,1,52.2094617966324,0.27995729391993507,0.4752255313734545,-0.19526823745351946,0.684055571954374,69.79479665812185,69.0309656340056,69.32019971460227,72.26859793366793,68.30640130339262,0.005463655452828453,0.012499335013906914,NewYork
2024-08-30 08:00:00,69.69000244140625,69.69000244140625,69.69000244140625,69.69000244140625,6,50.601684363951925,0.24198653947335913,0.4285777329934355,-0.18659119352007636,0.6523371642268854,69.7848162565299,69.05681021468797,69.32509776396391,72.26920346177702,68.29979601942414,0.015889271013560746,0.012482417827893756,London
2024-08-30 12:00:00,69.55000305175781,69.9000015258789,69.55000305175781,69.9000015258789,3,51.9947143937887,0.22623175524125827,0.38810853744300006,-0.1618767822017418,0.6307415435050431,69.79578628218218,69.08987654061703,69.33271238332702,72.25859894634151,68.36240096210575,0.014513787777267195,0.012435976166685318,London
2024-09-03 00:00:00,69.63999938964844,69.98999786376953,69.44000244140625,69.94999694824219,787,52.33930720458381,0.21529836248164713,0.3535465024507295,-0.13824813996908236,0.6249739634234887,69.81047301228314,69.12360675268076,69.3408883378292,72.20267522915913,68.32832452670024,-0.0007143293108259341,0.01145691287293803,Tokyo
2024-09-03 04:00:00,69.94000244140625,70.06999969482422,69.1500015258789,69.55999755859375,2337,49.36261660212163,0.1731677090087942,0.3174707437623424,-0.14430303475354822,0.6460471209607618,69.78661820716987,69.14072011761853,69.3437904467135,72.19979870609862,68.34020068354982,-0.009116800818671056,0.010628654830529743,Tokyo
2024-09-03 08:00:00,69.55999755859375,71.08999633789062,69.55999755859375,70.95999908447266,11326,58.489335547413916,0.24986697448896678,0.3039499899076673,-0.05408301541870053,0.709186525127627,69.898368766913,69.2120643908285,69.36519718363746,72.25059882836479,68.34340065283638,0.014728997208665051,0.011135902337536575,London
2024-09-03 12:00:00,70.94000244140625,71.18000030517578,70.44999694824219,70.5,4915,54.98276076766443,0.2704164210526585,0.29724327613666557,-0.026826855084007062,0.7106734416851961,69.95566697958795,69.26257166961955,69.38022768451644,72.1868140546445,68.34718557914455,0.011622865981024688,0.01101537030223987,London
2024-09-03 20:00:00,70.29000091552734,70.48999786376953,69.75,69.81999969482422,1071,50.19226928580511,0.22918970759363333,0.2836325624280591,-0.05444285483442579,0.713482481564825,69.94274628580092,69.2844315921766,69.38605247935496,71.9058379799995,68.41116183689503,-0.00114451830197837,0.010763902196816106,NewYork
2024-09-04 00:00:00,69.8499984741211,69.94999694824219,69.3499984741211,69.69999694824219,1987,49.37469964119076,0.18470485877340082,0.2638470216971275,-0.07914216292372667,0.7053764810331299,69.91962730127152,69.30072827280662,69.39021068424088,71.60626481724384,68.49273496913312,-0.003573981571221241,0.010763985885597507,Tokyo
2024-09-04 04:00:00,69.69000244140625,70.05000305175781,69.5,69.83000183105469,2036,50.318832006463325,0.15811791819815824,0.24270120099733367,-0.08458328279917543,0.6942783789420358,69.91109154220325,69.32148409862027,69.39603573254306,71.2965558283037,68.61244380548536,0.0038816026730521536,0.010789626599255954,Tokyo
2024-09-04 08:00:00,69.83999633789062,70.3499984741211,69.61000061035156,69.93000030517578,8566,51.074650650454934,0.14346286675773,0.22285353414941295,-0.07939066739168293,0.6975440564297141,69.91289237677206,69.3453474792695,69.40310811098853,70.96728865309382,68.7747111638007,-0.014515202826746565,0.010806544612064746,London
2024-09-04 12:00:00,69.93000030517578,70.02999877929688,69.55999755859375,69.86000061035156,5055,50.49553376589278,0.1247620631445443,0.20323523994843923,-0.07847317680389493,0.6812909967349576,69.9078550656844,69.36552995499821,69.40915966727148,70.9720145217927,68.78398523406666,-0.009078005526928168,0.00900152457349769,London
2024-09-04 20:00:00,69.83999633789062,70.30000305175781,69.80999755859375,70.02999877929688,893,51.921293603686664,0.12224975398289928,0.18703814275533126,-0.06478838877243198,0.6676277464798936,69.91948780031416,69.3915875559511,69.41738270186785,70.81856201271196,68.84943725486616,0.003007721074055336,0.008115615917306081,NewYork
2024-09-05 00:00:00,70.02999877929688,70.1500015258789,69.80999755859375,70.1500015258789,443,52.95139591861583,0.12846112967780243,0.17532274013982552,-0.046861610462023084,0.6442260479659838,69.94144148846318,69.421329280262,69.42708626245079,70.82822086871772,68.84877879558891,0.006456306991962757,0.007666108032171058,Tokyo
2024-09-05 04:00:00,70.1500015258789,70.1500015258789,69.86000061035156,69.87000274658203,898,50.24630802544237,0.10952756266092933,0.16216370464404628,-0.052636141983116946,0.6189242527917953,69.93463779876022,69.4389243181569,69.43295270594922,70.83443264149395,68.85856738902362,0.0005728328007799099,0.007634229479952675,Tokyo
2024-09-05 08:00:00,69.8499984741211,70.0999984741211,69.0999984741211,69.11000061035156,8534,43.717908791023156,0.03281844301780268,0.1362946523187976,-0.10347620930099491,0.6461439490209528,69.85610092367368,69.42602534922335,69.42867519474925,70.85874433828846,68.79025544808849,-0.011726007310821185,0.0080129301164287,London
2024-09-05 12:00:00,69.0999984741211,69.55000305175781,69.05000305175781,69.47000122070312,3992,47.21635373728476,0.0010627034619830056,0.10924826254743467,-0.10818555908545166,0.6357050955194562,69.81932952339078,69.42774989320296,69.42922255933142,70.74691237422051,68.98908768681464,-0.005582584973391036,0.007440441784402529,London
2024-09-05 20:00:00,69.5,69.56999969482422,68.91999816894531,69.11000061035156,1127,44.253967289797544,-0.052547257454079954,0.07688915854713176,-0.1294364160012117,0.6367262691165597,69.75177438881562,69.4152891370127,69.42499445404692,70.71259575707937,69.04440421240305,-0.013137200985034014,0.007494817974977593,NewYork
2024-09-06 00:00:00,69.11000061035156,69.12999725341797,68.75,68.87999725341797,1423,42.422653696290666,-0.11229838057727193,0.03905165072225102,-0.15135003129952296,0.6183884822809461,69.66874799496823,69.39429729844036,69.41777594807834,70.76552688737031,68.8794728074539,-0.018104123233588565,0.006549273191351579,Tokyo
2024-09-06 04:00:00,68.83999633789062,69.0,68.66000366210938,68.9000015258789,1344,42.6449618293581,-0.156236402536436,-5.95992948638005e-06,-0.15623044260694963,0.5985033291102089,69.59553404553115,69.37491315049678,69.41091800871146,70.767781400129,68.7472187524589,-0.013882942358272254,0.006498782948883717,Tokyo
2024-09-06 08:00:00,68.94000244140625,69.19000244140625,67.80999755859375,67.93000030517578,12522,35.489498336152494,-0.2662593216484339,-0.05325663227327589,-0.213002689375158,0.6543248686603726,69.43691178454493,69.31824990166066,69.39130320469113,70.95187444356667,68.36312570902122,-0.01707423375422512,0.007122973039398341,London
2024-09-06 12:00:00,67.91999816894531,68.25,67.80000305175781,67.83000183105469,6477,34.840475629568786,-0.35740240639086096,-0.1140857870967929,-0.24331661929406806,0.6397300172019308,69.28387274135538,69.25988723222514,69.3706237162986,71.09481732156145,68.03418276999129,-0.023607303308347927,0.007107658479865876,London
2024-09-08 20:00:00,68.0,68.04000091552734,67.69999694824219,67.86000061035156,1080,35.223189746919104,-0.4223447792065116,-0.17573758551873664,-0.24660719368777495,0.6183210136364469,69.14826587173597,69.20498971764187,69.35061546323969,71.16132708621876,67.76367291378125,-0.018087107350029052,0.0070476845549434135,NewYork
2024-09-09 00:00:00,67.8499984741211,68.16999816894531,67.69999694824219,68.05999755859375,2338,37.844280998792705,-0.45245833720279904,-0.23108173585554911,-0.22137660134724993,0.6077267427126383,69.04462127048434,69.16008806434586,69.33352118635698,71.16034156963966,67.5756584913955,-0.011904757948920097,0.007101619909509134,Tokyo
2024-09-09 04:00:00,68.02999877929688,68.12999725341797,67.69999694824219,68.11000061035156,1780,38.51415870934905,-0.46690651284653484,-0.2782466912537463,-0.18865982159278855,0.5950319971742913,68.95560977904313,69.11890816418922,69.31731561581385,71.17053808301449,67.42046228319646,-0.011465905631810713,0.007044342990101289,Tokyo
2024-09-09 08:00:00,68.0999984741211,68.30999755859375,67.51000213623047,67.73999786376953,8388,35.46805344320167,-0.5024213252537635,-0.32308161805374974,-0.17933970720001374,0.6096722418306477,68.83983721568374,69.06483325044728,69.29642398995897,70.96007886685486,67.30892137728576,-0.00279703283604682,0.005077242153382642,London
2024-09-09 12:00:00,67.7300033569336,67.7699966430664,67.5199966430664,67.73999786376953,3205,35.46805344320168,-0.524520721581311,-0.36336943875926203,-0.161151282822049,0.5839813674141728,68.73509061073953,69.01287892155796,69.2758090743803,70.80464942518185,67.18835060533573,-0.0013269049809158107,0.0050030515829133145,London
2024-09-09 20:00:00,67.69999694824219,68.27999877929688,67.69999694824219,68.0199966430664,500,39.65670351478868,-0.5135215343546378,-0.3933998578783372,-0.12012167647630057,0.5836971148170668,68.6669864233421,68.97394236161712,69.25917579714437,70.72123933564833,67.09176038969346,0.0023577369772442847,0.004835668976398968,NewYork
2024-09-10 00:00:00,68.02999877929688,68.05999755859375,67.8499984741211,67.93000030517578,231,38.78529893000467,-0.5062310353124388,-0.41596609336515755,-0.0902649419472813,0.5570043983638946,68.59679726923102,68.93300345744295,69.24157082374082,70.64241608938895,66.99358397164622,-0.0019100390549684487,0.004834693895719605,Tokyo
2024-09-10 04:00:00,67.93000030517578,67.97000122070312,67.62999725341797,67.93000030517578,1715,38.785298930004664,-0.494750091215991,-0.4317228929353243,-0.06302719828066672,0.5415043675725562,68.53329279646385,68.8936700004913,69.22419902879294,70.52324799961082,66.92275190883646,-0.0026427881891462057,0.004788536661179244,Tokyo
2024-09-10 08:00:00,67.91999816894531,68.66999816894531,67.7699966430664,68.13999938964844,8355,42.221147936266135,-0.4633648081486825,-0.438051275977996,-0.025313532170686548,0.5671113074515812,68.49583628152905,68.86411429026217,69.20983876867182,70.35745353559187,66.90954628130265,0.005904953328804918,0.004853546187912962,London
2024-09-10 12:00:00,68.12999725341797,68.43000030517578,68.05999755859375,68.12999725341797,3008,42.099943115624036,-0.4342925794829995,-0.4372995366789967,0.0030069571959971952,0.5530321245323276,68.460994469328,68.83532538685651,69.19553623204594,70.18321114675163,66.91078833444953,0.0057572985229901175,0.004860038941646824,London
2024-09-10 20:00:00,68.05999755859375,68.44999694824219,68.05000305175781,68.41000366210938,343,46.711848617817346,-0.38422929559595786,-0.4266854884623889,0.04245619286643104,0.5421008225289025,68.45613820197384,68.8186461035331,69.18513182714612,69.94603586300134,66.98596410648109,0.00573371123626365,0.004940408066227515,NewYork
2024-09-11 00:00:00,68.41999816894531,69.0,68.4000015258789,68.9000015258789,1747,53.66694628272072,-0.3015390949211252,-0.4016562097541362,0.100117114833011,0.5462363690712018,68.49841089948862,68.82183651225255,69.18135526686444,69.67499107804015,67.13200889144228,0.014279423175995731,0.005246441494464871,Tokyo
2024-09-11 04:00:00,68.88999938964844,69.2699966430664,68.83999633789062,69.05999755859375,2327,55.700121575304316,-0.22055376591463016,-0.365435720986235,0.14488195507160484,0.5379337930786717,68.55189534321292,68.83117616112868,69.17974787999994,69.48002857530776,67.24597087537583,0.01663473058061915,0.005240163998616255,Tokyo
2024-09-11 08:00:00,69.08000183105469,69.80000305175781,69.05999755859375,69.54000091552734,9961,61.20091267891409,-0.11629942251126124,-0.31560846129124026,0.19930903877997902,0.5523674859419139,68.64600063581429,68.85897321032078,69.18451944338442,69.57612890949301,67.19287057170817,0.020545957417363647,0.004893395189954926,London
2024-09-11 12:00:00,69.54000091552734,69.81999969482422,69.5,69.62999725341797,4713,62.1498882454298,-0.026114124542857553,-0.25770959394156373,0.23159546939870618,0.5357697865763642,68.7397145993956,68.88920944730499,69.19041981172924,69.61652018330261,67.16847890117003,0.022016733604443894,0.004764444955778722,London
2024-09-11 20:00:00,69.63999938964844,69.73999786376953,69.41000366210938,69.52999877929688,449,60.38263494851808,0.036864383047145566,-0.19879479854382187,0.23565918159096744,0.5210715305109208,68.81497975938619,68.91433844071645,69.19491754639901,69.70206069035433,67.12493821101285,0.016371803204680013,0.00461575882970499,NewYork
2024-09-12 00:00:00,69.55000305175781,69.72000122070312,69.45999908447266,69.6500015258789,545,61.78691287510501,0.09535928036726204,-0.1399639827616051,0.23532326312886714,0.5024237166337456,68.8945056419093,68.94318797346791,69.20094514877623,69.84132170100308,67.0626776276102,0.010885340832950563,0.004544031053735378,Tokyo
2024-09-12 04:00:00,69.63999938964844,69.88999938964844,69.54000091552734,69.86000061035156,1456,64.1797182636665,0.15685396414730235,-0.08060039337982361,0.23745435752712596,0.4915361993114134,68.98645754366571,68.97914141020844,69.20967436018782,70.0151307236319,66.98486851342864,0.01158417434172443,0.004576261246339116,Tokyo
2024-09-12 08:00:00,69.87000274658203,69.94000244140625,69.30000305175781,69.41999816894531,8171,56.23426552064371,0.1681461402827722,-0.030851086647304446,0.19899722693007665,0.5021407129069152,69.02774712702568,68.99642991055107,69.21246010599917,70.11788602712193,67.03111299631558,-0.0017256650129728879,0.003424589266230314,London
2024-09-12 12:00:00,69.41999816894531,70.58999633789062,69.41999816894531,70.44999694824219,9281,66.64439209207174,0.2572422362840143,0.026767577938959307,0.230474658345055,0.5498448169096579,69.16319949095106,69.05343253948013,69.22885132245271,70.4182805890947,66.99271794606153,0.011776529185256734,0.004526539832811448,London
2024-09-12 20:00:00,70.44999694824219,70.72000122070312,70.27999877929688,70.33999633789062,1337,64.8697647045918,0.3153403569830431,0.08448213374777608,0.230858223235267,0.5419989329451288,69.27527538113578,69.10388602177073,69.24356847497508,70.6408020490915,67.01819605881865,0.011649612725650238,0.004582259065368521,NewYork
2024-09-13 00:00:00,70.37999725341797,70.55000305175781,70.2300033569336,70.2300033569336,1855,63.06149829670893,0.34849083646311385,0.13728387429084365,0.2112069621722702,0.5261418445079209,69.36620185502129,69.14804748589476,69.25663383765001,70.81403781048249,67.06196087726164,0.008327377147855364,0.0046333900704559235,Tokyo
2024-09-13 04:00:00,70.2300033569336,70.55000305175781,70.19000244140625,70.31999969482422,1424,63.947033131774475,0.37767122384802576,0.1853613442022801,0.19230987964574567,0.5142746134967524,69.45703974452633,69.19400639604886,69.27071815363908,70.97874934072644,67.11824925546497,0.006584584604262034,0.004629818444467512,Tokyo
2024-09-13 08:00:00,70.3499984741211,70.8499984741211,69.44999694824219,69.66000366210938,8036,53.76711512110656,0.3435801489746382,0.21700510515675173,0.12657504381788645,0.5775408215240491,69.476369641439,69.21228079863947,69.27587425308903,70.98985223147032,67.29914694455506,0.0034572961609702357,0.005018098202262967,London
2024-09-13 12:00:00,69.66999816894531,69.9800033569336,69.61000061035156,69.86000061035156,4662,56.05032720171578,0.3289093465948838,0.23938595344437819,0.08952339315050561,0.562716673313905,69.51290592419258,69.23768157556935,69.2836110260329,70.99706907461758,67.50393037606601,-0.008374682234891795,0.005017025120619066,London
2024-09-15 20:00:00,69.69000244140625,70.76000213623047,69.58000183105469,70.5999984741211,1626,63.27681649114262,0.37269804216391833,0.2660483711882862,0.1066496709756321,0.606808361304039,69.6164385479953,69.29110576766942,69.30104662137182,71.12451285567832,67.63448677811076,0.003696362663732522,0.005382408262466809,NewYork
2024-09-16 00:00:00,70.58000183105469,70.77999877929688,70.4000015258789,70.77999877929688,654,64.79325582419241,0.4171171522999657,0.29626212741062213,0.12085502488934358,0.5906075678836055,69.72725380811926,69.34949372890972,69.32063539167547,71.23377375700257,67.81022572419862,0.007831345522909983,0.005331187013776454,Tokyo
2024-09-16 04:00:00,70.77999877929688,71.18000030517578,70.7300033569336,71.16000366210938,3213,67.81488014489906,0.4774787574195045,0.3325054534123986,0.1449733040071059,0.5805639521949327,69.86370617516593,69.42049411844697,69.34499788532361,71.3721778345204,67.99482198237412,0.011945448960901883,0.005356943966320909,Tokyo
2024-09-16 08:00:00,71.1500015258789,72.81999969482422,71.1500015258789,72.81999969482422,25389,77.07211305901387,0.6517505958645557,0.39635448190283007,0.2553961139617257,0.658380681962817,70.1452579389429,69.55380806261863,69.39102439935674,71.96459667770561,67.8704031697065,0.045363133313093496,0.0070886721884571655,London
2024-09-16 12:00:00,72.81999969482422,72.81999969482422,72.79000091552734,72.81999969482422,4711,77.07211305901389,0.7808610038102302,0.4732557862843101,0.30760521752592007,0.6134962603438211,70.39999524902684,69.68189400897963,69.43644129068744,72.40144008375313,67.9025600077996,0.04237044172075288,0.007084967176470689,London
2024-09-16 20:00:00,72.8499984741211,72.98999786376953,72.37999725341797,72.55999755859375,2047,73.24523461695983,0.8523762697799384,0.5490798829834358,0.3032963867965026,0.6132465710586599,70.60570975469987,69.79476081484685,69.47781289688488,72.69628500223149,68.02271447896968,0.027762027292268288,0.007247066725901609,NewYork
2024-09-17 00:00:00,72.54000091552734,72.76000213623047,72.30999755859375,72.45999908447266,1040,71.76923295567056,0.8907159728772456,0.6174071009621978,0.2733088719150478,0.6015864286713782,70.78230873848776,69.89927996267531,69.51731205168737,72.94739015018274,68.12760908687781,0.02373552322901684,0.007237957603566666,Tokyo
2024-09-17 04:00:00,72.41000366210938,72.5999984741211,71.91999816894531,72.16999816894531,3001,67.51981549653993,0.8874696162547053,0.6714196040206993,0.216050012234006,0.6071874198502643,70.91446963662658,69.98832773547021,69.55244696714773,73.10282177697935,68.28317752111634,0.014193289135168152,0.007384049848178164,Tokyo
2024-09-17 08:00:00,72.16999816894531,72.37000274658203,71.51000213623047,71.94000244140625,12014,64.26967396751486,0.8564653230714896,0.7084287478308574,0.14803657524063218,0.6252455048860713,71.01213942755797,70.06486399844809,69.58407021846241,73.22009503920968,68.40590441147391,-0.012084554478246079,0.007389976627000068,London
2024-09-17 12:00:00,71.93000030517578,72.22000122070312,71.8499984741211,72.16999816894531,4071,66.03060952773326,0.8407611591211293,0.7348952300889119,0.10586592903221737,0.6070138792929256,71.12241168864249,70.14741827964406,69.6183209197933,73.35230951742192,68.52769002481442,-0.008926140189548848,0.00739671640672907,London
2024-09-17 20:00:00,72.25,72.5,72.0,72.33000183105469,1741,67.24021129898091,0.8316398281132251,0.7542441496937746,0.0773956784194505,0.5993700307720023,71.23742027363411,70.23300979146408,69.65423722325372,73.47268104736672,68.68731880004539,-0.003169731743076998,0.00735779266765228,NewYork
2024-09-18 00:00:00,72.38999938964844,72.4000015258789,71.72000122070312,72.29000091552734,1339,66.60170570896457,0.8118251529725171,0.7657603503495232,0.04606480262299395,0.605129336086558,71.33766604905252,70.3136761100548,69.68914800063483,73.56344340063045,68.8605563857465,-0.0023460967581179215,0.007379453395321243,Tokyo
2024-09-18 04:00:00,72.29000091552734,72.56999969482422,72.05000305175781,72.13999938964844,1993,64.14197048294713,0.7750833324591468,0.767624946771448,0.007458385687698854,0.5990484294422613,71.4140787481569,70.38529663082318,69.72160960843634,73.62187588255051,69.03012378175612,-0.0004156682840236181,0.007425259623821004,Tokyo
2024-09-18 08:00:00,72.13999938964844,72.33999633789062,70.19999694824219,70.75,16481,46.8682652577497,0.6265810051623504,0.7394161584496285,-0.11283515328727811,0.709116355171274,71.35083315309434,70.39959872373208,69.73523067322526,73.52732202684294,69.25767782056917,-0.0165415957884556,0.008644250641178903,London
2024-09-18 12:00:00,70.7699966430664,71.3499984741211,70.69000244140625,71.2699966430664,3042,52.06862846106418,0.5445737173520655,0.7004476702301159,-0.1558739528780504,0.7056077607101005,71.34313443785358,70.43373197547069,69.75555869931587,73.5231252048622,69.34387461203232,-0.012470577091772461,0.008168471117632876,London
2024-09-18 20:00:00,71.2699966430664,71.52999877929688,70.62999725341797,71.52999877929688,863,54.46831472596413,0.494857936147568,0.6593297234136063,-0.16447178726603828,0.7194930296507295,71.36093104180055,70.4767228305227,69.77906121693151,73.51830274265245,69.4676973183827,-0.011060459442907566,0.008179553135471975,NewYork
2024-09-19 00:00:00,71.41000366210938,71.66999816894531,71.3499984741211,71.6500015258789,503,55.57384909896058,0.4598402875107297,0.619431836233031,-0.1595915487223013,0.6909577914488358,71.38846156409373,70.52273375975236,69.80384188327518,73.50048953245366,69.62751034547603,-0.008853221490428442,0.008161509764989281,Tokyo
2024-09-19 04:00:00,71.62999725341797,71.9000015258789,71.5199966430664,71.6500015258789,1598,55.57384909896058,0.4271644626526836,0.5809783615169616,-0.153813898864278,0.6687468694033833,71.4133701318828,70.56694033881614,69.82829432887259,73.47634179621855,69.78465826481661,-0.006792318656989704,0.008164222608187846,Tokyo
2024-09-19 08:00:00,71.62999725341797,72.9800033569336,71.2699966430664,72.87000274658203,11392,65.46162953683228,0.49401780878689294,0.5635862509709479,-0.069568442184055,0.7431225725793693,71.55209704756844,70.6572565116697,69.86858185758398,73.46571488604819,70.11628508343422,0.02996470313190147,0.00851825734302451,London
2024-09-19 12:00:00,72.87999725341797,73.55000305175781,72.55000305175781,73.06999969482422,11550,66.76741560312735,0.5567201264579609,0.5622130260683506,-0.005492899610389679,0.7614709602522715,71.69665920444994,70.75187389140126,69.91098474284544,73.4533626050191,70.44963727291059,0.025256112481281123,0.008517825251091514,London
2024-09-19 20:00:00,72.94999694824219,73.19000244140625,72.80999755859375,73.08999633789062,922,66.90215305786994,0.6010966588214188,0.5699897526189642,0.0311069062024546,0.7342233832922878,71.82935797906335,70.84356496773418,69.9530908566871,73.5177584691058,70.63424119520083,0.021808997416693066,0.008298393273098675,NewYork
2024-09-20 00:00:00,73.0999984741211,73.80000305175781,73.08999633789062,73.77999877929688,2540,71.23581050787286,0.6840574227075678,0.592803286636685,0.09125413607088273,0.7324936211904949,72.0151332933713,70.95871923485429,70.00377837884088,73.72320189123687,70.72879777306977,0.029727804718170825,0.008473236337873159,Tokyo
2024-09-20 04:00:00,73.77999877929688,74.0,73.51000213623047,73.5999984741211,4057,68.70842142730439,0.726900647302827,0.6196227587699135,0.10727788853291353,0.7151724956604261,72.1660728343951,71.06229881286474,70.051410433083,73.87677701527645,70.81922213023137,0.027215588370055777,0.008493782389014805,Tokyo
2024-09-20 08:00:00,73.61000061035156,74.2300033569336,73.30999755859375,74.0999984741211,16778,71.71086496999298,0.7920695480848536,0.6541121166329016,0.13795743145195205,0.7298034458518131,72.35025622865471,71.18142428977676,70.10503411574577,74.12057284197164,70.70342618146586,0.016879314960596137,0.006982994411792042,London
2024-09-20 12:00:00,74.0999984741211,74.13999938964844,73.41999816894531,73.55999755859375,6498,64.51150742945995,0.7910243739764553,0.6814945681016124,0.10952980587484296,0.729103286912621,72.46546968864891,71.27470167286762,70.15079522094905,74.22547515569138,70.67252365412307,0.006705869246147467,0.007218575077387778,London
2024-09-22 20:00:00,73.5999984741211,74.0999984741211,73.5999984741211,73.79000091552734,1379,66.07382061262399,0.7995388287297942,0.7051034202272488,0.09443540850254539,0.7155959746708155,72.59161551978019,71.37334085885429,70.19899662087725,74.38558177394428,70.63541737156352,0.009577296657679923,0.007174458418076315,NewYork
2024-09-23 00:00:00,73.77999877929688,73.83999633789062,73.43000030517578,73.5,1179,62.3469393110515,0.7739641680673657,0.7188755697952722,0.05508859827209345,0.693767407388246,72.67812832742017,71.45673925654627,70.24271851993848,74.48867191731014,70.6363273197504,-0.0037950499312754404,0.007238648158939962,Tokyo
2024-09-23 04:00:00,73.48999786376953,73.91999816894531,73.41999816894531,73.72000122070312,1166,64.0056143588478,0.7626568912162099,0.7276318340794599,0.03502505713675008,0.6799268782890856,72.77735431725664,71.54549462768968,70.28877524445193,74.62355271257242,70.65644682966392,0.0016304721341022788,0.007167138501097883,Tokyo
2024-09-23 08:00:00,73.70999908447266,74.04000091552734,73.30999755859375,73.33999633789062,9961,59.15804934612325,0.7147928871772393,0.7250640446990158,-0.01027115752177643,0.6835037696208363,72.83093927160273,71.615867243776,70.32918876886833,74.68834489776962,70.73165403411515,-0.010256439296633668,0.007242104804821941,London
2024-09-23 12:00:00,73.3499984741211,73.55000305175781,73.26000213623047,73.33999633789062,4443,59.158049346123235,0.6691468112244507,0.7138805980041028,-0.04473378677965201,0.6553964228998724,72.87942089696348,71.68348014942755,70.36906701481566,74.74880453154357,70.78819421723573,-0.002990772539489095,0.007225567317234608,London
2024-09-23 20:00:00,73.47000122070312,73.7699966430664,73.19999694824219,73.75,794,62.69359833388632,0.6584654562590515,0.7027975696550925,-0.04433211339604104,0.6492966566087544,72.96233319249076,71.76452014356765,70.41384758415585,74.85511641915085,70.82388214652298,-0.0005420912729509064,0.007298788872437959,NewYork
2024-09-24 00:00:00,73.7300033569336,73.98999786376953,73.70999908447266,73.97000122070312,1521,64.47088238107219,0.6601429483934425,0.6942666454027625,-0.03412369700932005,0.6229182368007629,73.05830157613002,71.85100959757295,70.46094895682535,74.982259794661,70.86473880153041,0.006394574431334954,0.007302667252052343,Tokyo
2024-09-24 04:00:00,73.9800033569336,74.29000091552734,73.81999969482422,73.87999725341797,2514,63.14551213486213,0.6467544226367608,0.6847642008495622,-0.03800977821280149,0.6119955927937887,73.1365583073003,71.93057774093943,70.50623436472725,75.07689635182774,70.94410203074062,0.002170320538056547,0.007285190073751031,Tokyo
2024-09-24 08:00:00,73.88999938964844,74.55000305175781,73.55000305175781,74.0999984741211,13674,65.0375242022381,0.6464443710870427,0.6771002348970584,-0.030655863810015727,0.639710193308518,73.22831451366419,72.0156530638093,70.55383388935499,75.00173238403282,71.35426584594764,0.0103627239457309,0.005429425070586326,London
2024-09-24 12:00:00,74.08999633789062,74.16999816894531,73.66000366210938,74.0999984741211,4438,65.0375242022381,0.638834565786425,0.6694471010749317,-0.030612535288506715,0.6304447871319051,73.3113320337077,72.0973920995078,70.60080295670289,74.94868552531759,71.69031288776836,0.0103627239457309,0.005319607744310286,London
2024-09-24 20:00:00,74.08999633789062,74.30000305175781,73.94999694824219,73.98999786376953,771,63.15735545533094,0.616817324160607,0.6589211456920667,-0.04210382153145975,0.610413452587885,73.37596687466596,72.17161193340043,70.64569295547199,74.8606042854081,72.0243940361251,0.003254208322298835,0.005357058218465146,NewYork
2024-09-25 00:00:00,73.97000122070312,74.0999984741211,73.33999633789062,73.5999984741211,1090,56.87909898597484,0.5614270288503462,0.6394223223237226,-0.07799529347337641,0.6210983585623553,73.39730321747122,72.22762709186006,70.68482282989119,74.68008109610595,72.39991692025147,-0.005002064897607017,0.005579562273818902,Tokyo
2024-09-25 04:00:00,73.5999984741211,73.87000274658203,73.4000015258789,73.86000061035156,1670,59.75160752002508,0.5323729561686577,0.6180124490927097,-0.08563949292405204,0.6103057058581245,73.44136963584077,72.29164173964404,70.72687816473172,74.37016186432004,72.93083606048464,-0.0002706638306687603,0.005590610229818293,Tokyo
2024-09-25 08:00:00,73.86000061035156,74.12999725341797,73.5199966430664,73.7300033569336,7574,57.68260826458042,0.49317271426598097,0.5930445021273639,-0.09987178786138295,0.6102839133219415,73.46885856165915,72.34804807757696,70.76665465734366,74.31254092538846,73.0744570604514,-0.004993186569588359,0.004298958919169567,London
2024-09-25 12:00:00,73.72000122070312,73.77999877929688,72.87000274658203,73.18000030517578,5225,49.82213522084598,0.41296518483714806,0.5570286386693207,-0.14406345383217267,0.631691921850006,73.44134825151788,72.38067365512985,70.79861950036131,74.29628866720269,73.1017093796723,-0.012415630065992667,0.0046252313791035286,London
2024-09-25 20:00:00,73.29000091552734,73.75,72.5999984741211,73.68000030517578,1205,55.72846823344922,0.38530441181072206,0.522683793297601,-0.1373793814868789,0.6687140364234988,73.46407701853292,72.43162764140617,70.83678348453104,74.2529853982951,73.20401304530841,-0.004189722496877435,0.004864665660104796,NewYork
2024-09-26 00:00:00,73.68000030517578,73.83000183105469,73.4000015258789,73.61000061035156,618,54.75671946285517,0.3536579112848415,0.4888786168950491,-0.1352207056102076,0.6516630556200903,73.47797450346803,72.4778383460707,70.87351483719091,74.24647759439823,73.19352103231076,0.00013589859290541462,0.004384277473039291,Tokyo
2024-09-26 04:00:00,73.63999938964844,73.69999694824219,73.0,73.41000366210938,2830,51.96848765167341,0.30887918239440637,0.45287872999492057,-0.1439995476005142,0.6551154765216687,73.4715010900053,72.51439384866046,70.90711071566666,74.25271612648125,73.16828301902656,-0.0060925662675815895,0.004392477699540793,Tokyo
2024-09-26 08:00:00,73.41999816894531,74.19999694824219,73.0999984741211,74.19999694824219,10075,60.520168136428474,0.3332955494521599,0.42896209388636847,-0.09566654443420858,0.6868928334930562,73.54088164793262,72.580495930997,70.9507251028531,74.27442563970216,73.15657335321775,0.006374522852431008,0.004787923583048067,London
2024-09-26 12:00:00,74.18000030517578,74.19999694824219,72.91999816894531,73.04000091552734,4186,47.224495376074785,0.2560916458255349,0.3943880042742018,-0.1382963584486669,0.7292575439076147,73.49317872103688,72.59851573431193,70.97839763017329,74.32236952110686,73.05662980750641,-0.0019130826600793904,0.005748759900853262,London
2024-09-26 20:00:00,73.06999969482422,73.5,72.95999908447266,73.45999908447266,1215,51.388619997049815,0.22618996106726286,0.360748395632814,-0.13455843456555117,0.7157392133090239,73.49001875564981,72.63229939510255,71.01126652360772,74.31201446732416,73.03398467818366,-0.002985901462973728,0.005860476692752696,NewYork
2024-09-27 00:00:00,73.44999694824219,73.94999694824219,73.4000015258789,73.88999938964844,1288,55.27913891132199,0.23448707044654782,0.3354961305955608,-0.10100906014901301,0.7039003710986137,73.52811214936396,72.68162096351612,71.0493954357407,74.33308648702423,73.05191259744844,0.003803814386295512,0.0059414715054501525,Tokyo
2024-09-27 04:00:00,73.86000061035156,73.87000274658203,73.08999633789062,73.12000274658203,2539,47.88815233938646,0.17689120375611367,0.3037751452276714,-0.12688394147155774,0.7107648482885565,73.48924458719425,72.6988124059893,71.07682069813596,74.35199471846693,72.97300451859363,-0.003950427749086605,0.006364315673807686,Tokyo
2024-09-27 08:00:00,73.13999938964844,73.29000091552734,71.68000030517578,72.83000183105469,13189,45.42478464588469,0.10661640663457206,0.26434339750905156,-0.1577269908744795,0.7749959741501998,73.4264595628,72.7039570893252,71.10004164029382,74.40944727804323,72.86455250833372,-0.018463546813123677,0.006322783391148523,London
2024-09-27 12:00:00,72.81999969482422,72.94999694824219,72.62999725341797,72.7699966430664,4918,44.91000850148307,0.04555606447321736,0.22058593090188475,-0.17502986642866739,0.7424962399126298,73.36393928473015,72.70654687574643,71.12216024960208,74.46461655230893,72.75238326458562,-0.003696663048693094,0.006323075743423588,London
2024-09-29 20:00:00,72.97000122070312,73.63999938964844,72.77999877929688,73.63999938964844,2330,53.19244311301406,0.06659953613143443,0.1897886519477947,-0.12318911581636027,0.7516038475318728,73.3902307232938,72.74315285668376,71.15550911238414,74.4566988939403,72.74930086191908,0.0024503172804126727,0.006777445521850735,NewYork
2024-09-30 00:00:00,73.63999938964844,73.72000122070312,73.16999816894531,73.43000030517578,1250,51.19181086809103,0.06557555378455504,0.1649460323151468,-0.09937047853059175,0.7372037906908685,73.39401830252065,72.77008805074227,71.18563482354695,74.41485473640519,72.73714492790144,-0.006225457954694424,0.006764660203544919,Tokyo
2024-09-30 04:00:00,73.44999694824219,73.5,73.04000091552734,73.12000274658203,1181,48.30364089222485,0.039296838681551094,0.13981619358842765,-0.10051935490687655,0.7174034545324248,73.36792158290744,72.78381019567718,71.21125559073947,74.38765733698496,72.68834287663809,0.0,0.006817956247177305,Tokyo
2024-09-30 08:00:00,73.11000061035156,73.41999816894531,72.91000366210938,73.2300033569336,6147,49.39467906192843,0.027035252019985023,0.11726000527473912,-0.0902247532547541,0.7025885296969614,73.35478651376708,72.80130796670684,71.23799397174866,74.31146301190577,72.67753768999853,0.005492263021039001,0.006786195400341825,London
2024-09-30 12:00:00,73.29000091552734,73.69000244140625,73.19999694824219,73.55000305175781,4674,52.53309197831168,0.042647542946127714,0.10233751280901685,-0.05968996986288913,0.6874040270874685,73.37337856500429,72.83066855827747,71.26861660856997,74.23362143225869,72.70037972740927,0.010718791324360044,0.006875614697744383,London
2024-09-30 20:00:00,73.54000091552734,73.55999755859375,73.2300033569336,73.41999816894531,455,51.145330986498685,0.04402262304341775,0.09067453485589703,-0.04665191181247928,0.6618747538426605,73.37781852728439,72.8537795234017,71.29711172857495,74.16456407775142,72.71243711243413,-0.002987523391180913,0.006878322427498053,NewYork
2024-10-01 00:00:00,73.37999725341797,73.69999694824219,72.80999755859375,72.88999938964844,1077,45.8299874401346,0.0023191777849262962,0.07300346344170289,-0.07068428565677659,0.6781693706859303,73.33135956179525,72.85519991031333,71.31820957839048,74.1643866252127,72.64161465652558,-0.007353954967766474,0.006965197529140872,Tokyo
2024-10-01 04:00:00,72.87999725341797,73.4800033569336,72.80000305175781,73.1500015258789,2169,48.64939365288157,-0.009639979886785,0.05647477477600531,-0.0661147546627903,0.6783001517209196,73.31408736789845,72.86676075798258,71.34247172339033,74.10500295448387,72.62999841880716,0.00041026775396657555,0.00696624093386385,Tokyo
2024-10-01 08:00:00,73.13999938964844,74.0,73.0,73.0999984741211,9842,48.130564998347396,-0.022888680426362384,0.04060208373553177,-0.06349076416189416,0.7012787123122824,73.29369794944346,72.87590733508604,71.36575022340001,74.06203864893587,72.6099622360739,-0.0017752953277748729,0.006959995025490747,London
2024-10-01 12:00:00,73.0999984741211,73.31999969482422,72.87000274658203,73.25,4142,49.85811654504968,-0.02104194311031904,0.02827327836636161,-0.049315221476680646,0.6833300148787043,73.28953623997266,72.89057763567091,71.39070717408346,74.06304281709856,72.61595803739363,-0.004078899242828005,0.00677519703178068,London
2024-10-01 20:00:00,73.0,73.0,72.41999816894531,72.86000061035156,962,45.60520058066907,-0.05046633734338002,0.012525355224413285,-0.0629916925677933,0.6938065731769888,73.24862808477064,72.88937853663879,71.41016801429893,74.03364088517665,72.56335999983312,-0.00762731643366632,0.006680998573044053,NewYork
2024-10-02 00:00:00,72.87000274658203,73.08999633789062,72.58999633789062,73.02999877929688,1110,47.6994211833421,-0.059383415218732694,-0.001856398864215911,-0.057527016354516784,0.6799632465214895,73.22780624615409,72.8948930559587,71.43162272641811,73.99863685062991,72.54036385127438,0.001920694070801643,0.006711108559217757,Tokyo
2024-10-02 04:00:00,73.04000091552734,73.58999633789062,73.01000213623047,73.44999694824219,1147,52.55908210883179,-0.03218886827963274,-0.007922892747299279,-0.024265975532333464,0.6728226004599657,73.24896726540058,72.91666183604826,71.45835615981977,74.00247600810549,72.5405240224121,0.004101099331585756,0.006822323034969341,Tokyo
2024-10-02 08:00:00,73.44999694824219,73.69999694824219,73.02999877929688,73.2300033569336,5481,49.941453854589724,-0.028065120915741204,-0.011951338380987664,-0.01611378253475354,0.6726208553517762,73.24716117887992,72.92894973882808,71.48182168560936,73.80890837137194,72.63709230001477,0.0017784526063775452,0.006366521315926897,London
2024-10-02 12:00:00,73.23999786376953,73.5,73.23999786376953,73.41999816894531,1825,52.15755686239648,-0.009358152981093326,-0.011432701301008798,0.0020745483199154716,0.6438619830456783,73.26362184460044,72.94820654000915,71.50749289730919,73.82756668749924,72.65643370922926,0.002320794115294289,0.005310694727981398,London
2024-10-02 20:00:00,73.37999725341797,73.5999984741211,73.27999877929688,73.38999938964844,219,51.76786753612565,0.003011883980846619,-0.008543784244637715,0.011555668225484334,0.6207289624584312,73.27565780127166,72.96553174979893,71.53242675813487,73.81939857163188,72.6576018556142,0.007274207725185944,0.005152708945637982,NewYork
2024-10-03 00:00:00,73.38999938964844,73.5199966430664,73.06999969482422,73.08000183105469,944,47.79399461715478,-0.012059965056224087,-0.00924702040695499,-0.0028129446492690963,0.6085338185858424,73.25702389934624,72.97002077259327,71.5529244412199,73.69445503914925,72.70154563223748,0.0006846919429497333,0.005038177903701466,Tokyo
2024-10-03 04:00:00,73.0999984741211,73.13999938964844,72.55999755859375,72.61000061035156,6216,42.47083058326883,-0.06122393316066166,-0.019642402957696325,-0.04158153020296533,0.6064958194764742,73.1954026337277,72.95590233485831,71.56692545008256,73.73395969715106,72.6110407606126,-0.011436301875989763,0.00468929274258135,Tokyo
2024-10-03 08:00:00,72.61000061035156,72.76000213623047,71.86000061035156,72.43000030517578,9816,40.605563609627204,-0.11340400165354936,-0.03839472269686693,-0.07500927895668243,0.6274605127909337,73.12250717386561,72.93527872585115,71.57835690511692,73.78883429388769,72.51616601128809,-0.01092452567369806,0.004640218865380393,London
2024-10-03 12:00:00,72.4000015258789,72.80999755859375,72.18000030517578,72.69999694824219,3682,44.54014710676759,-0.13145527465373164,-0.057006833088239874,-0.07444844156549177,0.6276417085500077,73.08226810475863,72.92605198947433,71.59321306462853,73.7948909243513,72.50310941134207,-0.009806609080081241,0.004722487787253619,London
2024-10-03 20:00:00,72.69999694824219,72.7300033569336,72.12999725341797,72.4000015258789,401,41.268875650888035,-0.16803120286630246,-0.0792117070438524,-0.08881949582245006,0.6256677367618375,73.0172903353415,72.90542255952941,71.60389900451264,73.77135469562481,72.40264585369161,-0.013489547240807975,0.003874458760475169,NewYork
2024-10-04 00:00:00,72.4000015258789,72.5199966430664,72.25,72.48999786376953,407,42.63014351963957,-0.18759347633084644,-0.10088806090125121,-0.08670541542959523,0.6002626586407352,72.9670720047156,72.88913139498982,71.61563541324452,73.75365674880477,72.32634355637101,-0.008073398364837447,0.0038711116048056344,Tokyo
2024-10-04 04:00:00,72.4800033569336,73.0999984741211,72.19000244140625,72.94999694824219,1809,49.12137978545952,-0.1640871428043198,-0.11352787728186493,-0.05055926552245486,0.6223864710746002,72.96544580886099,72.8915182794311,71.63330907595973,73.74519407928894,72.31780564605286,0.004682500138171841,0.0040708799018836185,Tokyo
2024-10-04 08:00:00,72.91999816894531,73.29000091552734,72.4800033569336,73.0999984741211,6249,51.06575440541961,-0.13183462709031346,-0.11718922724355464,-0.01464539984675882,0.6357872630402537,72.97826034840956,72.8996939733405,71.65273542560426,73.73343015585539,72.31656908120516,0.009250285325450136,0.004084256417093448,London
2024-10-04 12:00:00,73.0999984741211,73.3499984741211,72.94000244140625,73.30000305175781,3522,53.61132712870581,-0.089108392037474,-0.11157306020233851,0.022464668164864504,0.61965931801701,73.0089025106332,72.91539236857255,71.67455353985795,73.69007640895899,72.33492282810155,0.008253179211861417,0.004006400237419234,London
2024-10-06 20:00:00,73.0,73.5,72.97000122070312,73.27999877929688,689,53.312603202086365,-0.056213723721867837,-0.10050119290624437,0.04428746918437654,0.6132549938227146,73.03472120288689,72.92969065918919,71.69581771521476,73.66807750129529,72.34292179680041,0.012154657940213198,0.003988904170945348,NewYork
2024-10-07 00:00:00,73.2699966430664,73.62999725341797,73.25,73.58000183105469,1430,57.16718823429528,-0.005869068078297346,-0.08157476794065496,0.07570569986235762,0.596593726650947,73.08665269128382,72.95519305808587,71.72077379621926,73.74758305282592,72.3324164894104,0.015036611938292532,0.003715278577880218,Tokyo
2024-10-07 04:00:00,73.5999984741211,73.79000091552734,73.37999725341797,73.70999908447266,1476,58.75620957658196,0.04401178568237185,-0.0564574572160496,0.10046924289842145,0.5832658648979775,73.14601901444466,72.98479329441477,71.74712115103057,73.83567842070978,72.30032087738591,0.010418124304647947,0.0036579431024835233,Tokyo
2024-10-07 08:00:00,73.7300033569336,74.13999938964844,73.5,73.8499984741211,7552,60.457558067558146,0.09375871033086014,-0.026414223706667656,0.1201729340375278,0.5873182595230103,73.21306467727098,73.01872290930521,71.77497383080662,73.94926240515214,72.26173689294357,0.010259918134820634,0.0036639183789057596,London
2024-10-07 12:00:00,73.8499984741211,73.8499984741211,73.51000213623047,73.58999633789062,2803,55.84977921941538,0.11092483461163738,0.0010535879569933543,0.10987124665464403,0.5696524079778399,73.24896293066332,73.04112578885758,71.79901386401303,73.9918332532557,72.25316567862906,0.003956252033550989,0.0037517440341331676,London
2024-10-07 20:00:00,73.58999633789062,73.58999633789062,72.62000274658203,72.66000366210938,2327,43.174542817532696,0.04892252668255992,0.010627375702106668,0.03829515098045325,0.5982482067871795,73.19287157175343,73.02617982310275,71.81041770239842,73.99897907069727,72.22602016636328,-0.008460632198627471,0.004596220145552142,NewYork
2024-10-08 00:00:00,72.68000030517578,72.8499984741211,72.5,72.62000274658203,1355,42.72538836123987,-0.003403257995486797,0.007821248962587976,-0.011224506958074773,0.5805160830253162,73.13831263602282,73.01025131029802,71.82114068311608,74.00507554256667,72.17892409122238,-0.013047010880441245,0.00455980468518609,Tokyo
2024-10-08 04:00:00,72.6500015258789,72.80000305175781,71.93000030517578,71.95999908447266,3433,36.059620119015605,-0.09701032435884827,-0.013145065701699273,-0.083865258657149,0.6011937018507959,73.02609229777994,72.96906494850094,71.82297986724001,74.04372126171774,71.99127858569437,-0.023741690703244722,0.004735643241077649,Tokyo
2024-10-08 08:00:00,71.97000122070312,72.12999725341797,71.11000061035156,71.8499984741211,15772,35.07736437318398,-0.1780186407187756,-0.046119780705114535,-0.13189886001366108,0.631108197651911,72.91408336219338,72.92517998872134,71.82333772958282,74.09328647802232,71.80371288110854,-0.02708192337608306,0.004714740619587684,London
2024-10-08 12:00:00,71.86000061035156,72.30999755859375,71.81999969482422,72.2699966430664,2882,41.61663808428569,-0.20595386495135415,-0.07808659755436245,-0.1278672673969917,0.6210288880888839,72.85274176989557,72.89948652418585,71.82925374168194,74.05148772522713,71.73051148131583,-0.01793721647659008,0.004894888582169263,London
2024-10-08 20:00:00,72.25,72.44000244140625,72.01000213623047,72.4000015258789,508,43.51324339713688,-0.21512262416904093,-0.10549380287729815,-0.10962882129174278,0.6073839893093765,72.8096236514178,72.87989887719343,71.83681331498256,73.99681272507408,71.68618669509195,-0.003578339156705246,0.004928654955154591,NewYork
2024-10-09 00:00:00,72.44000244140625,72.70999908447266,72.30999755859375,72.52999877929688,1183,45.422484692418536,-0.2094844338342341,-0.12629192906868536,-0.08319250476554874,0.5925709562072,72.78299271121581,72.86617730472689,71.84599457941057,73.97159035627212,71.65640875871813,-0.0012393825926891866,0.004883974101521056,Tokyo
2024-10-09 04:00:00,72.54000091552734,72.75,72.5199966430664,72.63999938964844,1825,47.05327777796919,-0.19390478378508647,-0.13981450001196558,-0.05409028377312089,0.5666732705447995,72.76937429963796,72.85730758256695,71.85651119941372,73.9720546048791,71.65894438804082,0.00944969863573153,0.004683245531682272,Tokyo
2024-10-09 08:00:00,72.62999725341797,72.9000015258789,72.36000061035156,72.44000244140625,9271,44.452550897510164,-0.19544293664012002,-0.15094018733759645,-0.04450274930252357,0.564768102329267,72.73800555123493,72.84094267507045,71.86423956023482,73.97186128449611,71.66013792204684,0.008211607234726248,0.004691376301657488,London
2024-10-09 12:00:00,72.44999694824219,72.51000213623047,72.12999725341797,72.29000091552734,2461,42.552827889668954,-0.2063867059084714,-0.16202949105177145,-0.04435721485669997,0.5515707295066408,72.69533844307232,72.81933711587268,71.86987878348374,73.97433868087948,71.616660922392,0.0002767991336671827,0.004628433665394813,London
2024-10-09 20:00:00,72.19999694824219,72.48999786376953,72.0999984741211,72.18000030517578,324,41.16354568656253,-0.22138387632159606,-0.1739003681057364,-0.04748350821585967,0.5400299195167692,72.6462586204155,72.79426508408066,71.87398635330747,73.98282233642837,71.58617714477279,-0.0030386908296471393,0.004550201182905008,NewYork
2024-10-10 00:00:00,72.18000030517578,72.62999725341797,71.77999877929688,71.87999725341797,1032,37.56171934466216,-0.2545427703601746,-0.19002884855662405,-0.06451392180355053,0.5621705305599352,72.57328134736811,72.75841144366251,71.87406596787848,74.01337961715264,71.49461980301338,-0.008961830095390089,0.0046230463137980635,Tokyo
2024-10-10 04:00:00,71.88999938964844,72.29000091552734,71.75,72.19000244140625,1495,43.10203722112364,-0.2528914299484768,-0.2026013648349946,-0.05029006511348219,0.5605869866290357,72.53677859441936,72.73612089455443,71.87825055693183,73.99617083956029,71.43582912992214,-0.006194891960672466,0.004487832044106705,Tokyo
2024-10-10 08:00:00,72.18000030517578,72.48999786376953,71.79000091552734,72.33000183105469,7586,45.45585973318336,-0.23754764862890454,-0.2095906215937766,-0.02795702703512795,0.5705448410299752,72.517085569337,72.72019465677013,71.88423401751623,73.95535795923529,71.3996423459405,-0.0015185064418038463,0.004484379439263847,London
2024-10-10 12:00:00,72.31999969482422,72.72000122070312,72.18000030517578,72.6500015258789,3557,50.496871876064034,-0.19729203064466105,-0.20713090340395351,0.00983887275929246,0.5683631320655015,72.52974423186481,72.71744198497048,71.89437663352103,73.88880526855127,71.40119488403661,0.004979950280706635,0.0045638439568423585,London
2024-10-10 20:00:00,72.62000274658203,72.80000305175781,72.51000213623047,72.66000366210938,564,50.65039761111503,-0.162706495366308,-0.19824602179642442,0.03553952643011643,0.5484801165984902,72.5421498918881,72.71518950172103,71.90451738886658,73.82154467506204,71.4064559658071,0.006650088042451374,0.004565583644428352,NewYork
2024-10-11 00:00:00,72.6500015258789,72.69000244140625,72.47000122070312,72.69000244140625,270,51.13983704156346,-0.1313622959266354,-0.18486927662246663,0.053506980695831236,0.5250173383202498,72.5562310870803,72.71420177386555,71.91492116439692,73.6895838495369,71.4494168523674,0.01126885390844623,0.004446938162034854,Tokyo
2024-10-11 04:00:00,72.69999694824219,73.08000183105469,72.66000366210938,72.87000274658203,2202,54.08254680549847,-0.09094886978834893,-0.1660851952556431,0.07513632546729418,0.5175159690791828,72.58611410227095,72.72031161593287,71.92757125157817,73.52365874325228,71.53134232486296,0.00941959110927737,0.004469589466940788,Tokyo
2024-10-11 08:00:00,72.86000061035156,73.5,72.86000061035156,73.41999816894531,8494,61.67737983774126,-0.014375196018107772,-0.13574319540813606,0.12136799939002829,0.5262647848341296,72.66553163243043,72.74775030428631,71.94733849551682,73.3947464487448,71.61725458885286,0.015069767873594042,0.004797858651098846,London
2024-10-11 12:00:00,73.44000244140625,73.44000244140625,71.76000213623047,72.12000274658203,10247,43.403445007022206,-0.05792109560582048,-0.12017877544767296,0.06225767984185247,0.6086744648585334,72.61357650044488,72.7231327530038,71.94962543923954,73.17487010391064,71.69013157455616,-0.0072952342486610755,0.006179056137756468,London
2024-10-13 20:00:00,72.19999694824219,72.19999694824219,71.58000183105469,71.81999969482422,1123,40.4266914028464,-0.11531005131355698,-0.11920503062084978,0.003894979307292795,0.609483082882031,72.53799775705244,72.68771577033009,71.94790854196252,73.17265722482033,71.60834405691794,-0.011560747659626114,0.005594443633593078,NewYork
2024-10-14 00:00:00,71.80000305175781,71.93000030517578,71.36000061035156,71.48999786376953,1159,37.38903723103183,-0.18528376608252017,-0.13242077771318386,-0.05286298836933631,0.6066628408779016,72.43818824340644,72.64074644066105,71.94184349986725,73.20460706505213,71.4633937284049,-0.016508523006365516,0.005666280737653815,Tokyo
2024-10-14 04:00:00,71.44999694824219,71.44999694824219,70.68000030517578,70.69999694824219,6589,31.32154493364267,-0.3010149972275258,-0.16613962161605225,-0.13487537561147353,0.6211867492861765,72.27264621529557,72.56463861742894,71.92539520117022,73.39966982626656,71.14233075356744,-0.029779137046095805,0.005834756055376132,Tokyo
2024-10-14 08:00:00,70.69999694824219,71.37999725341797,70.5999984741211,70.97000122070312,10008,35.19249844420713,-0.36671844152112953,-0.20625538559706771,-0.16046305592406182,0.632530465715512,72.14858478723914,72.50210381755734,71.91274097626338,73.48587521068005,70.96812564381214,-0.03336961331168309,0.00592515337350891,London
2024-10-14 12:00:00,70.95999908447266,71.19999694824219,70.83000183105469,71.12999725341797,2336,37.44258634622882,-0.40125315519247806,-0.2452549395161498,-0.15599821567632827,0.613777940820654,72.05157645068475,72.44829571700285,71.90237350973563,73.52057339896366,70.81942751656369,-0.013727197108446942,0.0057724125969080215,London
2024-10-14 20:00:00,71.05999755859375,71.1500015258789,70.87000274658203,70.95999908447266,302,36.0119141890091,-0.4372986890082018,-0.2836636894145602,-0.15363499959364157,0.5899365721403841,71.9476167015217,72.38993114317815,71.88989172926857,73.54690169883952,70.6490989725472,-0.011974388944665182,0.005749368926683254,NewYork
2024-10-15 00:00:00,70.97000122070312,71.0,70.69999694824219,70.88999938964844,1041,35.41190192884214,-0.4661400522514185,-0.3201589619819319,-0.14598109026948664,0.5692270349702003,71.84689124324805,72.33111029009855,71.87664812212128,73.54535597465112,70.48664475777075,-0.008392761114141334,0.005711631893198492,Tokyo
2024-10-15 04:00:00,70.91000366210938,71.23999786376953,70.68000030517578,71.13999938964844,1423,39.30163211138552,-0.46348140462430365,-0.3488234505104063,-0.11465795411389734,0.5685677866575968,71.7795682095719,72.28440005870836,71.86689118526733,73.48852223380636,70.39347849861552,0.00622351429135648,0.005777966002276026,Tokyo
2024-10-15 08:00:00,71.1500015258789,71.37999725341797,70.68000030517578,70.69999694824219,8215,35.27506814174089,-0.49121648907848225,-0.3773020582240215,-0.11391443085446074,0.577955583913639,71.67675189896909,72.22226660339597,71.85143563245906,73.47719506491192,70.23080511819354,-0.0038044845401830063,0.005882252536197261,London
2024-10-15 12:00:00,70.68000030517578,70.7699966430664,70.55000305175781,70.6500015258789,2381,34.838310073904836,-0.5113365862145542,-0.40410896382212813,-0.10722762239242611,0.5523868701561357,71.57896614915099,72.1606091493757,71.83552259793483,73.46658313583379,70.07741710830683,-0.0067481477024238234,0.005879703410362072,London
2024-10-15 20:00:00,70.62000274658203,71.08000183105469,70.62000274658203,71.08000183105469,478,41.54236441392552,-0.486970978871625,-0.42068136683202756,-0.06628961203959743,0.5457877426073158,71.53144573790371,72.11823239179449,71.82551570036026,73.4271588680263,70.00684152870222,0.0016911323017236857,0.006095234293151176,NewYork
2024-10-16 00:00:00,71.05999755859375,71.20999908447266,71.0,71.0,947,40.70330879845772,-0.4687135011928234,-0.43028779370418674,-0.03842570748863666,0.5218028384548401,71.48083185810336,72.07438014113589,71.81458171757403,73.41056391692722,69.9354367544595,0.0015517084398173342,0.006043752315933196,Tokyo
2024-10-16 04:00:00,71.0,71.3499984741211,71.0,71.16999816894531,1958,43.32291518939355,-0.43550663766886544,-0.4313315624971225,-0.004175075171742926,0.5095310981452867,71.45122864961212,72.03891418144215,71.8060441871286,73.35554251060941,69.88845773353123,0.00042168652732987866,0.005976588030033827,Tokyo
2024-10-16 08:00:00,71.16999816894531,71.98999786376953,71.08000183105469,71.44999694824219,9118,47.44147456330864,-0.3821907406885856,-0.42150339813541515,0.039312657446829546,0.5381357363288265,71.45111134471975,72.01581938798333,71.80132832965991,73.28026783898001,69.87573191687936,0.010608204135412524,0.0060392092721262116,London
2024-10-16 12:00:00,71.4800033569336,71.5199966430664,71.20999908447266,71.26000213623047,3208,45.0492827722954,-0.3512198577940069,-0.4074466900671335,0.05622683227312664,0.5218401522048924,71.43291046772077,71.98617949575772,71.79415844630324,73.13844870445587,69.87855111243866,0.00863412027143573,0.0059356388896752155,London
2024-10-16 20:00:00,71.27999877929688,71.5,70.86000061035156,70.86000061035156,652,40.42740676954385,-0.35486136918268585,-0.39692962589024405,0.042068256707558205,0.5302800977365743,71.37834762416179,71.94201561789866,71.78178549483368,72.97799171188147,69.85900779983727,-0.003095121201966644,0.0060186940528467025,NewYork
2024-10-17 00:00:00,70.86000061035156,70.91000366210938,70.5,70.58000183105469,2016,37.52517365614748,-0.37600648592190566,-0.3927449978965764,0.016738511974670744,0.5216889237632029,71.30231469148492,71.88860331253224,71.76586783041277,72.79381220332596,69.83218724735764,-0.005915467168243871,0.006034337143344433,Tokyo
2024-10-17 04:00:00,70.56999969482422,70.61000061035156,70.27999877929688,70.29000091552734,2763,34.743193320163286,-0.41142217479472265,-0.3964804332762057,-0.01494174151851696,0.5079969885697374,71.20590385567944,71.82591302245362,71.74631992425536,72.53776819523824,69.83023107233987,-0.012364722159034058,0.005987272382747281,Tokyo
2024-10-17 08:00:00,70.27999877929688,71.16999816894531,70.16000366210938,71.13999938964844,12241,47.11809823846565,-0.3666747915054174,-0.39051930492204806,0.023844513416630686,0.5438539541601802,71.19962723986696,71.79901444861812,71.73828918869765,71.92194497487253,70.2180544147759,-0.004338664406358328,0.006424700012033959,London
2024-10-17 12:00:00,71.13999938964844,71.25,70.70999908447266,70.86000061035156,4495,44.148134895995284,-0.34977375517986786,-0.3823701949736121,0.032596439793744214,0.5435787371149776,71.16728184657977,71.76219037652925,71.72665622739505,71.70433497489589,70.3096642011295,-0.005613268508106506,0.005205677737465751,London
2024-10-17 20:00:00,70.81999969482422,71.1500015258789,70.80000305175781,71.1500015258789,374,47.81690961952581,-0.3094122006356912,-0.3677785961060279,0.05836639547033673,0.5297515754725574,71.1656361017511,71.7381829706214,71.71901841677895,71.56231643272143,70.38468292640944,0.004092589797197732,0.005258215798181014,NewYork
2024-10-18 00:00:00,71.06999969482422,71.47000122070312,71.06999969482422,71.43000030517578,885,51.15317908808784,-0.251927750144219,-0.34460842691366617,0.09268067676944719,0.5204837147872966,71.19081364493441,71.72609737589805,71.71519036232063,71.54875343626719,70.39224616700429,0.012043049760124935,0.005251069955179629,Tokyo
2024-10-18 04:00:00,71.41999816894531,71.72000122070312,71.2699966430664,71.69000244140625,1830,54.088517031274115,-0.18327819259383205,-0.31234238004969933,0.12906418745586729,0.5154494907051125,71.23835543507458,71.72468188827092,71.71485674747409,71.6662522226935,70.37374792989438,0.019917506155127107,0.004611153115716463,Tokyo
2024-10-18 08:00:00,71.69000244140625,71.7300033569336,70.86000061035156,71.04000091552734,6944,46.55630625899972,-0.17925625990972094,-0.2857251560217037,0.10646889611198274,0.5407747232677496,71.21946452845104,71.69783165404569,71.70591825963375,71.66937015952645,70.37762996254385,-0.001405657506030944,0.005036924857945401,London
2024-10-18 12:00:00,71.04000091552734,71.18000030517578,70.91999816894531,71.05999755859375,6188,46.801744473543835,-0.17246719286235646,-0.26307356338983423,0.09060637052747778,0.5207195384793724,71.20427719798845,71.67281855226327,71.69736301856038,71.6641967268961,70.37580342569179,0.002822423744277769,0.005010777842775722,London
2024-10-20 20:00:00,71.05000305175781,71.58999633789062,71.0,71.44000244140625,640,51.372080876936394,-0.13486890531753204,-0.23743263177537383,0.10256372645784179,0.5256678812944618,71.22672722117109,71.66368850870025,71.69395426919411,71.71403260763553,70.37396788064571,0.004075908774532788,0.005117285864821383,NewYork
2024-10-21 00:00:00,71.43000030517578,71.4800033569336,71.25,71.47000122070312,338,51.72467500223042,-0.10148152492890006,-0.2102424104060791,0.10876088547717905,0.5045489866972569,71.24989617350748,71.65609292877879,71.69098800365119,71.76482043114966,70.38118024023707,0.0005600016149578391,0.005107788177462138,Tokyo
2024-10-21 04:00:00,71.48999786376953,72.27999877929688,71.4800033569336,72.05999755859375,4657,58.15154136519934,-0.02710160137471007,-0.17361424859980532,0.14651264722509524,0.5263667418327207,71.32704868637283,71.67193232602644,71.69587554742526,71.93988247487651,70.29811801340473,0.005161042050318088,0.005360485597582395,Tokyo
2024-10-21 08:00:00,72.06999969482422,72.5999984741211,71.93000030517578,72.33999633789062,13278,60.817524739391075,0.053818202623048705,-0.12812775835523452,0.18194596097828322,0.5366261294836201,71.4235198912793,71.69813091472699,71.70440694862349,72.16143477245906,70.24056565478703,0.018299484876261207,0.005152775341556318,London
2024-10-21 12:00:00,72.3499984741211,72.4000015258789,72.08000183105469,72.4000015258789,2664,61.385263302126525,0.12139033525143361,-0.0782241396339009,0.19961447488533451,0.5211528127222343,71.51651814219355,71.72565525241922,71.71362012183216,72.35101398234876,70.22598644489734,0.018857360164982184,0.0051351023788091905,London
2024-10-21 20:00:00,72.3499984741211,72.41999816894531,72.13999938964844,72.22000122070312,859,58.640388810756825,0.15858910045622565,-0.03086149161587559,0.18945059207210124,0.5039275246204229,71.58351653062303,71.74504136882251,71.7203271562543,72.48074291501815,70.21025745119279,0.010918235619275185,0.005066245517412344,NewYork
2024-10-22 00:00:00,72.22000122070312,72.29000091552734,72.11000061035156,72.13999938964844,514,57.41162177399036,0.17954423652449236,0.011219654012198002,0.16832458251229437,0.48078986608866275,71.63651489814927,71.76052991865882,71.72588572888203,72.57844903878139,70.2265512663944,0.00937453697358026,0.0050658919821576645,Tokyo
2024-10-22 04:00:00,72.13999938964844,72.20999908447266,71.72000122070312,71.7699966430664,1886,51.98600789092641,0.1644001013916636,0.041855743488091124,0.12254435790357249,0.4814475802087248,71.64922744528424,71.76090116275323,71.72646997940103,72.61407454405717,70.25092560853072,-0.004024436932453912,0.005218826817932579,Tokyo
2024-10-22 08:00:00,71.77999877929688,72.29000091552734,71.77999877929688,72.16999816894531,10270,56.74511632923809,0.1825704864558162,0.06999869208163614,0.11257179437418005,0.48420162965531144,71.6988246570615,71.7769441826039,71.73234452495791,72.69532648946294,70.24167378519526,-0.00234998863078828,0.005288802142506333,London
2024-10-22 12:00:00,72.16999816894531,72.33999633789062,72.05000305175781,72.06999969482422,3536,55.2702071300813,0.18674888153110203,0.09334872997152932,0.09340015155957271,0.47032960511799005,71.73417466065796,71.78843655563215,71.73681677886343,72.76008495627983,70.25791507423776,-0.004558036244470709,0.0052562190105837564,London
2024-10-22 20:00:00,72.08000183105469,72.2300033569336,71.91000366210938,72.01000213623047,493,54.357314553837384,0.18310823047399083,0.11130063007202162,0.07180760040196921,0.45959175438272065,71.76044394404582,71.79712540193012,71.74043512796764,72.79754089963319,70.33545928347229,-0.002907769051829545,0.005064659497803754,NewYork
2024-10-23 00:00:00,72.0199966430664,72.7300033569336,72.0199966430664,72.58999633789062,1615,61.0540828846791,0.22443650877566768,0.13392780581275085,0.09050870296291683,0.47819243054846383,71.8394489339358,71.82821837981092,71.75168759432424,72.88707779890893,70.44692183488013,0.006237828556271863,0.005178785721626164,Tokyo
2024-10-23 04:00:00,72.5999984741211,72.63999938964844,71.86000061035156,71.93000030517578,1955,51.74939663581299,0.20160927681509122,0.1474641000132189,0.05414517680187231,0.4997500268876361,71.8480728740539,71.83220982786445,71.75404935208387,72.7861382812143,70.7118612915396,0.0022293948668428154,0.005567182309047504,Tokyo
2024-10-23 08:00:00,71.94000244140625,72.73999786376953,71.9000015258789,72.62999725341797,7530,58.90316541392006,0.23726736414944583,0.16542475284046432,0.07184261130898151,0.524053334816421,71.92254186256477,71.8634956092587,71.76565131104194,72.89008671996096,70.7569126391699,0.006373827021525225,0.005347389837049259,London
2024-10-23 12:00:00,72.62999725341797,72.75,72.4000015258789,72.43000030517578,2299,56.33330639861163,0.24654653796588377,0.18164910986554822,0.06489742810033555,0.5116208447667547,71.97087123805154,71.88571147968682,71.77445063546755,72.89882675646774,70.90517257214555,0.004995152100401912,0.005295573710759935,London
2024-10-23 20:00:00,72.45999908447266,72.69000244140625,72.31999969482422,72.37999725341797,567,55.679240075216725,0.24701805135174482,0.19472289816278754,0.05229515318895728,0.5015052663249888,72.00983562046738,71.90509523551943,71.78247112047352,72.9157534212214,71.0112454801458,0.005138107293588545,0.005261272138885544,NewYork
2024-10-24 00:00:00,72.33000183105469,72.52999877929688,72.26000213623047,72.4000015258789,461,55.89984115503051,0.24616823256147313,0.20501196504252467,0.041156267518948464,0.4849689360922329,72.04699427812562,71.92450332533744,71.79065033114114,72.94852262475102,71.07547639868649,-0.0026173690810966654,0.005212235202219866,Tokyo
2024-10-24 04:00:00,72.4000015258789,72.55000305175781,72.33000183105469,72.36000061035156,969,55.30703505148791,0.23950612791094272,0.2119107976162083,0.027595330294734433,0.46604267070729666,72.0768044050043,71.94158165023995,71.79819139444193,72.98145787571583,71.10954096461619,0.005978038417230991,0.005171047045515964,Tokyo
2024-10-24 08:00:00,72.36000061035156,72.55999755859375,71.25,71.47000122070312,10332,44.100937983450464,0.16056001337904036,0.20164064076877472,-0.041080627389734364,0.5263251626991862,72.01901362554705,71.92308830006203,71.79384450472354,72.92195557669187,71.21204329415774,-0.015971307677011604,0.005528698789264597,London
2024-10-24 12:00:00,71.45999908447266,71.6500015258789,71.3499984741211,71.58999633789062,2768,45.69845230307686,0.10645016076212244,0.18260254476744425,-0.07615238400532182,0.5101592976319452,71.97815483624645,71.91002587017296,71.7911445290039,72.84343926761503,71.34355948116428,-0.011597459115641251,0.005537236139169641,London
2024-10-24 20:00:00,71.45999908447266,71.6500015258789,71.4000015258789,71.52999877929688,423,45.005881468003835,0.05805716431390806,0.157693468676737,-0.09963630436282894,0.49157649065823483,71.93547330701315,71.89512284700136,71.78768564490183,72.8323469460766,71.36365143649175,-0.011743554937492795,0.005416825276873118,NewYork
2024-10-25 00:00:00,71.54000091552734,71.58000183105469,71.16000366210938,71.33000183105469,614,42.68368435675576,0.003526630891400373,0.12686010111966967,-0.12333347022826929,0.48646375339302605,71.87780935692187,71.87296123853287,71.78162360763233,72.85271127838173,71.32928716522177,-0.014779000998249359,0.005453382068796005,Tokyo
2024-10-25 04:00:00,71.33000183105469,71.41999816894531,71.20999908447266,71.25,1360,41.755561687903054,-0.045618823479770754,0.0923643161997816,-0.13798313967955234,0.46671627704157104,71.81801798959599,71.84853138604139,71.7745822353458,72.90020378253112,71.20079490521303,-0.01533997513804286,0.005091381144872705,Tokyo
2024-10-25 08:00:00,71.23999786376953,71.44000244140625,70.76000213623047,70.77999877929688,9540,36.70589164794091,-0.12109619908616764,0.04967221314259175,-0.17076841222875938,0.4819508504797289,71.71915901718654,71.80662814656121,71.76140894453721,72.98173808599897,70.96326084588578,-0.009654434442717963,0.005149909717942717,London
2024-10-25 12:00:00,70.7699966430664,70.86000061035156,70.61000061035156,70.68000030517578,8941,35.71621533886332,-0.18682796766395882,0.002372176981281636,-0.18920014464524046,0.4653829325883197,71.62019152080457,71.76244666258532,71.74708565130064,73.02695620834288,70.74604260147157,-0.01271121775757389,0.005130301437300194,London
2024-10-27 20:00:00,70.69000244140625,70.9000015258789,70.51000213623047,70.87000274658203,895,39.07735558172752,-0.2210412329883411,-0.04231050501264292,-0.1787307279756982,0.4599983938068995,71.54874497087862,71.72744886195774,71.73546865918516,73.03373058626357,70.60426837613878,-0.009226842499344023,0.005192057977830895,NewYork
2024-10-28 00:00:00,70.80999755859375,71.04000091552734,70.73999786376953,70.87999725341797,628,39.25727016740546,-0.24453022683691472,-0.08275444937749729,-0.16177577745941743,0.4485701550891076,71.48505471207284,71.69421546554442,71.7241379120889,73.02988851663936,70.48211023213993,-0.006308770027828592,0.0051974830647713655,Tokyo
2024-10-28 04:00:00,70.86000061035156,70.87999725341797,70.36000061035156,70.38999938964844,2106,33.961891751009375,-0.2992347641205555,-0.12605051232610895,-0.17318425179444655,0.45367204708748604,71.3807637289848,71.64306973707791,71.70646720318241,73.09963495549671,70.2743640679408,-0.012070184004934204,0.005289613276037535,Tokyo
2024-10-28 08:00:00,70.37999725341797,70.62000274658203,69.93000030517578,70.37999725341797,11658,33.861484250317474,-0.3394822527558006,-0.16873686041204727,-0.1707453923437533,0.47055278953882634,71.28545263607367,71.59353748281674,71.68889806477495,73.10492472269304,70.09007420919171,-0.0056513355860060566,0.005068264335378433,London
2024-10-28 12:00:00,70.37000274658203,70.56999969482422,70.25,70.41999816894531,3348,34.69304799791979,-0.3639554856016787,-0.20778058544997358,-0.1561749001517051,0.4597989970592115,71.20302840110907,71.54751633325316,71.67209144363812,73.0925190539612,69.93747972533568,-0.003678581424842342,0.005084431552326936,London
2024-10-28 20:00:00,70.36000061035156,70.55000305175781,70.22000122070312,70.22000122070312,576,32.49329946261709,-0.3949362025275889,-0.24521170886549665,-0.14972449366209223,0.45052777091603124,71.10940676487994,71.49545691707472,71.65285846055289,73.08571408953877,69.76528459820538,-0.009171744048087516,0.005097534315125395,NewYork
2024-10-29 00:00:00,70.22000122070312,70.29000091552734,70.0,70.19999694824219,838,32.272878770130234,-0.4163039289475705,-0.2794301528819114,-0.1368737760656591,0.4390615669596964,71.02279630615253,71.4446545653558,71.63361526171434,72.9573264182008,69.65467233057849,-0.009593684135519531,0.004617352087826234,Tokyo
2024-10-29 04:00:00,70.19999694824219,70.9000015258789,70.19000244140625,70.9000015258789,1689,46.061484190001465,-0.37245999981902855,-0.29803612226933485,-0.0744238775496937,0.45841424678205067,71.01110156517409,71.42329562263122,71.62389852349136,72.88803592794075,69.62096294290886,0.007245377761794236,0.004951049335968699,Tokyo
2024-10-29 08:00:00,70.9000015258789,71.0,70.55000305175781,70.8499984741211,7475,45.35120857162436,-0.3378536321255581,-0.3059996242405795,-0.03185400788497855,0.45781301117206047,70.99575841364523,71.40081338151317,71.61364819171163,72.67255685865459,69.65844213426533,0.006678051137325003,0.0043046361718244094,London
2024-10-29 12:00:00,70.83999633789062,71.11000061035156,70.5199966430664,70.55999755859375,5323,41.36709638470781,-0.33002417340919976,-0.3108045340743036,-0.019219639334896177,0.4672552223229959,70.9542573798308,71.36784021198693,71.5996925541869,72.47733721170324,69.66666150655847,0.0019880629549657858,0.004339911552527602,London
2024-10-29 20:00:00,70.3499984741211,70.6500015258789,70.3499984741211,70.62999725341797,245,42.67615610430044,-0.3145450016265414,-0.31155262758475116,-0.002992374041790258,0.45530863871119703,70.92337546302959,71.33890519400383,71.5868489078191,72.25873895895762,69.71025975930411,0.005838735767409231,0.004368708642917932,NewYork
2024-10-30 00:00:00,70.56999969482422,70.72000122070312,70.5199966430664,70.58000183105469,429,41.95566692097438,-0.30282112578449016,-0.309806327224699,0.00698520144020881,0.4370726343487343,70.89067321236531,71.30914427780975,71.57351318494806,71.98960377501521,69.79739497376409,0.0054131752041624015,0.004356446239859043,Tokyo
2024-10-30 04:00:00,70.58000183105469,70.73999786376953,70.54000091552734,70.66000366210938,885,43.596640215413764,-0.2838028875245726,-0.3046056392846737,0.0208027517601011,0.42013865676969525,70.86870468376951,71.2836877830764,71.5614137210694,71.6627468672794,69.95425218667569,-0.003385019162262415,0.0043873078257414995,Tokyo
2024-10-30 08:00:00,70.66999816894531,70.68000030517578,69.80000305175781,69.81999969482422,9642,33.035908023920584,-0.332677200950215,-0.310219951617782,-0.022457249332433038,0.45298569938742905,70.76882801815567,71.22628825020378,71.53834863462907,71.62858989088824,69.82340901047894,-0.014537738905853304,0.004332029146314765,London
2024-10-30 12:00:00,69.83000183105469,70.08000183105469,69.77999877929688,70.05999755859375,4088,37.680779909262625,-0.3480327200462483,-0.31778250530347524,-0.030250214742773063,0.44205836741388504,70.70132035534026,71.18055136033672,71.51876782567497,71.50170448137891,69.79729454205858,-0.007086168045637997,0.004409719405797962,London
2024-10-30 20:00:00,70.12000274658203,70.12000274658203,69.83999633789062,69.91000366210938,154,36.000095013618335,-0.3680625376325395,-0.3278385117692881,-0.04022402586325141,0.4304832275051365,70.62595686074684,71.13072596040624,71.49745969105821,71.37505959360932,69.76193991810943,-0.010193878228895836,0.004415602796552052,NewYork
2024-10-31 00:00:00,69.91999816894531,69.91999816894531,69.72000122070312,69.79000091552734,501,34.66781602284853,-0.38913383845873284,-0.34009757710717703,-0.04903626135155581,0.4140199218434973,70.54634200882117,71.0781485076659,71.47484434303794,71.28590833611204,69.69709108405397,-0.011192985194564686,0.004400869559610844,Tokyo
2024-10-31 04:00:00,69.7699966430664,70.0999984741211,69.75,69.94999694824219,1473,37.96419161273802,-0.3884449024398009,-0.3497670421737018,-0.038677860266099096,0.409446961291897,70.48954724114698,71.03390727004144,71.45464768880224,71.1707485557008,69.68225055928944,-0.010048212242705024,0.004465275425074875,Tokyo
2024-10-31 08:00:00,69.9000015258789,69.98999786376953,69.26000213623047,69.41999816894531,15069,32.17318672671317,-0.42575752011885015,-0.3649651377627315,-0.06079238235611867,0.43234330173812313,70.38768542474682,70.97061671705728,71.42769868853924,71.20785339609148,69.5091456578636,-0.005729039353011611,0.004536470782251585,London
2024-10-31 12:00:00,69.43000030517578,69.66000366210938,69.30999755859375,69.61000061035156,3836,35.94542341662422,-0.43498222502451256,-0.3789685552150877,-0.05601366980942485,0.4264620732936589,70.31362020432822,70.91725922267668,71.40362321730497,71.20251686493818,69.40748221953449,-0.006423022608098683,0.004609313509423817,London
2024-10-31 20:00:00,69.61000061035156,70.2699966430664,69.4800033569336,70.19999694824219,1274,45.99029024243853,-0.3901872606029144,-0.3812122962926531,-0.008974964310261346,0.4524285884964556,70.30279894184383,70.88913129034592,71.38768114751605,71.1293612117641,69.41363729287455,0.004148094277528713,0.004999051936344183,NewYork
2024-11-01 00:00:00,70.19999694824219,72.25,69.4000015258789,69.95999908447266,1579,43.03399103449116,-0.3697900410222701,-0.37892784523857653,0.009137804216306444,0.6236835803267871,70.27015133637991,70.85269473325285,71.3687714513168,71.04372549040478,69.40727319733936,0.0024358527971803934,0.0050393472838385885,Tokyo
2024-11-01 04:00:00,69.94999694824219,72.58000183105469,69.94999694824219,70.23999786376953,2408,47.29096275938042,-0.3272590969508258,-0.3685940955810264,0.041334998630200626,0.7669922447900523,70.26727957708368,70.82866740503782,71.35382080777313,71.03261852598072,69.40338000917552,0.004145831710927972,0.004913158759651009,Tokyo
2024-11-01 08:00:00,72.48999786376953,73.55000305175781,70.16999816894531,72.38999938964844,13244,67.42230231186326,-0.11869759059169382,-0.3186147945831599,0.19991720399146606,0.9536360046487986,70.46944336875652,70.88989611031667,71.36754502740062,71.58685573310007,69.05014301567923,0.04278307834977357,0.008361066345426627,London
2024-11-01 12:00:00,72.41000366210938,72.72000122070312,69.9000015258789,70.22000122070312,19319,47.643611300052406,-0.1270472889373906,-0.280301293454006,0.15325400451661542,1.0869476968041858,70.44568697370381,70.86362572248869,71.35234577168278,71.57664008387705,69.04035897007803,0.008763117440065749,0.01098670978431798,London
2024-11-03 20:00:00,70.18000030517578,73.0999984741211,70.18000030517578,70.80000305175781,1007,51.720349003305486,-0.08587329070317651,-0.2414156929038401,0.1555424022006636,1.2178798733856948,70.47943136208991,70.86113071579337,71.34502997406787,71.62352007352926,69.05147916353128,0.008547095863237875,0.011121446931076204,NewYork
2024-11-04 00:00:00,72.91000366210938,73.0199966430664,70.62000274658203,70.75,527,51.34913186225407,-0.05662469461196906,-0.2044574932454659,0.14783279863349683,1.3023165893213149,70.50519980379563,70.85677264850736,71.33714878235837,71.66211440820099,69.06788513403534,0.011292180186758705,0.011123235358953331,Tokyo
2024-11-04 04:00:00,72.93000030517578,73.01000213623047,70.4000015258789,70.44999694824219,2092,49.07337256354627,-0.056995699585456805,-0.17496513451346407,0.11796943492800727,1.3957225908234756,70.49994238898103,70.84082066026167,71.32539842693961,71.61593482563453,69.06906425883813,0.002989736487178485,0.010933835127269044,Tokyo
2024-11-04 08:00:00,70.44999694824219,72.87000274658203,69.75,72.12000274658203,12163,59.76364632800091,0.07658298640926375,-0.1246555103289185,0.20123849673818225,1.5188854590919438,70.65423385160969,70.89098466364679,71.33592298746468,71.89448854674107,68.91751096497767,-0.0037297505918340024,0.01215265987642168,London
2024-11-04 12:00:00,69.79000091552734,72.31999969482422,69.70999908447266,69.91999816894531,13891,46.049735054986066,0.004866970822604344,-0.09875101409861393,0.10361798492121828,1.596822255610488,70.5843066437369,70.85290676189379,71.31716901635846,71.8760052486318,68.87199432412211,-0.004272330483374609,0.014068643512938114,London
2024-11-04 20:00:00,69.93000030517578,72.31999969482422,69.80000305175781,69.97000122070312,419,46.35106546277352,-0.04738740729820279,-0.08847829273853171,0.04109088544032892,1.662763283285911,70.52580136535272,70.81828301518043,71.29932573429681,71.8483152935519,68.83368467593053,-0.01172318919884685,0.014067281585430177,NewYork
2024-11-05 00:00:00,69.9800033569336,72.31999969482422,69.69000244140625,69.83000183105469,769,45.583402771413716,-0.09895546218191953,-0.09057372662720928,-0.008381735554710251,1.7318514240096292,70.45953474303862,70.77952689031275,71.27986449054526,71.82304767169225,68.78395229779017,-0.013003507688272964,0.014071416434826959,Tokyo
2024-11-05 04:00:00,69.83000183105469,72.22000122070312,69.41999816894531,69.63999938964844,2488,44.506075302046554,-0.15338697672228818,-0.10313637664622506,-0.05025060007606312,1.8081479688487851,70.38148375700146,70.73483953734552,71.25814442298372,71.79002938937165,68.71497015286468,-0.011497481812367316,0.014073801240047347,Tokyo
2024-11-05 08:00:00,71.9800033569336,72.55000305175781,69.45999908447266,72.48999786376953,7638,59.8387607567835,0.03306555514004117,-0.07589599028897182,0.10896154542901298,1.8997091115942402,70.58229462431271,70.80366927563666,71.27446036259677,72.20356799093184,68.56843136819901,0.005130270425634853,0.01649444523715733,London
2024-11-05 12:00:00,70.12000274658203,72.5,69.87999725341797,69.95999908447266,7899,47.33557210972838,-0.023053481266600784,-0.06532748848449761,0.04227400721789683,1.951158656950511,70.52302838242318,70.77058417010082,71.25705027944281,72.20288907771565,68.5591104340031,0.0005720954887711294,0.01848161384199806,London
2024-11-05 20:00:00,69.94999694824219,72.37000274658203,69.16999816894531,71.77999877929688,2446,54.67281110693531,0.07842649129271706,-0.03657669252905468,0.11500318382177174,2.040361936999526,70.6427398487921,70.81016905673596,71.26397674963955,72.38442374226499,68.56457528117251,0.025868193897618408,0.019344625479544665,NewYork
2024-11-06 00:00:00,69.4000015258789,72.12000274658203,69.19000244140625,72.12000274658203,871,55.908661585301004,0.1841626667132914,0.007571179319414537,0.17659148739387687,2.1039075347264014,70.78343155334353,70.86153508378875,71.27531484231429,72.6064555308812,68.57554367566176,0.03279394036201988,0.01934502580716003,Tokyo
2024-11-06 04:00:00,69.72000122070312,72.16999816894531,69.43000030517578,69.44999694824219,3395,45.43280394070846,0.05191376420698646,0.016439696296928923,0.035474067910057534,2.149342558229482,70.65643778142912,70.80618064710066,71.25113844636631,72.62682723398488,68.50517197255807,-0.002728352140601742,0.021249904577455396,Tokyo
2024-11-06 08:00:00,71.83000183105469,72.27999877929688,68.94999694824219,69.5999984741211,16895,46.04447031837327,-0.0403257244580999,0.005086612145923158,-0.04541233660402306,2.2336753634312823,70.55582451406644,70.75887938541518,71.22926904276042,72.61623344949624,68.5337657875643,-0.03986756069547159,0.021186709873474163,London
2024-11-06 12:00:00,69.5999984741211,72.30999755859375,69.58999633789062,69.69000244140625,2678,46.43247344365971,-0.1049537740338451,-0.016921465090030494,-0.0880323089438146,2.2684129246649856,70.47336526905119,70.71696264251287,71.2088814056564,72.61257037213034,68.54542904803569,-0.003859300265861898,0.02117983841284457,London
2024-11-06 20:00:00,69.75,72.80000305175781,69.75,70.25,1775,48.894950758641066,-0.10972006148845992,-0.03548118436971638,-0.07423887711874354,2.3285263307854556,70.4520923862844,70.69865038202217,71.19618098968745,72.61323070263576,68.54976902270603,-0.02131511291886734,0.02117096718908717,NewYork
2024-11-07 00:00:00,70.30999755859375,72.98999786376953,70.13999938964844,72.94000244140625,3174,58.71318245658006,0.10238312812781203,-0.007908321870210702,0.11029144999802273,2.3657743410237155,70.68903620105792,70.78654654121371,71.2192779625579,72.9941681610683,68.46683189996685,0.011369934326064257,0.02274493293090526,Tokyo
2024-11-07 04:00:00,72.91999816894531,73.13999938964844,70.44000244140625,70.73999786376953,5167,50.21613000225298,0.09189514082905248,0.012052370669641935,0.07984277015941055,2.389647384396463,70.69388969274473,70.78472110288256,71.21292988177925,73.00737253828056,68.5036275227546,0.01857452803761417,0.023881058933129726,Tokyo
2024-11-07 08:00:00,70.75,73.43000030517578,70.52999877929688,70.86000061035156,20173,50.635789597809094,0.09220368736414741,0.02808263400854303,0.06412105335560439,2.4261012516452087,70.70970978013585,70.78767324043037,71.20825532189278,72.79705301625523,68.56094716685024,0.018103479365721098,0.0228373300313942,London
2024-11-07 12:00:00,70.87000274658203,73.5,70.76000213623047,73.37999725341797,13151,58.53958375629993,0.2924200450665779,0.08095011622015001,0.2114699288464279,2.4485224382255177,70.96402287282939,70.88933300564557,71.23702011568783,73.26033517072237,68.41366461565458,0.05294869683946679,0.02309038378415264,London
2024-11-07 20:00:00,73.45999908447266,73.75,70.91000366210938,70.94999694824219,789,50.19384244636916,0.2521061124255084,0.11518131546122169,0.13692479696428672,2.4764848596301685,70.96268707048775,70.89171198378662,71.23321848433093,73.26828112800311,68.42071804802228,0.009964369369995563,0.024379905932781935,NewYork
2024-11-08 00:00:00,70.9800033569336,73.44999694824219,70.55000305175781,72.91999816894531,720,55.706941656025265,0.3747992128633655,0.16710489494165046,0.20769431792171503,2.5067355051197544,71.14909765129323,70.97125261849872,71.25555993710728,73.54725327271842,68.35874572020151,-0.0002742565367612748,0.02512849769301281,Tokyo
2024-11-08 04:00:00,72.91999816894531,73.02999877929688,70.16999816894531,70.22000122070312,3460,47.88377452806455,0.25127069781544265,0.1839380555164089,0.06733264229903374,2.5319687269220266,71.06061227695132,70.94179177936948,71.24184392761849,73.54715570875663,68.33584371140938,-0.00735081508014479,0.026604274863457983,Tokyo
2024-11-08 08:00:00,72.54000091552734,73.12000274658203,70.12999725341797,72.68000030517578,11845,54.19536835441051,0.34786485717667404,0.21672341584846194,0.1311414413282121,2.564685638796458,71.21483970821079,71.00995681959718,71.2608923564603,73.63971306932963,68.29928610669576,0.025684443679758306,0.027224464385075864,London
2024-11-08 12:00:00,72.68000030517578,73.37000274658203,70.01000213623047,70.95999908447266,25696,49.666323762408645,0.2823716953987372,0.22985307175851702,0.05251862364022017,2.6214938510503942,71.19056917261668,71.00799769272956,71.25690701510948,73.64576883956444,68.39723042801369,-0.03297898963647883,0.02684086090685924,London
2024-11-10 20:00:00,73.22000122070312,73.38999938964844,70.80999755859375,70.94999694824219,436,49.64034443494677,0.2270435868945242,0.22929117478571848,-0.0022475878911942804,2.618530135336415,71.16765753220005,71.00572315373006,71.25284198111123,73.64828677188852,68.49271206844351,0.0,0.026841582318395608,NewYork
2024-11-11 00:00:00,73.1500015258789,73.4000015258789,70.87999725341797,71.0999984741211,957,50.06221840445234,0.1930738961206515,0.2220477190527051,-0.028973822932053583,2.6114925737024524,71.16121381238301,71.00942022511794,71.25081756380011,73.64482141155639,68.62317709308229,-0.024958855465239238,0.026835580707703654,Tokyo
2024-11-11 04:00:00,71.12999725341797,73.44000244140625,70.44000244140625,72.7300033569336,3011,54.520743787843436,0.29428807324730144,0.23649578989162437,0.05779228335567707,2.6392431041522775,71.31062234043544,71.07689407342443,71.27040942860984,73.79251180495535,68.78448709641182,0.035744831851276526,0.02725240135602585,Tokyo
2024-11-11 08:00:00,72.73999786376953,72.91000366210938,70.0,72.30999755859375,11844,53.20264995979324,0.33672848368411223,0.25654232865012194,0.08018615503399029,2.658583144006356,71.405800932641,71.12525107284283,71.28417880781492,73.76656533836577,68.79243353248386,-0.005090846794557402,0.02578236812498196,London
2024-11-11 12:00:00,70.05999755859375,72.43000030517578,69.61000061035156,69.87000274658203,15812,46.21283796829386,0.17149869507744597,0.23953360193558676,-0.06803490685814079,2.6701128976362036,71.25953443873063,71.07602564828358,71.26544799905687,73.77242164087836,68.77757759618218,-0.015360715219190801,0.025696975828085847,London
2024-11-11 20:00:00,69.87999725341797,72.5,69.6500015258789,72.22000122070312,660,52.663335893572686,0.22755502165365726,0.23713788587920087,-0.009582864225543608,2.6829618673851243,71.35100746558516,71.12088743543728,71.2780910880853,73.82076586403099,68.77323361717018,0.017899990515678255,0.02613660747301825,NewYork
2024-11-12 00:00:00,72.19999694824219,72.20999908447266,69.55000305175781,69.83000183105469,825,46.54911740795092,0.07822535445048118,0.20535537959345693,-0.12713002514297575,2.682035888925138,71.20614978610607,71.07026447055954,71.25891109792596,73.75634269811444,68.608656691534,-0.01786211913251534,0.027182950136194605,Tokyo
2024-11-12 04:00:00,69.83999633789062,72.25,69.72000122070312,72.13999938964844,5943,52.31200402026814,0.1446110289289777,0.1932065094605611,-0.048595480531583385,2.671176095380262,71.29508784358629,71.11221485954341,71.27058114152493,73.78876059217272,68.84523904161635,-0.008112249966353291,0.026808519485875645,Tokyo
2024-11-12 08:00:00,72.12000274658203,72.13999938964844,68.97000122070312,71.33000183105469,20375,50.26550239489904,0.13035941845959087,0.18063709126036706,-0.05027767280077619,2.7068062434920512,71.29841298524995,71.12075552509287,71.27136817052532,73.73962525981592,69.06737470966651,-0.01355270032674194,0.026969914048475006,London
2024-11-12 12:00:00,68.98999786376953,71.37999725341797,68.72000122070312,71.16999816894531,10842,49.85063213613738,0.10494422446534202,0.16549851790136205,-0.060554293436020035,2.703462657007965,71.28618300274475,71.12268660916553,71.27002552149777,73.67472127389658,69.28027826833974,0.01860591629112074,0.026981068120247267,London
2024-11-12 20:00:00,71.06999969482422,71.2300033569336,68.66999816894531,71.02999877929688,800,49.46592581756703,0.0726680473814838,0.1469324237973864,-0.07426437641590261,2.6932156949351302,71.26178450527352,71.11905179230793,71.26684635934942,73.64871119475983,69.3842882254062,-0.01647746360138691,0.02693792961446117,NewYork
2024-11-13 00:00:00,71.05000305175781,71.0999984741211,68.55000305175781,71.06999969482422,1438,49.5856388385288,0.049743274581416586,0.12749459395419246,-0.07775131937277588,2.682985675465712,71.24351928523073,71.1171281806419,71.26423911875969,73.45398089361557,69.39201825189225,0.017757379797433748,0.025493085752281583,Tokyo
2024-11-13 04:00:00,71.08000183105469,71.16000366210938,68.5,70.83000183105469,3448,48.83809287422739,0.012070266593113388,0.10440972848197666,-0.09233946188886327,2.6813441030831164,71.2041366705473,71.10586832379533,71.25848763150532,73.452499019903,69.40250052233333,-0.018159101326270966,0.02455411161352793,Tokyo
2024-11-13 08:00:00,70.83000183105469,70.88999938964844,67.95999908447266,70.66000366210938,20769,48.282833008368584,-0.031144283246277382,0.07729892613632586,-0.10844320938260324,2.6991052603754495,71.1523144792675,71.08838343510178,71.25056069151333,73.45622756300561,69.37877228440651,-0.009392936376648398,0.024556879575053578,London
2024-11-13 12:00:00,70.66000366210938,71.22000122070312,68.43000030517578,71.04000091552734,13876,49.66057141811957,-0.0343337447196177,0.054972391965137146,-0.08930613668475484,2.7055978071720133,71.1416179493875,71.08648608139298,71.24777182030823,73.12202520110344,69.47897501251961,-0.0018265737918016223,0.0231848919751501,London
2024-11-13 20:00:00,71.0999984741211,71.2300033569336,68.69999694824219,71.11000061035156,284,49.92520902286298,-0.03085732156066001,0.03780644925997772,-0.06866377082063774,2.6930555644233984,71.13860677424123,71.08740821978351,71.24594703607039,73.12494200896303,69.49205857087095,0.0011263104664167578,0.021923793577271228,NewYork
2024-11-14 00:00:00,71.1500015258789,71.5,68.8499984741211,71.44000244140625,1464,51.2269602202293,-0.0014570454225406593,0.029953750323474044,-0.0314107957460147,2.689980275955935,71.16731112349503,71.10123544416088,71.24851730633975,72.88777702690297,69.5812239801771,0.005206173465186925,0.02100500059961552,Tokyo
2024-11-14 04:00:00,69.25,71.86000061035156,69.13999938964844,71.55999755859375,6690,51.71845835882761,0.03116622352597176,0.03019624496397359,0.00096997856199817,2.6921246291521626,71.20470983159966,71.11922611531512,71.25264287259478,72.88896738774538,69.71403325312376,0.010306306772097207,0.019146843748240126,Tokyo
2024-11-14 08:00:00,71.54000091552734,71.63999938964844,68.5,70.9000015258789,15026,48.8052532785818,0.003721337915479239,0.024901263554274723,-0.021179925638795484,2.724115683473325,71.17568999295959,71.11062907259213,71.24797212628066,72.66872222821213,69.75627853472731,0.0033965164354814448,0.01755109000602154,London
2024-11-14 12:00:00,70.9000015258789,70.94999694824219,68.2699966430664,70.62999725341797,6099,47.623409781909956,-0.03936227611144716,0.01204855562113035,-0.05141083173257751,2.7209645850235007,71.1237192558604,71.09178076595785,71.23978702862685,72.67161775187705,69.72038282795694,-0.005771447871979918,0.016738529328525993,London
2024-11-14 20:00:00,70.56999969482422,70.6500015258789,67.91000366210938,70.12999725341797,1338,45.42951617890077,-0.11255471130506578,-0.012872097764108878,-0.09968261354095691,2.7223241049339317,71.02907906515159,71.0540637654661,71.22508782630621,72.70318073811406,69.6068198722375,-0.013781512424722586,0.01680878548985738,NewYork
2024-11-15 00:00:00,70.12999725341797,70.18000030517578,67.62000274658203,67.66000366210938,2789,36.487264563356234,-0.3656530628425685,-0.08342829077980081,-0.2822247720627677,2.7107293516239186,70.70821474105233,70.92096336925603,71.17786816850229,73.1837370785979,68.78226405055248,-0.05291151525921567,0.018543132961173634,Tokyo
2024-11-15 04:00:00,69.9000015258789,69.93000030517578,67.3499984741211,69.79000091552734,6259,46.30307362460024,-0.3898681948247429,-0.14471627158878925,-0.24515192323595364,2.7013916715832593,70.62076580528804,70.87661190048235,71.15948582078077,72.93584727441649,68.73615361059328,-0.024734442474192653,0.01921880659445368,Tokyo
2024-11-15 08:00:00,69.79000091552734,69.88999938964844,66.70999908447266,68.97000122070312,20526,43.514883166888865,-0.46981030300386806,-0.209735077871805,-0.26007522513206305,2.7355780025541536,70.46355013056566,70.8018428542165,71.13048602475327,72.80618772077443,68.53181353044627,-0.027221442364445125,0.019327303494988714,London
2024-11-15 12:00:00,68.95999908447266,69.11000061035156,66.6500015258789,68.93000030517578,29839,43.37766244971985,-0.5302800014996336,-0.27384406259737076,-0.25643593890226285,2.715893794119761,70.31749776624282,70.72843726405804,71.1013405185337,72.87156165386683,68.37243935321324,-0.024069050181931284,0.01780310336462113,London
2024-11-17 20:00:00,69.0,69.25,66.80000305175781,69.01000213623047,927,43.759645936026224,-0.5652315565161672,-0.3321215613811301,-0.2331099951350371,2.696901162271363,70.19297437290831,70.66104765120205,71.07364067241049,72.68894767154656,68.23405342708627,-0.015970271795966995,0.01595205743075282,NewYork
2024-11-18 00:00:00,69.0,69.08000183105469,66.80999755859375,66.83000183105469,818,36.52818286599027,-0.7600770264546242,-0.4177126543958289,-0.3423643720587953,2.666408527284904,69.87269127368415,70.51081056021587,71.0174335354389,73.06090107921744,67.56210001941537,-0.012267244843787939,0.015794174334895786,Tokyo
2024-11-18 04:00:00,68.91999816894531,69.08000183105469,66.66000366210938,69.01000213623047,3968,46.11744587654605,-0.7301687289684224,-0.48020386931034764,-0.2499648596580748,2.6488077874035048,69.79053040345048,70.45195532790272,70.99084504008515,72.82123641359905,67.48876495969196,-0.011176368664057912,0.015742821526166947,Tokyo
2024-11-18 08:00:00,69.0199966430664,69.29000091552734,66.69000244140625,66.69999694824219,9388,39.33582315046099,-0.8826892091367853,-0.5607009372756352,-0.3219882718611501,2.6453214078833325,69.49619388390683,70.30481970517094,70.93401261502763,72.9410434445191,66.90595744049068,-0.03291292202818663,0.017188941511555596,London
2024-11-18 12:00:00,69.08000183105469,69.19000244140625,66.41999816894531,68.95999908447266,19007,47.47393773951605,-0.8118411048498615,-0.6109289707904805,-0.20091213405938102,2.654227326781733,69.44512771253214,70.25208164161415,70.90786674045074,72.80005363530776,66.82594734125473,0.00043520642918992714,0.019049072116412144,London
2024-11-18 20:00:00,69.0,69.0199966430664,66.29000091552734,68.91000366210938,2016,47.32269760311738,-0.7510698191742762,-0.6389571404672396,-0.11211267870703656,2.659639355407257,69.39416351725379,70.19945113261396,70.8814049778237,72.66250978476934,66.75149168007441,-0.0014490431970092255,0.019049755941584527,NewYork
2024-11-19 00:00:00,68.91000366210938,69.08999633789062,66.3499984741211,68.7300033569336,1199,46.745296766419436,-0.7092567870017348,-0.6530170697741386,-0.05623971722759613,2.6653792488617047,69.33091016865185,70.1418257296461,70.85290959211655,72.50328767973994,66.67671415131474,0.028430367706439474,0.01904476507731833,Tokyo
2024-11-19 04:00:00,68.72000122070312,68.8499984741211,66.0,68.4000015258789,3781,45.645694747156156,-0.6947395228253157,-0.6613615603843741,-0.0333779624409416,2.6785663363802326,69.24225220267348,70.07351889812583,70.82042074355711,72.36669053892761,66.57031126160949,-0.008839307223138193,0.01905420252108606,Tokyo
2024-11-19 08:00:00,68.41000366210938,69.41999816894531,66.05000305175781,69.20999908447266,13480,48.82758753896411,-0.6108331485220759,-0.6512558780119144,0.040422729489838494,2.7279541064378945,69.23918047713055,70.03965537602178,70.79909065535732,72.24074314632031,66.55125819645312,0.0376312181569991,0.019290639475128806,London
2024-11-19 12:00:00,69.19000244140625,69.41000366210938,66.66999816894531,67.05000305175781,6019,41.8003388512939,-0.7104408504837068,-0.6630928725062729,-0.04734797797743384,2.728814919775478,69.03068738899981,69.9224141084036,70.74943386590567,72.11448936759231,66.27851218880417,-0.027697158614738204,0.020392752381245757,London
2024-11-19 20:00:00,66.79000091552734,69.68000030517578,66.75,69.23999786376953,1336,49.70400010110956,-0.6056844399457759,-0.6516111859941736,0.04592674604839764,2.743185304446928,69.05062171993026,69.89565268704541,70.72944133607605,71.87922251742629,66.326778764312,0.004788770630143047,0.021842731730526026,NewYork
2024-11-20 00:00:00,69.23999786376953,69.48999786376953,66.9800033569336,67.05000305175781,844,43.36231076729933,-0.691408383189696,-0.659570625433278,-0.03183775775641795,2.726528818903286,68.86008660867574,69.78405858370081,70.68070705416456,71.57460901341484,66.19239232935858,-0.024443477711634687,0.022839195355950175,Tokyo
2024-11-20 04:00:00,69.45999908447266,69.69999694824219,67.05999755859375,69.52999877929688,2270,50.98844785521699,-0.5528573019595626,-0.638227960738535,0.08537065877897243,2.721062038730507,68.92388776778252,69.77409545411635,70.66546588496102,71.18586096041219,66.37814050443157,0.016520427313008623,0.024480862425617055,Tokyo
2024-11-20 08:00:00,69.5199966430664,70.29000091552734,67.08999633789062,70.11000061035156,12517,52.59604338194717,-0.3917375645930292,-0.5889298815094339,0.1971923169164047,2.755272220080951,69.03685089564624,69.78726820534126,70.65810872900593,71.02259926355467,66.46240210973636,0.013003923389457439,0.024500510165750975,London
2024-11-20 12:00:00,70.11000061035156,70.5,67.83999633789062,70.41999816894531,5532,53.47442586440997,-0.23631075640271604,-0.5184060564880903,0.2820953000853743,2.748467323082981,69.16857920738902,69.81208114509045,70.65495494675346,70.97716792838936,66.4868335364544,0.05026092414322636,0.02451204374893276,London
2024-11-20 20:00:00,70.4000015258789,70.5,68.33999633789062,70.45999908447266,1670,53.59391827318037,-0.10865365978531827,-0.43645557714753597,0.3278019173622177,2.706434204442009,69.29157157663508,69.83748969173288,70.65237274990206,71.04127316221853,66.45572848573069,0.017619891079481143,0.024457436684574563,NewYork
2024-11-21 00:00:00,70.44000244140625,70.68000030517578,68.63999938964844,70.55000305175781,809,53.88093386141936,-0.00021939399354664602,-0.3492083405167381,0.34898894652319146,2.65883182666239,69.41142219331343,69.86543139212603,70.6510168598604,71.26000214351279,66.52599944340128,0.052199848481710776,0.022935615332324515,Tokyo
2024-11-21 04:00:00,70.56999969482422,70.88999938964844,68.73999786376953,70.70999908447266,3648,54.420607691619495,0.09750194385468092,-0.2598662836424543,0.3573682274971352,2.622486805177855,69.53509618294764,69.89855169378669,70.65179808137844,71.4127516082706,66.46524979553799,0.016971096302206945,0.021906634968238088,Tokyo
2024-11-21 08:00:00,70.69999694824219,71.45999908447266,68.05000305175781,70.68000030517578,10654,54.292324916645335,0.17056004730918062,-0.17378101745212732,0.34434106476130794,2.67873746428764,69.6441346707789,69.92919673737057,70.6521716207665,71.61806640276176,66.4309349094941,0.00813007687722167,0.0217124588137019,London
2024-11-21 12:00:00,70.66000366210938,70.80000305175781,68.5199966430664,70.37999725341797,2936,52.94812966889535,0.20192373053291135,-0.09864006785511958,0.30056379838803093,2.6502566746021943,69.71421682150643,69.94687518898029,70.64856666225857,71.75959072406125,66.43441028301883,-0.0005680334644624363,0.021744042799263175,London
2024-11-21 20:00:00,70.37999725341797,70.37999725341797,70.0999984741211,70.2300033569336,474,52.251573904141715,0.212229966609371,-0.03646606096222147,0.24869602757159245,2.4809525392232428,69.76333934868997,69.95797825439021,70.64302277741984,71.86768274995681,66.44831837919357,-0.003264202817591988,0.021755561374101208,NewYork
2024-11-22 00:00:00,70.20999908447266,70.44999694824219,70.05999755859375,70.30999755859375,449,52.609641373568564,0.22426738171215277,0.015680627572653382,0.2085867541394994,2.331598742825042,69.81540203534746,69.97178293298643,70.63861184736918,71.85258064337845,66.81142005852584,-0.0034019203796205044,0.020326582217625677,Tokyo
2024-11-22 04:00:00,70.27999877929688,71.0199966430664,69.70999908447266,70.19000244140625,1747,51.97994474397345,0.22157039124252265,0.056858580306627236,0.1647118109358954,2.258627229665664,69.85107826449592,69.9803405607676,70.63267000093259,71.93497812600802,66.84702260641384,-0.007353933669907109,0.019108064695471487,Tokyo
2024-11-22 08:00:00,70.19000244140625,71.44999694824219,70.19000244140625,70.73999786376953,9147,54.6587416015955,0.2608066245247187,0.09764818915024553,0.16315843537447317,2.187296320892112,69.93573727395055,70.01013104323826,70.63409156202977,71.86425663680397,67.32174418717064,0.0008488618892854571,0.017290799888736483,London
2024-11-22 12:00:00,70.73999786376953,70.87000274658203,70.68000030517578,70.7699966430664,5188,54.80682934942146,0.29096817288603916,0.13631218589740426,0.1546559869886349,2.0446324723574074,70.01519054719968,70.03992969421192,70.63589162932827,71.9924849322667,67.37451564756728,0.005541338517592864,0.015744093773984495,London
2024-11-24 20:00:00,70.7699966430664,71.4000015258789,70.76000213623047,71.30999755859375,965,57.497821007575155,0.3543601351156269,0.17992177574104878,0.17443835937457813,1.9443015378781952,70.13850550066579,70.08973627712885,70.64482018468279,72.1913373974381,67.41566257204431,0.015377960273919467,0.01579784928413206,NewYork
2024-11-25 00:00:00,71.30000305175781,71.38999938964844,71.18000030517578,71.30000305175781,589,57.429661357524466,0.39919062765483204,0.22377554612380546,0.17541508153102658,1.8204227912063708,70.24912431505551,70.13719771927116,70.653498103452,72.35297311736328,67.51102682160156,0.014080579256727122,0.01577183811084916,Tokyo
2024-11-25 04:00:00,71.30000305175781,71.7699966430664,71.30000305175781,71.6500015258789,3228,59.251368087642405,0.4576851581763606,0.2705574685343165,0.18712768964204407,1.7239635626422438,70.38254119227679,70.19652335874598,70.66669682427884,72.51879204345659,67.67020789550827,0.020800670091035256,0.015705716955994663,Tokyo
2024-11-25 08:00:00,71.6500015258789,73.33999633789062,71.2699966430664,71.91000366210938,15113,60.60020898277141,0.5190393321797018,0.32025384126339357,0.1987854909163082,1.7486804292266707,70.52801380845132,70.26371866476023,70.68316446451502,72.74538124697405,67.71361914975448,0.016539522669947404,0.0155525637647906,London
2024-11-25 12:00:00,71.91000366210938,71.91999816894531,71.5999984741211,71.69000244140625,4112,58.82582116010393,0.5436439086541043,0.3649318547415357,0.17871205391256856,1.6466318053407811,70.63867939254226,70.31965136188361,70.69650006685795,72.56479371899493,68.35820661669842,0.01299994124600512,0.013473563824987269,London
2024-11-25 20:00:00,71.66000366210938,71.66000366210938,71.11000061035156,71.43000030517578,834,56.71238634473549,0.5359847151537735,0.3991424268239833,0.13684228832979023,1.5704439500346314,70.71404328898355,70.363194457699,70.70621530180256,72.63418010315904,68.50782047667495,0.001682832010805102,0.011708752365713166,NewYork
2024-11-26 00:00:00,71.41999816894531,71.51000213623047,71.13999938964844,71.23999786376953,732,55.15298875152669,0.5087189446905711,0.4210577303973009,0.08766121429327023,1.4846981497880172,70.76413420086793,70.39757890499588,70.71328526951073,72.02795726318725,69.5330427978479,-0.0008415874532953227,0.008716843162409926,Tokyo
2024-11-26 04:00:00,71.25,72.8499984741211,71.0999984741211,71.27999877929688,2119,55.43083775400068,0.48475046314820247,0.43379627694748124,0.05095418620072123,1.503648281946016,70.8132641607183,70.43218360594886,70.72079140871321,71.98479346385966,69.7512065971755,-0.005164029849299978,0.0038230698813866825,Tokyo
2024-11-26 08:00:00,71.27999877929688,73.25,71.06999969482422,71.5199966430664,11103,57.146317565123,0.4795926452245567,0.4429555506028963,0.03663709462166037,1.551959140748142,70.88057201618004,70.4748429407378,70.73137690850596,72.03158460199458,69.84541506231207,-0.005423543306652179,0.003487286333048112,London
2024-11-26 12:00:00,71.52999877929688,71.7699966430664,71.31999969482422,71.68000030517578,3267,58.298729267350005,0.4828500014329933,0.45093444076891576,0.031915560664077525,1.473247555569145,70.95670804370344,70.52210401385301,70.74394145680623,72.11382909314226,69.88917078478742,-0.00013951926195909792,0.0034081149935510638,London
2024-11-26 20:00:00,71.5999984741211,71.8499984741211,71.4000015258789,71.56999969482422,549,57.160665377096606,0.4711245195576339,0.4549724565266594,0.016152063030974495,1.4001582264743624,71.01511677238162,70.5631979621264,70.7548826255217,72.16633124538969,69.94766869357515,0.0019599522476594355,0.0034506698525895683,NewYork
2024-11-27 00:00:00,71.55000305175781,71.70999908447266,71.4800033569336,71.68000030517578,385,58.04272812420381,0.46534392552882764,0.4570467503270931,0.008297175201734563,1.3165751908361265,71.0784390136001,70.60699413244205,70.76713583982176,72.22919308207825,69.99780658222839,0.006176339901745376,0.0034531130531314006,Tokyo
2024-11-27 04:00:00,71.70999908447266,71.88999938964844,71.68000030517578,71.7699966430664,1232,58.79032990568128,0.4626911004601624,0.45817562035370696,0.004515480106455416,1.2375340403815929,71.14430164497784,70.65260207403516,70.78041876436805,72.30201811715591,70.0309813030101,0.006874268689126994,0.0034378191289448985,Tokyo
2024-11-27 08:00:00,71.7699966430664,73.69999694824219,71.37000274658203,71.69000244140625,6721,57.804408264303405,0.4489585393712474,0.4563322041572151,-0.007373664785967682,1.3155669090443476,71.1962731493996,70.69328444138306,70.7924662302891,72.3512538470858,70.08274578670326,0.002377038678962551,0.0034536110794351604,London
2024-11-27 12:00:00,71.68000030517578,71.97000122070312,71.55999755859375,71.6500015258789,3070,57.28705274304172,0.4298921174575696,0.45104418681728603,-0.02115206935971642,1.2508838199775638,71.23948537573096,70.73080275842212,70.8038243136744,72.35824617970185,70.2027538813333,-0.00041850975403401325,0.0032679767676275255,London
2024-11-29 08:00:00,71.38999938964844,73.6500015258789,71.38999938964844,72.01000213623047,6488,60.69645208715973,0.43877297954801975,0.4485899453634328,-0.009816965815413026,1.3229636997099143,71.31286792434996,70.7809674399048,70.81980017887382,72.37344061547384,70.365559323491,0.006147861440302105,0.0033098670062699067,London
2024-11-29 12:00:00,72.0,73.38999938964844,71.8499984741211,72.04000091552734,2311,60.97598651003839,0.4431237230722189,0.44749670090519006,-0.004372977832971137,1.338466357982588,71.38211868541447,70.83034130169392,70.8359617780348,72.36962685799756,70.54237341666064,0.005022329922138136,0.003315097010003144,London
2024-12-01 20:00:00,71.91000366210938,72.05999755859375,71.81999969482422,71.9000015258789,740,58.87164157470083,0.4303145397864796,0.444060268681448,-0.01374572889496839,1.260004322681655,71.4314408606968,70.87228876146588,70.8500550197281,72.2542520157575,70.82874816734797,0.001811409905159378,0.003326507708520197,NewYork
2024-12-02 00:00:00,71.91000366210938,71.91000366210938,71.2699966430664,71.31999969482422,1573,51.01645857442685,0.3691070331418871,0.42906962157353584,-0.059962588431648756,1.2157188009931774,71.42082741632797,70.88984605297014,70.85627945251085,72.18658445610568,70.95441591010525,-0.005161148472333288,0.0035582549845809674,Tokyo
2024-12-02 04:00:00,71.31999969482422,71.41000366210938,70.94999694824219,71.0,3764,47.26904302759048,0.29141904478034064,0.40153950621489687,-0.11012046143455623,1.1617393661984636,71.38074861477293,70.89416581559877,70.8581830359213,72.14112159068644,71.02287911121785,-0.00907189828382815,0.0037234131839527207,Tokyo
2024-12-02 08:00:00,71.0,71.61000061035156,70.37999725341797,71.23999786376953,12629,50.22228478460814,0.24637650121053412,0.3705069052140243,-0.12413040400349018,1.1666153655366873,71.36734378134403,70.90772785670352,70.86324018595903,72.14561009248307,71.0113906399388,-0.010693018325485193,0.0033833710813161977,London
2024-12-02 12:00:00,71.2300033569336,71.58999633789062,71.05000305175781,71.48999786376953,4472,53.16482757335148,0.22822206962494818,0.3420499380962091,-0.11382786847126092,1.1218566455792678,71.37902512252742,70.93056197462768,70.8715416121552,72.1416731787127,71.03432703491035,-0.007634689683065576,0.003475047474671115,London
2024-12-02 20:00:00,71.41000366210938,71.41999816894531,71.0,71.04000091552734,534,47.69905173390514,0.17550049835622872,0.308740050148213,-0.13323955179198427,1.0767238754500008,71.34673710281314,70.93485369780022,70.87377286120649,72.16169328093802,70.95330687164987,-0.011961065258698556,0.003569132925559077,NewYork
2024-12-03 00:00:00,71.06999969482422,71.68000030517578,70.86000061035156,71.62999725341797,1271,54.32876296895775,0.1792596532525863,0.2828439707690877,-0.10358431751650138,1.0583864339767306,71.3737142600136,70.96211422939308,70.88378907832188,72.12588354481623,70.96111596690251,0.00434657262927951,0.003975026118448054,Tokyo
2024-12-03 04:00:00,71.6500015258789,71.70999908447266,71.37999725341797,71.4000015258789,2650,51.58369781393269,0.16181477750441786,0.2586381321161537,-0.09682335461173586,1.0063589623394418,71.37621780914363,70.97928628023566,70.89062632928291,72.11046525368337,70.94753416648265,0.005633824308153512,0.003980939726102629,Tokyo
2024-12-03 08:00:00,71.37000274658203,72.3499984741211,71.08000183105469,71.58999633789062,8104,53.66639251859348,0.16145937806157917,0.23920238130523883,-0.07774300324365965,1.0251902252485106,71.3965776690243,71.00323569426133,70.89988950820486,72.11713109702484,70.95686792641266,0.004912948969908459,0.0039439614781368966,London
2024-12-03 12:00:00,71.5999984741211,71.66000366210938,71.12999725341797,71.19999694824219,2969,49.00631724924614,0.12822987587017565,0.2170078802182262,-0.08877800434805055,0.9898199526372888,71.37785569561647,71.01095182186843,70.90386444118549,72.11970017436181,70.95029875752294,-0.004056524327780364,0.004094422842128181,London
2024-12-03 20:00:00,71.19999694824219,71.19999694824219,70.91000366210938,71.01000213623047,574,46.87102427421502,0.08557777517944487,0.19072185921046994,-0.10514408403102507,0.9398323336012548,71.342822023294,71.0109145792944,70.90527023847086,72.1423407947916,70.90065847278653,-0.00042228010853417874,0.00413357239508302,NewYork
2024-12-04 00:00:00,71.0199966430664,71.19999694824219,70.9800033569336,71.05000305175781,502,47.390757314765494,0.054376598097107376,0.16345280698779743,-0.10907620889069006,0.8884152805803505,71.31493450219531,71.01244746056747,70.90718722937532,72.15368278324016,70.8423171252071,-0.008097085353894529,0.004053635696871898,Tokyo
2024-12-04 04:00:00,70.9800033569336,71.22000122070312,70.88999938964844,71.05000305175781,1037,47.390757314765494,0.029311555105564935,0.13662455661135092,-0.10731300150578599,0.8485286056142317,71.28970293548697,71.01392022884946,70.90907882967178,72.14548573409152,70.78751444901394,-0.004901939308702086,0.0040097931835724005,Tokyo
2024-12-04 08:00:00,71.01000213623047,72.81999969482422,71.0,71.48999786376953,8221,53.22769011016819,0.044438967336986934,0.11818743875647814,-0.0737484714194912,0.9179193977006594,71.30877864294246,71.03258994002279,70.91677312151414,72.13985897362267,70.78514102637735,-0.0013968218918342101,0.0042617006568989296,London
2024-12-04 12:00:00,71.48999786376953,71.48999786376953,71.16000366210938,71.23999786376953,3030,49.84383886912482,0.03584148156573974,0.10171824731833046,-0.06587676575259072,0.8759247408406234,71.30222809254504,71.0407235840913,70.92105424392813,72.11669555365839,70.76430420220098,0.0005618106354192687,0.004311306316465798,London
2024-12-04 20:00:00,71.25,71.44000244140625,71.16000366210938,71.3499984741211,372,51.31056210841073,0.037472087196761095,0.0888690152940166,-0.051396928097255504,0.8333586007303556,71.30677765269515,71.05285201115129,70.92673562446049,72.07847769040005,70.76052224856478,0.004788006304215386,0.004317280455165055,NewYork
2024-12-05 00:00:00,71.30999755859375,71.6500015258789,71.29000091552734,71.63999938964844,425,55.04313946623852,0.06145657105575708,0.0833865264463647,-0.021929955390607617,0.799547315703299,71.33851305621451,71.07587739854334,70.9361828266484,72.07202390899945,70.76197572478961,0.008303959360294932,0.004419137582638111,Tokyo
2024-12-05 04:00:00,71.62999725341797,71.93000030517578,71.56999969482422,71.58000183105469,2752,54.118779886854135,0.07476134352407371,0.0816614898619065,-0.006900146337832785,0.7681511224638892,71.36151198715167,71.09564698413202,70.94471023068027,72.06401436991665,70.76298529438999,0.0074595180370475855,0.004421322743693061,Tokyo
2024-12-05 08:00:00,71.56999969482422,72.94000244140625,71.04000091552734,71.29000091552734,8242,49.76826439883389,0.061199353267440415,0.07756906254301328,-0.016369709275572866,0.8489975798506761,71.35470140890173,71.10326870693183,70.94928361723454,71.96573002034393,70.78926952189241,-0.002797551464797876,0.004339382804917338,London
2024-12-05 12:00:00,71.26000213623047,71.29000091552734,71.02999877929688,71.11000061035156,2424,47.23037510936264,0.035517435094902794,0.06915873705339118,-0.033641301958488384,0.806926476734947,71.33139657094458,71.10353270314437,70.95141231913013,71.84048317437606,70.8215163373427,-0.0018247790190358826,0.004356482536575824,London
2024-12-05 20:00:00,71.0999984741211,71.1500015258789,70.75,70.80000305175781,916,43.14939392154666,-0.009737632934886165,0.05337946305573571,-0.06311709599062187,0.7778604088166583,71.28078766435536,71.09162957956057,70.94940689837023,71.7638885346492,70.78811112965744,-0.00770841533462352,0.004427548631147481,NewYork
2024-12-06 00:00:00,70.80000305175781,70.98999786376953,70.5999984741211,70.70999908447266,941,42.01430866508952,-0.0522627162979461,0.03225102718499935,-0.08451374348294545,0.7501560503046425,71.22642684722368,71.07666367779242,70.94623593394775,71.7942752623497,70.69672434092179,-0.01298157890981444,0.004082518233194713,Tokyo
2024-12-06 04:00:00,70.70999908447266,70.86000061035156,70.56999969482422,70.7300033569336,1206,42.377131363502684,-0.08338872037414546,0.009123077673170391,-0.09251179804731585,0.7172878263919783,71.179148419577,71.0630691554058,70.94337192630519,71.8182108938671,70.64578904509773,-0.011874803749338914,0.003970240371770938,Tokyo
2024-12-06 08:00:00,70.7300033569336,70.80000305175781,70.0999984741211,70.16000366210938,9915,35.55116700234237,-0.15229495312212293,-0.023160528485888274,-0.12913442463623465,0.7160533086237455,71.08208701410389,71.02765482233536,70.93299618770658,71.93515534610653,70.4208451726923,-0.015850711725434286,0.004246580192437584,London
2024-12-06 12:00:00,70.1500015258789,70.33000183105469,70.05999755859375,70.0999984741211,9643,34.91359982288027,-0.20933250143229998,-0.060394923075170616,-0.14893757835712937,0.6841926631835449,70.98855477220077,70.99127614201325,70.92196310540744,71.99003466982639,70.22696591000759,-0.014203376846595672,0.004126214588531189,London
2024-12-08 20:00:00,70.01000213623047,70.01000213623047,69.76000213623047,69.7699966430664,1030,31.561325450959316,-0.2779594161021066,-0.10390782168055782,-0.1740515944215488,0.6596072113769077,70.87250161704512,70.94338282832906,70.90670527146915,72.11098051502118,69.97901963756671,-0.014548112490029519,0.0040320243340502765,NewYork
2024-12-09 00:00:00,69.79000091552734,70.05000305175781,69.75,69.94999694824219,933,35.215247724338795,-0.31420031446356234,-0.14596632023715872,-0.16823399422640362,0.6339211999755437,70.78464402954009,70.90442651930606,70.89403363804892,72.09545406898597,69.82654605308433,-0.010748156499373551,0.0035185692262548643,Tokyo
2024-12-09 04:00:00,69.94999694824219,70.6500015258789,69.94999694824219,70.4800033569336,2667,44.59514533528406,-0.29673383682305143,-0.17611982355433728,-0.12061401326871415,0.6386414412370562,70.755630632149,70.88778247372282,70.88854979326595,72.04911225309168,69.78088805208411,-0.0035345679080261982,0.0039842787060888046,Tokyo
2024-12-09 08:00:00,70.47000122070312,70.75,70.05000305175781,70.08999633789062,9191,40.005103165154196,-0.3107793634178506,-0.20305173152703995,-0.10772763189081067,0.6430239774517085,70.69223688983868,70.85649674290588,70.87797292630734,71.9845074161376,69.69549288903818,-0.0009978238392903682,0.004047961158894745,London
2024-12-09 12:00:00,70.08999633789062,70.16999816894531,69.91000366210938,69.94999694824219,3096,38.47423603104155,-0.3294100906829698,-0.22832340335822593,-0.10108668732474385,0.6156647295505819,70.6215473715914,70.82094773135044,70.86568185375017,71.9745485553709,69.58045174980488,-0.002139822099058719,0.003921770752957756,London
2024-12-09 20:00:00,69.94999694824219,70.16999816894531,69.86000061035156,70.02999877929688,516,39.88979759889361,-0.333870940727536,-0.24943291083208796,-0.08443802989544802,0.5938313601965225,70.5652094104205,70.78993012538756,70.85461320375742,71.96505495936947,69.49194501011294,0.003726560824713898,0.003923088190021628,NewYork
2024-12-10 00:00:00,70.05000305175781,70.05999755859375,69.76000213623047,69.76000213623047,701,36.811579932228945,-0.35509930541472556,-0.27056618974861546,-0.0845331156661101,0.5728430789227196,70.48852300335477,70.74954079247944,70.84011504392264,71.96294629071438,69.36505358721531,-0.002716151827030111,0.003972909654279126,Tokyo
2024-12-10 04:00:00,69.7699966430664,69.7699966430664,69.36000061035156,69.38999938964844,3568,33.0479004289153,-0.39720038795495327,-0.29589302938988304,-0.10130735856507023,0.5612111470507284,70.38390170681132,70.69622544334881,70.8209082140647,71.9840634041961,69.17793610752265,-0.01546543580262083,0.004084756701287237,Tokyo
2024-12-10 08:00:00,69.38999938964844,69.93000030517578,69.36000061035156,69.58999633789062,9816,36.80876850765863,-0.4097048939263459,-0.3186554022971756,-0.09104949162917031,0.5618389004631206,70.30829167167602,70.65284390980143,70.80460474550611,71.88720976039397,69.08478959873688,-0.007133685634531872,0.003830999846707508,London
2024-12-10 12:00:00,69.58999633789062,69.73999786376953,69.25,69.48999786376953,5162,35.72810963109595,-0.42280995615374195,-0.33948631306848887,-0.08332364308525309,0.5567073978421498,70.23035892806587,70.60724210407469,70.78719273382748,71.81987650546424,68.97712285366663,-0.00657611300273564,0.003797507110639404,London
2024-12-10 20:00:00,69.4800033569336,69.7699966430664,69.4800033569336,69.61000061035156,335,38.077568441510856,-0.4186862392979691,-0.3553262983143849,-0.06335994098358422,0.5376563898629114,70.17127718352165,70.56813459451692,70.77160078517217,71.70028824615233,68.92271132660159,-0.005997403630820575,0.0038047683834023095,NewYork
2024-12-11 00:00:00,69.61000061035156,69.62999725341797,69.26000213623047,69.27999877929688,657,34.358062365411485,-0.4370089862409827,-0.3716628358997045,-0.06534615034127822,0.5256805846718106,70.08639352597643,70.51761946450829,70.75184446721356,71.50595719947603,68.88104231224273,-0.006880781855428064,0.0036674337308032954,Tokyo
2024-12-11 04:00:00,69.2699966430664,69.2699966430664,69.05000305175781,69.16000366210938,2879,33.09223614392975,-0.45595651543078475,-0.38852157180592056,-0.06743494362486419,0.5045602377337571,69.99816591989385,70.46437962912009,70.73076048304,71.28948431607476,68.85551537874944,-0.003314537102782733,0.0036621394744407476,Tokyo
2024-12-11 08:00:00,69.12999725341797,69.97000122070312,69.05000305175781,69.95999908447266,11215,47.088295799756594,-0.4017880614116933,-0.39117486972707516,-0.010613191684618162,0.5342343756774397,69.99453098318708,70.44459999991822,70.72055172279407,71.07979239612388,68.93220711559488,0.0053168956179492355,0.004656718065216603,London
2024-12-11 12:00:00,69.94999694824219,70.38999938964844,69.91000366210938,70.19000244140625,4735,50.3068244261207,-0.3364217619956378,-0.3802242481807877,0.043802486185149925,0.5303601865246985,70.01314731254129,70.43461578193737,70.71352457999424,70.9058622812604,69.01413741356382,0.010073458039371763,0.004733150830226146,London
2024-12-11 20:00:00,69.87000274658203,70.33999633789062,69.83999633789062,70.33000183105469,1037,52.21227898895956,-0.27020694063507733,-0.35822078667164564,0.08801384603656831,0.5281916017729343,70.04332393335208,70.43051327405962,70.70844480848511,70.8154783574709,69.05752121528302,0.010343358919552292,0.004683650198395608,NewYork
2024-12-12 00:00:00,70.31999969482422,70.41999816894531,70.22000122070312,70.37000274658203,510,52.769532182794094,-0.2120589939927413,-0.3289884281358648,0.11692943414312351,0.5047491265207381,70.07443620127874,70.42814031219775,70.70396213216851,70.74714209745349,69.09185784151134,0.015733313892766443,0.0046823114647252615,Tokyo
2024-12-12 04:00:00,70.36000061035156,70.47000122070312,70.33000183105469,70.43000030517578,992,53.64270984750347,-0.15929872919718946,-0.29505048834812975,0.1357517591509403,0.47869557388700235,70.10829944926894,70.42821325309885,70.70033349869841,70.6794910694203,69.12950856436876,0.018363166220625837,0.004687392342954936,Tokyo
2024-12-12 08:00:00,70.41999816894531,70.44999694824219,70.01000213623047,70.2300033569336,6418,50.30415364949946,-0.13210114177614685,-0.2624606190337332,0.13035947725758634,0.4759312337530535,70.11989029761796,70.42044031599433,70.69410396039689,70.6884625103951,69.12753709287638,0.003859409319530105,0.004358475304181673,London
2024-12-12 12:00:00,70.2300033569336,70.37000274658203,70.01000213623047,70.05000305175781,3033,47.442294699790914,-0.1236460632491827,-0.23469770787682312,0.11105164462764042,0.4676504749386613,70.1132343694408,70.40591336445564,70.68557282253411,70.68369039345149,69.12730966758366,-0.0019945773582970006,0.0043938228680316755,London
2024-12-12 20:00:00,70.0,70.06999969482422,69.55999755859375,69.62999725341797,723,41.50831315575144,-0.14911737807994996,-0.2175816419174485,0.06846426383749854,0.47067559360236183,70.06721178696243,70.37548528166985,70.67159168916834,70.68430394246037,69.11269617960993,-0.009953143173780266,0.00447526439585975,NewYork
2024-12-13 00:00:00,69.62999725341797,69.6500015258789,69.51000213623047,69.58999633789062,477,40.98256355193995,-0.17056514930760613,-0.20817834339548005,0.03761319408787392,0.44705586474851006,70.02176269657464,70.3446817936785,70.65726592292626,70.67774652361987,69.08325353741529,-0.011084359503301222,0.004431310716598662,Tokyo
2024-12-13 04:00:00,69.56999969482422,69.5999984741211,69.26000213623047,69.33999633789062,2172,37.76321778708548,-0.20536821623176138,-0.20761631796273633,0.0022481017309749496,0.4394087556872326,69.95683256717616,70.30528236403977,70.63981864365427,70.6030904715927,69.04390888753817,-0.015476415768310825,0.004085296303561325,Tokyo
2024-12-13 08:00:00,69.33999633789062,69.55999755859375,69.19999694824219,69.37999725341797,6780,38.59439026938849,-0.2271042416005713,-0.21151390269030332,-0.015590338910267981,0.4337367453061133,69.90189587062777,70.26899667342715,70.62313226762465,70.58104018523986,68.99495926544373,-0.012103176176649133,0.003938728321891019,London
2024-12-13 12:00:00,69.37999725341797,69.43000030517578,69.25,69.30000305175781,5104,37.51537744416818,-0.24792711241681786,-0.21879654463560622,-0.029130567781211647,0.41561271386823245,69.84457274502111,70.23099692355777,70.60560737734828,70.57347064025163,68.93752942078353,-0.010706637649192552,0.003926405986310436,London
2024-12-15 20:00:00,69.2699966430664,69.29000091552734,69.12000274658203,69.2300033569336,451,36.552347009948726,-0.2669999684848392,-0.22843722940545283,-0.03856273907938637,0.3987832561044859,69.78604232710802,70.19174227388623,70.58738745654809,70.55491210479731,68.87608841400153,-0.005744562864602676,0.003909427786735215,NewYork
2024-12-16 00:00:00,69.22000122070312,69.45999908447266,69.18000030517578,69.41999816894531,520,40.98082134627105,-0.26374407335219985,-0.23549859819480223,-0.028245475157397615,0.390298650618228,69.75118097871157,70.16147779918268,70.57192534677851,70.54783033625895,68.84916978581137,-0.0024428535406136875,0.003895913885404834,Tokyo
2024-12-16 04:00:00,69.41000366210938,69.51000213623047,69.26000213623047,69.47000122070312,718,42.12571115607461,-0.25419868046301985,-0.23923861464844579,-0.01496006581457407,0.38027731843121165,69.72440195413934,70.13436107061486,70.5573303252411,70.54644928351864,68.85855102165714,0.0018748902463014971,0.0037116366768094413,Tokyo
2024-12-16 08:00:00,69.44999694824219,69.91000366210938,69.12000274658203,69.16000366210938,7291,37.295428197665274,-0.26855239520446617,-0.24510137075964988,-0.023451024444816282,0.409543289652364,69.67064973585077,70.09615097616367,70.53882268731883,70.55826766203917,68.80373337555848,-0.003170850389414781,0.0037809251260016333,London
2024-12-16 12:00:00,69.16000366210938,69.33000183105469,69.0199966430664,69.04000091552734,2036,35.59397721862918,-0.2863106256243384,-0.2533432217325876,-0.03296740389175079,0.4024334252477866,69.61058794343901,70.05473332672696,70.5189707433216,70.57843915987819,68.73856218289525,-0.0037518344124209957,0.0037862010934412963,London
2024-12-16 20:00:00,69.05999755859375,69.16999816894531,69.0,69.11000061035156,907,37.38833378570091,-0.29137694872373743,-0.2609499671308176,-0.030426981592919844,0.385830906940467,69.56291295933545,70.01768498490831,70.50030888725577,70.58560222152371,68.68139912124971,-0.0017333921820474885,0.00376921745798719,NewYork
2024-12-17 00:00:00,69.0999984741211,69.19000244140625,69.0,69.05000305175781,390,36.450958844465546,-0.29681188518546264,-0.2681223507417466,-0.028689534443716025,0.37184315940230867,69.514064396709,69.97973667380438,70.48109953844123,70.5973522064471,68.64664956357244,-0.005329805919715769,0.003628478783720841,Tokyo
2024-12-17 04:00:00,69.05999755859375,69.08999633789062,68.86000061035156,68.86000061035156,1386,33.579748844218344,-0.312844444574651,-0.27706676950832754,-0.035777675066323456,0.36171119998350537,69.4517726075321,69.93582545562977,70.4596280294599,70.62074069120388,68.59326077363988,-0.008780777308663335,0.0036587794678441875,Tokyo
2024-12-17 08:00:00,68.86000061035156,68.88999938964844,68.55000305175781,68.70999908447266,12515,31.472078860008224,-0.33380632143601474,-0.288414679893865,-0.04539164154214975,0.36016013840544253,69.38112751009787,69.88775383323146,70.43645413614883,70.61892155206793,68.47007991277583,-0.006506717088033631,0.002422741939095584,London
2024-12-17 12:00:00,68.72000122070312,68.87000274658203,68.66000366210938,68.66999816894531,2391,30.914827757766375,-0.3496163399143626,-0.3006550118979645,-0.048961328016398076,0.34943434883881497,69.31340090617857,69.83999870914181,70.4130573683713,70.56546926966912,68.37153176792854,-0.0053592517623912705,0.002216869249597949,London
2024-12-17 20:00:00,68.6500015258789,68.66000366210938,68.51000213623047,68.54000091552734,820,29.11085726796796,-0.3683890260043512,-0.31420181471924186,-0.05418721128510934,0.33590304054424563,69.2397437642118,69.78901840350987,70.38824867363165,70.47209737056303,68.28590357548188,-0.008247716535815575,0.0020992374516047357,NewYork
2024-12-18 00:00:00,68.5199966430664,68.55999755859375,68.41999816894531,68.45999908447266,1385,28.026957828761752,-0.3852807178569435,-0.32841759534678217,-0.056863122510161346,0.32190992262311646,69.1654823661414,69.73689999884174,70.36270894397391,70.34534191520811,68.22165866462586,-0.008544590024752163,0.002053779727327935,Tokyo
2024-12-18 04:00:00,68.45999908447266,68.45999908447266,68.16000366210938,68.27999877929688,3673,25.70766969684739,-0.4084832846175175,-0.3444307332009292,-0.06405255141658828,0.3203446011759854,69.08115059596574,69.67976661768313,70.33512337887886,70.18303744655925,68.16896298068683,-0.00842291353345559,0.0020019752772809487,Tokyo
2024-12-18 08:00:00,68.27999877929688,68.9000015258789,68.20999908447266,68.36000061035156,8597,28.53817653478434,-0.4156249411735189,-0.35866957479544714,-0.05695536637807175,0.34674873262100436,69.01246964495486,69.62801108798385,70.3089628124083,70.02250860461912,68.14249154796876,-0.00509385065906931,0.0020657025337583504,London
2024-12-18 12:00:00,68.36000061035156,68.45999908447266,68.05000305175781,68.11000061035156,2787,25.294939852166678,-0.4364268095159929,-0.3742210217395563,-0.062205787776436594,0.3512663969134215,68.92652021308788,69.56848126533161,70.27983748522874,69.90530415402677,68.06569575442049,-0.00815490859947332,0.00211375035614849,London
2024-12-18 20:00:00,68.11000061035156,68.16999816894531,68.01000213623047,68.11000061035156,1013,25.294939852166678,-0.4477510447185864,-0.38892702633536236,-0.05882401838322404,0.3376042280420945,68.8487564413987,69.51128594552848,70.25109792397208,69.8558829010978,67.96311734304282,-0.0062737131519116085,0.0018325456235897834,NewYork
2024-12-19 00:00:00,68.08999633789062,68.19999694824219,68.02999877929688,68.19999694824219,785,28.678895625557104,-0.4443415377126172,-0.40000992861081336,-0.04433160910180384,0.32563236667803863,68.78696982300285,69.4598628475957,70.22393102363128,69.78010165549004,67.89989864968574,-0.0037978694085235576,0.0019087452926993581,Tokyo
2024-12-19 04:00:00,68.19000244140625,68.31999969482422,67.70999908447266,68.05000305175781,2798,26.522527057578515,-0.44857187538802634,-0.40972231796625597,-0.038849557421770375,0.3459443840832903,68.7167825114557,69.40457422815108,70.19513727565945,69.74762800536014,67.80337297120236,-0.00336842020578354,0.001833024539047778,Tokyo
2024-12-19 08:00:00,68.04000091552734,68.33999633789062,67.55999755859375,67.76000213623047,9502,22.932323348567692,-0.4699082884762049,-0.42175951206824575,-0.04814877640795917,0.3769482694556892,68.62566057095806,69.3400812049385,70.1628838301041,69.72288760667703,67.66611385816671,-0.008777040210123044,0.0019394511437144366,London
2024-12-19 12:00:00,67.7699966430664,68.20999908447266,67.66000366210938,67.87000274658203,3370,26.97047897048445,-0.4724947937625501,-0.4319065684071066,-0.040588225355443486,0.38930878037766004,68.55369315911273,69.28243106931667,70.13251454422964,69.67275474862494,67.57324668570122,-0.0035236802469365003,0.0020383297098825466,London
2024-12-19 20:00:00,67.91000366210938,68.11000061035156,67.73999786376953,68.08000183105469,751,34.0725358505791,-0.45238463824533426,-0.43600218237475213,-0.016382455870582124,0.38792977796368655,68.50857969929767,69.2352769815417,70.10532894537964,69.60114863647996,67.52985264525833,-0.0004404460288951473,0.002238092032237064,NewYork
2024-12-20 00:00:00,68.05999755859375,68.20999908447266,68.05000305175781,68.11000061035156,648,35.04432855698592,-0.4290803728876966,-0.43461782047734104,0.0055374475896444175,0.37164879616019775,68.4706197860647,69.19114849639699,70.07890075551171,69.47183589445181,67.52816563142709,-0.001319594456271389,0.0020993438948109892,Tokyo
2024-12-20 04:00:00,68.12000274658203,68.18000030517578,67.86000061035156,68.0199966430664,2909,33.451161843039685,-0.41311204416713565,-0.4303166652153,0.017204621048164337,0.36795957463619927,68.42770329625534,69.14522097273698,70.05163050236673,69.30656452631221,67.54843654180301,-0.00044094647091463823,0.002063062167022775,Tokyo
2024-12-20 08:00:00,68.02999877929688,68.05000305175781,67.4800033569336,67.83000183105469,8675,30.317830167667225,-0.4110496970489237,-0.4264632715820248,0.015413574533101104,0.3823910117924864,68.37077934718862,69.09364375149454,70.02220495705134,69.20736452500913,67.51463636000065,0.0010330533148963372,0.0019477904205002713,London
2024-12-20 12:00:00,67.80999755859375,68.1500015258789,67.73999786376953,68.12000274658203,7267,39.615292722978516,-0.38161559482536234,-0.41749373623069236,0.03587814140533002,0.38436334395797844,68.34689586141656,69.05546175130189,69.99701022578685,69.1040434154566,67.52595765265863,0.003683512448547699,0.0022609265076027492,London
2024-12-22 20:00:00,68.1500015258789,69.04000091552734,68.1500015258789,68.95999908447266,1597,57.3615533088518,-0.2871975379828626,-0.39143449658112645,0.10423695859826382,0.42262297431421664,68.40528664456475,69.0517181173086,69.98327497888204,69.067025123813,67.54797579171434,0.01292592875660814,0.0036639201102090144,NewYork
2024-12-23 00:00:00,68.93000030517578,69.0999984741211,68.75,69.05000305175781,667,58.76006719167932,-0.20277056685009143,-0.35370171063491945,0.15093114378482803,0.41743551001470786,68.46668820715458,69.05165085983602,69.97091376130423,69.067025123813,67.54797579171434,0.013801239656183295,0.0036724067568553987,Tokyo
2024-12-23 04:00:00,69.0199966430664,69.55000305175781,69.01000213623047,69.2300033569336,3280,61.48111039654962,-0.1199543051012597,-0.3069522295281875,0.1869979244269278,0.426190181837039,68.5393848880859,69.05864507540848,69.96110037846488,69.15686308176369,67.49513810842187,0.017788985204111096,0.003656243577759747,Tokyo
2024-12-23 08:00:00,69.25,69.86000061035156,69.01000213623047,69.44999694824219,10921,64.55894710832158,-0.03615342259990939,-0.25279246814253187,0.21663904554262248,0.4564622027144715,68.62610984619603,69.07399220767647,69.95433079660762,69.3219047270623,67.40409624950018,0.02388316487477682,0.003663495375739096,London
2024-12-23 12:00:00,69.43000030517578,69.58000183105469,69.2699966430664,69.44999694824219,2751,64.55894710832158,0.029914544289752598,-0.19625106565607497,0.22616560994582757,0.4460009873768865,68.70457528448614,69.08873749162022,69.94765087808622,69.4706450369932,67.33335581749898,0.019524282854302966,0.0036564497753051313,London
2024-12-23 20:00:00,69.37000274658203,69.6500015258789,69.05999755859375,69.12999725341797,686,56.890297063766376,0.055809248741084616,-0.14583900277664305,0.20164825151772767,0.4562869145131915,68.74509166247964,69.09035552149464,69.93682102875287,69.54770024927424,67.315300239007,0.0024651706960883146,0.003800733739988938,NewYork
2024-12-24 08:00:00,69.26000213623047,69.30999755859375,68.68000030517578,69.0,5298,54.079900164812365,0.06509096849450202,-0.10365300852241403,0.16874397701691607,0.4686947958635327,68.7693686470054,69.08681216771053,69.92441280320648,69.60335940637121,67.31364117346278,-0.0007241571259646307,0.0038198343580330674,London
2024-12-24 12:00:00,68.98999786376953,69.0999984741211,68.69999694824219,68.88999938964844,1787,51.750266424071675,0.06284621626762998,-0.07035316356440523,0.13319937983203523,0.4637881337217737,68.78085728916187,69.07909401955123,69.9107119632918,69.64627115986703,67.33172948100211,-0.0049112227473423475,0.0037834615971473495,London
2024-12-26 04:00:00,68.77999877929688,68.80999755859375,68.5,68.58000183105469,776,45.76683267984831,0.03564216108790674,-0.049154098633942836,0.08479625972184958,0.4585175091451068,68.76172819791357,69.0595217768651,69.89308666352707,69.65629030622512,67.34371045671435,-0.012526928083753108,0.003936238178249153,Tokyo
2024-12-26 08:00:00,68.58999633789062,69.16999816894531,68.55999755859375,68.76000213623047,4537,49.423506824305704,0.02828126287180055,-0.03366702633279416,0.06194828920459471,0.4693377306598536,68.7615638110866,69.04777590860492,69.87807892144369,69.67913455667691,67.38586635885044,-0.009935130919097701,0.0038650816317493415,London
2024-12-26 12:00:00,68.76000213623047,68.8499984741211,68.63999938964844,68.7699966430664,1183,49.62660001765609,0.022989166377456627,-0.022335787790744004,0.045324954168200635,0.4508135416464824,68.76236693794182,69.03688260407401,69.86340233497512,69.69884880740963,67.4321517113892,-0.005207588957827802,0.0038642782652534256,London
2024-12-26 20:00:00,68.66999816894531,68.9000015258789,68.5999984741211,68.69999694824219,297,48.16771142678092,0.012996930888760971,-0.01526924405484301,0.02826617494360398,0.44004136379729164,68.75642693892281,69.02367140188453,69.84799299210448,69.71189709628192,67.46910342251692,-0.004347870315330571,0.0038729545502808323,NewYork
2024-12-27 00:00:00,68.72000122070312,68.7699966430664,68.55000305175781,68.55999755859375,520,45.29947185391041,-0.00614789929100823,-0.013444975102076056,0.007297075811067826,0.42432366576238467,68.73771937889147,69.00548811391234,69.83093344993878,69.70846798507667,67.52353198440575,-0.00479027194046211,0.0038674744465834764,Tokyo
2024-12-27 04:00:00,68.55000305175781,68.55000305175781,68.30000305175781,68.5199966430664,1657,44.484400507750216,-0.024268304809652363,-0.015609641043591319,-0.008658663766061045,0.4125858686962099,68.71698388024147,68.9864492327027,69.81357004852326,69.67139212708081,67.63660729308522,-0.0008749662640152867,0.0037195000883545664,Tokyo
2024-12-27 08:00:00,68.52999877929688,69.0,68.36000061035156,68.87999725341797,3765,52.72812234401004,-0.009470644435111808,-0.014381841721895418,0.00491119728678361,0.428829691621369,68.73250896340114,68.98227464527977,69.8012048459391,69.65618315377316,67.75281571707646,0.0017451296314645592,0.0038593525873568723,London
2024-12-27 12:00:00,68.87000274658203,68.94000244140625,68.66999816894531,68.80000305175781,1903,50.918757902601186,-0.0041504121437867525,-0.012335555806273685,0.008185143662486932,0.41748501882419536,68.73893697181606,68.97512673965146,69.78794389502279,69.64607144354291,67.83492754937701,0.0004363299426513034,0.0038400926117896426,London
2024-12-29 20:00:00,68.77999877929688,68.80000305175781,68.26000213623047,68.52999877929688,662,45.27187204343548,-0.021473643198547165,-0.014163173284728381,-0.0073104699138187845,0.42623615430299167,68.71903809633804,68.95767074120617,69.7712823703112,69.62396214580536,67.89903666400909,-0.0024745003856897485,0.003967580787291963,NewYork
2024-12-30 00:00:00,68.55000305175781,68.76000213623047,68.51000213623047,68.55000305175781,461,45.75188468053285,-0.033205478920365294,-0.017971634411855765,-0.01523384450850953,0.41364785756706374,68.70293952066373,68.94168377299252,69.75510648529725,69.58458565413163,67.99141379655195,-0.00014577752613531558,0.003949059083478264,Tokyo
2024-12-30 04:00:00,68.55999755859375,69.19999694824219,68.55999755859375,69.16000366210938,1007,57.88280412078512,0.006642339262029395,-0.013048839677078733,0.019691178939108128,0.4305297174897288,68.74646943889665,68.95024533727161,69.74722432869874,69.52669811849819,68.18230151529087,0.009340441482752704,0.004298885813993426,Tokyo
2024-12-30 08:00:00,69.16999816894531,69.25,68.55999755859375,68.63999938964844,4417,48.02391558093491,-0.0036953786461992877,-0.011178147470902846,0.007482768824703558,0.44906348348376607,68.73632943420635,68.93807882952167,69.73255909771794,69.46796428283673,68.29303501525897,-0.003484289682628039,0.004621742894471958,London
2024-12-30 12:00:00,68.6500015258789,68.80999755859375,68.44999694824219,68.4800033569336,1802,45.458372773167305,-0.024515833991486602,-0.013845684775019598,-0.010670149216467004,0.44270184968860865,68.71191742684705,68.92011508549861,69.71596895545589,69.46897579227178,68.24402393307003,-0.004651158148691992,0.0037101929401212163,London
2024-12-30 20:00:00,68.5,68.80000305175781,68.4800033569336,68.69000244140625,469,49.28774425216224,-0.02379671011330231,-0.015835889842676143,-0.007960820270626168,0.43393741005543796,68.7098302853765,68.91109106024008,69.7023799950049,69.44818482687481,68.22881483743183,0.002334797387413934,0.003771724321770057,NewYork
2024-12-31 00:00:00,68.69999694824219,68.88999938964844,68.63999938964844,68.77999877929688,426,50.879421470747396,-0.01578291134437393,-0.0158252941430157,4.23827986417713e-05,0.42079902362290666,68.71651299908319,68.90595018647761,69.69016302526043,69.39740844991194,68.23459075663102,0.0033551526958417455,0.0037308707042144917,Tokyo
2024-12-31 04:00:00,68.80000305175781,68.80000305175781,68.38999938964844,68.4000015258789,982,44.52486829570617,-0.03963760305055075,-0.02058775592452271,-0.01904984712602804,0.4200279263719401,68.68636904925421,68.88610906253257,69.67307479348055,69.29098630903393,68.2360133552727,-0.010989041295364377,0.003808703093965748,Tokyo
2024-12-31 08:00:00,68.41000366210938,68.80000305175781,68.2699966430664,68.69999694824219,4220,49.850025397908375,-0.033944206984529046,-0.02325904613652398,-0.010685160848005065,0.42788353225190195,68.68766694439593,68.87881054824668,69.66018634519925,69.14307706758645,68.3089225967202,0.0008740903136255085,0.003976771888403401,London
2024-12-31 12:00:00,68.68000030517578,68.69999694824219,68.3499984741211,68.37999725341797,2105,44.8990491141614,-0.05462378165400139,-0.029531993240019462,-0.02509178841398193,0.42232031381398705,68.65836506906469,68.85924924256713,69.64323019828825,69.08709146187685,68.2899082024298,-0.001460369430684283,0.0039795127268625425,London
2025-01-02 00:00:00,68.75,68.98999786376953,68.61000061035156,68.94999694824219,619,53.71681291814174,-0.024733173256308305,-0.028572229243277233,0.0038390559869689277,0.4357260492809567,68.68613953374826,68.86280797612302,69.63404830093664,69.07691789324942,68.29508146588144,0.0037850414557447642,0.004425908385709174,Tokyo
2025-01-02 04:00:00,68.94999694824219,69.1500015258789,68.87000274658203,69.05999755859375,1546,55.20658123331137,0.007742231564861868,-0.021309337081649414,0.029051568646511282,0.42460267285352227,68.72174505992402,68.8705409009258,69.62644497984601,69.1106712503256,68.27832792569978,0.004070933182120928,0.004424232117852172,Tokyo
2025-01-02 08:00:00,69.04000091552734,69.44000244140625,68.91000366210938,69.0999984741211,7785,55.76418922291418,0.03628865046607643,-0.009789739572104245,0.04607839003818068,0.43213096617090463,68.75776919460945,68.87953923712953,69.61947217844569,69.17017634144685,68.2708224988852,0.010233873284013706,0.00428797780826332,London
2025-01-02 12:00:00,69.0999984741211,69.25,68.5,68.5199966430664,3086,46.68868897250616,0.011972580171033087,-0.005437275623476779,0.017409855794509866,0.4548358971586972,68.73512418970058,68.86543952755844,69.60490958857312,69.16647066875278,68.25052762226285,-0.0026200918947840712,0.004677879257308481,London
2025-01-02 20:00:00,68.5,68.72000122070312,68.36000061035156,68.58000183105469,585,47.63814385791762,-0.002428173071550077,-0.004835455113091439,0.0024072820415413617,0.44806194810104477,68.7203506317343,68.85424589240144,69.59133465138744,69.15947508977347,68.23852372004099,0.002924898883740701,0.004683353791337847,NewYork
2025-01-03 00:00:00,68.58999633789062,68.58999633789062,68.06999969482422,68.11000061035156,1660,41.416274726264334,-0.05117611788382703,-0.014103587667238559,-0.037072530216588476,0.45320014059857056,68.66222205826928,68.8250598029093,69.57171433296313,69.19997973172289,68.1390194443025,-0.012182688543426301,0.004918601729647427,Tokyo
2025-01-03 04:00:00,68.0999984741211,68.18000030517578,67.94000244140625,67.97000122070312,2364,39.750852606872584,-0.09995379099493107,-0.03127362833277706,-0.06868016266215402,0.43797140653935346,68.59629626421535,68.79152809380317,69.5504995897544,69.25500445336344,68.0249950888729,-0.015783324303853652,0.004918907796192577,Tokyo
2025-01-03 08:00:00,67.9800033569336,68.19999694824219,67.70999908447266,67.73999786376953,7576,37.1106084717475,-0.15537868824767997,-0.05609464031575764,-0.09928404793192233,0.4416875820557947,68.51474403560147,68.75029161419401,69.52651943444334,69.33538520120636,67.86661446310028,-0.0196816301068502,0.004963273342513296,London
2025-01-03 12:00:00,67.7300033569336,67.95999908447266,67.62999725341797,67.76000213623047,6620,37.499434078109836,-0.19543627332633662,-0.08396296691787344,-0.11147330640846317,0.4337100284128585,68.44286385470899,68.71145673270524,69.50312185433457,69.35656088494737,67.73343926764052,-0.011091572447017084,0.004778191253321108,London
2025-01-05 20:00:00,67.76000213623047,68.06999969482422,67.76000213623047,67.94000244140625,623,41.03229740576544,-0.21023422847848394,-0.10921721922999555,-0.10101700924848839,0.42487342342577933,68.3949722915373,68.68120362324254,69.48241828595141,69.34711138224846,67.65688870930428,-0.00933215766346962,0.004839558522870547,NewYork
2025-01-06 00:00:00,67.91999816894531,68.16000366210938,67.80000305175781,68.13999938964844,620,44.767969169460144,-0.2034780638122271,-0.12806938814644186,-0.07540867566578524,0.4202396510633352,68.37068915802408,68.65997992780747,69.46463790321891,69.3427531764027,67.6222469761852,0.0004404460288951473,0.004836624523741579,Tokyo
2025-01-06 04:00:00,68.13999938964844,68.55999755859375,68.08000183105469,68.38999938964844,2646,49.10811536939569,-0.17592291412998406,-0.1376400933431503,-0.03828282078683376,0.4245079422401729,68.37252822770259,68.6493924557228,69.45040428052262,69.33508571555919,67.61391407081777,0.006179169654294325,0.004915859944368514,Tokyo
2025-01-06 08:00:00,68.4000015258789,68.75,67.86000061035156,68.56999969482422,9076,52.03087474362341,-0.13797030340616345,-0.13770613535575293,-0.00026416805041051816,0.45775733134076324,68.39133503409512,68.64627901411895,69.43874329263258,69.24495855689129,67.64504083275715,0.012252758447437229,0.004496626104981681,London
2025-01-06 12:00:00,68.56999969482422,68.75,68.4800033569336,68.70999908447266,2740,54.23248018830039,-0.09549499835536324,-0.129263907955675,0.03376890960031176,0.4443458536068806,68.42168399127394,68.64877784040733,69.4290910514649,69.252652343445,67.64434701568585,0.014020025358503219,0.004198936690498777,London
2025-01-06 20:00:00,68.5999984741211,68.87999725341797,68.48999786376953,68.80000305175781,981,55.64199577830279,-0.05394855970470758,-0.11420083830548151,0.06025227860077394,0.4404639633241347,68.45771437798669,68.65470824085244,69.42075876007804,69.28388124191096,67.64511808670233,0.012658236376915877,0.004168952762675068,NewYork
2025-01-07 00:00:00,68.80000305175781,68.97000122070312,68.70999908447266,68.9000015258789,1566,57.21846421487576,-0.012806046476399047,-0.09392187993966503,0.08111583346326598,0.42757383281744427,68.49983696350023,68.66432758536328,69.41386131326746,69.31174641344957,67.63825282361098,0.011153538935104956,0.0041267953871370975,Tokyo
2025-01-07 04:00:00,68.88999938964844,69.1500015258789,68.83999633789062,69.01000213623047,1644,58.9468709560416,0.028349031624827603,-0.0694676976267665,0.0978167292515941,0.41917607247250405,68.54842412280787,68.67788345010317,69.40851218509479,69.34688499056153,67.62611458219237,0.009065693114713946,0.004131506013528714,Tokyo
2025-01-07 08:00:00,69.0,69.08000183105469,68.41000366210938,68.7300033569336,7370,53.06953411018416,0.03793388783859086,-0.04798738053369502,0.08592126837228589,0.4370919365062761,68.56571738320079,68.67992736801808,69.39952531319861,69.3690392355358,67.63696052032357,0.002333435362716685,0.004036365106079682,London
2025-01-07 12:00:00,68.7300033569336,68.79000091552734,68.4800033569336,68.5199966430664,2892,49.114154064535015,0.028258423220776763,-0.03273821978280067,0.06099664300357743,0.4280137666553814,68.56136302699751,68.67365557488273,69.38787592683924,69.35514669179241,67.6328530335494,-0.002765280802473291,0.003977433253559824,London
2025-01-07 20:00:00,68.5199966430664,68.63999938964844,68.30000305175781,68.33000183105469,522,45.789102956374066,0.00519961638570976,-0.025150652549098585,0.030350268934808345,0.42172680745789876,68.53932862738391,68.66017895747771,69.37386434941163,69.35432893029049,67.62867125281498,-0.00683141278859456,0.0038852564453139863,NewYork
2025-01-08 00:00:00,68.33000183105469,68.5,68.26000213623047,68.38999938964844,592,47.00912936491685,-0.008139525222730981,-0.021748427083825066,0.013608901861094085,0.4087461686230153,68.52510679521862,68.64958368030794,69.36083302544125,69.29961312279008,67.62738730445602,-0.007402062771202034,0.0033667948158419307,Tokyo
2025-01-08 04:00:00,68.41000366210938,68.41000366210938,68.1500015258789,68.19999694824219,1375,43.65824674455628,-0.03365455143584484,-0.02412965195422902,-0.009524899481615817,0.39812159488069054,68.49414395264944,68.63195282807007,69.34545771316047,69.21486157785556,67.62613878835539,-0.011737504172065871,0.0033720475793677677,Tokyo
2025-01-08 08:00:00,68.19000244140625,68.61000061035156,68.04000091552734,68.51000213623047,6968,49.92948793393522,-0.028531670350929517,-0.02501005563356912,-0.003521614717360396,0.41039860201951395,68.49565425584763,68.62717044799793,69.33439207637994,69.12026611218073,67.66173462024113,-0.0032009487844864015,0.0035574339268994288,London
2025-01-08 12:00:00,68.48999786376953,68.52999877929688,68.16000366210938,68.18000030517578,2434,44.27937994585207,-0.05051780223062963,-0.030111604952981222,-0.020406197277648405,0.40751263881722727,68.46559197483126,68.6096343639657,69.31910211914546,69.1064494510712,67.64155164756161,-0.004962001671741656,0.0032048928901662376,London
2025-01-08 20:00:00,68.22000122070312,68.27999877929688,68.08999633789062,68.16000366210938,450,43.954792811276235,-0.06876287648663038,-0.03784185925971106,-0.03092101722691932,0.39197619614501455,68.4364883260006,68.5920017874223,69.30374982170127,69.08466418686328,67.621337094875,-0.002487899376406144,0.0031939548442965686,NewYork
2025-01-09 00:00:00,68.16000366210938,68.4800033569336,68.0999984741211,68.33999633789062,759,47.67303552041009,-0.0679154377190514,-0.04385657495157913,-0.024058862767472267,0.39112110233554925,68.42729861284727,68.582119220774,69.29098487489584,69.08725830792253,67.64174254656967,-0.0007311456675547223,0.0028544270475524187,Tokyo
2025-01-09 04:00:00,68.33999633789062,68.37999725341797,67.94000244140625,67.9800033569336,1547,41.71245102251903,-0.09519491365874444,-0.05412424269301219,-0.04107067096573225,0.3946120815981328,68.38469906466501,68.55850683395674,69.27362088128045,69.08662201274058,67.64337905537465,-0.0032257126268722125,0.0030696821606209903,Tokyo
2025-01-09 08:00:00,67.9800033569336,68.5,67.86000061035156,68.45999908447266,6299,50.58421126554582,-0.07719262265500504,-0.05873791868541076,-0.018454703969594276,0.4121397464588689,68.39187049512289,68.55464378495736,69.26284443364061,69.0605027520952,67.74149843809033,-0.0007298649861137152,0.003336117695092022,London
2025-01-09 12:00:00,68.45999908447266,68.75,68.38999938964844,68.54000091552734,4929,51.8983499986044,-0.05582666315022777,-0.05815566757837417,0.002329004428146396,0.40841552245120416,68.40597815420902,68.55406955478364,69.25327034730799,69.02830798352387,67.85169308459136,0.005280149732182382,0.0033386104210437464,London
2025-01-09 20:00:00,68.51000213623047,68.69999694824219,68.43000030517578,68.58999633789062,770,52.74410863592789,-0.0344625111770398,-0.0534170362981073,0.018954525121067496,0.39852845963800426,68.42350369551204,68.55547844823882,69.24448526109055,69.01450001659826,67.93050044116542,0.006308577650800284,0.0033030334233910452,NewYork
2025-01-10 00:00:00,68.5999984741211,68.61000061035156,68.4800033569336,68.58000183105469,441,52.54520835465077,-0.018128762898044215,-0.046359381618094685,0.02823061872005047,0.379347659193716,68.43840827984944,68.55644014952571,69.23568415605696,69.0149652415034,67.9740354604009,0.0035119330703123897,0.0032536082668623138,Tokyo
2025-01-10 04:00:00,68.58000183105469,68.69999694824219,68.29000091552734,68.43000030517578,1304,49.52652023073047,-0.01709100476782055,-0.04050570624803986,0.023414701480219312,0.3815368287309394,68.4376075203567,68.55148172425709,69.22501284677377,69.01558002498528,67.97742076847176,0.006619548779358553,0.0032000868185741256,Tokyo
2025-01-10 08:00:00,68.41000366210938,68.44999694824219,67.91000366210938,68.26000213623047,10061,46.2814413810454,-0.02964428461280022,-0.038333421920991935,0.008689137308191715,0.3928551471167875,68.42069272186849,68.54005115217761,69.21223124795861,69.00927113193082,67.95272990566683,-0.002921369426187259,0.003185815228934599,London
2025-01-10 12:00:00,68.26000213623047,68.33999633789062,66.9000015258789,66.95999908447266,18388,30.060684484031725,-0.1428455959180326,-0.05923585672040007,-0.08360973919763251,0.4676508374664255,68.2815790421165,68.47808832599311,69.18240035837601,69.24369699930534,67.54330403829232,-0.023052258680328452,0.005262393016587876,London
2025-01-12 20:00:00,67.08000183105469,67.3499984741211,67.08000183105469,67.12999725341797,1413,33.35031336926673,-0.21634710445022165,-0.09065810626636439,-0.12568899818385726,0.4621043054794264,68.17190458604998,68.42522200942153,69.15521621129048,69.30738755136245,67.31261290640121,-0.021285889523602775,0.005301278597113156,NewYork
2025-01-13 00:00:00,67.12000274658203,67.27999877929688,66.91999816894531,67.11000061035156,1538,33.15277884998872,-0.273063436172194,-0.1271391722475303,-0.14592426392466368,0.45481118439886464,68.0707708740787,68.37364469965408,69.12812726293367,69.31179631037317,67.12920405583777,-0.02143483787481426,0.005269038448379851,Tokyo
2025-01-13 04:00:00,67.11000061035156,67.16999816894531,66.91000366210938,66.93000030517578,2947,31.352592874637338,-0.32874647327696493,-0.16746063245341725,-0.1612858408235477,0.44089570743008416,67.96212605799272,68.31703119398826,69.09901299859251,69.2847340801634,66.94826610294207,-0.021920210336263124,0.005231361621216726,Tokyo
2025-01-13 08:00:00,66.93000030517578,67.5,66.76000213623047,67.38999938964844,13956,40.277502150138375,-0.33193130218143096,-0.20035476639902,-0.13157653578241096,0.46226014716861613,67.90763780386469,68.28067700558277,69.0763770567522,69.22327446845344,66.87572531792352,-0.012745425129722654,0.005514608594808859,London
2025-01-13 12:00:00,67.37999725341797,67.80999755859375,67.25,67.61000061035156,6428,44.02568901864929,-0.3130938906723628,-0.2229025912536886,-0.09019129941867421,0.46924139084184,67.87929140448249,68.25437597047568,69.05695485216411,69.17151520975068,66.8364849733548,0.009707310853736884,0.005570179300078446,London
2025-01-13 20:00:00,67.63999938964844,67.9800033569336,67.62000274658203,67.8499984741211,1434,47.86933603040102,-0.27562208465177207,-0.2334464899333053,-0.04217559471846677,0.4621529162518537,67.87650160159093,68.23851802944216,69.0409686749715,69.13900167850048,66.82099816891164,0.010725476689431357,0.0056233056112701485,NewYork
2025-01-14 00:00:00,67.86000061035156,67.94000244140625,67.69999694824219,67.80999755859375,886,47.28650960124147,-0.24631379587823687,-0.23601995112229163,-0.010293844755945247,0.4462852431741543,67.87016788321024,68.22171330509518,69.02466442177445,69.09574390440594,66.8062557599007,0.010430590699983089,0.005615978659069375,Tokyo
2025-01-14 04:00:00,67.83000183105469,67.91000366210938,67.73999786376953,67.83999633789062,1816,47.79981076143729,-0.21815140152911283,-0.23244624120365587,0.014294839674543036,0.4265509971145607,67.8672944027036,68.20674401226363,69.008973453776,69.07256827000609,66.7934313332654,0.01359623529905285,0.005591003566392463,Tokyo
2025-01-14 08:00:00,67.83000183105469,67.97000122070312,67.36000061035156,67.51000213623047,7674,42.85612577552857,-0.21992511547315985,-0.22994201605755668,0.010016900584396832,0.4396545409172037,67.8332665678014,68.17942080143881,68.9891195290403,69.00356570451504,66.76243389875646,0.0017807203987074693,0.005561739745213618,London
2025-01-14 12:00:00,67.51000213623047,67.55000305175781,67.36000061035156,67.47000122070312,3390,42.285223792514714,-0.22199946449732977,-0.22835350574551133,0.006354041248181563,0.42182224809499275,67.79866986807775,68.15160042572369,68.96899875674444,68.97342181549979,66.72157787932443,-0.002070690554423771,0.005477678613516606,London
2025-01-14 20:00:00,67.48999786376953,67.5,67.27999877929688,67.43000030517578,521,41.68717612064676,-0.22428571452132928,-0.2275399475006749,0.003254232979345628,0.4074064604241451,67.76355848113471,68.12330238178063,68.9486146712932,68.94158670082727,66.68041265830358,-0.006190098428749513,0.005477426019368542,NewYork
2025-01-15 00:00:00,67.41999816894531,67.55000305175781,67.3499984741211,67.36000061035156,756,40.604903790957955,-0.22910499473100288,-0.22785295694674051,-0.001252037784262361,0.3925920402250432,67.72512439820298,68.0933689789795,68.9275734254529,68.880939374613,66.64306041176394,-0.006636144586988801,0.00542669615294016,Tokyo
2025-01-15 04:00:00,67.3499984741211,67.80999755859375,67.3499984741211,67.6500015258789,2049,46.770490984516236,-0.207135924770796,-0.2237095505115516,0.016573625740755604,0.3974068290998727,67.71796983893402,68.07598202003437,68.91065194333935,68.86062967260246,66.63036993066903,-0.002800631224468386,0.005425762543156253,Tokyo
2025-01-15 08:00:00,67.63999938964844,67.83999633789062,67.4000015258789,67.58999633789062,8126,45.71309276744763,-0.19234990575522204,-0.2174376215602857,0.025087715805063665,0.40044882787929026,67.7057818864537,68.05692375798952,68.89315981611486,68.76650066936811,66.63749865924517,0.00118492370210177,0.005148459910542559,London
2025-01-15 12:00:00,67.58000183105469,67.80999755859375,67.55000305175781,67.7699966430664,2939,49.40811162284294,-0.16421439750101285,-0.20679297674843114,0.042578579247418286,0.39041637637619364,67.71189757755968,68.04567171426704,68.878283482697,68.65347590064624,66.67352300072093,0.0044463527039515505,0.005186683569729924,London
2025-01-15 20:00:00,67.7699966430664,67.7699966430664,67.55999755859375,67.58999633789062,401,46.033815341748905,-0.1546585176862152,-0.19636608493598795,0.04170756724977276,0.3775294269545124,67.70028793568645,68.02780209166404,68.86122007680552,68.50229043790866,66.72470846345853,0.002372772237738907,0.005197524458593789,NewYork
2025-01-16 00:00:00,67.55999755859375,67.58999633789062,67.16000366210938,67.19000244140625,1458,39.56709691993746,-0.1773175720501854,-0.19255638235882747,0.015238810308642076,0.38127680187070795,67.65168931718358,67.99494720341863,68.83908474388633,68.3254795466859,66.76251941571644,-0.002523725763137641,0.0053227455126328045,Tokyo
2025-01-16 04:00:00,67.18000030517578,67.20999908447266,66.69999694824219,66.87000274658203,4867,35.295351397845224,-0.21857672053158694,-0.19776044999337938,-0.02081627053820756,0.3904714686106909,67.57724297712629,67.95083173452308,68.81300418763065,68.18396048911647,66.7480387174265,-0.011529915176697991,0.005383558821186712,Tokyo
2025-01-16 08:00:00,66.9000015258789,67.4000015258789,66.5999984741211,67.05000305175781,9229,39.26728725858863,-0.23405236271203478,-0.20501883253711045,-0.029033530174924327,0.41972372454977097,67.52702965090072,67.91550511951269,68.7896531792085,68.0409241534742,66.77007514462152,-0.007989248637229052,0.005440136835876597,London
2025-01-16 12:00:00,67.05000305175781,67.16999816894531,66.69999694824219,66.73999786376953,3058,35.25354116870389,-0.2682396487873717,-0.21766299578716272,-0.050576653000209,0.4233149742750106,67.4520742426025,67.86940679575805,68.76250542668613,68.06882299554404,66.72017618048135,-0.015198448138070808,0.0034754607960974996,London
2025-01-16 20:00:00,66.80000305175781,67.05999755859375,66.63999938964844,66.94000244140625,1112,39.546863464960566,-0.2760129163137037,-0.22933297989247092,-0.046679936421232804,0.42307805960860356,67.40330549963144,67.83295956617563,68.73836631429833,68.08004752394041,66.6899521708838,-0.009616717438997613,0.0034955777706057716,NewYork
2025-01-17 00:00:00,66.94000244140625,67.11000061035156,66.83999633789062,66.8499984741211,623,38.315576624895655,-0.28613744049738443,-0.24069387201345363,-0.0454435684839308,0.41214421766948456,67.35060959243998,67.79441207236958,68.71335481972646,68.09775239943464,66.64624708176653,-0.005060335688805151,0.0035058742695515364,Tokyo
2025-01-17 04:00:00,66.87000274658203,67.02999877929688,66.80000305175781,66.94999694824219,1059,40.53098769855129,-0.2828318482271044,-0.2491214672561838,-0.03371038097092058,0.39913361123159724,67.31245600727829,67.76129775377636,68.68999908632932,68.09623910374269,66.64976004176513,0.0011962643692913222,0.0034739768154947036,Tokyo
2025-01-17 08:00:00,66.94000244140625,67.5999984741211,66.9000015258789,67.55999755859375,12096,51.883551620427966,-0.2283578244177562,-0.24496873868849828,0.016610914270742072,0.42062384958949656,67.33603139311785,67.75340362847508,68.6750321786772,68.10955999418496,66.65343896821739,0.007606181709525872,0.003729971096521049,London
2025-01-17 12:00:00,67.55000305175781,67.62999725341797,67.2699966430664,67.55999755859375,9974,51.883551620427966,-0.18307637756521444,-0.2325902664638415,0.04951388889862707,0.4162936182153584,67.35736150411556,67.74581907671504,68.66026350821252,68.10409334176136,66.6539053154652,0.012286480687308643,0.0036563434549317193,London
2025-01-21 00:00:00,67.86000061035156,68.1500015258789,67.86000061035156,68.06999969482422,1413,59.39894388443514,-0.1048291889351276,-0.20703805095809874,0.10220886202297114,0.4287015002917725,67.42523180799257,67.75853204213108,68.65244544445905,68.15096658469751,66.62903219459936,0.01688074711988663,0.003957097266049391,Tokyo
2025-01-21 04:00:00,68.08999633789062,68.30000305175781,68.0,68.0,2381,58.05854797137969,-0.04791379812618857,-0.17521320039171673,0.12729940226552816,0.4195087539679182,67.47997163580281,67.76800137381223,68.64380378294304,68.18683142568266,66.61216759775483,0.017202715813435576,0.003962701723506585,Tokyo
2025-01-21 08:00:00,68.0,68.12999725341797,67.36000061035156,67.66000366210938,11399,51.92901693026196,-0.029898156519280406,-0.14615019161722947,0.11625203509794907,0.44454360318923875,67.4971175430701,67.76376616943172,68.63077331776644,68.16055659742376,66.6204431584356,0.01060502981674638,0.00412517974521819,London
2025-01-21 12:00:00,67.62999725341797,67.87000274658203,67.55999755859375,67.63999938964844,3136,51.58394562875628,-0.017038400282615385,-0.12032783335030665,0.10328943306769127,0.43493371638917033,67.51072533798232,67.75891257022454,68.61765048428143,68.1734714055453,66.62052807565588,0.0011841597682904492,0.003972294289951714,London
2025-01-21 20:00:00,67.62000274658203,67.62000274658203,67.26000213623047,67.3499984741211,712,46.73545553838886,-0.029902899053411147,-0.10224284649092756,0.07233994743751641,0.4310096833197988,67.49541801761458,67.74287672331853,68.60086039143162,68.16695050251687,66.6150487040261,-0.0031083346959941416,0.004090680597232119,NewYork
2025-01-22 00:00:00,67.31999969482422,67.4000015258789,67.16000366210938,67.36000061035156,781,46.92076376470264,-0.03884325731924321,-0.0895629286565907,0.05071967133734749,0.41736598192335106,67.48252112168477,67.72786197379041,68.58442516254314,68.16334129060925,66.61165794645129,-0.01043042585067977,0.004089232014874675,Tokyo
2025-01-22 04:00:00,67.37000274658203,67.69000244140625,67.29000091552734,67.3499984741211,1009,46.74562505864382,-0.04620304452230073,-0.0808909518297327,0.03468790730743197,0.4161256636344622,67.46989991715489,67.7130437973328,68.56807514017994,68.1629287086898,66.6110703147477,-0.009558845968807406,0.004082766409420348,Tokyo
2025-01-22 08:00:00,67.3499984741211,67.95999908447266,67.16000366210938,67.58000183105469,7946,51.2517400939714,-0.033094883008374154,-0.071331738065461,0.03823685505708685,0.4435449321150921,67.48038581371678,67.70782646532189,68.55498807648291,68.15505283404687,66.61194621990822,-0.0011824094993285739,0.004038143134323616,London
2025-01-22 12:00:00,67.58999633789062,67.66999816894531,67.11000061035156,67.16000366210938,4579,43.94022811554845,-0.05595193366964679,-0.06825577718629816,0.01230384351665137,0.4518629768635677,67.44987322784941,67.68634321813708,68.53651146172301,68.13328913314842,66.59071065322854,-0.007096329566385506,0.004266888973630635,London
2025-01-22 20:00:00,67.13999938964844,67.36000061035156,66.91999816894531,67.02999877929688,1077,41.94551228620112,-0.08359301035318367,-0.07132322381967526,-0.012269786533508409,0.45101579575947354,67.40988518513012,67.6606042205355,68.51655765135976,68.08479183233106,66.56520816766894,-0.00475129475982361,0.0042215662481552094,NewYork
2025-01-23 00:00:00,67.01000213623047,67.08000183105469,66.80999755859375,66.83000183105469,2334,39.01151359621671,-0.12025067017466995,-0.0811087130906742,-0.039141957083995746,0.43808640123814957,67.3546581990277,67.62803157781076,68.4942191636736,68.06674622261123,66.50725432670517,-0.007868152828006791,0.004230841353537261,Tokyo
2025-01-23 04:00:00,66.81999969482422,67.12000274658203,66.76000213623047,66.83000183105469,2103,39.01151359621671,-0.14760068091599976,-0.09440710665573933,-0.05319357426026043,0.43250884474625045,67.3046909258874,67.59673629362425,68.47217654999653,68.07437387521426,66.46362661306699,-0.007720811504787428,0.004038109156744812,Tokyo
2025-01-23 08:00:00,66.83000183105469,67.69999694824219,66.83000183105469,67.44000244140625,8667,51.10865294415637,-0.11868567561788268,-0.099262820448168,-0.019422855169714676,0.4637578642063397,67.31757773688919,67.59058986804708,68.45850536975031,68.0835328413756,66.51146761638806,-0.0020716097344659623,0.004397546729380569,London
2025-01-23 12:00:00,67.44999694824219,67.63999938964844,67.41999816894531,67.5,3028,52.11471528886644,-0.08989279584558574,-0.09738881552765155,0.007496019682065813,0.4463466753846815,67.33495128575689,67.58703732420209,68.44580993438939,68.101954572815,66.5380455797729,0.0050624824203582275,0.004367098817074994,London
2025-01-23 20:00:00,67.47000122070312,67.94000244140625,67.45999908447266,67.93000030517578,1362,58.67764592963031,-0.03200783383506689,-0.08431261918913463,0.05230478535406774,0.44875072406674665,67.39162262093964,67.60048685286772,68.43897801877067,68.15671430375198,66.60228609297653,0.013426846818873628,0.0043999281206952715,NewYork
2025-01-24 00:00:00,67.91999816894531,68.1500015258789,67.8499984741211,68.12999725341797,1166,61.33215948614907,0.02966256627607322,-0.061517582096093065,0.09118014837216629,0.43812589033039423,67.46194401450902,67.62125196661479,68.43488555830243,68.25574270660081,66.62225717132887,0.01945227273298089,0.004398620498241751,Tokyo
2025-01-24 04:00:00,68.12999725341797,68.25,68.04000091552734,68.19999694824219,2022,62.24630805155462,0.08322581761663628,-0.0325689021535472,0.11579471977018348,0.421831118483413,67.53223477010265,67.64394784824725,68.4317744508844,68.34122584781952,66.67177387752227,0.020499701925055014,0.004367294568963408,Tokyo
2025-01-24 08:00:00,68.19000244140625,68.44000244140625,67.5,67.58999633789062,9467,50.94375353910279,0.0755818682102074,-0.010938748080796281,0.08652061629100369,0.4588433558350442,67.53773587179674,67.64183210274307,68.42062507190435,68.33142137078318,66.74557829352347,0.002224108704840244,0.004900806687053521,London
2025-01-24 12:00:00,67.58000183105469,67.69999694824219,67.5,67.68000030517578,5012,52.31944296782809,0.07591149078677972,0.00643129969271892,0.0694801910940608,0.4403543267212687,67.55128486545189,67.64332889499532,68.41081547234504,68.33991867936837,66.74908125959647,0.0026666711877894045,0.004473394648735634,London
2025-01-26 20:00:00,67.69000244140625,67.93000030517578,67.5999984741211,67.83000183105469,560,54.60430239797622,0.08727058756745976,0.022599157267667088,0.06467143029979266,0.43247200560222715,67.57782933836644,67.65064940229178,68.4031225764339,68.36362617854523,66.7523741876657,-0.0014720811669637346,0.004498404715681501,NewYork
2025-01-27 00:00:00,67.80999755859375,67.95999908447266,67.77999877929688,67.94999694824219,757,56.40407104869047,0.1047478882673687,0.039028903467607415,0.06571898479976128,0.41443831271462384,67.61327387264032,67.66238852174081,68.39712091248434,68.343229048814,66.76077104273874,-0.0026420125118491455,0.0041781556879784435,Tokyo
2025-01-27 04:00:00,67.93000030517578,67.93000030517578,67.5999984741211,67.80000305175781,1671,53.54630799927225,0.10528189692219314,0.05227950215852456,0.05300239476366858,0.40983546710080027,67.63105760398484,67.66778516997678,68.3892120666469,68.31421607157097,66.76978432515756,-0.005865013407374997,0.004200435249493119,Tokyo
2025-01-27 08:00:00,67.80000305175781,68.16999816894531,67.52999877929688,67.66999816894531,7647,51.12835238880021,0.09412972619180948,0.060649546965181544,0.03348017922662794,0.4262757472827744,67.63476622921917,67.66787195425006,68.37968605475682,68.31505019172988,66.76994965568224,0.0011836341972080167,0.004066686940588339,London
2025-01-27 12:00:00,67.66999816894531,67.70999908447266,67.20999908447266,67.37000274658203,5181,45.96976574135517,0.06038830829496078,0.060597299231137394,-0.00020899093617661457,0.43154176533400485,67.6095506594442,67.65619080885132,68.36631276590683,68.3038094500887,66.75419073301676,-0.004580342157150419,0.0041869191429525525,London
2025-01-27 20:00:00,67.30000305175781,67.44000244140625,67.05000305175781,67.13999938964844,588,42.43472401811458,0.014916692485968497,0.051461177882103616,-0.03654448539613512,0.42857445278503575,67.56483149089222,67.63594800809827,68.35007020463188,68.30905494732293,66.72794532733526,-0.010172525767061735,0.004146160227893689,NewYork
2025-01-28 00:00:00,67.16000366210938,67.16000366210938,66.91000366210938,67.02999877929688,1293,40.818058408842745,-0.02965418559737998,0.0352381051862069,-0.06489229078358688,0.41581913472896176,67.51389504216885,67.6121852932433,68.33258581489234,68.31978997214638,66.68421011940636,-0.013539340842738778,0.004158507765862663,Tokyo
2025-01-28 04:00:00,67.04000091552734,67.33999633789062,67.0,67.26000213623047,1490,45.49397833571761,-0.045888603649785864,0.01901276341900835,-0.06490136706879421,0.4104032206690806,67.48971476541281,67.59837418904672,68.31837940855245,68.31978975029084,66.67521070747283,-0.007964614914767965,0.004238910853530508,Tokyo
2025-01-28 08:00:00,67.23999786376953,67.5999984741211,67.19999694824219,67.2300033569336,7377,44.99464247901846,-0.06047799501764928,0.0031146117316768265,-0.0635926067493261,0.4096602424697824,67.46498034555765,67.5839282740619,68.30396383170981,68.30976037022783,66.65024024012372,-0.006502066261524386,0.004159430768816349,London
2025-01-28 12:00:00,67.2300033569336,67.2699966430664,66.94999694824219,67.01000213623047,4024,41.40540598202757,-0.08876917685749675,-0.01526214598615789,-0.07350703087133886,0.4032559176379564,67.42164908752649,67.56142136669597,68.28682526620676,68.31701924998042,66.62798120778326,-0.005343633600635833,0.003984790448803338,London
2025-01-28 20:00:00,67.0,67.16000366210938,66.94000244140625,67.13999938964844,574,44.23607054760285,-0.09955286689401532,-0.03212029016772938,-0.06743257672628594,0.39016629642832557,67.3948253067762,67.5448950146549,68.27163551949738,68.31174931406366,66.64425120473516,0.0,0.003985565343044044,NewYork
2025-01-29 00:00:00,67.13999938964844,67.13999938964844,66.9800033569336,66.98999786376953,344,41.730913623485556,-0.11883305497686081,-0.04946284312955567,-0.06937021184730513,0.37372556330593404,67.35627031220413,67.52313434207116,68.25466018630894,68.29631091726755,66.67568920480277,-0.0005967613942385874,0.003958548493816406,Tokyo
2025-01-29 04:00:00,66.9800033569336,67.0199966430664,66.66000366210938,66.66000366210938,4537,36.79424872082609,-0.15890871637104453,-0.07135201777785344,-0.0875566985931911,0.3727446645667267,67.2899592026713,67.48928608011188,68.23353890784273,68.3197226387751,66.63527766640068,-0.008920583631648382,0.004117225208421186,Tokyo
2025-01-29 08:00:00,66.66999816894531,67.11000061035156,66.62999725341797,66.70999908447266,10292,37.991095162611714,-0.18450786221647775,-0.09398318666557831,-0.09052467555089944,0.3804059997357887,67.2347249057,67.45872580577308,68.21335957243386,68.35064022227814,66.53135974720428,-0.007734705436502232,0.0035130094172468036,London
2025-01-29 12:00:00,66.72000122070312,66.79000091552734,66.63999938964844,66.66000366210938,3307,37.23185153989252,-0.20644975818456146,-0.11647650096937495,-0.08997325721518651,0.3639485373174399,67.17998954916757,67.42740336876668,68.192785321966,68.37249739354222,66.42550294215114,-0.005223078092275735,0.0034968911488483345,London
2025-01-29 20:00:00,66.66999816894531,66.68000030517578,66.5,66.52999877929688,1571,35.25861695688407,-0.23165875840460615,-0.1395129524564212,-0.09214580594818494,0.35080937787875,67.11808566632274,67.39221103192472,68.17076165914919,68.34225561436396,66.3157445687415,-0.009085502173025173,0.0030948173938348993,NewYork
2025-01-30 00:00:00,66.52999877929688,66.56999969482422,66.44999694824219,66.47000122070312,734,34.35372542900221,-0.2535555437821557,-0.1623214707215681,-0.09123407306058762,0.33432318992898435,67.0563633381685,67.35604594128858,68.1482350308254,68.25493566933893,66.23706491049505,-0.007762302726503578,0.0029505778160384293,Tokyo
2025-01-30 04:00:00,66.45999908447266,66.55000305175781,66.27999877929688,66.37000274658203,2706,32.840893467352245,-0.2757987092496421,-0.1850169184271829,-0.09078179082245921,0.32972898153840957,66.99099566277931,67.31737758071186,68.12468228533874,68.13053805562575,66.17846310404221,-0.004350448538786744,0.002902421269883401,Tokyo
2025-01-30 08:00:00,66.37999725341797,66.55000305175781,66.01000213623047,66.31999969482422,15310,32.08014515648054,-0.2940715329413166,-0.20682784133000964,-0.08724369161130696,0.34474840539476204,66.92709128487883,67.27826472244176,68.10077920466968,68.11195737651765,66.07004411884368,-0.005846190900926196,0.0022815413425516093,London
2025-01-30 12:00:00,66.33000183105469,66.51000213623047,66.23999786376953,66.26000213623047,4173,31.147803246853655,-0.30982273528908877,-0.2274268201218255,-0.08239591516726327,0.3394095387566317,66.86355898500756,67.23833285631582,68.07639805144531,68.06569301028588,65.97430866818092,-0.006000622620821683,0.002217876848510738,London
2025-01-30 20:00:00,66.25,66.37999725341797,66.19999694824219,66.36000061035156,377,34.561438416827855,-0.3106555912124378,-0.24407257433994797,-0.06658301687248983,0.3280231649294281,66.81560104456413,67.20388845451329,68.05366431050366,67.95858004176581,65.93442151463067,-0.0025552107630312237,0.0021680929817588374,NewYork
2025-01-31 00:00:00,66.30999755859375,66.4800033569336,66.25,66.25,716,32.644134886122984,-0.31654285646574465,-0.25856663076510733,-0.05797622570063732,0.3210217500725828,66.76173427841516,67.16648106414021,68.02977471698706,67.80171987049822,65.92128199107405,-0.0033097821071590428,0.002062773254020661,Tokyo
2025-01-31 04:00:00,66.26000213623047,66.26000213623047,65.69999694824219,65.7699966430664,4211,25.89375812519522,-0.3558389263031785,-0.27802108987272156,-0.07781783643045692,0.33809199563798986,66.66728307504862,67.11171696919614,67.9998438815709,67.71185248266148,65.80814873804165,-0.009040320606985675,0.0024573602924460856,Tokyo
2025-01-31 08:00:00,65.77999877929688,66.05999755859375,65.70999908447266,65.76000213623047,9771,25.77424637597855,-0.38336858354388426,-0.29909058860695414,-0.08427799493693011,0.338942458386783,66.58087536658975,67.05870854437396,67.97017710348692,67.615190484881,65.71381113255063,-0.008443871549617232,0.0024739630813793378,London
2025-01-31 12:00:00,65.76000213623047,66.41999816894531,65.72000122070312,65.9000015258789,12174,30.605813955330774,-0.3894004880933579,-0.3171525685042349,-0.07224791958912302,0.3647320648050262,66.516030238903,67.01326905345259,67.94275755941264,67.53932698251157,65.64267451284977,-0.00543315120351795,0.0024891676769366548,London
2025-02-02 20:00:00,65.56999969482422,67.04000091552734,65.05999755859375,65.41000366210938,4454,24.576072955209952,-0.42877687551295196,-0.33947742990597835,-0.08929944560697362,0.48010858567135245,66.41069437444646,66.9503959008509,67.90921115017684,67.55235520215234,65.45664672045507,-0.01431580680386546,0.002828335128124059,NewYork
2025-02-03 00:00:00,66.66000366210938,66.80999755859375,65.04000091552734,65.06999969482422,1938,21.422269124894086,-0.4818637989383632,-0.3679547037124553,-0.11390909522590786,0.5722434469138563,66.2830091668634,66.87665487316359,67.87160570043707,67.60343208534611,65.20956992881405,-0.017811325361143826,0.002960262881380198,Tokyo
2025-02-03 04:00:00,65.08000183105469,66.66999816894531,65.01000213623047,65.38999938964844,7556,30.466406050120852,-0.49243775133481904,-0.39285131323692807,-0.09958643809789097,0.6499400601853554,66.19796061665245,66.81835465812378,67.83873674267828,67.52130763423678,65.10469410526518,-0.005777668736707042,0.0031044579986930563,Tokyo
2025-02-03 08:00:00,65.38999938964844,67.18000030517578,65.20999908447266,65.23999786376953,21692,28.793422278707396,-0.5070762944353646,-0.4156963094766154,-0.09137998495874922,0.7442301430794819,66.10672606875883,66.75645831324715,67.80431636017617,67.4315629625601,64.99543822762544,-0.007907607292707786,0.003101798613472725,London
2025-02-03 12:00:00,66.33999633789062,67.27999877929688,65.20999908447266,66.19999694824219,17917,48.34372259815082,-0.43618546768232136,-0.4197941411177566,-0.016391326564564768,0.838927968204106,66.11560900966201,66.73463629893324,67.78306709644194,67.33198563560067,65.01401503578604,0.00455228247977324,0.004719434410020355,London
2025-02-03 20:00:00,67.25,68.16000366210938,66.04000091552734,67.81999969482422,2996,65.53851463325176,-0.24644245875892068,-0.38512380464598944,0.13868134588706876,0.9304333095168149,66.27793193205841,66.77719956936035,67.78355626993046,67.5156615868024,64.89833911510189,0.03684445647127976,0.007277445939245575,NewYork
2025-02-04 00:00:00,66.75,67.83999633789062,66.56999969482422,66.68000030517578,3003,52.3362125949189,-0.18591506736626684,-0.34528205719004496,0.15936698982377812,0.9546878333417858,66.31622415806959,66.77338783350997,67.7689396346357,67.46806341771186,64.91493752833306,0.02474259440452431,0.008248237337263249,Tokyo
2025-02-04 04:00:00,66.66000366210938,67.83000183105469,66.5,66.54000091552734,2075,50.97807823655237,-0.14754267422586054,-0.3057341805972081,0.15819150637134755,0.9814959760355644,66.33753623020843,66.76423540535379,67.75266230060777,67.45389333540135,64.91710733598538,0.01758681046969013,0.008187217277843354,Tokyo
2025-02-04 08:00:00,67.63999938964844,68.18000030517578,66.41000366210938,68.0199966430664,9217,62.15789597174205,0.0022649017901272828,-0.24413436411974102,0.2463992659098683,1.0378174522520531,66.49777055524252,66.81348094408762,67.75620315282576,67.7481112485821,64.75388917866398,0.04261187722755455,0.00956474563397994,London
2025-02-04 12:00:00,68.04000091552734,68.0999984741211,67.80000305175781,68.04000091552734,7112,62.283102603884316,0.12120548135177955,-0.1710663950254369,0.29227187637721647,0.9851158786885694,66.64464963717441,66.86157976649702,67.75996206359004,68.01111568202819,64.62888447055971,0.027794623143619468,0.009557699866852747,London
2025-02-04 20:00:00,68.05000305175781,68.23999786376953,68.0199966430664,68.12000274658203,619,62.81301595957482,0.21939319851297512,-0.09297447631775449,0.3123676748307296,0.930464831689609,66.785159457118,66.91092968728466,67.76473081435815,68.27195413826139,64.52704641105503,0.004423518919312253,0.009531984423077637,NewYork
2025-02-05 00:00:00,68.13999938964844,68.33000183105469,68.13999938964844,68.2699966430664,917,63.83883248809168,0.30578601482876877,-0.013222378088449845,0.3190083929172186,0.8790029926026838,66.92657252244642,66.96422643064865,67.77142307699005,68.5407222023193,64.43827788923343,0.023845175924019912,0.009521534972632735,Tokyo
2025-02-05 04:00:00,68.27999877929688,68.37000274658203,68.05999755859375,68.27999877929688,3153,63.91032582331662,0.3707858445779948,0.06357926644483909,0.3072065781331557,0.8383602922730835,67.05547026119409,67.01582534628193,67.77815917900736,68.78523358913684,64.38476610568738,0.02614965193611085,0.009502733826584188,Tokyo
2025-02-05 08:00:00,68.27999877929688,68.4000015258789,67.4000015258789,67.44999694824219,10642,54.313983377062115,0.35127518512840084,0.12111845018155146,0.23015673494684938,0.849905985682149,67.09304423138914,67.03285168361371,67.77381265939458,68.87092189982305,64.41207752034298,-0.008379884195162224,0.00997556445430407,London
2025-02-05 12:00:00,67.45999908447266,67.52999877929688,67.08999633789062,67.16000366210938,3882,51.40948248605161,0.3088525523623815,0.15866527061771749,0.15018728174466403,0.8206271610910133,67.09942132002917,67.03783803571159,67.76568273890075,68.91982826706422,64.4531713056897,-0.012933527947927237,0.010035836513470108,London
2025-02-05 20:00:00,67.23999786376953,67.23999786376953,66.93000030517578,67.06999969482422,506,50.50673242887877,0.26491595605443763,0.17991540770506154,0.08500054834937609,0.7841536180554944,67.09661926048584,67.03909927724541,67.75646839394611,68.95604761364078,64.48795186756038,-0.015414019515882948,0.010043600829524522,NewYork
2025-02-06 00:00:00,67.05000305175781,67.22000122070312,67.0,67.0999984741211,504,50.81673710358035,0.2298667765997635,0.18990568148400194,0.03996109511576157,0.7438570182446109,67.09694109035587,67.04148748104446,67.74777342812062,68.99307397550504,64.53592535310824,-0.01713780908855722,0.010030450497519494,Tokyo
2025-02-06 04:00:00,67.08999633789062,67.38999938964844,67.05000305175781,67.3499984741211,1788,53.43436981735677,0.21973004880366886,0.19587055494793532,0.02385949385573355,0.7150098267907549,67.1210417935716,67.05358595136119,67.74250488568356,69.0353523126209,64.65164719909784,-0.01362039135621318,0.00987418206294916,Tokyo
2025-02-06 08:00:00,67.37999725341797,67.63999938964844,67.16000366210938,67.3499984741211,10045,53.43436981735677,0.2092841219115229,0.19855326834065284,0.010730853570870058,0.6982231054156339,67.14284719171918,67.06520997186158,67.73730612526552,69.0641356798069,64.78186346570092,-0.0014825571333654253,0.009873155885254168,London
2025-02-06 12:00:00,67.33999633789062,67.37000274658203,67.18000030517578,67.2699966430664,4288,52.39935492630265,0.1923330744684506,0.1973092295662124,-0.0049761550977618085,0.6619216294149636,67.15495666327607,67.07324082171274,67.73111659569997,69.081890418652,64.90110823857458,0.0016377750887330844,0.009884506116315432,London
2025-02-06 20:00:00,67.30999755859375,67.75,67.2699966430664,67.63999938964844,705,56.58757642931759,0.2063763980000175,0.19912266325297345,0.007253734747044049,0.6489274670948657,67.20115120864486,67.0954666479063,67.7299097452887,69.07261144970231,65.13338678027817,0.008498579057965916,0.009721726183417973,NewYork
2025-02-07 00:00:00,67.66999816894531,67.72000122070312,67.43000030517578,67.47000122070312,469,54.2268005234201,0.20146602662882174,0.19959133592814313,0.0018746907006786107,0.6232898562686141,67.22675597169803,67.11015427821206,67.72646724827432,68.94839001474405,65.4976083678243,0.00551419903123751,0.009639557850882649,Tokyo
2025-02-07 04:00:00,67.4800033569336,67.56999969482422,67.3499984741211,67.4000015258789,498,53.24183000671818,0.18973893919671525,0.19762085658185757,-0.007881917385142323,0.5944835251567934,67.24325554828668,67.1215208369441,67.72214319897107,68.81805504756214,65.82894354862925,0.000742435826142307,0.009630744018793965,Tokyo
2025-02-07 08:00:00,67.41999816894531,67.7300033569336,67.05999755859375,67.12999725341797,15056,49.506486643923765,0.15684998070804568,0.18946668140709522,-0.03261670069904954,0.5998779732412969,67.23246904401347,67.12185324543327,67.71430020631475,68.55381987508355,66.2821786600727,-0.0032665363873417563,0.009674066926316291,London
2025-02-07 12:00:00,67.11000061035156,67.19999694824219,66.73999786376953,66.94999694824219,13731,47.13246331856825,0.1149358153173381,0.17456050818914381,-0.05962469287180572,0.5898866240435369,67.2055669396543,67.11511378279833,67.70417698435352,68.46443739306685,66.4465611420894,-0.004756945306867322,0.00919502676473335,London
2025-02-09 20:00:00,67.0,67.33000183105469,66.94999694824219,67.25,896,51.322237330048104,0.10471913926464538,0.16059223440424414,-0.05587309513959876,0.5748950710984628,67.20979865968722,67.12040343837488,67.69816139515679,68.42472470387324,66.4292738618006,-0.005765810070485045,0.007415069835090796,NewYork
2025-02-10 00:00:00,67.27999877929688,67.69999694824219,67.16999816894531,67.54000091552734,921,55.03213690082073,0.11865521665272638,0.1522048308539406,-0.03354961420121422,0.5716881931126352,67.24124649357677,67.13685824140047,67.69606655436701,68.40428180403227,66.53571682267672,0.001037493605420936,0.0063708868574802345,Tokyo
2025-02-10 04:00:00,67.58000183105469,68.0199966430664,67.58000183105469,67.97000122070312,4112,59.910922018259654,0.16252361824827233,0.15426858833280693,0.008255029915465395,0.5651387312859515,67.31065170568404,67.16953051509861,67.69969482809331,68.39115037309402,66.69184828413255,0.008456968574479307,0.006458940894126528,Tokyo
2025-02-10 08:00:00,67.98999786376953,68.2300033569336,67.70999908447266,67.70999908447266,17231,55.957607105722765,0.17430041640020022,0.1582749539462856,0.01602546245391462,0.561914841369879,67.3486847893782,67.19072536095642,67.69983130831027,68.3498141112473,66.7021847901199,0.008639979961047262,0.004260963234822491,London
2025-02-10 12:00:00,67.70999908447266,67.87999725341797,67.5,67.83000183105469,4456,57.35625906146494,0.19111379170070109,0.1648427214971687,0.026271070203532393,0.5489207279447426,67.39452450763311,67.21579502645048,67.7015554211943,68.31677483341964,66.71422415950029,0.013144210947355406,0.004283228528583636,London
2025-02-10 20:00:00,67.91999816894531,68.0999984741211,67.88999938964844,68.06999969482422,1385,60.086255593191254,0.22125385787272478,0.1761249487722799,0.04512890910044487,0.5289975790248614,67.45885547784178,67.24929324873965,67.70643547779868,68.30660823097385,66.71939045677028,0.012193304012255934,0.004353581036077473,NewYork
2025-02-11 00:00:00,68.06999969482422,68.27999877929688,68.05000305175781,68.19999694824219,2016,61.52312747903142,0.25271660961495,0.19144328094081392,0.061273328674136096,0.5076403039187329,67.52944037978467,67.28657574675937,67.7129727158178,68.28955298233106,66.72944573593065,0.009771928098436078,0.004346181111484477,Tokyo
2025-02-11 04:00:00,68.18000030517578,68.30999755859375,68.05000305175781,68.27999877929688,5028,62.419741996914404,0.28086886477217377,0.20932839770708592,0.07154046706508785,0.48995131841281897,67.60092213211917,67.32553351274125,67.72048299480429,68.28955298233106,66.72944573593065,0.004560799662003401,0.004354683508481368,Tokyo
2025-02-11 08:00:00,68.26000213623047,68.6500015258789,67.91999816894531,68.5199966430664,20122,65.05082789510759,0.3188698188881034,0.23123668194328942,0.08763313694481398,0.5070978925928743,67.68845303792367,67.37237520412654,67.73107257954948,68.46336378682837,66.66263490091576,0.011962746559532889,0.0033296606746217876,London
2025-02-11 12:00:00,68.51000213623047,68.51000213623047,68.26000213623047,68.48999786376953,6815,64.44348330603903,0.34261573708188564,0.25351249297100864,0.089103244110877,0.4894476507530931,67.76479064038517,67.41620354372039,67.74112457006895,68.59839349997019,66.66060460793996,0.009730149121309317,0.003124033529031234,London
2025-02-11 20:00:00,68.44999694824219,68.80000305175781,68.44999694824219,68.56999969482422,1331,65.37200220401058,0.3636975485476768,0.27554950408634227,0.08814804446133451,0.4794875402361311,67.84147721699841,67.46145045160682,67.75210304854254,68.7220394370484,66.68695867086176,0.007345379789064577,0.003075907489703799,NewYork
2025-02-12 00:00:00,68.55000305175781,68.55999755859375,68.44000244140625,68.5199966430664,1039,64.24278581908293,0.37208108846130017,0.2948558209613339,0.07722526749996628,0.45452394832054804,67.90609811471917,67.50296206695818,67.76227382462895,68.8134007603286,66.73759716447607,0.004692077846675913,0.003100326662026475,Tokyo
2025-02-12 04:00:00,68.52999877929688,68.94999694824219,68.5199966430664,68.91000366210938,5180,68.77352390559696,0.40552081967385334,0.31698882070383777,0.08853199897001557,0.45277225952449324,68.00170816685157,67.55814016872881,67.77747554433068,68.98684639432449,66.72015204927902,0.009226785209075272,0.0032177390693610797,Tokyo
2025-02-12 08:00:00,68.91999816894531,68.97000122070312,68.41000366210938,68.5199966430664,17156,60.51582701602903,0.39598704836774345,0.33278846623661895,0.0631985821311245,0.4604312094580116,68.05106897411012,67.59586003046755,67.78731026087023,69.05664535349243,66.76735290700563,0.0,0.003556483154183493,London
2025-02-12 12:00:00,68.52999877929688,68.63999938964844,68.44999694824219,68.5,6659,60.11725558967896,0.38240972270247653,0.3427127175297905,0.03969700517268604,0.4411148688828857,68.09382430990915,67.63131649986099,67.79674986006401,69.10500537912745,66.84199321706396,0.00014603791126344134,0.003534870432738203,London
2025-02-12 20:00:00,68.5999984741211,68.5999984741211,68.43000030517578,68.51000213623047,952,60.25825085201167,0.36821216249077793,0.34781260652198803,0.020399555968789895,0.42174939031591613,68.13346029336833,67.66577476011076,67.80619691007945,69.16134217223653,66.87265669861308,-0.0008749826288577678,0.003368537089322983,NewYork
2025-02-13 00:00:00,68.51000213623047,68.55000305175781,68.2300033569336,68.3499984741211,1379,56.79900031278183,0.34012874298295515,0.3462758338141815,-0.006147090831226332,0.414481554923652,68.15408297724954,67.69260706262097,67.81339957980187,69.18426361776106,66.93773497843036,-0.0024810008358707725,0.0033599747281421112,Tokyo
2025-02-13 04:00:00,68.33000183105469,68.3499984741211,67.91999816894531,67.94999694824219,3261,49.19559529499585,0.28234099921887434,0.3334888668951201,-0.05114786767624574,0.41559003708451836,68.13464621258217,67.70270078362572,67.81520881646995,69.16977138943611,67.00722674899163,-0.0139313113169236,0.0036488332131753274,Tokyo
2025-02-13 08:00:00,67.94999694824219,68.3499984741211,67.80999755859375,67.95999908447266,16485,49.37807806452686,0.23464603136264373,0.3137202997886248,-0.07907426842598109,0.42447652840186306,68.11801315276222,67.71279091307069,67.81712656836403,69.11587873684292,67.14411958469029,-0.00817276103370057,0.0034990762961240097,London
2025-02-13 12:00:00,67.94999694824219,68.16000366210938,67.94000244140625,68.08999633789062,5566,51.80124009780478,0.2049743014759855,0.29197110012609695,-0.08699679865011145,0.4098711492805246,68.1153448846792,67.72758328267147,67.82074073749683,69.00276717414467,67.37123108635338,-0.005985454921304756,0.003421035996628241,London
2025-02-13 20:00:00,68.18000030517578,68.41000366210938,68.12000274658203,68.37999725341797,976,56.77237015647967,0.2025253063478658,0.2740819413704507,-0.07155663502258491,0.403452304633255,68.14054987217813,67.75316814426938,67.82814810856864,68.93273264021369,67.55426534562616,-0.001897604419191068,0.003409043226825757,NewYork
2025-02-14 00:00:00,68.4000015258789,68.68000030517578,68.30999755859375,68.45999908447266,1190,58.0575338997513,0.20468050972081642,0.2602016550405239,-0.05552114531970748,0.40106305048673896,68.17097360668237,67.78088700466951,67.83651699566671,68.89926110883616,67.6797366938982,0.0016093725355854627,0.0033117977153620786,Tokyo
2025-02-14 04:00:00,68.47000122070312,68.63999938964844,68.0999984741211,68.11000061035156,2443,50.924493751744244,0.17611641175298587,0.24338460638301632,-0.06726819463003045,0.41098718370392506,68.16516665465086,67.79379342057861,67.84013929519897,68.89390698101701,67.6990907606822,0.0023547265532808392,0.003271304647798479,Tokyo
2025-02-14 08:00:00,68.11000061035156,68.8499984741211,68.0999984741211,68.33999633789062,10245,54.850136935305564,0.17007734560748133,0.22872315422790934,-0.05864580862042801,0.43520238486793045,68.1818171006737,67.81521314282614,67.84675991828098,68.85780969110691,67.7981877759341,0.005591484086773457,0.0032112156091738636,London
2025-02-14 12:00:00,68.31999969482422,68.37999725341797,68.13999938964844,68.3499984741211,9877,55.01865101388877,0.1642055713681856,0.2158196376559646,-0.05161406628777901,0.4212592047894733,68.19783437433536,67.83618511660241,67.85342532961661,68.82912438601359,67.87887274533408,0.0038185071260723458,0.003196911231913911,London
2025-02-18 00:00:00,69.08000183105469,69.25,68.98999786376953,69.2300033569336,2801,66.76998740214043,0.2279337095945948,0.21824245204369064,0.009691257550904164,0.45545508486728997,68.29613618220186,67.89084465543893,67.87165815117048,69.00878579540391,67.81521170215468,0.012430625002301188,0.004192756381790915,Tokyo
2025-02-18 04:00:00,69.2300033569336,69.25,68.98999786376953,69.01000213623047,3304,62.38225111851646,0.2577156725410248,0.2261370961431575,0.03157857639786729,0.4414941599646599,68.36412341591888,67.93473318409741,67.88673555494611,69.09675999943899,67.80823801691842,0.008033933086665224,0.004278477447856568,Tokyo
2025-02-18 08:00:00,69.01000213623047,69.13999938964844,68.5199966430664,69.01000213623047,15342,62.38225111851646,0.27811218855272557,0.23653211462507112,0.04158007392765445,0.45424477329447216,68.42563567499617,67.97690059398498,67.90161325800949,69.17356607435174,67.80443227769904,0.01321394094573125,0.004278114835706751,London
2025-02-18 12:00:00,69.01000213623047,69.08999633789062,68.72000122070312,68.91999816894531,5210,60.49603242322582,0.2837431915869786,0.2459743300174526,0.03776886156952597,0.4482269407154027,68.47271781727704,68.01388481261087,67.91510179987618,69.22023249702062,67.79776600761807,0.00848700412840242,0.0042370273972649275,London
2025-02-18 20:00:00,68.81999969482422,68.94000244140625,68.63999938964844,68.69000244140625,1654,55.84886664318615,0.2665741679316511,0.25009429760029234,0.01647987033135878,0.43763952007557483,68.49341159100364,68.04039922942637,67.92536538453221,69.23471796009434,67.80328100230801,0.004974454643388082,0.004312445707766481,NewYork
2025-02-19 00:00:00,68.6500015258789,68.7699966430664,68.44999694824219,68.68000030517578,1128,55.64866221395291,0.24928688020686707,0.24993281412160728,-0.0006459339147402154,0.4292366754147637,68.51118194473432,68.0654816245538,67.93536054904405,69.24355103709681,67.80544798634068,-0.007944576413236981,0.004306064429588521,Tokyo
2025-02-19 04:00:00,68.69000244140625,68.70999908447266,68.25,68.27999877929688,4148,48.20621272244523,0.20099287915344632,0.24014482712797508,-0.039151947974528756,0.43143399034747026,68.48916450040694,68.07389406199471,67.93992529381562,69.23983029555973,67.78516894150081,-0.010578225392494756,0.004503808484119133,Tokyo
2025-02-19 08:00:00,68.27999877929688,68.38999938964844,67.87000274658203,67.93000030517578,14970,42.811031403415384,0.13294507550187973,0.21870487680275602,-0.08575980130087629,0.4377598941131085,68.43591076752779,68.06825116957044,67.93979383701245,69.20986929645578,67.71712960491142,-0.015649931859481603,0.004412633459009287,London
2025-02-19 12:00:00,67.94000244140625,68.12000274658203,67.63999938964844,67.66000366210938,6349,39.16916321964802,0.05657803187781951,0.18627950781776872,-0.1297014759399492,0.44077728431457175,68.36201485272603,68.0522414633955,67.93608800688129,69.24786173476578,67.5931378685057,-0.018281986945897444,0.004327902127862089,London
2025-02-19 20:00:00,67.68000030517578,67.86000061035156,67.66999816894531,67.69000244140625,1293,39.78211167547699,-0.0015053963381888025,0.14872252698657723,-0.15022792332476603,0.42357868888083,68.29801367069558,68.03803601155278,67.93282859541806,69.26805020788943,67.49194963952267,-0.014558159331163445,0.004334056143619247,NewYork
2025-02-20 00:00:00,67.69000244140625,67.87000274658203,67.61000061035156,67.8499984741211,1253,43.07655223337103,-0.03423198396789928,0.11213162479568194,-0.14636360876358123,0.4118946494058042,68.2553455567361,68.03066199047703,67.93173150771877,69.26331144681396,67.4306880343872,-0.012085058639583868,0.004382011978137187,Tokyo
2025-02-20 04:00:00,67.83999633789062,67.86000061035156,67.41999816894531,67.47000122070312,4278,37.78875637298479,-0.08979553598500445,0.07174619263954467,-0.16154172862454913,0.4139023488344075,68.1805508580663,68.00867529362316,67.92561587477817,69.299691941675,67.3063078141844,-0.01186288185522566,0.004514324851329976,Tokyo
2025-02-20 08:00:00,67.45999908447266,67.7300033569336,67.2699966430664,67.38999938964844,12524,36.76551394661715,-0.1386868349317183,0.029659587125292076,-0.16834642205701036,0.4171955177653203,68.1052602420265,67.98441349346729,67.91852161669698,69.34240270525515,67.20759729474486,-0.007949373076717059,0.004347610575461861,London
2025-02-20 12:00:00,67.4000015258789,67.56999969482422,67.33999633789062,67.52999877929688,4102,39.83570680351118,-0.16424346444870253,-0.009121023189506847,-0.15512244125919566,0.4038246491344827,68.05047343605226,67.96659330859787,67.91337561885062,69.36406757514638,67.14293239433604,-0.0019214436266030699,0.004381945875106544,London
2025-02-20 20:00:00,67.69000244140625,67.75,67.44999694824219,67.56999969482422,1054,40.72130911293904,-0.1792037881655375,-0.043137576184712985,-0.13606621198082453,0.39640882075043476,68.00471403212578,67.95104061786165,67.90882759336684,69.3778210368285,67.0771792683473,-0.001772828220621081,0.004356496093182824,NewYork
2025-02-21 00:00:00,67.55999755859375,67.58999633789062,67.19999694824219,67.22000122070312,1730,35.76118317407551,-0.2168027372961916,-0.07787060840700871,-0.13893212888918288,0.3959510042431493,67.92997947865695,67.92237240620838,67.8997040652521,69.4015205440208,66.9374801578835,-0.00928514764312427,0.004339603048827433,Tokyo
2025-02-21 04:00:00,67.2300033569336,67.25,67.0199966430664,67.06999969482422,2862,33.85772659138587,-0.2557558506476312,-0.11344765685513322,-0.14230819379249796,0.38409760086389527,67.84807664210145,67.88894602536979,67.88871460339213,69.41691924202425,66.7830815209152,-0.005928583350257366,0.004322721644021243,Tokyo
2025-02-21 08:00:00,67.06999969482422,67.83999633789062,67.05999755859375,67.48999786376953,11888,43.00522863631939,-0.24985594762365793,-0.14072931500883817,-0.10912663261481975,0.41237625646625103,67.81397390130793,67.87330099942469,67.8834335869733,69.41382193076205,66.7241785575192,0.0014838770593081918,0.00449905338135909,London
2025-02-21 12:00:00,67.48999786376953,67.62000274658203,67.30999755859375,67.33000183105469,5359,40.696227987269,-0.2551493715379962,-0.1636133263146698,-0.09153604522332642,0.40506403728925316,67.76788132318858,67.8519951496847,67.8761033650406,69.39593259398792,66.64106844360974,-0.0029616015379450022,0.004424534961999381,London
2025-02-23 20:00:00,67.36000061035156,67.94000244140625,67.36000061035156,67.72000122070312,1463,48.02212355297866,-0.2252778934187063,-0.1759462397354771,-0.0493316536832292,0.419702363936561,67.76332131342807,67.84681891717563,67.87403578696991,69.36132398726978,66.61267732498608,0.0022199426750981743,0.004657125309045895,NewYork
2025-02-24 00:00:00,67.73999786376953,67.98999786376953,67.70999908447266,67.97000122070312,994,52.106413199655684,-0.17936402431192278,-0.17662979665076625,-0.002734227661156524,0.4097235364622977,67.78300511412093,67.85164959574533,67.87530685231738,69.16772034644482,66.68028075218798,0.011157393430231144,0.0036232319364184673,Tokyo
2025-02-24 04:00:00,67.95999908447266,67.97000122070312,67.52999877929688,67.63999938964844,1257,46.87086682532125,-0.16767251766781044,-0.1748383408541751,0.0071658231863646615,0.4118863153868657,67.76938552131402,67.8433495876631,67.87219019718269,68.99381835582832,66.71718246814629,0.008498579057965916,0.0036974358605515066,Tokyo
2025-02-24 08:00:00,67.6500015258789,68.19000244140625,67.6500015258789,67.87999725341797,9006,50.74683899181465,-0.13745657868392414,-0.1673619884201249,0.02990540973620076,0.421751796556219,67.7799199719906,67.84478675102604,67.87229360190105,68.79992364494018,66.79807669075319,0.0057786250110076764,0.0038304148022836643,London
2025-02-24 12:00:00,67.9000015258789,67.9800033569336,67.66999816894531,67.8499984741211,2596,50.25333159241733,-0.11460973049305778,-0.1568115368347115,0.042201806341653714,0.4137698959442235,67.78659411505065,67.84499113232388,67.87199830219537,68.59743252841356,66.89356783779736,0.007723104543665205,0.003829589070659318,London
2025-02-24 20:00:00,67.80000305175781,67.95999908447266,67.6500015258789,67.79000091552734,499,49.222324921604674,-0.1001898144422455,-0.14548719235621832,0.045297377913972814,0.40635758613347533,67.7869185722389,67.84283465323384,67.87091224409382,68.42842319219132,66.97257702143172,0.001033663519823147,0.0037822449753256923,NewYork
2025-02-25 00:00:00,67.77999877929688,67.87000274658203,67.51000213623047,67.58999633789062,879,45.84567506326593,-0.1037051762715464,-0.13713078913928395,0.03342561286773754,0.4030463735776244,67.76816407372955,67.83291942518116,67.86719150361431,68.20987318620473,67.0821266306898,-0.00559077351754933,0.003814183044854107,Tokyo
2025-02-25 04:00:00,67.58000183105469,67.62999725341797,67.25,67.2699966430664,3182,40.99952315643741,-0.13080459294691593,-0.13586554990081035,0.005060956953894413,0.4014000078519347,67.72071955652353,67.81084402196097,67.85928163791169,68.09785127642976,67.09314832684171,-0.00547017666943761,0.0037452188676574275,Tokyo
2025-02-25 08:00:00,67.2699966430664,67.62999725341797,67.1500015258789,67.3499984741211,7695,42.63220606782825,-0.14416376657769092,-0.13752519323618648,-0.0066385733415044446,0.4070139878295867,67.68541278677093,67.79277164753589,67.85253616554361,68.05429949187952,67.0786999282865,-0.007807878620239461,0.0036196590004274423,London
2025-02-25 12:00:00,67.3499984741211,67.4800033569336,67.30999755859375,67.3499984741211,4591,42.63220606782825,-0.15298746367784588,-0.14061764732451837,-0.012369816353327512,0.3900848314374622,67.65346856651857,67.77540799367648,67.84588003718041,68.04593817397706,67.05606072739012,-0.007369196923279309,0.0035220952553232186,London
2025-02-25 20:00:00,67.5,67.5,67.25,67.29000091552734,541,41.6302281852743,-0.1629432998272904,-0.14508277782507278,-0.017860522002217605,0.3800787720490721,67.6188525997575,67.75637242198435,67.83851739980753,68.0345403008634,67.0274584479159,-0.007375719033003825,0.0035213173687935174,NewYork
2025-02-26 00:00:00,67.29000091552734,67.44999694824219,67.23999786376953,67.30000305175781,340,41.87548638194413,-0.1680886614436332,-0.1496839545487849,-0.018404706894848327,0.36793022293647093,67.58848597613849,67.73847558393625,67.831384759436,67.99358081764116,67.0134183889018,-0.004290476429131607,0.003467794485604949,Tokyo
2025-02-26 04:00:00,67.29000091552734,67.38999938964844,67.05000305175781,67.05999755859375,2029,37.7739971291651,-0.18935012471233392,-0.1576171885814947,-0.03173293613083922,0.3659349454331962,67.53815374589614,67.71186860255028,67.82116771041824,68.01175562825645,66.95424321207557,-0.0031217347250201977,0.0033337312275864913,Tokyo
2025-02-26 08:00:00,67.06999969482422,67.41000366210938,67.01000213623047,67.04000091552734,5493,37.444921865127455,-0.2054453039314268,-0.16718281165148113,-0.03826249227994566,0.3683682726078898,67.49071061919435,67.68552085011802,67.81082113035345,68.02922648878568,66.90177250413423,-0.004602784938634641,0.0033272777024700366,London
2025-02-26 12:00:00,67.04000091552734,67.23999786376953,66.80000305175781,66.88999938964844,5341,34.982955800272364,-0.22768016374376998,-0.17928228206993893,-0.04839788167383105,0.37348445399387753,67.43350002590427,67.65432393009961,67.79862481590702,68.05182559211421,66.81517346184087,-0.0068299791372588015,0.003307705330261433,London
2025-02-26 20:00:00,66.9000015258789,66.97000122070312,66.6500015258789,66.83999633789062,1324,34.176279253329014,-0.24649483964871877,-0.19272479358569491,-0.05377004606302385,0.3696641140531876,67.37697586514106,67.62238951471886,67.78592774997303,68.06554409888601,66.72845461937571,-0.0066875400730286305,0.0032984858869519558,NewYork
2025-02-27 00:00:00,66.8499984741211,67.08000183105469,66.76000213623047,66.98999786376953,807,38.73985046025545,-0.246460690904172,-0.20347197304939035,-0.042988717854781644,0.3661166555368327,67.3401208173914,67.59758984213262,67.77538563227498,68.07446472048336,66.696533662085,-0.004606317591841269,0.0031630069216078338,Tokyo
2025-02-27 04:00:00,66.97000122070312,67.16999816894531,66.72000122070312,67.11000061035156,4811,42.19275722572727,-0.23405239867435057,-0.20958805817438242,-0.02446434049996815,0.3721081050157866,67.31820460719713,67.57846869578826,67.76657258562699,68.07283106743404,66.70216740668707,0.0007456464893862425,0.003152857823287705,Tokyo
2025-02-27 08:00:00,67.12000274658203,67.3499984741211,66.7300033569336,66.77999877929688,9268,36.15727067573409,-0.24798847078726283,-0.21726814069695852,-0.03072033009030431,0.389814320170909,67.26694690930186,67.5471561500435,67.75350538289415,68.08674944616033,66.6172491195135,-0.0038783134349607007,0.002979094841144284,London
2025-02-27 12:00:00,66.7699966430664,66.87000274658203,66.55000305175781,66.5999984741211,2665,33.3546022493628,-0.2704399650688174,-0.22790250557133032,-0.04253745949748708,0.384827561217574,67.20342801071321,67.51001271177205,67.73822714569187,68.12370709307778,66.50729113690268,-0.004335489881499677,0.0029905731084343464,London
2025-02-27 20:00:00,66.5999984741211,66.66000366210938,66.0199966430664,66.0199966430664,4256,26.28461658130604,-0.3312161825522537,-0.248565240967515,-0.08265094158473871,0.4030546653479593,67.09072026141351,67.45158070907772,67.71546912578954,68.2008926822764,66.26010508994038,-0.012268099038769242,0.0031346963239501846,NewYork
2025-02-28 00:00:00,66.0199966430664,66.05999755859375,65.80999755859375,65.9000015258789,3741,25.099276778357904,-0.3846305938314032,-0.27577831154029264,-0.10885228229111055,0.39212218925167647,66.97731847707688,67.39073446659934,67.69142319731391,68.20129369127162,66.05270411146276,-0.016271031088958,0.0029102636312969927,Tokyo
2025-02-28 04:00:00,65.91000366210938,65.95999908447266,65.5999984741211,65.72000122070312,3248,23.394932347108394,-0.436455235630163,-0.3079136963582667,-0.12854153927189627,0.3898277907588112,66.85757397646985,67.32521551577989,67.66531164795484,68.24618123856783,65.81581674727201,-0.020712254164903632,0.002819882520839393,Tokyo
2025-02-28 08:00:00,65.69999694824219,66.0199966430664,65.44999694824219,65.48999786376953,14288,21.395678930062104,-0.4904325847648465,-0.34441747403958267,-0.14601511072526385,0.40269721247776885,66.72732863240316,67.2532461960932,67.63649954485305,68.23992936412205,65.58306868275295,-0.0193171748893064,0.0025960581270768903,London
2025-02-28 12:00:00,65.48999786376953,65.55999755859375,65.18000030517578,65.33000183105469,11560,20.108370384971906,-0.5398967716280794,-0.38351333355728207,-0.1563834380707973,0.40107578683064027,66.59424988941758,67.17782484844464,67.6059499062597,68.21343749558847,65.35756088697988,-0.019069019101552898,0.0025798267684805955,London
2025-03-02 20:00:00,65.33000183105469,66.38999938964844,65.33000183105469,66.18000030517578,2136,40.56704584722818,-0.5046919483388734,-0.4077490565136004,-0.09694289182527305,0.44814162767086246,66.55479754806123,67.13869447419881,67.58706315657646,68.07484641641435,65.33515190511886,0.002423563620798541,0.004202214988018487,NewYork
2025-03-03 00:00:00,66.16999816894531,66.29000091552734,65.69000244140625,65.69000244140625,1502,35.002430390304255,-0.5104464953122658,-0.4282885442733335,-0.08215795103893231,0.4589885452744504,66.47243610933218,67.08188302193244,67.56193652458747,67.98494724596806,65.2350516859167,-0.0031866324675302593,0.004414381712337999,Tokyo
2025-03-03 04:00:00,65.68000030517578,65.87999725341797,65.55999755859375,65.80000305175781,1480,37.088726011198595,-0.5003630119692133,-0.44270343781250954,-0.05765957415670375,0.449060770242291,66.40839486575366,67.0316132191805,67.53859965739767,67.92003001535029,65.15296955740361,0.0012173132922810304,0.004393587712599534,Tokyo
2025-03-03 08:00:00,65.80000305175781,66.31999969482422,65.26000213623047,65.95999908447266,12107,40.100357051986656,-0.4739974880853737,-0.4489622478670824,-0.025035240218291288,0.49269911226739527,66.36569050563166,66.98958913546646,67.51769104053774,67.81772738130435,65.1162722524847,0.00717668706724961,0.0044361967228543344,London
2025-03-03 12:00:00,65.95999908447266,66.04000091552734,65.43000030517578,65.44000244140625,6607,34.34567481298096,-0.4894202715197338,-0.45705385259761266,-0.03236641892212111,0.5010777907019787,66.2775297376102,66.92882102981704,67.49017198624462,67.72942732641435,65.01357270410323,0.0016837686708783828,0.004684365997865983,London
2025-03-03 20:00:00,65.51000213623047,65.51000213623047,64.80000305175781,64.95999908447266,3592,30.057656397447218,-0.5342170759428342,-0.472486497266657,-0.061730578676177206,0.516000740257027,66.15205062778757,66.85161232607805,67.4566597623801,67.67930672193206,64.83069312548004,-0.01843459073855147,0.004864578200058186,NewYork
2025-03-04 00:00:00,64.94999694824219,64.97000122070312,63.15999984741211,63.400001525878906,12058,20.917425799549804,-0.687670593188443,-0.5155233164510142,-0.1721472767374288,0.608429356902312,65.88995071332009,66.71625503979573,67.40292918971122,67.89156923672437,64.22843045809987,-0.034860722034071534,0.006975049332894784,Tokyo
2025-03-04 04:00:00,63.400001525878906,64.0,63.25,63.779998779296875,5850,26.759842498743296,-0.7697478347100457,-0.5663682201028205,-0.2033796146072252,0.6185415456950041,65.68900291007978,66.60110773546243,67.35494335646071,67.92707742289184,63.86492239400268,-0.03069915165310888,0.007253902373411196,Tokyo
2025-03-04 08:00:00,63.7599983215332,63.810001373291016,62.540000915527344,63.29999923706055,27377,24.31612423810307,-0.8635718724941484,-0.6258089505810861,-0.23776292191306225,0.6650743251284804,65.46147875074462,66.47165250023099,67.30123548732959,67.97202811398991,63.44597153505795,-0.04032746944107046,0.007318762298867411,London
2025-03-04 12:00:00,63.29999923706055,63.5,62.95000076293945,63.25,6651,24.0695527595298,-0.931228002233027,-0.6868927609114743,-0.2443352413215527,0.6568546759807709,65.25086172686417,66.34531318649644,67.24757673915305,67.9685524810408,63.085447229042224,-0.03346580623017459,0.0073324999910776125,London
2025-03-04 20:00:00,63.31999969482422,63.59000015258789,63.209999084472656,63.529998779296875,1585,28.445412680129053,-0.9512865716032479,-0.7397715230498291,-0.21151504855341885,0.6370794182760896,65.08697001757204,66.2349086999396,67.19833729597615,67.87595715037779,62.84704280384585,-0.02201355180618514,0.007497589428119815,NewYork
2025-03-05 00:00:00,63.54999923706055,63.66999816894531,63.25,63.560001373291016,1939,28.918121493993922,-0.9537677330236392,-0.7825707650445911,-0.17119696797904804,0.6215736147524628,64.94154443240242,66.13001037340436,67.15014741620548,67.70467283060269,62.67532747457308,0.0025236568385065272,0.007448479299451555,Tokyo
2025-03-05 04:00:00,63.599998474121094,63.790000915527344,63.400001525878906,63.5,2109,28.512446930581405,-0.9496289492933414,-0.8159824018943412,-0.13364654739900017,0.6050325986736038,64.80425448645934,66.02687271170223,67.10180109281204,67.46135622912067,62.557644015019946,-0.004390071882343194,0.007387975004162808,Tokyo
2025-03-05 08:00:00,63.4900016784668,63.81999969482422,62.77000045776367,63.470001220703125,11965,28.298699329117724,-0.9379573951546121,-0.8403774005463954,-0.09757999460821665,0.6368159299869569,64.67718274686351,65.92660324146696,67.05369778324769,67.23884907735072,62.44915141093055,0.0026856553821732465,0.007386458427831492,London
2025-03-05 12:00:00,63.470001220703125,63.900001525878906,63.310001373291016,63.599998474121094,3890,30.722377828098445,-0.9077538906974354,-0.8538526985766034,-0.053901192120832,0.6334719458870235,64.57459376850709,65.83536383882596,67.0079534215374,66.99990525228475,62.3880952359965,0.005533572713376955,0.007457012767821755,London
2025-03-05 20:00:00,64.23999786376953,64.4800033569336,63.84000015258789,64.44999694824219,1512,44.041675659399694,-0.8059392566122341,-0.8442700101837296,0.03833075357149551,0.6510814413817004,64.56272740467233,65.78103572546974,66.97407320334806,66.83667663158235,62.39432388721647,0.014481318851294,0.00805749205799171,NewYork
2025-03-06 00:00:00,64.45999908447266,64.77999877929688,64.4000015258789,64.41000366210938,1121,43.616767121730426,-0.720175811061921,-0.819451170359368,0.09927535929744702,0.6317182850985767,64.548182286333,65.7272697622007,66.94011201737139,66.67917454693723,62.402826185484635,0.013373226407379368,0.008057127786852695,Tokyo
2025-03-06 04:00:00,64.41999816894531,65.12000274658203,64.2300033569336,64.44999694824219,3557,44.196565816163734,-0.6415847490040676,-0.783877886088308,0.1422931370842404,0.6501669354235667,64.53883130175292,65.67718063224154,66.90713036082663,66.54242477175123,62.412575533424565,0.014960581862081712,0.008057179615351783,Tokyo
2025-03-06 08:00:00,64.43000030517578,65.75,64.29000091552734,65.51000213623047,19868,56.859131863373186,-0.4881402295579136,-0.7247303547822291,0.23659012522431555,0.7080120889270731,64.63132376217935,65.67062461279014,66.88862535122932,66.54550830885141,62.411492423570465,0.03214118286265166,0.00890389296247137,London
2025-03-06 12:00:00,65.51000213623047,65.56999969482422,64.97000122070312,65.23999786376953,5066,53.52729721054682,-0.38389611520744893,-0.656563506867273,0.2726673916598241,0.7002968307266461,64.68929272423556,65.65373728929913,66.8667892255676,66.53358098234625,62.41441935334711,0.025786154543946394,0.008936297971456068,London
2025-03-06 20:00:00,65.20999908447266,65.25,64.86000061035156,65.05000305175781,761,51.25143966272677,-0.31300477284027295,-0.587851760061873,0.27484698722160006,0.6781327277924882,64.72364608876148,65.63006143684653,66.84272583253701,66.33728074977606,62.49771986057551,0.009309637423217776,0.008410383577263316,NewYork
2025-03-07 00:00:00,65.0199966430664,65.33000183105469,64.75,65.22000122070312,972,53.17002393745959,-0.2403350093849781,-0.518348409926494,0.2780134005415159,0.6711233780255024,64.77091800608926,65.6139806440566,66.82123279132068,66.25891714726012,62.529083341021135,0.01257564838597025,0.008296454760647675,Tokyo
2025-03-07 04:00:00,65.2300033569336,65.38999938964844,64.7699966430664,64.9000015258789,1636,49.24140818070957,-0.2061881902035907,-0.4559163659819133,0.24972817577832263,0.6674719043509688,64.78321167464065,65.5859814629516,66.79578601959298,66.1117008337558,62.58629950193755,0.006982228067413221,0.008342279812505002,Tokyo
2025-03-07 08:00:00,64.9000015258789,65.86000061035156,64.66000366210938,65.55999755859375,9947,56.397282433932766,-0.1244360051559994,-0.3896202938167306,0.2651842886607312,0.7055094074860558,64.8571912826362,65.5849624863101,66.7794179605069,66.02245416928382,62.63554601382164,0.0007631723512893096,0.00866447670687746,London
2025-03-07 12:00:00,65.5999984741211,66.19999694824219,65.5999984741211,66.12999725341797,7034,61.45175380279776,-0.013497012666562114,-0.3143956375866969,0.3008986249201348,0.7008301204976545,64.97841089890112,65.60633639874571,66.77081636173753,66.17617141690043,62.550828247406216,0.013641928552893035,0.008690694294232243,London
2025-03-09 20:00:00,66.0,66.5999984741211,66.0,66.44999694824219,1638,63.97644560158221,0.09910185468483235,-0.23169613913239107,0.3307979938172234,0.6936278600421859,65.11856195121932,65.63942112617694,66.76656709798263,66.46383813412795,62.41216131655564,0.021521811388240053,0.008534524353207827,NewYork
2025-03-10 00:00:00,66.44000244140625,66.75,66.41999816894531,66.66000366210938,1408,65.57014790652775,0.20294364696738398,-0.14476818191243607,0.34771182887982005,0.6676545722573646,65.26536592368504,65.67944397072331,66.76515566174591,66.79297474146266,62.40902492284398,0.022079153855476097,0.006082844889045729,Tokyo
2025-03-10 04:00:00,66.6500015258789,67.06999969482422,66.43000030517578,66.8499984741211,4947,66.99287494082783,0.29714470971997287,-0.05638560358595428,0.35353031330592716,0.6656792020710126,65.41628330944086,65.72534806889578,66.7662794076052,67.12694198615999,62.38205764762909,0.030046177232594173,0.006028932238118478,Tokyo
2025-03-10 08:00:00,66.86000061035156,67.0,66.37000274658203,66.58000183105469,9886,63.00826983746578,0.3460245029172029,0.024096417714677146,0.32192808520252575,0.663130491452938,65.52711364483265,65.75886390270594,66.76381215493565,67.32087831142363,62.51612158176485,0.015558332984215273,0.005771160294360325,London
2025-03-10 12:00:00,66.56999969482422,66.56999969482422,65.62000274658203,65.95999908447266,7785,54.928899725995585,0.33091842945073324,0.08546082006188838,0.24545760938884487,0.6843353909543464,65.56834082956027,65.76675155689287,66.75316562420105,67.36406379683893,62.7439360047968,-0.0025706665054567868,0.006321765437926669,London
2025-03-10 20:00:00,65.9000015258789,65.9000015258789,65.41999816894531,65.68000030517578,1684,51.70445370644004,0.29297595155502165,0.12696384636051503,0.16601210519450663,0.6740257855667033,65.57897506533318,65.76334954702162,66.73895151401528,67.37086039789423,62.95213955632939,-0.01158760990863783,0.006450354522412809,NewYork
2025-03-11 00:00:00,65.66999816894531,65.9000015258789,65.63999938964844,65.87000274658203,955,53.69103794221373,0.27506707158873667,0.15658449140615938,0.11848258018257729,0.6444526677569722,65.60669198735688,65.76753202543576,66.72744225881749,67.37242976210993,63.18157032944279,-0.011851198201724533,0.006449484621170523,Tokyo
2025-03-11 04:00:00,65.86000061035156,66.43000030517578,65.69000244140625,66.38999938964844,1823,58.6982336821735,0.2993824440353876,0.18514408193200502,0.11423836210338259,0.6512773246150122,65.68129269233702,65.79194251030684,66.72297281684175,67.39606755536562,63.44693247515196,-0.006881063499959983,0.006553179626806061,Tokyo
2025-03-11 08:00:00,66.4000015258789,66.7300033569336,65.7699966430664,66.16000366210938,8761,55.82316710321443,0.2966739462450505,0.20745005479461415,0.08922389145043635,0.6733294238473105,65.72688421326772,65.80637628096576,66.71551627174595,67.32682153722874,63.785178737429476,-0.006308172985802107,0.006651678808282971,London
2025-03-11 12:00:00,66.12000274658203,66.33999633789062,65.91000366210938,66.02999877929688,2582,54.20694014847568,0.28080024426195394,0.2221200926880821,0.058680151573871825,0.6559482275568776,65.75575226717527,65.81514579070424,66.70643656985922,67.19917355112221,64.15582675405358,0.0010612446300153344,0.006712856965324278,London
2025-03-11 20:00:00,65.94999694824219,66.47000122070312,65.94999694824219,66.44000244140625,435,58.306772890906146,0.29787042522109175,0.23727015919468405,0.060600266026407695,0.6462379450500249,65.82091895043536,65.8396499730847,66.70290764100555,67.21887177757093,64.33512907692126,0.01157128703865995,0.006250495806379704,NewYork
2025-03-12 00:00:00,66.43000030517578,66.4800033569336,66.0,66.05000305175781,537,53.408554188467576,0.2767389014396855,0.24516390764368437,0.03157499379600112,0.6343640458988511,65.84273648389464,65.84789911342483,66.6942598981016,67.15243215058165,64.56556864287539,0.002732659749055788,0.0064531024376415684,Tokyo
2025-03-12 04:00:00,66.04000091552734,66.86000061035156,65.97000122070312,66.70999908447266,3136,59.59469297479481,0.30967840078545805,0.25806680627203915,0.0516115945134189,0.6526237133095358,65.92533292204493,65.88170695542671,66.69446836414626,67.13549023161231,64.80851077546778,0.004819998460101171,0.006735209938835722,Tokyo
2025-03-12 08:00:00,66.72000122070312,66.91999816894531,66.30999755859375,66.81999969482422,7647,60.535199550026725,0.34073157972218837,0.274599760962069,0.06613181876011937,0.6495792059553949,66.01053928135724,65.91850274912858,66.69613103077776,67.23837463376405,64.8366261291754,0.009975755685951215,0.005796027452801913,London
2025-03-12 12:00:00,66.80999755859375,67.02999877929688,66.5999984741211,67.0,4616,62.09022486405498,0.37553701115703575,0.29478721100106237,0.08074980015597338,0.6338949987568511,66.1047736355137,65.9609144060255,66.700155785337,67.33819518067996,64.91280579588253,0.014690311050062688,0.005678373223853833,London
2025-03-12 20:00:00,67.0,67.33000183105469,66.94999694824219,67.12000274658203,1727,63.13318054088637,0.4080994684341164,0.3174496624876732,0.09064980594644317,0.6157599904751117,66.20146212228211,66.0063688507532,66.70571667224091,67.40807951145032,65.04992143459461,0.010234802531433829,0.005589917071654176,NewYork
2025-03-13 00:00:00,67.13999938964844,67.20999908447266,66.62999725341797,66.63999938964844,1375,56.444037437872325,0.3906697928880192,0.3320936885677424,0.05857610432027677,0.6132058362307956,66.243227576317,66.03121710718047,66.7048462446569,67.39097782133304,65.20902294160642,0.0089325709406598,0.005912809183327611,Tokyo
2025-03-13 04:00:00,66.66999816894531,67.08000183105469,66.66000366210938,66.91999816894531,2330,59.16217814799199,0.39489807173012537,0.34465456520021903,0.050243506529906334,0.6008341651718995,66.30768191847207,66.06607126646537,66.70769593901834,67.30409221998661,65.49790820725948,0.0031479401492231496,0.005775981163144451,Tokyo
2025-03-13 08:00:00,66.9000015258789,67.0999984741211,66.41000366210938,66.94000244140625,9156,59.35732337233188,0.39530634530153463,0.35478492122048216,0.04052142408105247,0.6072027828033151,66.36790292065628,66.10034307724737,66.71077284633473,67.31130262248824,65.62869829303911,0.001795910612542695,0.005413756329571379,London
2025-03-13 12:00:00,66.93000030517578,66.93000030517578,66.45999908447266,66.55000305175781,3979,53.945128348248,0.36001023971969914,0.3558299849203256,0.004180254799373562,0.5981171095269063,66.385245790285,66.11797680173798,66.70864344508206,67.31740415640994,65.66459733895138,-0.006716372361823653,0.005310178355332905,London
2025-03-13 20:00:00,66.51000213623047,67.05000305175781,66.51000213623047,67.04000091552734,745,59.002982840864526,0.36734206362756083,0.35813240066177265,0.009209662965788179,0.5939659528126519,66.44760342126045,66.15413461012189,66.71303228575022,67.38211411605172,65.65888777603811,-0.0011919223447701688,0.005450115920159782,NewYork
2025-03-14 00:00:00,67.08999633789062,67.44999694824219,67.08999633789062,67.31999969482422,3105,61.59828545687083,0.3912362207229023,0.3647531646739986,0.02648305604890372,0.5808252442342369,66.53068878064748,66.19985480952198,66.72107158918168,67.4853070821237,65.62169441323762,0.010204086305580118,0.005481260380333146,Tokyo
2025-03-14 04:00:00,67.30999755859375,67.4000015258789,66.86000061035156,67.04000091552734,1931,57.66688807556095,0.3831620967856253,0.36843495109632396,0.014727145689301335,0.5779092207551731,66.57919469825508,66.23280171563984,66.72529581866971,67.51126420520133,65.61473753430063,0.0017932269854381566,0.00554674592421447,Tokyo
2025-03-14 08:00:00,67.05999755859375,67.37999725341797,66.7699966430664,67.3499984741211,8383,60.660490229107936,0.3971988465598031,0.3741877301890198,0.02301111637078329,0.5802014628692009,66.65260458167089,66.27661335322733,66.73357002602668,67.61308074619555,65.58992065761305,0.006124828469698862,0.0055405606994332335,London
2025-03-14 12:00:00,67.3499984741211,67.62999725341797,67.2699966430664,67.33000183105469,8713,60.363955826946864,0.40207464369882473,0.3797651128909808,0.022309530807843925,0.5644728305465124,66.71711860542172,66.317922705299,66.74146978503367,67.68421472483128,65.65578695363551,0.011720492013955974,0.005033030723559397,London
2025-03-16 20:00:00,67.48999786376953,67.80000305175781,67.33000183105469,67.4000015258789,1543,61.08117618969031,0.4068966867002928,0.3851914276528432,0.021705259047449577,0.5577248584148419,66.7821550740367,66.36035716885115,66.75019205974685,67.70644360181348,65.80555819872365,0.0053699374319098325,0.004877431980318375,NewYork
2025-03-17 00:00:00,67.4000015258789,67.44999694824219,67.31999969482422,67.37999725341797,556,60.74290178356694,0.4044418589216434,0.38904151390660324,0.015400345015040173,0.5271728866293509,66.83909242445395,66.40034305452045,66.75853385039152,67.72371795366017,65.93928329756052,0.0008912293354981227,0.0048745772090271495,Tokyo
2025-03-17 04:00:00,67.37999725341797,67.58000183105469,67.2300033569336,67.27999877929688,1383,58.98435518659306,0.38993245051651115,0.38921970122858485,0.0007127492879263064,0.5145175714501897,66.88108350586757,66.43483935745286,66.76544067064192,67.76427131829531,65.98772987189024,0.003579920353401267,0.0046377271253929524,Tokyo
2025-03-17 08:00:00,67.2699966430664,67.3499984741211,66.80000305175781,67.05000305175781,7634,55.03769562038379,0.35577376822426743,0.38253051462772136,-0.026756746403453935,0.5170517036582677,66.89717108166664,66.4589634238962,66.76920970880239,67.7445966844511,66.09640444469929,-0.004454275117445672,0.004635579507235591,London
2025-03-17 12:00:00,67.08000183105469,67.08999633789062,66.83000183105469,66.95999908447266,2854,53.528300799179895,0.31777706227768476,0.36957982415771407,-0.0518027618800293,0.49869047531381555,66.9031547009815,66.4786118811737,66.77173672040068,67.6765163740104,66.25748478565755,-0.005495362193965847,0.004618987857677713,London
2025-03-17 20:00:00,66.9000015258789,67.08000183105469,66.5,66.58999633789062,1061,47.73284126410783,0.25487028367736286,0.34663791606164385,-0.09176763238428098,0.5044984292953064,66.87333009497286,66.48297989908417,66.76932956301644,67.66343391250889,66.2855666368075,-0.01201788085534794,0.004629866682511465,NewYork
2025-03-18 00:00:00,66.56999969482422,66.6500015258789,66.3499984741211,66.62999725341797,1003,48.38348427991754,0.2058707975946561,0.31848449236824633,-0.11261369477359023,0.48989161661405684,66.8501555386343,66.48874528552864,66.76748410196217,67.56576194846039,66.44123802102203,-0.011130899830393726,0.004409386241904672,Tokyo
2025-03-18 04:00:00,66.62999725341797,66.87999725341797,66.62000274658203,66.75,937,50.379133302130214,0.1747076495637998,0.28972912380735705,-0.11502147424355724,0.4734703944870483,66.84061691590722,66.49899056844909,66.76725252445274,67.56363553762723,66.44736452340793,-0.007877508753165507,0.0038223306049603722,Tokyo
2025-03-18 08:00:00,66.72000122070312,66.9800033569336,66.3499984741211,66.83000183105469,6515,51.719310927047395,0.15468301982815547,0.26271990301151676,-0.1080368831833613,0.4846514293674377,66.83960595544508,66.51197140227676,66.76808364109648,67.56345330302663,66.44854697163156,-0.003281151538998439,0.003813625815171744,London
2025-03-18 12:00:00,66.81999969482422,66.8499984741211,66.3499984741211,66.44999694824219,4632,45.44129198982611,0.1069176580749911,0.23155945402421166,-0.12464179594922056,0.4857477558411922,66.80250033571147,66.5095410315303,66.76387057231695,67.58894590088074,66.36805406860167,-0.007616519462419369,0.003961757156665814,London
2025-03-18 20:00:00,66.44999694824219,66.5,66.11000061035156,66.44000244140625,1010,45.285592631551125,0.06747893640596203,0.19874335050056174,-0.1312644140945997,0.478908586827424,66.76797672673003,66.50681402799603,66.75958092819893,67.59612087644271,66.29287906252213,-0.0022524989447856303,0.003928626724349172,NewYork
2025-03-19 00:00:00,66.43000030517578,66.5199966430664,66.20999908447266,66.25,474,42.31710913538337,0.020653772406021176,0.16312543488165362,-0.14247166247563245,0.46684351338216157,66.71864560989859,66.49674288964324,66.7528315119314,67.63565591772485,66.21434408227515,-0.005703095738886277,0.003651968764893833,Tokyo
2025-03-19 04:00:00,66.23999786376953,66.61000061035156,66.19999694824219,66.30999755859375,1577,43.57489310175987,-0.0114818502406564,0.12820397785719165,-0.13968582809784805,0.46278352400553396,66.67972674786955,66.48941954332757,66.74696616155607,67.65656077048646,66.13243916847838,-0.006591796875,0.003510659369138114,Tokyo
2025-03-19 08:00:00,66.30000305175781,66.38999938964844,65.95999908447266,66.19999694824219,7933,41.77629092265763,-0.04530346253899609,0.09350248977795411,-0.1388059523169502,0.46044186551769445,66.63403819552408,66.47806963763796,66.73972153621416,67.67974088380814,66.03525850584029,-0.009426976889887584,0.0035157619330538244,London
2025-03-19 12:00:00,66.19000244140625,66.41000366210938,66.13999938964844,66.38999938964844,2899,45.92793851652466,-0.05612870804473857,0.06357625021341556,-0.11970495825815414,0.44683918029935465,66.61079640448831,66.47461590242268,66.73508945480269,67.68730428892127,66.01169473451623,-0.0009028978382118469,0.0033624216601940487,London
2025-03-19 20:00:00,66.37999725341797,66.80000305175781,66.37000274658203,66.6500015258789,676,51.069581978851375,-0.04322947119985088,0.042215105930762276,-0.08544457713061315,0.4456364035048137,66.61453022557313,66.48149377000921,66.73396246236662,67.6672894936046,65.99270959086805,0.0031607326423241933,0.003033685707904642,NewYork
2025-03-20 00:00:00,66.66000366210938,66.83999633789062,66.61000061035156,66.7300033569336,525,52.564242505480046,-0.026248675511311603,0.028522349642347497,-0.0547710251536591,0.4302334980786886,66.62552766665507,66.49123924400624,66.73391002388406,67.6060728134368,65.99492663724679,0.007245333689563704,0.002872346250684991,Tokyo
2025-03-20 04:00:00,66.73999786376953,66.77999877929688,66.37000274658203,66.44000244140625,1278,46.96393075500197,-0.03577947926736158,0.01566198386040568,-0.05144146312776726,0.42878796483841397,66.60785859758376,66.48922995762977,66.73001720822211,67.58317576663639,65.95782383663509,0.001960562322410375,0.0028854269856890447,Tokyo
2025-03-20 08:00:00,66.44999694824219,66.5,65.76000213623047,65.9000015258789,8481,38.69645728029697,-0.08591588596425481,-0.004653590104526416,-0.0812622958597284,0.4510172433334938,66.54044363837377,66.46612296030621,66.7190236230255,67.55072617592786,65.8452737325194,-0.0045316531146947225,0.003110768791469798,London
2025-03-20 12:00:00,65.9000015258789,66.12999725341797,65.86000061035156,66.05999755859375,2450,41.956770612422,-0.11145423178126634,-0.026013718439874402,-0.08544051334139194,0.43808720045727323,66.49468686887091,66.45019647396455,66.71029480098005,67.47816339090615,65.79083609029503,-0.004970655732618345,0.003205311186613012,London
2025-03-20 20:00:00,66.08000183105469,66.41999816894531,66.08000183105469,66.08000183105469,461,42.36946130701188,-0.12859699116488343,-0.04653037298487621,-0.08206661818000723,0.4325095868782939,66.45519305574555,66.4356790369877,66.70194654972276,67.36523713902477,65.77176237269398,-0.008552133259935424,0.003185402680285908,NewYork
2025-03-21 00:00:00,66.05000305175781,66.05000305175781,65.55999755859375,65.55999755859375,764,35.33613200365903,-0.18204425753167186,-0.07363314989423535,-0.10841110763743651,0.43875920727705414,66.36993634173109,66.40133858685459,66.68682139752238,67.29933125891921,65.65566828331711,-0.017533429334351647,0.0035332112646893165,Tokyo
2025-03-21 04:00:00,65.55999755859375,65.80000305175781,65.4800033569336,65.76000213623047,1723,39.49627115689441,-0.20588953686760192,-0.10008442728890868,-0.10580510957869324,0.43027638495899445,66.31184736977865,66.37618813781052,66.67454564571719,67.19136494159658,65.61163493633312,-0.01023480253143394,0.003668083329774665,Tokyo
2025-03-21 08:00:00,65.73999786376953,65.9000015258789,65.44999694824219,65.48999786376953,5844,36.11806579291577,-0.24376421863060216,-0.1288203855572474,-0.11494383307335476,0.43168554157883193,66.23357598825397,66.3414355780442,66.65885627112186,67.15093208962398,65.49606726950688,-0.006221603226342354,0.003693829198392755,London
2025-03-21 12:00:00,65.48999786376953,65.55999755859375,65.23999786376953,65.3499984741211,6508,34.471676452674885,-0.28182821726439045,-0.15942195189867603,-0.12240626536571442,0.4237079810963596,66.14942574881275,66.30255569161584,66.64152040626094,67.12139877593611,65.36460052215958,-0.010747791563917364,0.0037000072574903454,London
2025-03-23 20:00:00,65.38999938964844,65.47000122070312,64.93000030517578,64.93000030517578,1484,30.04670163675442,-0.341942848277796,-0.19592613117450003,-0.14601671710329595,0.43201461927000134,66.0332899922759,66.24872999018682,66.61885126584922,67.19931238412192,65.1206873107023,-0.0174031703089097,0.0037608253466151717,NewYork
2025-03-24 00:00:00,64.93000030517578,65.12000274658203,64.83000183105469,65.05999755859375,792,32.91703355584603,-0.37477427004380104,-0.23169575894836025,-0.14307851109544079,0.42187078328838296,65.94059547478236,66.20211303208514,66.59820419687895,67.2050911565268,64.95790856881499,-0.007626601870342142,0.003810010489619044,Tokyo
2025-03-24 04:00:00,65.06999969482422,65.3499984741211,65.05999755859375,65.0999984741211,1454,33.816927413837135,-0.39303500585779716,-0.2639636083302477,-0.12907139752754948,0.4124515070197373,65.86053861757652,66.15889285334146,66.57836041247157,67.15767415774263,64.84032541501128,-0.010036551713336173,0.003770048534169176,Tokyo
2025-03-24 08:00:00,65.08999633789062,65.68000030517578,64.91999816894531,65.55999755859375,8392,43.24559496545178,-0.3661677350890926,-0.2844044336820167,-0.08176330140707594,0.437276551963361,65.83191565957816,66.13540676335136,66.56487216275134,67.04037040918877,64.83062873631906,0.0010688608506268515,0.0041745737865865875,London
2025-03-24 12:00:00,65.54000091552734,65.63999938964844,65.31999969482422,65.45999908447266,2400,41.84981167582329,-0.3489221136464664,-0.29730796967490664,-0.05161414397155978,0.4288996335962794,65.79649503337764,66.10892018770905,66.55023808224435,66.98249181947328,64.78950753965758,0.0016832534494262141,0.004026670789064085,London
2025-03-24 20:00:00,65.44000244140625,65.83000183105469,65.44000244140625,65.68000030517578,542,45.98068247708528,-0.31388431156386787,-0.30062323805269886,-0.013261073511169008,0.42612104474286217,65.78540029735841,66.09209980015872,66.53871175407126,66.91595756827587,64.78004157723194,0.01155090091598554,0.004129164351038096,NewYork
2025-03-25 00:00:00,65.66000366210938,65.87000274658203,65.62999725341797,65.75,495,47.26434415869869,-0.277271991694775,-0.2959529887811141,0.01868099708633908,0.4128270767729479,65.78202884046713,66.07868412172112,66.52826524077231,66.87461861561373,64.77138052989407,0.01060563275897497,0.004107960138774515,Tokyo
2025-03-25 04:00:00,65.76000213623047,65.76000213623047,65.27999877929688,65.5,1641,43.30629603664373,-0.2653703508663483,-0.2898364611981609,0.02446611033181262,0.4176253824987083,65.75516895089883,66.05599062675167,66.51464583360978,66.81740566942358,64.74759372022487,0.006144416824186427,0.0041652778853673335,Tokyo
2025-03-25 08:00:00,65.48999786376953,65.7300033569336,64.87000274658203,65.05999755859375,9908,37.37407119053965,-0.28812144980678056,-0.28949345891988487,0.001372009113104311,0.4492236130596265,65.68896215163169,66.0169320750592,66.49537896904003,66.78877368984638,64.6622257608372,-0.007626601870342142,0.004381672197600999,London
2025-03-25 12:00:00,65.05000305175781,65.23999786376953,64.94999694824219,65.12999725341797,3927,38.81012874634395,-0.2970789283090909,-0.2910105527977261,-0.006068375511364799,0.437850563235892,65.63572739942086,65.98215031734777,66.4772944430053,66.70917886443708,64.61582037262347,-0.005041274605409596,0.004319195094269941,London
2025-03-25 20:00:00,65.19000244140625,65.33000183105469,65.0199966430664,65.25,531,41.29537653517695,-0.29113851227093335,-0.29103614469236755,-0.00010236757856579848,0.42871875071820553,65.59899145661888,65.95343854019688,66.46103888746882,66.54404106858684,64.64095801588581,-0.006546898647652677,0.0042201812157374955,NewYork
2025-03-26 00:00:00,65.23999786376953,65.30000305175781,65.1500015258789,65.19000244140625,252,40.411638211644664,-0.2879526523878724,-0.29041944623146854,0.00246679384359616,0.40881037751539845,65.56004012183672,65.92349986965608,66.44420396765342,66.31685458688196,64.71414440603797,-0.00851707313450567,0.004186894851663521,Tokyo
2025-03-26 04:00:00,65.18000030517578,65.73999786376953,65.18000030517578,65.61000061035156,1665,48.68964502205579,-0.2486709691745972,-0.2820697508200943,0.03339878164549709,0.4196094618781378,65.56479826360004,65.91120578105591,66.43315491656332,66.14991391566868,64.79808489414579,0.0016793986313214937,0.004440844013230759,Tokyo
2025-03-26 08:00:00,65.61000061035156,65.98999786376953,65.55000305175781,65.87000274658203,9931,53.038917671002416,-0.19431995329196639,-0.26451979131446873,0.07019983802250235,0.42106555831625075,65.59386535721737,65.90958997578242,66.4256959474245,66.14455567694233,64.80044325494242,0.012450126320075361,0.004177853404675113,London
2025-03-26 12:00:00,65.87999725341797,65.88999938964844,65.55000305175781,65.73999786376953,2676,50.72370946986823,-0.15989353602091683,-0.24359454025575836,0.08370100423484153,0.41527489971442033,65.60778273879376,65.90293930472309,66.41661385360126,66.08338220502203,64.82961675738032,0.00936589338362892,0.0041579912024451065,London
2025-03-26 20:00:00,65.68000030517578,66.18000030517578,65.45999908447266,66.1500015258789,829,57.08591903579853,-0.09839227837792919,-0.21455408788019253,0.11616180950226335,0.4370410654993278,65.65942262327806,65.91262801927822,66.41308256449236,66.10213556687994,64.81786336500484,0.013793126833393288,0.004402008847894516,NewYork
2025-03-27 00:00:00,66.13999938964844,66.19999694824219,65.75,65.76000213623047,646,50.41764560987958,-0.08019731525777729,-0.1876827333557095,0.10748541809793222,0.4379664856952463,65.66900162451162,65.90664269053124,66.40443249259485,66.12479754385403,64.81520184579442,0.00874366733359988,0.004232183911761374,Tokyo
2025-03-27 04:00:00,65.76000213623047,65.86000061035156,65.54000091552734,65.63999938964844,1427,48.5388238018482,-0.0746009414265103,-0.16506637496986967,0.09046543354335937,0.4295402863473158,65.66623950690561,65.89618609049663,66.39430755083397,66.10974506822079,64.81825404676944,0.0004572287611310788,0.004196935131184623,Tokyo
2025-03-27 08:00:00,65.62999725341797,66.56999969482422,65.5999984741211,66.55000305175781,11173,60.545784327243275,0.0032267198509003947,-0.13140775600571566,0.13463447585661606,0.4681446388013022,65.7504074635582,65.9218259713304,66.39636974289918,66.32527760065186,64.70872203313719,0.010323368404763889,0.0051020475743894945,London
2025-03-27 12:00:00,66.55999755859375,67.08999633789062,66.55000305175781,67.0,9033,64.90626243573459,0.10006322846247429,-0.08511355911207767,0.18517678757455197,0.47327668503926723,65.86941627655267,65.96410730578805,66.40436484564225,66.63959214390286,64.5594076424741,0.019166446260639125,0.005217498738426917,London
2025-03-27 20:00:00,67.0,67.0,66.56999969482422,66.63999938964844,1297,59.26332705135096,0.14607396881713441,-0.03887605352623526,0.18495002234336966,0.4701855150490183,65.94280514446656,65.99061287770414,66.40748583298007,66.77338021221502,64.59661948260921,0.007407374942808298,0.005140032001802002,NewYork
2025-03-28 00:00:00,66.62999725341797,66.83999633789062,66.61000061035156,66.80000305175781,560,60.89078200686829,0.19322143394913383,0.007543443968838558,0.18567798998029528,0.45302910165545,66.02444304039906,66.0223536688435,66.41268473654004,66.92620884776039,64.61779139638023,0.01581509856664609,0.005143655614660642,Tokyo
2025-03-28 04:00:00,66.83999633789062,66.93000030517578,66.5,66.93000030517578,2637,62.21168194549586,0.2383285287388901,0.05370046092284887,0.18462806781604124,0.451384187621188,66.11068658942541,66.05794765458201,66.41953659837628,67.08177097609729,64.6452294511488,0.019652664953113685,0.005142655721256445,Tokyo
2025-03-28 08:00:00,66.91000366210938,67.0999984741211,66.61000061035156,66.6500015258789,12142,57.691950266074834,0.2486167655819571,0.09268372185467053,0.15593304372728659,0.45414230734606964,66.1620499167067,66.0811654534564,66.42258911397235,67.17598019267648,64.66002063129814,0.0015026066045906727,0.0051058293229023916,London
2025-03-28 12:00:00,66.66999816894531,66.95999908447266,66.66000366210938,66.88999938964844,6813,60.35089906961804,0.2729892392431026,0.12874482533235695,0.14424441391074563,0.4438462538637611,66.23137843793926,66.11288443134629,66.42877997855084,67.29935852433238,64.67964233015982,-0.0016418001545008831,0.005110128574440698,London
2025-03-30 20:00:00,66.80000305175781,66.80999755859375,66.19999694824219,66.23999786376953,1138,51.0019019751241,0.23712152008421583,0.15042016428272875,0.08670135580148708,0.4614288386882246,66.23219933563738,66.11786927183348,66.4262795531895,67.32343718530988,64.71156342504169,-0.006002423912702559,0.005619507990523607,NewYork
2025-03-31 00:00:00,66.26000213623047,66.7300033569336,66.2300033569336,66.69999694824219,821,56.17584994398287,0.24301287483125122,0.16893870639243325,0.07407416843881798,0.4641839216390657,66.27675148921878,66.14069780816324,66.42990494915047,67.39878056812958,64.73121973704619,-0.0014970972896234391,0.005804131656568604,Tokyo
2025-03-31 04:00:00,66.7300033569336,66.73999786376953,66.44000244140625,66.51000213623047,1196,53.65569015084905,0.22970294981635675,0.18109155507721797,0.04861139473913878,0.45245617169079533,66.29896583655322,66.15518033083255,66.43096583904557,67.43562025493841,64.79538026386041,-0.006275185522639726,0.00576868574810051,Tokyo
2025-03-31 08:00:00,66.5199966430664,66.79000091552734,65.98999786376953,66.37000274658203,11718,51.81122124185611,0.20548920597444464,0.1859710852566633,0.019518120717781334,0.4772809488384394,66.30573125655596,66.16360473929332,66.43015838086725,67.40727297907063,64.95472805852702,-0.0042010318512619715,0.005539917501021701,London
2025-03-31 12:00:00,66.37000274658203,66.97000122070312,66.18000030517578,66.87000274658203,6896,57.43852969966091,0.22406260660001465,0.19358938952533358,0.030473217074681064,0.4996180893162183,66.3594713984632,66.19130662193209,66.43598413405553,67.42526798706322,65.11073359985085,-0.00029894817235565085,0.005728095697188216,London
2025-03-31 20:00:00,66.83000183105469,66.83000183105469,66.4000015258789,66.66000366210938,960,54.55691011403387,0.2193089324700992,0.19873329811428672,0.020575634355812472,0.4975025987009974,66.38809351881045,66.20968689801747,66.43895128012248,67.40269872874664,65.27430322437836,0.006340667449954207,0.005812048288203487,NewYork
2025-04-01 00:00:00,66.63999938964844,67.77999877929688,66.44999694824219,66.56999969482422,508,53.32218521210575,0.20590549315502926,0.20016773712243524,0.005737756032594021,0.5569668295834038,66.40541791652605,66.22381681161774,66.44068702071456,67.3273152616102,65.48768641685659,-0.001948984398287834,0.005820607475530932,Tokyo
2025-04-01 04:00:00,66.55999755859375,68.0999984741211,66.55999755859375,66.94000244140625,1268,57.573165129869096,0.22257361030609957,0.20464891175916813,0.017924698546931433,0.6271835500079711,66.4563307284194,66.25190252258984,66.44730046999526,67.3418942437637,65.60610761780856,0.006465197584793803,0.005781060979795269,Tokyo
2025-04-01 08:00:00,68.08000183105469,69.0,66.91999816894531,67.93000030517578,24941,66.39238585490537,0.31207041361342647,0.2261332121300198,0.08593720148340667,0.730956284368451,66.59668021192002,66.31771027876968,66.46693887840824,67.61530156501335,65.53870005241829,0.023504557692278993,0.006519627581689777,London
2025-04-01 12:00:00,67.94000244140625,69.22000122070312,67.83999633789062,68.20999908447266,16405,68.39350297539434,0.40096871867146433,0.26110031343830875,0.13986840523315558,0.777316898543026,66.7503296283536,66.3919176829149,66.49002576855479,67.89539256929355,65.50560917020842,0.020038825824021833,0.00648892859128446,London
2025-04-01 20:00:00,68.01000213623047,69.30000305175781,68.01000213623047,68.33999633789062,3034,69.30726506517988,0.4764190950588727,0.30416406976242155,0.17225502529645115,0.8139371854704772,66.90172645783332,66.4683129242865,66.51452869000295,68.1808997638758,65.43910145682733,0.02520240899320836,0.006407093831480543,NewYork
2025-04-02 00:00:00,68.31999969482422,69.25,68.18000030517578,69.23999786376953,1700,74.74994557743027,0.6018983538933753,0.3637109265886123,0.238187427304763,0.8322273647100302,67.1244189726844,66.57700645132505,66.5506276194568,68.64620265601307,65.32179813744396,0.040108129505563195,0.00663429295098115,Tokyo
2025-04-02 04:00:00,68.41999816894531,69.33999633789062,68.30999755859375,68.41999816894531,5790,63.67152967962172,0.6279359929498867,0.41655593986086714,0.21138005308901953,0.8463538943233763,67.24780746756639,66.64928063632976,66.57538749428447,68.7769069645283,65.46909370685843,0.022109287026610636,0.007333368818979277,Tokyo
2025-04-02 08:00:00,69.22000122070312,69.36000061035156,67.75,67.9800033569336,23623,58.64875037983695,0.6060805856348281,0.45446086901565935,0.1516197166191688,0.9009000883253896,67.31754040941088,66.70146584105933,66.59399167789572,68.86763589758444,65.52136480431987,0.0007360967397787022,0.007023542997933174,London
2025-04-02 12:00:00,67.95999908447266,68.8499984741211,67.66000366210938,67.66000366210938,5179,55.235976309141634,0.5565234608221203,0.47487338737695156,0.08165007344516878,0.9215497114458416,67.35015595728693,66.73905555953188,66.60811104192504,68.9104897201347,65.54451134798052,-0.008063266819314241,0.007003444169277719,London
2025-04-02 20:00:00,66.05999755859375,67.20999908447266,65.36000061035156,65.52999877929688,7416,38.97753615707504,0.34143958650436446,0.4481866272024342,-0.10674704069806973,1.0200106643252682,67.1768076546212,66.69164156815012,66.59383140930746,69.00324393483469,65.34075707224538,-0.04111790619215716,0.010044027690023693,NewYork
2025-04-03 00:00:00,65.55999755859375,66.80000305175781,64.80000305175781,64.91999816894531,7052,35.733629656581655,0.12037451279142886,0.38262420432023314,-0.2622496915288043,1.090009902587749,66.96187341789016,66.62216535641659,66.57166143261392,69.16481656483758,64.99118395396125,-0.06239167862662076,0.010187302017764008,Tokyo
2025-04-03 04:00:00,64.94000244140625,66.2300033569336,64.80000305175781,65.91999816894531,4997,43.966579887206876,0.025575671417556123,0.3112144977396978,-0.28563882632214166,1.114294931344037,66.86264720370494,66.59462938828047,66.56303013110838,69.17732856823017,64.87767173694562,-0.036539024655144026,0.010835893441491632,Tokyo
2025-04-03 08:00:00,65.91999816894531,66.11000061035156,64.80000305175781,65.80000305175781,14987,43.25058169125927,-0.05856064580389386,0.23725946903097947,-0.29582011483487336,1.1282736904333022,66.76144299875759,66.56346757116194,66.55292381217659,69.19890316872255,64.77109728904111,-0.03206825827485682,0.010809311531967616,London
2025-04-03 12:00:00,65.80000305175781,65.80000305175781,64.80000305175781,64.80000305175781,6028,37.73540568204038,-0.20358413484288462,0.14909074825620666,-0.3526748830990913,1.1191112839737807,66.57463919428142,66.49431209981276,66.52970631866111,69.30095155951217,64.46004926446243,-0.04227018113440051,0.011237724883526205,London
2025-04-03 20:00:00,64.5999984741211,65.77999877929688,63.599998474121094,64.88999938964844,2574,38.49552826894456,-0.30770728437397565,0.0577311417301702,-0.36543842610414584,1.194889071202495,66.41419730812589,66.43139787588474,66.50798834609141,69.3795463489166,64.24645462764589,-0.00976651001938722,0.011086259829821515,NewYork
2025-04-04 00:00:00,63.63999938964844,65.08000183105469,63.33000183105469,63.34000015258789,4525,31.388282178140898,-0.5094252775969039,-0.05570014213524463,-0.45372513546165927,1.2345398518308883,66.12141662664608,66.3101665926182,66.46602823756818,69.64582444656192,63.64417685043516,-0.024337616465202272,0.012051261639621348,Tokyo
2025-04-04 04:00:00,64.63999938964844,64.81999969482422,61.4900016784668,61.849998474121094,14399,26.35166359231701,-0.7805215568646844,-0.2006644250811326,-0.5798571317835518,1.3842154350113551,65.71461489783418,66.13525803895165,66.40488877050265,70.10157385439047,62.72242707639566,-0.061741501939870824,0.012952780652385086,Tokyo
2025-04-04 08:00:00,61.84000015258789,63.900001525878906,60.79999923706055,61.869998931884766,34451,26.522101464648586,-0.9824286159923048,-0.3570172632633671,-0.6254113527289378,1.5067716388547128,65.3484609963152,65.96799297592942,66.34482400442825,70.39918893992808,61.97481160938833,-0.05972650361097598,0.012979214361095434,London
2025-04-04 12:00:00,61.849998474121094,65.19999694824219,61.56999969482422,63.33000183105469,18059,37.83221627666616,-1.0129546718879396,-0.4882047449882816,-0.524749926899658,1.6584306113235168,65.15622679009991,65.86454234279708,66.30489258491336,70.3952962538699,61.62470420389378,-0.022685202954836114,0.014117849666897027,London
2025-04-06 20:00:00,62.220001220703125,64.41000366210938,61.810001373291016,62.689998626708984,2889,35.26937800465829,-1.0763818411341788,-0.6058401642174611,-0.47054167691671767,1.725685731144577,64.921347917396,65.74005043236225,66.25701319473848,70.42631045969722,61.196689494526424,-0.033903541125482106,0.014215705771340839,NewYork
2025-04-07 00:00:00,62.709999084472656,64.52999877929688,62.560001373291016,62.7400016784668,2227,35.63623760262942,-1.1098201850913227,-0.7066361683922335,-0.4031840166990892,1.74313656506324,64.71360065654561,65.62240146162125,66.21043026074813,70.41656893198106,60.823431220606835,-0.009472662972460966,0.014237479981747521,Tokyo
2025-04-07 04:00:00,63.97999954223633,65.87999725341797,62.529998779296875,64.51000213623047,7365,47.071394089064924,-0.9821741766311334,-0.7617437700400136,-0.2204304065911198,1.8579124157102296,64.6942103212775,65.57877795866476,66.18790803393333,70.27735788204521,60.71964224002512,0.043007335937483626,0.015731118879183083,Tokyo
2025-04-07 08:00:00,64.52999877929688,66.48999786376953,64.23999786376953,65.11000061035156,32880,50.295141327494456,-0.8231106258947563,-0.7740171412109622,-0.04909348468379404,1.8859186717309275,64.7338093964274,65.56039453324071,66.17363111441568,69.99871494267884,60.71628520990904,0.05236789614355497,0.015475865538944653,London
2025-04-07 12:00:00,65.0999984741211,66.98999786376953,64.94999694824219,66.08000183105469,6035,55.06059909019471,-0.6117289930293026,-0.7415595115746303,0.12983051854532768,1.8969245462878144,64.86201819972524,65.58077129001774,66.17239099145726,69.71082253955693,60.79117788768915,0.043423336814929714,0.015880927475201864,London
2025-04-07 20:00:00,66.81999969482422,66.88999938964844,65.11000061035156,66.08000183105469,2126,55.06059909019471,-0.4391453320318277,-0.6810766756660698,0.24193134363424207,1.8885727057884614,64.97801664080423,65.6003489582937,66.17116729396848,69.37735346689747,60.898647509665025,0.05407566244388784,0.015864601766167975,NewYork
2025-04-08 00:00:00,65.33000183105469,66.30000305175781,64.75,65.38999938964844,3103,51.024754636305225,-0.3539686376071529,-0.6156550680542864,0.26168643044713347,1.8643891590719865,65.01725309307511,65.59209995560173,66.16082069920927,68.72532335441818,61.16567777473222,0.04223776921082156,0.015583276129307707,Tokyo
2025-04-08 04:00:00,65.37999725341797,66.8499984741211,65.37999725341797,66.69000244140625,3297,57.36540818872656,-0.1794969824321413,-0.5284234509298573,0.348926468497716,1.836218592045639,65.17656255482093,65.63515495504504,66.16782972890725,68.3739326998885,61.344068856507974,0.03379321396660506,0.016206525888442104,Tokyo
2025-04-08 08:00:00,65.94000244140625,66.91000366210938,65.51000213623047,66.36000061035156,20958,55.40449195481098,-0.06708204843405952,-0.4361551704306978,0.3690731219966383,1.8050602301765868,65.28927094106194,65.66358027486098,66.17037503859525,68.05683767544684,61.499163606291425,0.01919827965415921,0.016184902218557045,London
2025-04-08 12:00:00,65.63999938964844,66.45999908447266,65.05000305175781,65.66000366210938,10056,51.39153052110344,-0.03408341455248376,-0.355740819255055,0.32165740470257126,1.7768413589293195,65.32457881925693,65.66344001553739,66.16361515281399,67.69856720803749,61.6574340737008,-0.006355904317604466,0.016305203350696008,London
2025-04-08 20:00:00,64.70999908447266,65.87000274658203,64.25,64.58999633789062,2788,45.916753109543485,-0.09319807866214092,-0.3032322711364722,0.2100341924743313,1.7656386009045133,65.25461858293633,65.62134418504144,66.14277251950375,67.62488270319695,61.637118334400704,-0.022548508654305577,0.015100871785402162,NewYork
2025-04-09 00:00:00,64.5999984741211,66.19000244140625,64.3499984741211,66.12000274658203,2450,53.53857240191539,-0.01639910678790102,-0.245865638266758,0.22946653147885698,1.770950412788845,65.33703612233116,65.64089942274892,66.14247093310745,67.75651100760231,61.625490487759,0.011163837953012123,0.015872850486048435,Tokyo
2025-04-09 04:00:00,65.5199966430664,66.29000091552734,64.7300033569336,65.01000213623047,6039,48.22834740444469,-0.04458914495677391,-0.20561033960476122,0.1610211946479873,1.7558823517749096,65.3058900284168,65.61615835268937,66.12747134639385,67.6608075138733,61.630194378216544,-0.02519118673974896,0.01597214113238703,Tokyo
2025-04-09 08:00:00,65.0199966430664,66.94999694824219,65.01000213623047,65.87000274658203,30483,52.1853584773393,0.0024368184997172193,-0.16400090798386552,0.16643772648358274,1.7690332417918246,65.35961504919445,65.6261130348028,66.1240611662639,67.67010684941599,61.627895012156266,-0.007383933985273261,0.01626438521118632,London
2025-04-09 12:00:00,65.87999725341797,67.51000213623047,65.61000061035156,67.22000122070312,5859,57.65653617697463,0.14694493802086583,-0.10181173878291927,0.2487566768037851,1.7783881192266162,65.53679468457622,65.68861845385771,66.13857692857437,68.00299052317796,61.53701115528885,0.02375871872657198,0.016441249248638965,London
2025-04-09 20:00:00,66.5999984741211,67.88999938964844,66.5999984741211,67.58000183105469,2144,59.00369642640831,0.2872069614000168,-0.024007998746332054,0.31121496014634886,1.7435033189623825,65.7313858413837,65.76279035100269,66.15766864913702,68.37370248246499,61.43529944014243,0.046292083336286316,0.01645936806074441,NewYork
2025-04-10 00:00:00,67.0999984741211,67.66000366210938,66.5999984741211,66.7300033569336,1614,54.587713610933896,0.326019700170022,0.04599754103693877,0.28002215913308326,1.6946820238928038,65.82649227143607,65.8007202728039,66.16524924129327,68.55260175678058,61.595400486261404,0.009225659180467805,0.015676987114818287,Tokyo
2025-04-10 04:00:00,67.23999786376953,67.41999816894531,66.4800033569336,66.66000366210938,3603,54.22777155204215,0.34712919562869615,0.10622387195529023,0.24090532367340592,1.6407757944727264,65.90587430864305,65.8344176606198,66.17180227997959,68.50799970345408,62.12100305838673,0.025380733297335922,0.014435853995932942,Tokyo
2025-04-10 08:00:00,66.66000366210938,68.12999725341797,66.63999938964844,67.37000274658203,15902,57.30302639129776,0.41635018945734714,0.16824913545570164,0.2481010540016455,1.630005942279641,66.04531511225629,65.89463668359872,66.18767248483525,68.46555648807917,62.71344665523138,0.022772125967124524,0.01449033550670586,London
2025-04-10 12:00:00,67.31999969482422,67.3499984741211,66.18000030517578,67.12999725341797,9508,55.934949889204866,0.44669269298000813,0.22393784696056296,0.22275484601944517,1.5985771207886843,66.1486181733193,65.94308219614065,66.20015360759794,68.52622478978076,63.03277789576613,-0.0013389462310428035,0.013862166230155333,London
2025-04-10 20:00:00,66.4000015258789,67.23999786376953,66.05000305175781,66.72000122070312,870,53.58157323365095,0.4326685584523631,0.265683989258923,0.16698456919344007,1.5693926701617582,66.20303560640347,65.9735496088686,66.20703900644702,68.33690304268708,63.625099902259194,-0.012725667165584098,0.013690357902366612,NewYork
2025-04-11 00:00:00,67.12999725341797,67.47000122070312,66.75,67.36000061035156,1689,56.647797677310905,0.46780437520804696,0.3061080664487478,0.1616963087592992,1.510864622293061,66.31322274963662,66.02792023637772,66.22231002106827,68.086715850179,64.33728698795575,0.009440989385961274,0.013752044618442764,Tokyo
2025-04-11 04:00:00,67.29000091552734,67.30000305175781,66.52999877929688,67.12999725341797,3521,55.2356748071991,0.47165348664063345,0.3392171504871249,0.13243633615350853,1.4622315657760343,66.39101079761579,66.07113894292831,66.23433236851662,68.07789559088222,64.60810675897129,0.0070506085431816246,0.012574241850019317,Tokyo
2025-04-11 08:00:00,67.12000274658203,67.44000244140625,65.8499984741211,66.91000366210938,19875,53.85287631032261,0.45174485741202375,0.3617226918721047,0.09002216553991904,1.4713581658838288,66.44043868947232,66.10403559858247,66.24328165717348,68.08326633926914,64.78273631576015,-0.006827951101664342,0.012505256491438068,London
2025-04-11 12:00:00,66.91999816894531,67.18000030517578,65.55999755859375,65.83999633789062,7793,47.609820934943,0.34564212936177796,0.3585065793700394,-0.012864450008261419,1.4819756359337004,66.3832537036074,66.09368111777103,66.23794012976578,68.08550322494594,64.75649888076694,-0.01921646012672318,0.012667758861178246,London
2025-04-13 20:00:00,67.06999969482422,67.19999694824219,65.73999786376953,65.83999633789062,615,47.609820934943,0.25857426972852693,0.33852011744173693,-0.07994584771321,1.4804058822579116,66.33151490687246,66.08373269503062,66.23266935106545,68.08725810818993,64.73074344820657,-0.013189521383573322,0.012667758861178246,NewYork
2025-04-14 00:00:00,66.94000244140625,67.16000366210938,65.8499984741211,67.08999633789062,1319,54.721511231585474,0.2871270945773716,0.3282415128688639,-0.04111441829149226,1.4689488423979713,66.40375123363609,66.12319401435846,66.24402467539427,68.12653130901273,64.86146994220798,-0.004008376930142776,0.01309928219080532,Tokyo
2025-04-14 04:00:00,67.0999984741211,67.2300033569336,65.29000091552734,66.4800033569336,2432,51.07771626139907,0.25756502901704437,0.31410621609850004,-0.05654118708145567,1.5025955280414198,66.4110133406168,66.1371865375967,66.24715022084511,68.11342267689236,64.85357866588109,-0.009682614674191403,0.012541655303792832,Tokyo
2025-04-14 08:00:00,65.3499984741211,66.66999816894531,64.05999755859375,65.31999969482422,15967,44.94818561340295,0.1389327478654252,0.27907152245188505,-0.14013877458645985,1.5816958910635728,66.30710727911274,66.10513999474288,66.23487008142762,68.14236187048837,64.72063938073234,-0.023763322078333204,0.013102524131257022,London
2025-04-14 12:00:00,64.08000183105469,65.70999908447266,63.75,65.5,4362,46.03047380356759,0.058762947970166124,0.23500980755554127,-0.17624685958537514,1.6087175477356501,66.23023991919725,66.08140901455688,66.22513670286567,68.15096741917444,64.69603346583534,-0.005163978687753312,0.01291498983821796,London
2025-04-14 20:00:00,65.3499984741211,65.7699966430664,64.11000061035156,65.7300033569336,727,47.45205807721159,0.013630034098554233,0.19073385286414388,-0.17710381876558964,1.6123802966627352,66.1825983418388,66.06762840053244,66.21857864530365,68.01802411596276,64.94297747095129,-0.001670610374772008,0.01234687931216436,NewYork
2025-04-15 00:00:00,65.72000122070312,65.87999725341797,64.30999755859375,65.70999908447266,643,47.335274392503855,-0.02348162139999488,0.14789075801131615,-0.17137237941131103,1.609353110817127,66.13758888875631,66.05360372147128,66.21184249218007,68.02838591720183,64.89161530350128,-0.02056934459301174,0.011149263920399706,Tokyo
2025-04-15 04:00:00,65.69999694824219,65.69999694824219,64.02999877929688,65.3499984741211,1626,45.18030342689293,-0.08100810534971004,0.10211098533911092,-0.18311909068882096,1.6143993389856024,66.06258027783868,66.02601135883009,66.200427339623,67.9854352052808,64.9685656492114,-0.016997665850668864,0.010528006331679359,Tokyo
2025-04-15 08:00:00,65.33999633789062,66.2300033569336,63.83000183105469,66.06999969482422,15056,50.075651834634456,-0.06771954832714755,0.06814487860585923,-0.13586442693300677,1.6705137809065527,66.06328688898016,66.02773639161417,66.19869982114886,67.98107538028265,64.99292516903375,0.011481935142437338,0.01039785365660408,London
2025-04-15 12:00:00,66.08000183105469,66.25,64.8499984741211,66.12999725341797,4763,50.47254898916904,-0.05175042292790977,0.04416581829910543,-0.0959162412270152,1.6511914769760065,66.06964025702185,66.03174662148882,66.19778985336436,67.89314105590452,64.97185909668337,0.009618278678136916,0.009263741384105987,London
2025-04-15 20:00:00,66.12000274658203,66.16999816894531,65.80000305175781,65.91000366210938,439,48.9363129086717,-0.05619859780009051,0.024092935079266242,-0.08029153287935675,1.5596774512768274,66.05443677179208,66.02697238778767,66.19397811573185,67.72172622018905,64.97627411550431,0.002738480084936601,0.00916272354762273,NewYork
2025-04-16 00:00:00,65.9000015258789,66.04000091552734,65.7300033569336,65.95999908447266,463,49.31388218448009,-0.055054956411140665,0.00826335678118486,-0.06331831319232553,1.4704146017994648,66.04544270633309,66.0243459837361,66.19087905571517,67.68142380361894,64.93957610482832,0.00380459600491867,0.008766228468814034,Tokyo
2025-04-16 04:00:00,65.94999694824219,66.3499984741211,65.9000015258789,66.19999694824219,2086,51.18002073740919,-0.03438640543349436,-0.0002665956617509853,-0.03411980977174338,1.3975276265453735,66.06016215794348,66.03123425685399,66.19099982250361,67.64913800608203,64.92586123097853,0.013006862952838372,0.008815403559893508,Tokyo
2025-04-16 08:00:00,66.19999694824219,66.68000030517578,65.69000244140625,66.58000183105469,10133,54.06388992336059,0.012512551430717167,0.0022892337567426454,0.010223317673974521,1.3684183577756706,66.10967069823978,66.05275455388147,66.19615216698773,67.52032195555363,64.9756771899542,0.007719118186562124,0.00856083601412298,London
2025-04-16 12:00:00,66.58000183105469,66.66000366210938,66.16999816894531,66.30000305175781,3678,51.64318087055517,0.026778070267241105,0.007187001058842337,0.019591069208398766,1.3056745817319844,66.12779758905103,66.06245057340604,66.19752767539528,67.4099737905642,65.0030259347776,0.002570781875105288,0.008573864435485041,London
2025-04-16 20:00:00,66.30000305175781,66.77999877929688,66.25,66.77999877929688,455,55.33522098370244,0.07593985308795936,0.020937571464665745,0.05500228162329362,1.2502691672723338,66.18991198812206,66.09058971873509,66.20524252445358,67.41864885239548,65.0003506288057,0.013199743117108031,0.008641749851947683,NewYork
2025-04-17 00:00:00,66.76000213623047,66.91999816894531,66.5999984741211,66.72000122070312,509,54.77229600250033,0.10880537793900658,0.03851113275953391,0.07029424517947266,1.1838213478117543,66.2403966769393,66.11527252273383,66.2120605204304,67.28832469247736,65.06667484975897,0.011522167173731557,0.008347930014884338,Tokyo
2025-04-17 04:00:00,66.68000030517578,66.80999755859375,66.62000274658203,66.66000366210938,931,54.178738977769804,0.12852864341382997,0.05651463489039313,0.07201400852343684,1.1128337381117517,66.2803592469555,66.13663452819954,66.2179935421745,67.19784832415179,65.11015185895367,0.00694874222164743,0.008320140019885524,Tokyo
2025-04-17 08:00:00,66.69000244140625,67.19999694824219,66.56999969482422,66.95999908447266,8109,56.70514707199418,0.16644788916336495,0.07850128574498749,0.08794660341837746,1.0783454177764815,66.34508685052856,66.1689233343279,66.22782143015196,67.20818111126955,65.10481861407224,0.0057073782362186964,0.008357467206539555,London
2025-04-17 12:00:00,66.94999694824219,67.19999694824219,66.86000061035156,67.11000061035156,5230,57.953485109107866,0.20622579158239773,0.10404618691246956,0.10217960466992818,1.0256061977846345,66.41793578003552,66.20582832554452,66.23950592260493,67.34221616704633,65.09778398554155,0.012217157184162053,0.007448050132586818,London
2025-04-20 20:00:00,67.19999694824219,67.30000305175781,66.7699966430664,67.01000213623047,890,56.778155718867104,0.22706357711946623,0.1286496649538689,0.09841391216559733,0.9902062128494038,66.47432305205409,66.23736455341455,66.24971117046752,67.43865074378024,65.11834998864163,0.0034441952850843283,0.007465559462220083,NewYork
2025-04-21 00:00:00,66.97000122070312,67.30000305175781,66.95999908447266,67.2300033569336,726,58.7597630094569,0.2583518132844347,0.15459009461998205,0.10376171866445263,0.9437631953091004,66.54629260489976,66.27629156531727,66.26269517293727,67.46774740967254,65.10325402465364,0.007643916770076586,0.006203888966766434,Tokyo
2025-04-21 04:00:00,67.22000122070312,67.33999633789062,67.12000274658203,67.2699966430664,1272,59.126623963392824,0.28311155603073246,0.18029438690213215,0.10281716912860031,0.8920653664519212,66.61521679901087,66.31526039189566,66.27603691426349,67.58485048791687,65.06515027502257,0.009150809292615802,0.005810356809493962,Tokyo
2025-04-21 08:00:00,67.29000091552734,67.4000015258789,66.30999755859375,66.3499984741211,8232,48.449501829330636,0.2258937050354035,0.1894142505287864,0.036479454506617104,0.9062038379400095,66.58995791092613,66.31662266963,66.27701653757286,67.544211489761,65.20878915110815,-0.009109925607705294,0.005211064684677093,London
2025-04-21 12:00:00,66.3499984741211,66.95999908447266,66.20999908447266,66.87999725341797,4132,53.64298986906106,0.2207697220623288,0.1956853448354949,0.025084377226833904,0.8950464209442945,66.61758070544917,66.33871579056286,66.28500303712049,67.55686693387824,65.33413343233269,-0.0034272590499442313,0.005439524908180947,London
2025-04-21 20:00:00,66.86000061035156,66.91999816894531,66.5,66.5,552,49.77134166110044,0.18392614000663343,0.19333350386972262,-0.009407363863089185,0.8611144029443671,66.60638254302545,66.34504066152118,66.28785067901293,67.54312438449752,65.42487564602006,-0.0076108359942093085,0.005606919448418889,NewYork
2025-04-22 00:00:00,66.5,66.69999694824219,66.44000244140625,66.6500015258789,826,51.26657760087949,0.16492999499030248,0.1876528020938386,-0.022722807103536136,0.8181772675080506,66.61053673186863,66.35699991110384,66.29264737897142,67.52705391640727,65.53494635825093,-0.008627127801487333,0.005614790818011302,Tokyo
2025-04-22 04:00:00,66.63999938964844,67.05999755859375,66.62999725341797,67.01000213623047,2280,54.748234125266734,0.17688542869512958,0.18549932741409683,-0.008613898718967256,0.7904503416271742,66.64858105609358,66.38260784150097,66.30214876648479,67.46122268606494,65.7667779548042,-0.003864940089345681,0.005508151683924439,Tokyo
2025-04-22 08:00:00,67.04000091552734,67.37000274658203,66.7300033569336,67.02999877929688,9941,54.94080075226492,0.185831606928474,0.1855657833169723,0.00026582361150170875,0.7797038450572644,66.68490655354151,66.40799572141454,66.31178916400549,67.48796323737024,65.83603731194616,0.010248686071048008,0.005013334702111651,London
2025-04-22 12:00:00,67.04000091552734,67.36000061035156,67.01000213623047,67.26000213623047,5712,57.19701981050266,0.2090708279558271,0.19026679224474324,0.018804035711083855,0.7490106042761093,66.73967756141664,66.44140773768183,66.32434827622039,67.54583025450128,65.89117078309638,0.005681891423718222,0.0050497418788868105,London
2025-04-22 20:00:00,67.4000015258789,67.69999694824219,67.18000030517578,67.69000244140625,2185,61.11694227172114,0.259197639966132,0.204052961789021,0.055144678177110995,0.732652464189702,66.83018469284423,66.4903722358671,66.34243641085862,67.65142398518354,65.96357693034379,0.017894773554981258,0.005093098914642962,NewYork
2025-04-23 00:00:00,67.69999694824219,68.2699966430664,67.69999694824219,68.2300033569336,2634,65.40207200224019,0.3385939601306234,0.23096116145734147,0.1076327986732819,0.7217483025804486,66.96350075609084,66.55859306414422,66.3674372975616,67.88679380835237,65.95520753442108,0.0237059534115871,0.005299845961978716,Tokyo
2025-04-23 04:00:00,68.2300033569336,68.5,68.19999694824219,68.4800033569336,3960,67.20406766773053,0.41688345359133905,0.268145619884141,0.14873783370719806,0.6916236418074032,67.10792957521872,66.63394248739087,66.39541830497049,68.16649412409033,65.90350785955225,0.021937041842121197,0.005300339298120155,Tokyo
2025-04-23 08:00:00,68.48999786376953,69.5999984741211,68.05000305175781,68.36000061035156,26759,65.44210472243071,0.46389769855726115,0.30729603561876506,0.1566016629384961,0.7529359118471087,67.22717443570757,66.70163104123246,66.42143926265766,68.37817244049273,65.86982942107954,0.019841889531191148,0.005264663906361027,London
2025-04-23 12:00:00,68.3499984741211,69.12000274658203,68.22000122070312,69.0999984741211,4952,70.56674581402021,0.5544768061268996,0.356732189720392,0.19774461640650765,0.7634405985636658,67.40553862984218,66.79568466605163,66.45691686810751,68.73692042338968,65.79108098041891,0.027356471594571774,0.0054965730680391015,London
2025-04-23 20:00:00,68.9000015258789,69.12999725341797,68.62999725341797,68.86000061035156,1118,67.09180630946719,0.5999793906613604,0.4053816299085857,0.19459776075277474,0.7446234129519753,67.54405881846212,66.87663823249477,66.48874579184584,68.98382561910026,65.7521759678138,0.017284652485543672,0.005489780508789526,NewYork
2025-04-24 00:00:00,68.8499984741211,69.08000183105469,68.80000305175781,69.04000091552734,843,68.35062405849075,0.643151190459804,0.45293554201882935,0.1902156484409746,0.7114359391194681,67.68652949437309,66.96147598477056,66.52253725043767,69.23167820849477,65.7363233479017,0.01187157436232833,0.005463965726413737,Tokyo
2025-04-24 04:00:00,69.05999755859375,69.12999725341797,68.80000305175781,68.9800033569336,1698,67.42481043432508,0.6648597618048484,0.49532038597603323,0.16953937582881518,0.6841901007295172,67.80971748128361,67.04063392093381,66.55508647039125,69.42371706363791,65.77628446224101,0.007301401511239591,0.0054632098596150815,Tokyo
2025-04-24 08:00:00,68.98999786376953,69.4800033569336,68.76000213623047,68.94999694824219,17148,66.93648526112233,0.6718974786974599,0.5306358045203186,0.1412616741771413,0.6867480378704892,67.91831552575586,67.11551090239689,66.58680713897205,69.59204021521157,65.80696109704428,0.008630724584886673,0.0054422844538901125,London
2025-04-24 12:00:00,68.94999694824219,69.4000015258789,68.80000305175781,69.1500015258789,5062,68.57043376479614,0.685709189251611,0.561650481466577,0.12405870778503392,0.6805516404598181,68.035618954339,67.1952948484158,66.62075673350061,69.77828520951248,65.82471619429613,0.0007236331817943586,0.005449201751274958,London
2025-04-24 20:00:00,69.1500015258789,69.75,69.13999938964844,69.72000122070312,2144,72.70964758469177,0.7341860413896768,0.596157593451197,0.1380284479384798,0.6755122811663713,68.19603631304034,67.29430294144667,66.6618063293576,70.0520313369801,65.82196997527578,0.012489117088713586,0.005598854954923852,NewYork
2025-04-25 00:00:00,69.7300033569336,69.75,69.2699966430664,69.3499984741211,662,66.57996423936906,0.7342837999882903,0.6237828347586156,0.11050096522967467,0.6615473580068871,68.30593747123851,67.37491845253194,66.69741152332799,70.22041722517784,65.86558359879677,0.0044901152155696344,0.005819931676849189,Tokyo
2025-04-25 04:00:00,69.3499984741211,69.38999938964844,68.97000122070312,69.0,1989,61.314294441923785,0.698072378732661,0.6386407435534247,0.05943163517923633,0.6442938445024889,68.3720386644539,67.43864714066794,66.72790938394617,70.31505611326722,65.94394504640076,0.00028989043336125064,0.00600334419687943,Tokyo
2025-04-25 08:00:00,69.0,69.45999908447266,68.69999694824219,68.79000091552734,8960,58.3332910055106,0.6449943025917406,0.6399114553610878,0.005082847230652776,0.652558722483059,68.41184459312755,67.4916414063487,66.75522185456315,70.28599554698751,66.21700585682107,-0.0023204646816002983,0.004981277335111833,London
2025-04-25 12:00:00,68.77999877929688,69.0,68.44999694824219,68.69999694824219,6659,57.053001533861035,0.588878749221081,0.6297049141330865,-0.040826164912005525,0.6452333174312557,68.43928767456704,67.53902789818767,66.78098046507544,70.27915875683779,66.40584261645323,-0.006507658245941017,0.004806968095142487,London
2025-04-27 20:00:00,68.80000305175781,68.86000061035156,68.33999633789062,68.4800033569336,875,53.936905855119825,0.5206533568266138,0.607894602671792,-0.08724124584517812,0.6362883856476615,68.44316535860196,67.57592889656986,66.80348407953714,70.17316502658777,66.70983668239661,-0.017785396472444703,0.004644492682842756,NewYork
2025-04-28 00:00:00,68.48999786376953,68.5,68.22000122070312,68.30999755859375,1202,51.59185731082161,0.4477053263727697,0.5758567474119876,-0.12815142103921784,0.6108391280511767,68.43048271098213,67.60471590292374,66.82343790045181,70.0402900286885,67.00871128356735,-0.014996408628839886,0.004722496523257658,Tokyo
2025-04-28 04:00:00,68.30000305175781,68.31999969482422,67.87000274658203,67.94999694824219,2470,46.93798526042113,0.35673225865156155,0.5320318496599024,-0.1752995910083408,0.5993504009219631,68.38472216214976,67.61825633607349,66.83835921234306,69.94077619345413,67.20222460000289,-0.015217435532721924,0.004829725712883747,Tokyo
2025-04-28 08:00:00,67.94999694824219,67.94999694824219,67.31999969482422,67.3499984741211,9790,40.39737833251878,0.23352861211786546,0.47233120215149504,-0.23880259003362958,0.601539461814535,68.28617704900417,67.6077364199185,66.84513589130702,69.88661519798076,67.28838556495869,-0.02093331039745938,0.005283246201358355,London
2025-04-28 12:00:00,67.36000061035156,67.5999984741211,67.29000091552734,67.55999755859375,3479,43.37164230985878,0.15109230761642323,0.4080834232444807,-0.2569911156280575,0.5807150401559075,68.21701709753651,67.60586430770968,66.85460425776115,69.84266841816662,67.36233188700916,-0.016593878315705024,0.005273782998979563,London
2025-04-28 20:00:00,67.58000183105469,67.80999755859375,67.55999755859375,67.58000183105469,409,43.66005912593133,0.08637939211939738,0.34374261701946407,-0.2573632249000667,0.5570925372876283,68.15634897691919,67.60485009293889,66.86421217263921,69.85505442940102,67.3389458147396,-0.013142545002340134,0.005071990093200317,NewYork
2025-04-29 00:00:00,67.5999984741211,67.61000061035156,67.38999938964844,67.43000030517578,253,41.93531711355459,0.02272807572406066,0.27953970876038337,-0.2568116330363227,0.5330145861030209,68.08717291294363,67.5979932385168,66.87170605518936,69.91137142935742,67.20262850960742,-0.012882407917862104,0.004722586896876359,Tokyo
2025-04-29 04:00:00,67.41000366210938,67.66999816894531,66.75,66.76000213623047,5397,35.239129454305015,-0.08084734604827304,0.20746229779865208,-0.28830964384692515,0.560656270591756,67.9607756961138,67.56513084234872,66.87022653308395,70.0463616726276,66.89563814426694,-0.017512801551972768,0.005050779337325576,Tokyo
2025-04-29 08:00:00,66.75,67.12000274658203,66.36000061035156,66.5999984741211,11682,33.849063727757056,-0.1738386683908857,0.13120210456074452,-0.30504077295163023,0.5748952609945212,67.83117786544783,67.52728251418294,66.86664735349505,70.16724827473189,66.5987513285396,-0.011135857713318043,0.005056083158950637,London
2025-04-29 12:00:00,66.61000061035156,66.62000274658203,66.11000061035156,66.55999755859375,5101,33.49335582032015,-0.2479050062980832,0.055380682388978975,-0.3032856886870622,0.5702600377970888,67.71011307431887,67.4893497708265,66.86258576680763,70.18137038399638,66.33062912772237,-0.014801658320557465,0.004192976085404161,London
2025-04-29 20:00:00,66.48999786376953,66.62999725341797,66.16000366210938,66.18000030517578,597,30.242080591826166,-0.3334222313550299,-0.022379900359822805,-0.3110423309952071,0.5630981487621963,67.5643880486862,67.43800273295784,66.85354489976615,70.23433613076521,66.00966335043596,-0.020716210238922672,0.004267694184876207,NewYork
2025-04-30 00:00:00,66.16999816894531,66.30000305175781,66.02999877929688,66.19000244140625,849,30.433502746240038,-0.3958253314997222,-0.09706898658780269,-0.2987563449119195,0.542162871883535,67.4334941813262,67.38906154505386,66.84475625793357,70.21218037299597,65.74681926079309,-0.0183894091377359,0.004162443971403366,Tokyo
2025-04-30 04:00:00,66.19999694824219,66.58000183105469,66.08999633789062,66.3499984741211,1457,33.57358225767611,-0.4274426030033567,-0.1631437098709135,-0.26429889313244315,0.538437344832144,67.33030411397333,67.34831397364474,66.83820317470428,70.14153821859578,65.55446092691203,-0.006141456695473502,0.0042770486003479435,Tokyo
2025-04-30 08:00:00,66.33000183105469,66.33999633789062,65.70999908447266,65.9800033569336,9834,30.180893192562266,-0.4768581087946302,-0.22588658965565686,-0.2509715191389733,0.5456917766047364,67.20170404187431,67.29465473377373,66.8268362897007,70.07571919327421,65.32328059310274,-0.00930923620709112,0.004336351700524463,London
2025-04-30 12:00:00,66.0,66.20999908447266,65.9000015258789,66.08999633789062,4268,32.368889369739236,-0.5013653116169223,-0.28098233404790995,-0.22038297756901237,0.5288564753182374,67.09582711768539,67.24741322805282,66.8170768201403,69.92353234354911,65.16946692402902,-0.0070613166758213275,0.00426839361486418,London
2025-04-30 20:00:00,66.02999877929688,66.16000366210938,65.87000274658203,65.87000274658203,338,30.322152387094363,-0.5324018930593724,-0.3312662458502025,-0.20113564720916988,0.5117953639046021,66.97908193948507,67.19339713074024,66.80453279267596,69.61041790772046,65.09758151244554,-0.004684157708737646,0.003486686521160864,NewYork
2025-05-01 00:00:00,65.9000015258789,65.91999816894531,65.52999877929688,65.62000274658203,1130,28.144249207798183,-0.5705940649238812,-0.3791318096649382,-0.191462255258943,0.5030956514577333,66.84964582587526,67.13169539018502,66.7888436529926,69.34447757944358,64.99052226796854,-0.008611567816888988,0.003446116239536713,Tokyo
2025-05-01 04:00:00,65.61000061035156,65.8499984741211,65.61000061035156,65.75,1724,30.92263873630921,-0.5836440589618661,-0.42003425952432377,-0.16360979943754234,0.48430295233714743,66.74491765198238,67.07751125723658,66.77508413440992,69.08925039575375,64.92074945165835,-0.00904293124219313,0.0035569982697635037,Tokyo
2025-05-01 08:00:00,65.76000213623047,66.23999786376953,65.58000183105469,65.5999984741211,7722,29.50497560324588,-0.5991831326063419,-0.4558640341407274,-0.14331909846561453,0.49685245807841144,66.6358777302813,67.01956957946734,66.75952008592928,68.84094038864363,64.85005921462785,-0.005759394717771982,0.00355391244875047,London
2025-05-01 12:00:00,65.62000274658203,65.81999969482422,65.55000305175781,65.79000091552734,2873,33.65412086592079,-0.5893724327842165,-0.48256571386942526,-0.10680671891479121,0.48064847129183963,66.55531803363806,66.9713512004893,66.74667877241401,68.54476410037233,64.85523589962767,-0.004539195626967918,0.0037394989709170733,London
2025-05-01 20:00:00,65.88999938964844,66.3499984741211,65.70999908447266,66.29000091552734,1343,43.13859520771248,-0.5350834522080845,-0.49306926153715713,-0.042014190670927376,0.4920306797458823,66.53004973667514,66.94463158147119,66.74063005907776,68.24005267522215,64.94094708063723,0.006376167472789573,0.0043138167776551935,NewYork
2025-05-02 00:00:00,66.30000305175781,66.54000091552734,66.19999694824219,66.41999816894531,1163,45.32696810191093,-0.47608138222810226,-0.4896716856753462,0.013590303447243934,0.4811716288558304,66.51956863498658,66.92405772215645,66.73638327907601,67.93373641324459,65.05826340364993,0.012191334789374952,0.004381119092709508,Tokyo
2025-05-02 04:00:00,66.41999816894531,66.76000213623047,66.33000183105469,66.44999694824219,5032,45.844928983251606,-0.42203619535141,-0.476144587610559,0.054108392259148985,0.4775165343072555,66.51294276005855,66.90546710357157,66.73259008264112,67.6854256031231,65.15657421377145,0.010646341418132144,0.004300677831042867,Tokyo
2025-05-02 08:00:00,66.44000244140625,68.29000091552734,66.44000244140625,68.05999755859375,16462,65.00613544678947,-0.24645047380627716,-0.4302057648497027,0.18375529104342553,0.5755509585796725,66.6602813123,66.95074280769008,66.750171638614,67.86266962329965,65.05033010204214,0.037499986916053274,0.006748458251387983,London
2025-05-02 12:00:00,68.05999755859375,68.4800033569336,67.95999908447266,68.36000061035156,12513,67.3260384628393,-0.08214289326680557,-0.3605931905331233,0.2784502972663177,0.5715833381426201,66.82215934068587,67.00600781955914,66.77149387665027,68.0703552428,64.92264478771757,0.03906368230825885,0.00678044599015308,London
2025-05-04 20:00:00,68.26000213623047,68.55000305175781,68.2300033569336,68.48999786376953,1101,68.30652354410834,0.05789436974494322,-0.27689567847750995,0.3347900482224532,0.5536130779055914,66.98100110478907,67.0642035075674,66.79425551886376,68.29065338405235,64.79334624973671,0.03318746293344632,0.006786285416271801,NewYork
2025-05-05 00:00:00,68.5,68.55000305175781,68.33000183105469,68.43000030517578,813,67.30270366330483,0.1621642791712361,-0.18908368694776073,0.35124796611899683,0.5297836595339867,67.11900102863542,67.11776416629714,66.8159210127222,68.49769765243087,64.68630198135818,0.030262002283075073,0.006762744878712471,Tokyo
2025-05-05 04:00:00,68.41999816894531,68.45999908447266,68.05000305175781,68.3499984741211,2070,65.91176624094139,0.2356272897296776,-0.10414149161227307,0.33976878134195065,0.5212274004754764,67.23623888058644,67.16608708032945,66.8362399194957,68.7329978229469,64.61000144463124,0.0285929512887535,0.0062984763306074415,Tokyo
2025-05-05 08:00:00,68.36000061035156,68.73999786376953,67.93000030517578,68.4000015258789,8770,66.3794594240972,0.2944874156381445,-0.024415710162189547,0.3189031258003341,0.5418538403410674,67.34707341823335,67.2144758821157,66.85695199375243,68.9623147574053,64.56068481534862,0.004995650594792345,0.006243576545073519,London
2025-05-05 12:00:00,68.4000015258789,68.56999969482422,68.2300033569336,68.52999877929688,3041,67.62315314257827,0.3476170682249915,0.04999084551524666,0.2976262227097448,0.5274354473088929,67.45973297642988,67.2660650153385,66.87911155382588,69.19508584150152,64.5249138533227,0.002486807598412577,0.0062278185636238164,London
2025-05-05 20:00:00,68.41999816894531,68.5,68.08000183105469,68.19000244140625,1032,61.24221699525143,0.3581592013518957,0.11162451668257647,0.24653468466931924,0.5219041259469854,67.52928244928478,67.30229785557646,66.89647434703888,69.34485591679655,64.57614399165072,-0.0043801347893160925,0.006184291301986208,NewYork
2025-05-06 00:00:00,68.20999908447266,68.29000091552734,67.79000091552734,68.22000122070312,1623,61.58663461869916,0.3647301860379457,0.1622456505536503,0.2024845354842954,0.5203395455222007,67.59506518941986,67.33828622283633,66.91400450430596,69.4808343542691,64.64316543210784,-0.0030688160680422127,0.0061813231404173686,Tokyo
2025-05-06 04:00:00,68.2300033569336,68.25,68.05999755859375,68.22000122070312,1510,61.58663461869916,0.3657219240565013,0.2029409052542205,0.16278101880228077,0.4967440380853471,67.65458290668492,67.3728632815762,66.93130247405958,69.60285246693527,64.70814759409987,-0.0019019349863949042,0.0061863145404320264,Tokyo
2025-05-06 08:00:00,68.2300033569336,68.41000366210938,67.95999908447266,68.23999786376953,8066,61.84872937011944,0.3639263293691357,0.2351379900772036,0.12878833929193212,0.49340550519615933,67.71033671212156,67.40686855930927,66.94863618783057,69.69594158085961,64.84105793085915,-0.002339234773976351,0.005973034423002447,London
2025-05-06 12:00:00,68.2300033569336,68.25,67.76000213623047,67.81999969482422,4276,53.57975450238245,0.32486808838062586,0.2530840097378881,0.07178407864273778,0.4931621022371145,67.7207808057123,67.42306978030986,66.96017742633381,69.72831148579886,64.98168836161327,-0.010360412915798145,0.006226158383235831,London
2025-05-06 20:00:00,68.0199966430664,69.06999969482422,68.0199966430664,68.79000091552734,2089,65.16381957500315,0.3679437167405126,0.27605595113841297,0.09188776560209966,0.5472219520773206,67.82261129236134,67.4766749228674,66.98441349903837,69.84879067176827,65.15320899253838,0.008798921434804985,0.006752810866872923,NewYork
2025-05-07 00:00:00,68.80999755859375,69.0999984741211,68.80000305175781,68.88999938964844,1764,66.10294016242263,0.405476423884096,0.3019400456875496,0.10353637819654637,0.5302773525427799,67.92426730162678,67.53209941176078,67.00965304725837,69.91413610318031,65.41486322543298,0.009821139797077327,0.006608940382849922,Tokyo
2025-05-07 04:00:00,68.91000366210938,69.04000091552734,68.3499984741211,68.44000244140625,1976,58.46482249894653,0.394364384619621,0.3204249134739639,0.07393947114565708,0.5416862874615991,67.97338493398674,67.56770345213903,67.02859807234643,69.88218532500629,65.71581424774762,0.0032248785805701896,0.006908309508562042,Tokyo
2025-05-07 08:00:00,68.45999908447266,68.63999938964844,67.48999786376953,67.5199966430664,10009,46.6074907911867,0.3077734139936297,0.31789461357789706,-0.010121199584267382,0.5851373759199782,67.93020509675623,67.56583259688128,67.03510666268708,69.71137612108551,66.07862326856294,-0.010551014701678296,0.007689689034004396,London
2025-05-07 12:00:00,67.5199966430664,67.56999969482422,67.19999694824219,67.4000015258789,4448,45.316548432879536,0.22685183604669135,0.29968605807165594,-0.07283422202496459,0.5697706166815534,67.87970951857743,67.55932941762627,67.03993970723268,69.52168069160537,66.42931875907821,-0.006192836491229925,0.0077142321490657065,London
2025-05-07 20:00:00,67.37999725341797,67.70999908447266,67.22000122070312,67.62000274658203,710,48.15204397271879,0.17841648818370004,0.27543214409406475,-0.0970156559103647,0.5640725629021232,67.85497554029214,67.56170876385984,67.04762266139625,69.3838552195336,66.70014441425546,-0.01700825924369509,0.007586244929033447,NewYork
2025-05-08 00:00:00,67.63999938964844,67.66000366210938,67.0999984741211,67.16000366210938,1163,43.11767601577388,0.10174024607459842,0.2406937644901715,-0.13895351841557307,0.5637820361225631,67.78878774236998,67.54595562261473,67.04911115147192,69.26420565597206,66.8937945271334,-0.025112436389410298,0.007779253986946802,Tokyo
2025-05-08 04:00:00,67.16999816894531,67.44999694824219,67.06999969482422,67.4000015258789,1443,46.27378207532999,0.05965196294425823,0.20448540418098884,-0.14483344123673061,0.5506545516436635,67.75176048365654,67.54023193254665,67.05375870609983,69.09273506019993,67.16026558066922,-0.015195804769553067,0.007808235882295124,Tokyo
2025-05-08 08:00:00,67.41000366210938,67.62999725341797,66.22000122070312,66.33000183105469,10406,36.53960810545694,-0.05935908311757032,0.15171650672127704,-0.21107558983884736,0.6120360860058907,67.61635489769446,67.49277192856657,67.0441725223244,69.2972310252323,66.78277004288292,-0.017624331622858813,0.006562654826786708,London
2025-05-08 12:00:00,66.33000183105469,66.87999725341797,66.22000122070312,66.7300033569336,5934,41.494387414676964,-0.12001594525409587,0.09737001632620246,-0.21738596158029833,0.6154617964851017,67.53194046524105,67.46285943556136,67.04001134132585,69.3341408795233,66.58286046325013,-0.009940625426960281,0.006645655881063592,London
2025-05-08 20:00:00,66.69000244140625,66.80000305175781,66.45999908447266,66.54000091552734,518,39.900766499332825,-0.18132831467261212,0.04163035012643954,-0.22295866479905166,0.5957862372565341,67.43747003193499,67.42666890536394,67.03338868667952,69.34979131169877,66.37221033625045,-0.015971632463580132,0.006613606887684807,NewYork
2025-05-09 00:00:00,66.55999755859375,66.7699966430664,66.4000015258789,66.7300033569336,817,42.28774438478762,-0.21214176188637168,-0.009124072276122705,-0.20301768961024896,0.579658300108746,67.37009225336342,67.39934868777843,67.02937033794116,69.32106147152874,66.23094048159626,-0.006402624802392287,0.006682621521113904,Tokyo
2025-05-09 04:00:00,66.7300033569336,67.22000122070312,66.6500015258789,67.1500015258789,1736,47.27297894190153,-0.20036165421051066,-0.0473715886630003,-0.15299006554751038,0.5789683997312798,67.34913123169824,67.38957036770394,67.03096810201981,69.26040762278535,66.17159463551542,-0.003709198729083263,0.00689181540964138,Tokyo
2025-05-09 08:00:00,67.12999725341797,67.12999725341797,66.4000015258789,66.9000015258789,7872,44.79269156466398,-0.20879192136804647,-0.07965565520400954,-0.12913626616403695,0.591184942607617,67.30635697400116,67.37037158959315,67.02923344538219,69.19122407021938,66.09077818808142,0.008593391815004514,0.006908902872466558,London
2025-05-09 12:00:00,66.91000366210938,66.91999816894531,66.5,66.72000122070312,5419,43.0416523046331,-0.22737643512238037,-0.10919981118768371,-0.11817662393469666,0.5789573159174524,67.25051356892516,67.34486686924451,67.02513765432684,69.09351794756027,66.00748455488115,-0.0001498896407507999,0.006879949113126117,London
2025-05-11 20:00:00,67.61000061035156,68.12999725341797,67.45999908447266,67.58999633789062,1990,52.67187408099828,-0.16994444726111624,-0.12134873840237023,-0.048595708858746006,0.6383172242601233,67.28284526120758,67.35447978958358,67.03261922629457,69.0342189353559,66.00678295673394,0.015779912953356456,0.007519653198262439,NewYork
2025-05-12 00:00:00,67.55000305175781,68.70999908447266,67.41000366210938,68.68000030517578,4241,61.4631360707496,-0.03605930328711793,-0.10429085137931977,0.06823154809220185,0.6855799526960631,67.4159076463474,67.40646098627347,67.0544388432334,69.11485187045945,65.97214993007766,0.02922219167009188,0.008372103126130718,Tokyo
2025-05-12 04:00:00,68.68000030517578,68.88999938964844,67.88999938964844,68.0,5817,54.64384988554259,0.015002358425334705,-0.08043220941838888,0.09543456784372359,0.7080385275034872,67.47153548955242,67.42973702602747,67.06696283206475,69.08690051061588,65.97810116785091,0.012658204837024734,0.008683001202938094,Tokyo
2025-05-12 08:00:00,68.0199966430664,68.5,67.18000030517578,67.44999694824219,10388,49.828349943737194,0.010962079473799236,-0.06215335163995126,0.07311543111375049,0.7517500394549681,67.46948419990383,67.43053153278099,67.07203613161677,69.01143502074486,65.9745665661692,0.008221157097440868,0.008861820257963372,London
2025-05-12 12:00:00,67.44999694824219,67.54000091552734,66.56999969482422,66.63999938964844,5506,43.71802976421853,-0.056943495085164386,-0.06111138032899389,0.004167885243829501,0.767339409544122,67.39048564654618,67.39953027226598,67.06631379066354,68.99016779431525,65.87783376208122,-0.001199068189313257,0.00915173180092565,London
2025-05-12 20:00:00,66.69999694824219,67.2300033569336,66.62999725341797,67.12999725341797,1718,47.88166926095428,-0.07040879091942998,-0.06297086244708111,-0.007437928472348865,0.7553870305420866,67.36567722815302,67.38896034995821,67.06715728023646,68.77402673513984,65.9279744550457,-0.006805727317590993,0.008672075927575053,NewYork
2025-05-13 00:00:00,67.12000274658203,67.12000274658203,66.55000305175781,66.56999969482422,1798,43.88585728404888,-0.12482831465551669,-0.07534235288876823,-0.049485961766748465,0.7428589713362344,67.28989841545504,67.35684424583532,67.06057241155551,68.49917009556187,65.97083112514126,-0.030722198616422447,0.008790289289646116,Tokyo
2025-05-13 04:00:00,66.58999633789062,66.72000122070312,66.4000015258789,66.72000122070312,2252,45.20493811816183,-0.15407621506632552,-0.09108912532427968,-0.06298708974204584,0.7126547372996618,67.23562249214534,67.33187000955563,67.05606153485549,68.29666326002643,66.00133783860639,-0.018823511460248188,0.008755499559633463,Tokyo
2025-05-13 08:00:00,66.69000244140625,67.08999633789062,66.25,66.52999877929688,8724,43.80042565695483,-0.1903922723657132,-0.1109497547325664,-0.07944251763314682,0.721750565913302,67.16842023377882,67.30042407895725,67.04909381623882,68.26504876433411,65.93395254792175,-0.013639706605936164,0.008281151965575103,London
2025-05-13 12:00:00,66.5199966430664,66.55999755859375,66.25,66.41000366210938,3305,42.894013998184725,-0.226247571366045,-0.13400931805926214,-0.09223825330678287,0.6923396368190483,67.09619008409602,67.26550563123773,67.04062904598545,68.2455175556724,65.8544839702065,-0.00345131647127217,0.008281329230892174,London
2025-05-13 20:00:00,66.41999816894531,66.70999908447266,66.3499984741211,66.63999938964844,1342,45.23340993337405,-0.23341377241601435,-0.1538902089306126,-0.07952356348540177,0.6686011349285136,67.0527433512915,67.24097597470481,67.03532269292138,68.1783451043365,65.82365608584905,-0.0072992385493443335,0.008286490812330087,NewYork
2025-05-14 00:00:00,66.61000061035156,66.63999938964844,66.26000213623047,66.37000274658203,1549,43.006125441732316,-0.25790652513663304,-0.1746934721718167,-0.08321305296481635,0.6479865719634746,66.98772043655725,67.20682016183726,67.02651050820167,68.16900660736361,65.75399449126921,-0.003004310487592421,0.00820204313547557,Tokyo
2025-05-14 04:00:00,66.37000274658203,66.56999969482422,66.30000305175781,66.38999938964844,1538,43.22908478367406,-0.27256172425845193,-0.19426712258914375,-0.07829460166930818,0.6209872913279697,66.93079462256594,67.1747879746926,67.0180798973599,68.12574858051926,65.69625230449051,-0.004946070518839996,0.008147214968560449,Tokyo
2025-05-14 08:00:00,66.37999725341797,66.41999816894531,65.68000030517578,65.94999694824219,13025,39.561710562290244,-0.3160375112124285,-0.21862120031380072,-0.09741631089862779,0.6294880465023669,66.8373853202494,67.1267569540475,67.00393310333185,68.15590476490439,65.62809563182412,-0.008717899319053868,0.007465862074777888,London
2025-05-14 12:00:00,65.97000122070312,66.16000366210938,65.43000030517578,65.55000305175781,3633,36.5279103540642,-0.3784065153977707,-0.25057826333059474,-0.12782825206717596,0.6366677115331688,66.71477748515495,67.0649234676832,66.98467575165537,68.23172165999866,65.43427870621228,-0.012949865425805451,0.0074184652203307016,London
2025-05-14 20:00:00,65.52999877929688,65.66999816894531,65.27999877929688,65.30000305175781,1983,34.73503151903388,-0.4429018147977075,-0.2890429736240173,-0.1538588411736902,0.6190485456842594,66.58003706292666,66.99571090235278,66.96236220596137,68.32564394893156,65.21635663090244,-0.02010798844783268,0.007435096626999132,NewYork
2025-05-15 00:00:00,65.31999969482422,65.36000061035156,65.12999725341797,65.18000030517578,1978,33.87552725335641,-0.4979578745700337,-0.3308259538132206,-0.1671319207568131,0.5912596036306405,66.44670022885515,66.92450656520859,66.93875476356686,68.40352199227422,64.98347828238397,-0.01792982359741624,0.0073829868830596265,Tokyo
2025-05-15 04:00:00,65.19000244140625,65.5999984741211,65.1500015258789,65.58999633789062,2898,39.39342015917054,-0.5027119942939464,-0.3652031619093658,-0.13750883238458061,0.5811694139600366,66.36510938209662,66.87217283080396,66.92089041355791,68.37931609607732,64.85168365978207,-0.012050053609166778,0.007382787408653153,Tokyo
2025-05-15 08:00:00,65.58999633789062,65.73999786376953,64.86000061035156,64.91000366210938,11939,34.28358860262867,-0.554952250330345,-0.40315297959356167,-0.15179927073678334,0.6025142596356032,66.22652788495498,66.79522502026691,66.89425615194934,68.43033636412234,64.60166360536009,-0.01576942129275616,0.007651390024946712,London
2025-05-15 12:00:00,64.91000366210938,65.52999877929688,64.91000366210938,65.48999786376953,3694,41.27996695678618,-0.5432896399662468,-0.4311803116680987,-0.11210932829814807,0.6037628923178816,66.1563821686516,66.74403964158074,66.87565670442378,68.41959878902725,64.4894008447618,-0.0009154109106738195,0.007988438533159968,London
2025-05-15 20:00:00,65.44999694824219,65.88999938964844,65.41000366210938,65.69000244140625,881,43.51326600108149,-0.5120061511234582,-0.4473454795591706,-0.06466067156428756,0.594922380547966,66.1119650517711,66.70270484941703,66.85995267445004,68.27658515746387,64.44241508667676,0.005972425289771044,0.007364959978456698,NewYork
2025-05-16 00:00:00,65.69000244140625,65.80000305175781,65.26000213623047,65.33999633789062,842,40.60296003367692,-0.509582182069849,-0.4597928200613063,-0.04978936200854267,0.5909994187607787,66.03844422187771,66.64926529994541,66.83982080244263,67.81822450370161,64.56677534371049,0.0024546798399160963,0.006154135659902983,Tokyo
2025-05-16 04:00:00,65.3499984741211,65.81999969482422,65.2699966430664,65.79000091552734,2068,45.63731531975253,-0.46597805559733274,-0.46102986716851163,-0.00494818842882111,0.5880711068319954,66.01478295460625,66.6155686574192,66.82591590327819,67.47407536638354,64.6899245725813,0.003049315273725428,0.006229729076445493,Tokyo
2025-05-16 08:00:00,65.77999877929688,65.77999877929688,64.81999969482422,64.91999816894531,10447,38.79178365979568,-0.49590691571688694,-0.4680052768781867,-0.027901638838700227,0.6153518292513618,65.91051773692425,66.54907569708689,66.80067195977709,67.28244260532843,64.62855745570674,0.000153974830874537,0.006609971377306705,London
2025-05-16 12:00:00,64.91999816894531,65.1500015258789,64.75,65.13999938964844,4781,41.19392436873591,-0.4961541370568341,-0.47363504891391617,-0.02251908814291792,0.5999696647247578,65.8371350371837,66.49381780267754,66.77867629659657,67.21408962710699,64.54691043392818,-0.005344304253134258,0.006252531685080207,London
2025-05-18 20:00:00,65.0999984741211,65.25,64.95999908447266,64.97000122070312,640,39.89115027097933,-0.5042547582839774,-0.47975899078792844,-0.024495767496048926,0.5778290397820854,65.75455086418555,66.43406028965893,66.75472033532647,67.0275679676447,64.51743249011898,-0.010960590560874839,0.005931095652704335,NewYork
2025-05-19 00:00:00,64.95999908447266,65.33000183105469,64.87999725341797,65.26000213623047,1163,43.19170911540446,-0.48172092970722247,-0.4801513785717873,-0.0015695511354351654,0.5686987210574164,65.70745098533268,66.38801879344605,66.73492274328545,66.92294880933116,64.49105189257313,-0.00122427618830101,0.0058569499213485775,Tokyo
2025-05-19 04:00:00,65.27999877929688,65.95999908447266,65.27999877929688,65.91999816894531,4699,49.93004839043603,-0.40592726733272855,-0.46530655632397555,0.059379288991247,0.5780771658563286,65.72769357424818,66.36966504346563,66.72412904031405,66.79185973748116,64.54214065924737,0.001975942416916565,0.006326371512905908,Tokyo
2025-05-19 08:00:00,65.93000030517578,66.05000305175781,65.48999786376953,65.76000213623047,8104,48.43032519665452,-0.3546820328418363,-0.4431816516275477,0.08849961878571139,0.5767863102943253,65.73077058015126,66.34575669416229,66.71135914754473,66.67926006494169,64.5777406674802,0.012939063323741395,0.006319180448998689,London
2025-05-19 12:00:00,65.7699966430664,65.91000366210938,65.5999984741211,65.68000030517578,3418,47.659468390364346,-0.316872584560258,-0.4179198382140898,0.10104725365383177,0.5577305158438935,65.72593531586789,66.31964860047654,66.6976987655266,66.57712272170002,64.6068776750285,0.008289851406003468,0.006314556494243298,London
2025-05-19 20:00:00,65.63999938964844,65.66000366210938,65.37999725341797,65.44000244140625,694,45.32858462507307,-0.3027838425940814,-0.39489263909008815,0.09210879649600673,0.5393214112663164,65.6987036135382,66.28515267266987,66.68104053606805,66.38578655774485,64.67821414415944,0.007234126702668986,0.006277134813648792,NewYork
2025-05-20 00:00:00,65.43000030517578,65.58999633789062,65.30000305175781,65.45999908447266,1233,45.567456190666086,-0.2866999525173526,-0.3732541017755411,0.0865541492581885,0.521512259471066,65.6759698488653,66.25279370842684,66.66486780160984,66.24378722971687,64.7292131059765,0.003064617555860627,0.0062375641303752845,Tokyo
2025-05-20 04:00:00,65.43000030517578,65.83000183105469,65.38999938964844,65.56999969482422,1302,46.940825417148076,-0.26205640074807945,-0.35101456157004873,0.08895816082196928,0.5156901296092935,65.66587745324233,66.22601747259928,66.65036623728156,66.07480036235133,64.8162000038596,-0.0053094430194625675,0.006256670072804661,Tokyo
2025-05-20 08:00:00,65.5999984741211,66.18000030517578,65.22000122070312,66.12999725341797,9321,53.38842659814407,-0.195090207072397,-0.3198296906705184,0.12473948359812143,0.5474264835281051,65.71007933897334,66.22225197380786,66.64347393285954,66.11837846032347,64.79062193640505,0.005626446246473682,0.006404061483250928,London
2025-05-20 12:00:00,66.1500015258789,66.33999633789062,66.06999969482422,66.12000274658203,2581,53.26402339456734,-0.14119784838949556,-0.28410332221431384,0.14290547382481827,0.5276100663522694,65.74911966350751,66.21824220019116,66.63654053966381,66.21007304717392,64.75592731903703,0.0066991845213431045,0.0062359921623227985,London
2025-05-20 20:00:00,66.0999984741211,66.38999938964844,66.0999984741211,66.19999694824219,757,54.18422150095389,-0.09098409432156984,-0.24547947663576503,0.15449538231419518,0.510637984150489,65.79206035729177,66.21752670011473,66.63075850534034,66.31621745026503,64.73978230559435,0.011613607556271388,0.006156316826215858,NewYork
2025-05-21 00:00:00,66.19999694824219,66.22000122070312,65.72000122070312,65.72000122070312,663,48.068419680552346,-0.08889623570371441,-0.21416282844935491,0.1252665927456405,0.5098781281397398,65.78519758237857,66.19801589700056,66.6186954949478,66.32990823541752,64.78009161199458,0.003971923920972786,0.006389309430439749,Tokyo
2025-05-21 04:00:00,65.7300033569336,65.81999969482422,65.61000061035156,65.72000122070312,2099,48.068419680552346,-0.08624738652216024,-0.18857974006391598,0.10233235354175574,0.4884581964492338,65.77898840507615,66.17927022342027,66.60679225952735,66.33981810456527,64.78318223112808,0.002287654820452012,0.006238802666654119,Tokyo
2025-05-21 08:00:00,65.70999908447266,66.05000305175781,65.62999725341797,66.0,7784,51.752613676295965,-0.0608531161764887,-0.16303441528643053,0.10218129910994184,0.4835687394414202,65.80003712840224,66.17224001858027,66.59875527595746,66.353831680771,64.87816828871142,-0.001965783438940827,0.005782590679268043,London
2025-05-21 12:00:00,65.97000122070312,66.30000305175781,65.94000244140625,66.05000305175781,3056,52.402031826285395,-0.03627499008251789,-0.13768253024564803,0.10140754016313014,0.4747424445064304,65.82384340681706,66.16744641203822,66.59148703457733,66.40387294713294,64.88412754114832,-0.0010586765262624587,0.005462842934145786,London
2025-05-21 20:00:00,65.95999908447266,65.98999786376953,65.62999725341797,65.9000015258789,577,50.21831357295095,-0.028571166972653828,-0.11586025759104919,0.08728909061839536,0.4708326840659599,65.83109656101342,66.15695837728687,66.58232828611774,66.42280612234319,64.88619427438533,-0.0045316531146947225,0.005457958901827231,NewYork
2025-05-22 00:00:00,65.93000030517578,66.13999938964844,65.87000274658203,65.91999816894531,1025,50.51436945039223,-0.02061463697560839,-0.09681113346796104,0.07619649649235265,0.4564872525659918,65.83956338081646,66.147665820097,66.57355570178433,66.44558232084192,64.92141825899206,0.00304316714131736,0.005302194894894085,Tokyo
2025-05-22 04:00:00,65.91999816894531,65.95999908447266,65.36000061035156,65.37999725341797,3298,43.06600741050825,-0.05722295987496295,-0.08889349874936142,0.03167053887439847,0.466738054105642,65.79579517820707,66.11756117042331,66.55774698061393,66.43501311646334,64.89098709715971,-0.005173523447501771,0.005412724500592181,Tokyo
2025-05-22 08:00:00,65.37000274658203,65.7300033569336,65.2699966430664,65.61000061035156,7144,46.672783012868734,-0.06690473470027314,-0.08449574593954376,0.01759101123927062,0.4662572440886095,65.77810045745893,66.09765683473424,66.54519404855748,66.38696551552907,65.0080349422346,-0.0059090816613399655,0.004519772980308543,London
2025-05-22 12:00:00,65.61000061035156,65.7699966430664,65.55000305175781,65.66999816894531,2055,47.605220208322166,-0.06894159366761698,-0.08138491548515842,0.01244332181754143,0.44866698317575127,65.76780500141001,66.0808859066641,66.53360205015201,66.36206889114365,65.08593144454971,-0.005753290919831233,0.004471161597531369,London
2025-05-22 20:00:00,65.73999786376953,65.79000091552734,65.55000305175781,65.66999816894531,350,47.60522020832217,-0.06975176415578233,-0.0790582852192832,0.00930652106350087,0.433762046075307,65.7584900649848,66.06477266204767,66.52216358814927,66.29088397006389,65.2271160604537,-0.0034901874295597546,0.004416160150191702,NewYork
2025-05-23 00:00:00,65.69000244140625,65.9800033569336,65.47000122070312,65.9800033569336,762,52.5744367007788,-0.04486186262856506,-0.07221900070113957,0.027357138072574505,0.4392077668006757,65.77958656897992,66.06144837557261,66.5149826579345,66.28008304855996,65.30991710402793,0.000910272901320397,0.004428460637180553,Tokyo
2025-05-23 04:00:00,65.9800033569336,66.12999725341797,65.5999984741211,65.66999816894531,2087,47.70225484454309,-0.04957973981710495,-0.06769114852433264,0.01811140870722769,0.4456928391218328,65.76914957850043,66.04609738707742,66.50379081039821,66.2669046551525,65.29809549743538,0.004435621408842794,0.003965887551992106,Tokyo
2025-05-23 08:00:00,65.66999816894531,66.52999877929688,65.30999755859375,66.19000244140625,10627,55.201757624500864,-0.011229248759192956,-0.05639876857130471,0.04516951981211175,0.5010005806633536,65.80923080353908,66.0517407225413,66.49963467306058,66.3212568308659,65.28674335223957,0.008840143661927868,0.004314836695707837,London
2025-05-23 12:00:00,66.19000244140625,66.33999633789062,65.9800033569336,66.05999755859375,4465,53.14970815719442,0.00857464103343375,-0.04340408665035702,0.05197872768379077,0.49092860925575915,65.83311335163953,66.05206452003355,66.49381166492195,66.34892228163125,65.29707762681602,0.0059387757046240885,0.00433214399278672,London
2025-05-26 20:00:00,66.0999984741211,66.20999908447266,65.75,65.80999755859375,727,49.350512867137304,0.004049772454621348,-0.03391331482936135,0.0379630872839827,0.48871935748553746,65.83091184753992,66.04257169801632,66.48475452444079,66.3357743081384,65.34722511202763,0.002131862243825111,0.0043385175196049,NewYork
2025-05-27 00:00:00,65.81999969482422,66.1500015258789,65.79000091552734,66.01000213623047,651,52.28880924711718,0.016413277368684476,-0.023847996389752185,0.04026127375843666,0.4795251612616821,65.84796806551046,66.04129446029923,66.47846641333867,66.3342525318332,65.40374719350861,0.00045466471310384726,0.004381996007845543,Tokyo
2025-05-27 04:00:00,66.01000213623047,66.79000091552734,66.0,66.6500015258789,3664,60.23784986508884,0.07696682053692427,-0.003685033004416893,0.08065185354134116,0.5017020008520865,65.92435220459316,66.06516532561608,66.48073840158423,66.48315548132574,65.36284442712152,0.014923151884554509,0.004841007833966094,Tokyo
2025-05-27 08:00:00,66.66000366210938,66.69999694824219,65.55000305175781,65.6500015258789,9401,47.04797869107345,0.04375986067685744,0.0058039457318379735,0.03795591494501947,0.5480085648258214,65.89822356852514,66.04888439229306,66.46973526415768,66.46293147836369,65.33506885732967,-0.008158345605219885,0.005676260780101792,London
2025-05-27 12:00:00,65.66000366210938,65.87999725341797,65.51000213623047,65.58000183105469,2807,46.283997297537844,0.011660302673149658,0.0069752171201003105,0.004685085553049348,0.5352933185659413,65.8679167363851,66.03049684087195,66.45795071537485,66.44304270206474,65.30095754207589,-0.007266057300612472,0.0056781440709434555,London
2025-05-27 20:00:00,65.62000274658203,65.76000213623047,65.56999969482422,65.58999633789062,1073,46.417783827706224,-0.012824522028594743,0.0030152692903613,-0.01583979131895604,0.5106296844831062,65.84144812700467,66.01322231134327,66.44645463090487,66.40387567552399,65.27912450758147,-0.0033429756703341473,0.00566719082681575,NewYork
2025-05-28 00:00:00,65.58999633789062,65.62999725341797,65.0999984741211,65.19999694824219,2256,42.01983394162273,-0.06297270326795967,-0.010182325221302895,-0.052790378046656775,0.5120131912555183,65.7803575385511,65.98133112063343,66.42994525762457,66.4455389741208,65.18546078173857,-0.01227094624715519,0.005591176279649046,Tokyo
2025-05-28 04:00:00,65.20999908447266,65.23999786376953,65.06999969482422,65.08000183105469,2384,40.740806601351395,-0.11111721127080898,-0.030369302431204115,-0.08074790883960486,0.48758354680478927,65.71365699498001,65.94598487398329,66.41206521223954,66.49385436710661,65.07314544978793,-0.023555883854175397,0.00559945554209092,Tokyo
2025-05-28 08:00:00,65.06999969482422,65.4800033569336,64.91000366210938,65.20999908447266,9639,42.773075580119375,-0.13720082312265447,-0.05173560656949419,-0.08546521655316028,0.4934704145204628,65.66568957493169,65.91712268615935,66.39614380657376,66.49059807824005,64.99740164710175,-0.006702245714842903,0.0055211050895888686,London
2025-05-28 12:00:00,65.20999908447266,65.62000274658203,65.16999816894531,65.33000183105469,4934,44.65979747450539,-0.14650029053710512,-0.07068854336301637,-0.07581174717408874,0.49036571188590966,65.63371931361007,65.89409833890035,66.3820227208053,66.46187101556285,64.95412858770862,-0.0038121377404660706,0.005540376774645686,London
2025-05-28 20:00:00,65.44999694824219,65.80999755859375,65.44999694824219,65.70999908447266,1086,50.252858628800524,-0.12180350786222505,-0.08091153626285812,-0.04089197159936693,0.48962499871827775,65.64098405369222,65.88687876029535,66.37312174548964,66.4469525220521,64.95004683707876,0.0018295891642352569,0.005699848947535973,NewYork
2025-05-29 00:00:00,65.70999908447266,65.80000305175781,65.55999755859375,65.69000244140625,652,49.96667119417836,-0.10266127634889699,-0.08526148428006589,-0.017399792068831105,0.47179503403583384,65.64565247156975,65.87915812033891,66.36407380768722,66.42815526340443,64.94584452297251,0.0075154220260631455,0.005698956148883951,Tokyo
2025-05-29 04:00:00,65.72000122070312,65.75,65.0999984741211,65.12999725341797,1843,42.642592105423766,-0.13116665097030022,-0.09444251761811276,-0.036724133352187466,0.48452406916748186,65.59654245079338,65.8497792628126,66.34772842286247,66.44529646177467,64.90370332460229,0.0007682148272378786,0.0057243778171058995,Tokyo
2025-05-29 08:00:00,65.12000274658203,65.12000274658203,64.5999984741211,64.69999694824219,10040,38.032696198436675,-0.18630716368232925,-0.11281544683095607,-0.07349171685137318,0.4877722627481528,65.51115716483612,65.80468976028043,66.32590416492049,66.51469841282153,64.74330100734448,-0.007820919236171342,0.005827012464655246,London
2025-05-29 12:00:00,64.69999694824219,65.02999877929688,64.69000244140625,65.02999877929688,2508,43.11518190167735,-0.20106032912833882,-0.13046442329043262,-0.0705959058379062,0.47721683954404365,65.46533255668953,65.77430972181048,66.30873985517714,66.52184245185609,64.67215702934507,-0.0045921176082870385,0.0059609832027100115,London
2025-05-29 20:00:00,65.0,65.0999984741211,64.55000305175781,64.68000030517578,924,39.42210881620974,-0.2382478973805604,-0.1520211181084582,-0.0862267792721022,0.4824153097454178,65.39053900892631,65.7313956270405,66.2871671459056,66.55790790444827,64.53709179037595,-0.015674916963136387,0.006058988415801014,NewYork
2025-05-30 00:00:00,64.66000366210938,64.68000030517578,64.56999969482422,64.6500015258789,367,39.11286613042918,-0.26706144581403635,-0.17502918364957382,-0.09203226216446253,0.45581425978871387,65.32001162958846,65.68898801523025,66.26548283305756,66.54519105307337,64.41680845864538,-0.01583195123877479,0.005922099992775979,Tokyo
2025-05-30 04:00:00,64.63999938964844,65.05000305175781,64.51000213623047,65.04000091552734,1822,45.138119343829786,-0.2554816655456449,-0.19111968002878804,-0.06436198551685685,0.4618275923414732,65.29334394253503,65.66353754073211,66.249251284481,66.52734418973826,64.37165559663869,-0.0013817955118353709,0.006054290794452934,Tokyo
2025-05-30 08:00:00,65.0199966430664,65.33000183105469,64.62999725341797,65.0999984741211,11087,46.02305642920561,-0.2387115861250919,-0.20063806124804884,-0.038073524877043075,0.4788402341482764,65.27493008840037,65.64143796949246,66.23402939295308,66.42432817717027,64.36567121247818,0.006182404091902738,0.0057396848600278745,London
2025-05-30 12:00:00,65.08000183105469,65.13999938964844,64.76000213623047,65.08999633789062,6120,45.89016249140188,-0.2236501662655428,-0.20524048225154765,-0.018409684013995148,0.4717800212389687,65.25731735025659,65.61981280746886,66.21887663725688,66.33447641939068,64.35852284818745,0.0009226135586650752,0.005735114151458226,London
2025-06-01 20:00:00,65.16000366210938,65.58999633789062,65.12999725341797,65.30000305175781,430,49.206530299670376,-0.19254851636605963,-0.20270208907445006,0.01015357270839043,0.4737957340076138,65.26138265516147,65.60727124842137,66.20670612619067,66.28463261836477,64.35736719852976,0.00958569486173011,0.0057530483452186325,NewYork
2025-06-02 00:00:00,65.36000061035156,68.30000305175781,65.25,66.16000366210938,1723,60.01440473387638,-0.0973828044638907,-0.18163823215233818,0.08425542768844749,0.6578105424183425,65.34696560820413,65.62894702935031,66.20608755050748,66.31673298561644,64.34026698386599,0.023356567681224627,0.0064628725030345235,Tokyo
2025-06-02 04:00:00,66.16000366210938,68.18000030517578,66.08999633789062,66.2300033569336,4448,60.74654181602795,-0.016128976982315635,-0.14853638111833367,0.13240740413601804,0.760110072765972,65.43106444141647,65.65251786572613,66.2064043161555,66.18964975780929,64.4253503947786,0.01829647024377823,0.0060692682581401656,Tokyo
2025-06-02 08:00:00,66.26000213623047,68.38999938964844,66.04000091552734,66.52999877929688,14107,63.80524700679206,0.07164649393372713,-0.10449980610792152,0.17614630004164866,0.8736735300056236,65.53572485454794,65.6869288819446,66.21069033553486,66.38104959681617,64.32195028111353,0.021966211039839534,0.005051862864109416,London
2025-06-02 12:00:00,66.5199966430664,66.55999755859375,66.05999755859375,66.18000030517578,6649,58.1155605518979,0.11167985932058855,-0.06126387302221951,0.17294373234280805,0.8469825635766505,65.59708442127439,65.70626501618896,66.21028384506653,66.47223300086536,64.29076672447643,0.016746105832097458,0.005212870797413284,London
2025-06-02 20:00:00,66.12999725341797,68.08999633789062,65.91000366210938,66.13999938964844,935,57.48464352771336,0.13858137045831143,-0.02129482432611332,0.15987619478442475,0.9421975715912647,65.64879060873858,65.72327420730502,66.20935292512722,66.54851004694484,64.26948998357273,0.012863649289952317,0.005217932293966787,NewYork
2025-06-03 00:00:00,66.12000274658203,68.0999984741211,65.69999694824219,65.8499984741211,908,52.9929317310845,0.1349448019291799,0.009953100924945325,0.12499170100423458,1.0463264254689535,65.66795326258453,65.72824378639585,66.2045932635245,66.59292639634553,64.29007378675995,-0.004685688797291032,0.005127937261838663,Tokyo
2025-06-03 04:00:00,65.80999755859375,65.83000183105469,65.4000015258789,65.4800033569336,2536,47.85521005043774,0.10104252604746478,0.028170985949449216,0.07287154009801555,1.0037314628098988,65.65005327157016,65.71850886759341,66.19499604621866,66.60031473997796,64.3226855957154,-0.011324172761369544,0.005286613784997848,Tokyo
2025-06-03 08:00:00,65.47000122070312,68.11000061035156,65.33000183105469,68.11000061035156,1804,70.0688584577373,0.2831297828111303,0.07916274532178544,0.2039670374893449,1.1306076997018257,65.88433397050173,65.8122928575055,66.22036034508135,67.24106568438347,63.971934803897774,0.0237487127618341,0.01022117683233356,London
2025-06-03 12:00:00,68.0999984741211,68.0999984741211,68.0999984741211,68.0999984741211,0,69.94681932972847,0.42176629752427175,0.1476834557622827,0.27408284176198905,1.0505644451681573,66.0953496375131,65.90200680325513,66.24525621434016,67.71576043331984,63.774239719268046,0.029011758236500818,0.010234255313048089,London
2025-06-05 00:00:00,67.56999969482422,67.56999969482422,67.56999969482422,67.56999969482422,4,63.623324080096275,0.4832990910732775,0.21480658282448167,0.26849250824879584,1.0133811833202084,66.23579250011416,65.96741828919902,66.26280248560485,67.97069922456419,63.705300989058856,0.021620809168008348,0.01042449090576387,Tokyo
2025-06-05 04:00:00,67.4800033569336,67.4800033569336,67.4800033569336,67.4800033569336,7,62.588612753262616,0.5188216677135671,0.27560959980229877,0.24321206791126831,0.947425122932381,66.3542887721922,66.0267353506788,66.27892435145026,68.1808715426874,63.674128762488394,0.02475330175524748,0.010435848224698424,Tokyo
2025-06-05 08:00:00,67.73999786376953,67.91000366210938,67.5199966430664,67.5199966430664,92,62.87753870125267,0.543930596251883,0.32927379909221566,0.21465679715966735,0.9104662073783382,66.46530856941833,66.08529461704694,66.29536239504782,68.37456590708852,63.71943433705211,0.031154446877663444,0.010176037971374032,London
2025-06-05 12:00:00,67.26000213623047,67.62000274658203,67.01000213623047,67.04000091552734,0,57.17075243700362,0.5191139369696316,0.36724182666769883,0.15187211030193276,0.8890043790192828,66.52004117380966,66.12273407973245,66.30522515690848,68.4411764985435,63.88682414232564,-0.01570987645332067,0.01019888896340316,London
2025-06-06 00:00:00,67.18000030517578,67.18000030517578,67.18000030517578,67.18000030517578,2,58.3578932106656,0.5049228995327724,0.39477804124071353,0.11014485829205883,0.8355040226356508,66.58289442441595,66.16419550033808,66.31681158271334,68.52615383210325,64.01684696135378,-0.013509518202044046,0.010169643706841862,Tokyo
2025-06-06 08:00:00,67.41999816894531,67.41999816894531,67.30000305175781,67.30000305175781,9,59.39678876222275,0.49762332691462063,0.415347098375495,0.08227622853912564,0.7929678684309279,66.6511904841628,66.20873697294277,66.32983398627684,68.57060275976019,64.23439830835505,-0.003995806486396747,0.01003450764386996,London
2025-06-08 20:00:00,67.0,67.51000213623047,66.81999969482422,67.51000213623047,43,61.22008383191311,0.5029854311527373,0.4328747649309435,0.0701106662217938,0.7856131950720224,66.732982070074,66.25976697934621,66.34546535250139,68.60127529833294,64.48972583081745,0.0004445580587510989,0.010020433880877627,NewYork
2025-06-09 08:00:00,67.0,67.0,66.22000122070312,66.33999633789062,96,48.2262958258702,0.40812068638739163,0.4279239492222332,-0.019803262834841573,0.8216408893902597,66.6955548574851,66.2629132287009,66.34539291522178,68.54444638239018,64.67655428899654,-0.017476308706199428,0.01088542258646176,London
2025-06-10 00:00:00,67.16999816894531,67.16999816894531,67.16999816894531,67.16999816894531,1,55.450076325438246,0.39535648044297034,0.4214104554663807,-0.026053975023410336,0.8222380995091474,66.74073993476703,66.29848518714185,66.35631483911216,68.52524454207709,64.90275609879204,0.0019390998156723072,0.011181975749391882,Tokyo
2025-06-10 04:00:00,66.72000122070312,66.72000122070312,66.72000122070312,66.72000122070312,2,51.273117192481784,0.34495335478122513,0.40611903532934956,-0.061165680548124435,0.7956494458472217,66.73876481914189,66.31501522767367,66.36113187727894,68.43787868785247,65.15312244129791,-0.006847262315913039,0.011330579419948342,Tokyo
2025-06-10 08:00:00,66.66000366210938,66.66000366210938,65.5,65.5,350,42.029400031405416,0.2042105993516259,0.3657373481338049,-0.16152674878217899,0.8259602869083577,66.62078721731885,66.28305384619627,66.34972615705009,68.41157355623174,65.19942726774288,-0.026745957951495147,0.012138621673919098,London
2025-06-10 12:00:00,65.5999984741211,65.5999984741211,65.5999984741211,65.5999984741211,0,42.937483230692436,0.09959195871016391,0.31250827024907674,-0.21291631153891283,0.7741058717092674,66.5235692417762,66.25626736101685,66.33979598906429,68.44914450942044,65.10585579575535,-0.02829215822353437,0.011759804168374785,London
2025-06-11 04:00:00,65.77999877929688,65.77999877929688,65.77999877929688,65.77999877929688,1,44.61915778678257,0.03084983487448767,0.2561765831741589,-0.22532674829967125,0.7316697598140184,66.45275300725436,66.23759016173372,66.3323814564846,68.46924406324236,65.04075578416975,-0.00844132634167638,0.011776975360385494,Tokyo
2025-06-11 08:00:00,65.5,65.52999877929688,65.29000091552734,65.52999877929688,161,42.735378421302215,-0.04330253946827156,0.19628075864567285,-0.2395832981139444,0.7144074815251265,66.36487165221078,66.20984148006953,66.3217538713563,68.50315739564682,64.90684245176529,-0.024415653332660936,0.01174325340085215,London
2025-06-11 20:00:00,65.2300033569336,65.27999877929688,65.2300033569336,65.27999877929688,2,40.876843594683244,-0.12084867276281841,0.1328548723639746,-0.25370354512679305,0.6848066201564232,66.26155042621897,66.17337706043139,66.30795579066677,68.55586862039634,64.76413107442788,-0.021582770009893504,0.01171831324675016,NewYork
2025-06-12 00:00:00,65.47000122070312,65.47000122070312,65.30000305175781,65.30000305175781,13,41.09758494103927,-0.17863121503074808,0.07055765488503007,-0.24918886991577816,0.6494634645314108,66.1699744857941,66.13912709930693,66.294605423264,68.59773544806163,64.63826461297353,-0.003053388522781475,0.01172041104524689,Tokyo
2025-06-12 04:00:00,65.31999969482422,65.31999969482422,65.31999969482422,65.31999969482422,2,41.33338078936884,-0.22027158043729855,0.012391807820564343,-0.2326633882578629,0.6045015487124819,66.08902450570173,66.10700445599389,66.2816967381191,68.6278982059773,64.55510197712816,-0.004268274173929054,0.011688230339952043,Tokyo
2025-06-12 08:00:00,65.31999969482422,65.31999969482422,65.20999908447266,65.2699966430664,13,40.89255057682201,-0.25437442834120816,-0.04096143941179016,-0.213412988929418,0.5691800531152733,66.01102185211741,66.0741806201928,66.26829673686012,68.64352750058382,64.51847201113495,-0.007753149068026155,0.011624083094931563,London
2025-06-12 12:00:00,65.58999633789062,65.62999725341797,65.58999633789062,65.62999725341797,1,45.40694240038162,-0.24947633253027846,-0.08266441803548782,-0.16681191449479063,0.5542386643464369,65.97473379509842,66.05676166463302,66.25984243906619,68.42867478430449,64.4853243917209,0.0015259953606574506,0.007176438384245128,London
2025-06-13 00:00:00,65.6500015258789,65.6500015258789,65.6500015258789,65.6500015258789,1,45.65532332986937,-0.24119997553019346,-0.11437152953442895,-0.1268284459957645,0.516079064926044,65.94380691231561,66.04081028664267,66.25176507597762,68.17654185159181,64.49245762960938,0.005667934336717195,0.007182802250155844,Tokyo
2025-06-13 08:00:00,65.66999816894531,66.1500015258789,65.5,66.1500015258789,40,51.584533888707384,-0.19208089268931872,-0.12991340216540692,-0.062167490523911795,0.5256449549941056,65.96344449455974,66.04509229602448,66.25041721438691,68.01212790328839,64.51487176101824,0.013016821353704522,0.007331800019369753,London
2025-06-15 20:00:00,66.0999984741211,66.1500015258789,66.0999984741211,66.1500015258789,2,51.5845338887074,-0.15140832473490207,-0.13421238667930596,-0.017195938055596105,0.4916705333343704,65.98121183087585,66.04920638346975,66.2490872052676,67.8493429838519,64.54465649734928,0.012706702923032331,0.007335264975164021,NewYork
2025-06-16 00:00:00,66.01000213623047,66.5999984741211,66.0,66.0,23,49.69796147995298,-0.12978283538505764,-0.1333264764204563,0.0035436410353986703,0.4994082433905649,65.98300118031625,66.0472767213729,66.24578803698591,67.65253508757675,64.58946472931777,0.011184363328922364,0.007330579384678113,Tokyo
2025-06-16 04:00:00,66.22000122070312,66.22000122070312,66.22000122070312,66.22000122070312,2,52.44499701981048,-0.0938108265747104,-0.12542334645130715,0.031612519876596745,0.47945059891289066,66.00557261273404,66.05405023115055,66.24544648975039,67.55064020368202,64.60935964373009,0.008989852079483773,0.007253074161003359,Tokyo
2025-06-16 08:00:00,66.30000305175781,66.47000122070312,66.30000305175781,66.47000122070312,2,55.424054339507066,-0.04461553959708908,-0.10926178508046354,0.06464624548337446,0.4630612704191127,66.0498039087311,66.07036203466242,66.24842072459745,67.43545675450831,64.65354318445652,0.012490474878374291,0.007295674934882837,London
2025-06-16 12:00:00,66.25,66.62999725341797,65.95999908447266,66.62999725341797,1,57.26898375963478,0.007199431893653241,-0.0859695416856402,0.09316897357929343,0.47784247745669844,66.1050604177489,66.09230851382931,66.25347471835667,67.30342191674549,64.71857744238537,0.007256171072819617,0.007307329991966684,London
2025-06-17 00:00:00,66.52999877929688,66.52999877929688,66.52999877929688,66.52999877929688,41,55.71683107174914,0.03973607621556141,-0.06082841810539987,0.10056449432096129,0.4508536200755838,66.14553073789634,66.1094728379653,66.25713728870025,67.07730157205016,64.84669745138733,0.005744478377212259,0.007259867973504037,Tokyo
2025-06-17 08:00:00,66.37999725341797,66.83000183105469,66.37999725341797,66.70999908447266,191,57.927278168604765,0.07913391504344247,-0.03283595147563141,0.11196986651907388,0.45079297418709346,66.19928962804647,66.13302288684794,66.26313545818068,67.13382850761998,64.82717079047573,0.01075756188594923,0.006122456274873167,London
2025-06-17 12:00:00,66.44999694824219,66.44999694824219,66.23999786376953,66.23999786376953,0,50.79723823110961,0.07160638181780143,-0.011947484816944843,0.08355386663474627,0.4521649917953814,66.20316660287725,66.13721798398213,66.26282899997656,66.95251072277057,64.91548854480754,0.00030197285861954803,0.0056168232743596365,London
2025-06-18 00:00:00,66.47000122070312,66.66000366210938,65.9800033569336,66.66000366210938,6,56.008239356154775,0.09839745073288952,0.010121502293022031,0.0882759484398675,0.46843894275112424,66.24667489423268,66.15771938312437,66.268089591528,66.94007294724275,64.921926564476,0.0028584690524584566,0.005637611638064478,Tokyo
2025-06-18 04:00:00,65.91000366210938,65.98999786376953,65.75,65.75,26,44.91013950569079,0.04567338124472542,0.01723187808336271,0.028441503161362708,0.49997927984814217,66.19937252335338,66.14173038770774,66.26122747773293,66.93615292299027,64.95084658872848,-0.013207223318215333,0.004875014461536987,Tokyo
2025-06-18 08:00:00,65.73999786376953,66.56999969482422,65.73999786376953,66.52999877929688,370,53.4284400484705,0.06606698006548584,0.02699889847978734,0.039068081585698494,0.5235523192200383,66.23086073820514,66.1569565991426,66.26478736252186,67.00184586083704,64.97815368139929,0.0,0.005520874257077017,London
2025-06-18 12:00:00,66.48999786376953,66.48999786376953,66.2300033569336,66.2300033569336,407,50.21256558961748,0.0573607120577293,0.033071261195375734,0.024289450862353568,0.5075839694445556,66.23077908284594,66.15982117787951,66.26432664721605,67.02469724702675,65.00030275297325,-0.007195259093487061,0.005617743065318769,London
2025-06-20 00:00:00,66.0199966430664,66.0199966430664,65.80000305175781,65.80000305175781,2,45.94388978074237,0.01558385993439515,0.02957378094317962,-0.013989921008784469,0.5020422791396432,66.18975279417089,66.14571066312963,66.25817666581925,67.01810408418196,65.03389634306414,-0.00664243397043307,0.005753852043441614,Tokyo
2025-06-20 04:00:00,66.47000122070312,66.5999984741211,65.9000015258789,65.9000015258789,4,47.07079000538686,-0.009347799604810803,0.021789464833581535,-0.031137264438392338,0.5233246465127601,66.16215743528593,66.13607501068843,66.25343262423064,66.98780874735914,65.12619195454516,-0.011401171534325405,0.005680543231079804,Tokyo
2025-06-20 08:00:00,66.75,67.77999877929688,66.75,67.3499984741211,627,60.06958052514156,0.08689464875963893,0.03481050161879301,0.052084147140845916,0.6202298327202751,66.27528515327023,66.18367985239168,66.26795667522258,67.18589857351397,65.13310167062666,0.024334577553172476,0.007410492707803064,London
2025-06-20 12:00:00,67.5199966430664,67.76000213623047,66.8499984741211,67.12000274658203,829,57.6510470861836,0.14296078646358978,0.05644055858775236,0.08652022787583742,0.6409279633909251,66.35573444787136,66.22039839726189,66.27924205365119,67.2816058624205,65.2173946868959,0.00886823956276328,0.007489734810723422,London
2025-06-23 00:00:00,66.83999633789062,66.83999633789062,66.83999633789062,66.83999633789062,1,54.76038784510435,0.1629213713051172,0.07773672113122534,0.08518465017389185,0.6151478523409594,66.40185462787319,66.24469635571792,66.28666926271397,67.28231594364452,65.37368457515431,0.00921022119944026,0.007579110868611457,Tokyo
2025-06-23 08:00:00,66.95999908447266,67.7300033569336,66.95999908447266,67.62999725341797,70,60.74132983538081,0.2397233684018829,0.11013405058535686,0.12958931781652605,0.6347806499625315,66.51882059221079,66.29902188111792,66.3044616864319,67.48768248542714,65.36831803337168,0.027811460741433258,0.007888751256400333,London
2025-06-23 12:00:00,67.66000366210938,67.75,66.9800033569336,66.9800033569336,0,54.372017678553874,0.2453126180498657,0.13716976407825865,0.10814285397160706,0.6444389351842368,66.56274276027962,66.32572703703227,66.31340925822663,67.51480790443557,65.47419279746873,0.016388494780695373,0.008273398668892174,London
2025-06-23 20:00:00,67.75,67.75,66.87000274658203,66.87000274658203,9,53.35241073210713,0.23812109694203798,0.15736003065101453,0.08076106629102345,0.6612645293437891,66.59200561611794,66.3470711825048,66.32078135741014,67.55043675296352,65.51056407101109,-0.00712688549983409,0.008143196966940587,NewYork
2025-06-24 00:00:00,67.56999969482422,67.56999969482422,67.4800033569336,67.4800033569336,2,58.050331883866484,0.2784341009232918,0.18157484470547,0.0968592562178218,0.6640311306936747,66.67657682952895,66.3914998952275,66.33613529117866,67.68372560410208,65.51027540297801,0.005363536883494779,0.00836165865643126,Tokyo
2025-06-24 04:00:00,67.4800033569336,67.56999969482422,67.3499984741211,67.3499984741211,4,56.73882393662748,0.2964745652321312,0.20455478881080227,0.09191977642132895,0.6323147085514925,66.74071222425202,66.42908807479195,66.34956394260837,67.76273689956507,65.56626395492712,0.007630193958304554,0.00835498085742497,Tokyo
2025-06-24 08:00:00,67.69999694824219,68.20999908447266,67.62000274658203,68.20999908447266,0,62.736388617002795,0.37583424190975734,0.2388106794305933,0.13702356247916403,0.6485779872514976,66.8806443061778,66.4989277222304,66.37420546766617,68.03902914474084,65.48897149612831,0.008576103128931756,0.008744600090837072,London
2025-06-24 12:00:00,67.29000091552734,67.7300033569336,67.29000091552734,67.30000305175781,43,54.17743826064488,0.361135339353325,0.26327561141513967,0.09785972793818531,0.66796514308677,66.92058323432828,66.5303424410354,66.38646768732302,68.09419507540463,65.51680574857,0.004777540740315445,0.009333628323459608,London
2025-06-25 00:00:00,67.79000091552734,67.80000305175781,67.79000091552734,67.80000305175781,2,57.60022421362316,0.38538964259994657,0.287698417652101,0.09769122494784555,0.6559676328662863,67.00433750265489,66.58013305322059,66.40519001003076,68.22343360666981,65.50456779713879,0.013907585867765082,0.009450073313124327,Tokyo
2025-06-25 08:00:00,67.70999908447266,68.05000305175781,67.70999908447266,68.05000305175781,11,59.23965437802566,0.41994341702280735,0.3141474175262423,0.10579599949656504,0.6333987996104913,67.10392469780756,66.63777501394755,66.42697561323244,68.3878885454572,65.4921132855975,0.00844694230095433,0.009452652560988865,London
2025-06-25 12:00:00,67.9800033569336,67.9800033569336,67.73999786376953,67.73999786376953,0,56.331010571774144,0.4175000239587803,0.3348179388127499,0.08268208514603037,0.6102992559231906,67.16450309456584,66.68099943943076,66.44436663641837,68.4777074490376,65.50529425994678,0.005790636948541206,0.009528419427121147,London
2025-06-25 20:00:00,67.80999755859375,67.80999755859375,67.80999755859375,67.80999755859375,1,56.8462492313217,0.41641187087226683,0.35113672522465333,0.0652751456476135,0.5717064301304069,67.2259787578066,66.72527387547638,66.46245446320215,68.55492740877399,65.58507426969281,-0.005864265228673227,0.009348240744787831,NewYork
2025-06-26 00:00:00,67.94000244140625,68.13999938964844,67.75,68.13999938964844,6,59.28514414443752,0.43713882724620134,0.3683371456289629,0.06880168161723843,0.5587273558102662,67.31302834179154,66.7807533074047,66.48467360130077,68.68918415757224,65.59881709364845,0.012481371468060942,0.009311416373425934,Tokyo
2025-06-26 04:00:00,68.27999877929688,68.27999877929688,67.30000305175781,67.5,27,53.0260470931633,0.39734217420827633,0.37413815134482564,0.02320402286345069,0.5888179537908945,67.33083516638281,66.80895906005549,66.49812163307163,68.63611224158583,65.82688900963487,-0.0044248235730726115,0.008994363811970477,Tokyo
2025-06-26 08:00:00,67.5,68.68000030517578,67.5,68.20999908447266,31,58.287384351361275,0.4182724479489508,0.3829650106656507,0.0353074372833001,0.6310452646041007,67.41456506334374,66.86390180611106,66.52079550660012,68.74420412769891,65.88679715403939,0.0023511539388638703,0.008917405370659727,London
2025-06-26 12:00:00,68.20999908447266,68.23999786376953,67.94999694824219,67.94999694824219,0,55.821654196714306,0.4091632618305283,0.3882046608986262,0.020958600931902105,0.6066849539557609,67.46555857619121,66.90649377246915,66.53972532701923,68.76044977273092,66.0425508681382,0.0031000751564087548,0.00889491841649351,London
2025-06-26 20:00:00,68.5,68.5,68.48999786376953,68.48999786376953,10,59.64039474588098,0.4404406020153715,0.39865184912197527,0.04178875289339623,0.6026362466559075,67.56312422262724,66.968591972128,66.56555675134705,68.75257523333715,66.31942488873315,0.010028024327654705,0.008814150737059651,NewYork
2025-06-27 00:00:00,68.55000305175781,68.55999755859375,68.31999969482422,68.31999969482422,3,57.94237997753645,0.4463652670076783,0.40819453269911593,0.03817073430856238,0.5767335050211664,67.63520760093171,67.02158835341021,66.58879440622755,68.64913818393117,66.66486175503368,0.0026416246960390133,0.008871024623728675,Tokyo
2025-06-27 04:00:00,68.63999938964844,68.86000061035156,68.61000061035156,68.61000061035156,3,60.03284999518745,0.4690542910521742,0.4203664843697276,0.0486878066824466,0.5741097486287505,67.72804503040027,67.08387903015301,66.61556534932853,68.78723325831999,66.6527668942679,0.01644445348668988,0.007564846533769483,Tokyo
2025-06-27 08:00:00,68.75,68.8499984741211,68.75,68.8499984741211,0,61.72824282870462,0.5006303726293027,0.43641926202164266,0.06421111060766,0.5502446139959492,67.83489773932605,67.15313861619099,66.64516049005427,68.94690071375219,66.66609901158962,0.0093827796252548,0.00751349873007731,London
2025-06-27 12:00:00,68.8499984741211,68.8499984741211,68.8499984741211,68.8499984741211,57,61.72824282870462,0.519664278450378,0.45306826530738975,0.06659601314298824,0.5109414272819527,67.93157399978273,67.2196821400314,66.67436364216113,69.04303155167413,66.77096838729072,0.0132450561633497,0.007411272111932656,London
2025-06-30 00:00:00,68.56999969482422,69.02999877929688,68.56999969482422,68.56999969482422,5,58.37757524919805,0.5063186977286591,0.4637183517916436,0.042600345937015505,0.50730268850986,67.99237644692954,67.27263576963112,66.69947140444806,69.11918403830053,66.78881614480493,0.001168080501532831,0.007095299152251902,Tokyo
2025-06-30 04:00:00,68.43000030517578,68.66000366210938,68.43000030517578,68.45999908447266,11,57.067017257338826,0.4813177673035085,0.4672382348940166,0.01407953240949189,0.4874955933972696,68.03691193621937,67.31919903687981,66.72278965186561,69.11831134626912,66.93768840959025,0.0020491714033050723,0.006694364666620925,Tokyo
2025-06-30 08:00:00,68.33999633789062,68.4000015258789,68.12999725341797,68.29000091552734,22,55.01160775216736,0.44268393349553037,0.4623273746143194,-0.019643441118789018,0.476246038944228,68.06101564853442,67.35726969878756,66.74354741694724,69.04752419862186,67.15047537413204,-0.004664038652929858,0.0067151121540282846,London
2025-06-30 12:00:00,68.0,68.0,67.58000183105469,67.58000183105469,15,47.34223004497902,0.35073232552853995,0.44000836479716354,-0.0892760392686236,0.49294268505340144,68.01520480877444,67.3660042922098,66.75462628335926,69.03975389240028,67.16824552776572,-0.01844584852886766,0.006903456097693012,London
2025-06-30 20:00:00,67.73999786376953,67.73999786376953,67.73999786376953,67.73999786376953,1,49.065502413117095,0.28745673414103123,0.40949803866593715,-0.12204130452490591,0.469160781314933,67.98899462353587,67.38067070678076,66.76767756256999,69.00794360004897,67.23905575908188,-0.0161220135795469,0.006904659553950471,NewYork
2025-07-01 00:00:00,68.04000091552734,68.16000366210938,68.04000091552734,68.16000366210938,5,53.378765840134974,0.26811071643557227,0.3812205742198642,-0.11310985778429195,0.46564971110242664,68.00528119863812,67.4112327834603,66.78611896786191,69.00469673629584,67.23730308059868,-0.005979233404397877,0.006426367471124929,Tokyo
2025-07-01 04:00:00,67.9800033569336,67.9800033569336,67.9800033569336,67.9800033569336,4,51.37099308616963,0.23553918857329847,0.3520842970905511,-0.11654510851725264,0.4452461821076662,68.00287378514244,67.43353751183182,66.80193200612776,68.95395905775796,67.35604078965416,-0.0070113312000895656,0.005648674966555453,Tokyo
2025-07-01 08:00:00,67.91999816894531,67.94999694824219,67.66000366210938,67.94999694824219,31,51.0264316343859,0.20494230435740235,0.3226558985439214,-0.11771359418651905,0.4363000044445628,67.99783789591385,67.4537908230636,66.81713816430145,68.95016413399227,67.37483510306828,-0.004978825050913849,0.005411772100622441,London
2025-07-01 12:00:00,67.58999633789062,67.66000366210938,67.5199966430664,67.5199966430664,0,46.240058730461854,0.14433284304195126,0.2869912874435274,-0.14265844440157616,0.4358500259253641,67.95232920516648,67.45638712973039,66.82644754812615,68.97367557693806,67.29832301925333,-0.0008879133821021457,0.005526968067903023,London
2025-07-02 00:00:00,67.95999908447266,67.95999908447266,67.70999908447266,67.70999908447266,25,48.53716020868614,0.11035886904041092,0.2516648037629041,-0.1413059347224932,0.43614662703114165,67.92925014605278,67.46633269658304,66.83815021748174,68.97526297236058,67.29373574590113,-0.00044285178982739204,0.0054796064292132966,Tokyo
2025-07-02 04:00:00,67.83999633789062,68.05999755859375,67.27999877929688,68.05999755859375,50,52.558505885055595,0.11040353841022466,0.22341255069236823,-0.11300901228214358,0.4607074950501226,67.9417022805805,67.48961367156384,66.8543336259733,68.9747827662272,67.31921595203453,-0.0014672256182876042,0.005597666559342059,Tokyo
2025-07-02 08:00:00,68.0999984741211,68.19000244140625,68.0999984741211,68.18000030517578,0,53.88893735364771,0.1187532444710655,0.2024806894481077,-0.08372744497704221,0.4370858798902924,67.96439733054196,67.51668765719569,66.87189212503559,68.97690488670534,67.32109392310912,0.002941996739719066,0.005503769485664194,London
2025-07-02 12:00:00,67.9000015258789,68.06999969482422,67.9000015258789,67.9000015258789,116,50.34153660509839,0.10160563868340944,0.18230567929516805,-0.08070004061175862,0.4258653727050483,67.95826439676452,67.53171957361465,66.88550946809312,68.94882135255038,67.38917760985196,-0.000735767838243806,0.005138561697592815,London
2025-07-02 20:00:00,68.26000213623047,68.26000213623047,68.26000213623047,68.26000213623047,1,54.489667258386895,0.11573100319482421,0.1689907440750993,-0.053259740880275075,0.4211607468226565,67.98700132433271,67.56027967410938,66.90371466899559,68.95219510213549,67.39080416544265,0.010959797540808225,0.004712167472449905,NewYork
2025-07-03 08:00:00,67.11000061035156,67.30999755859375,66.76000213623047,66.7699966430664,480,39.70593984967328,0.006618175329478504,0.13651623032597512,-0.12989805499649662,0.49822069347818104,67.87109611659307,67.52928818269594,66.90194356931441,69.11150785043343,67.11349138662713,-0.013882771438728514,0.006801990301818708,London
2025-07-03 12:00:00,66.76000213623047,66.86000061035156,66.61000061035156,66.63999938964844,159,38.71892414669791,-0.0893146550408801,0.09135005325260409,-0.1806647082934842,0.48049064394402524,67.75384880926501,67.49441411238034,66.89847410998108,69.19833126788889,66.84166812175955,-0.020863917424076006,0.006481021110054446,London
2025-07-07 08:00:00,66.75,66.75,66.1500015258789,66.55000305175781,37,38.01440607817771,-0.1706370686950578,0.03895262886307171,-0.2095896975581295,0.48902691752810157,67.63919683235956,67.4573783845128,66.89385859927614,69.26995583730724,66.59304388803457,-0.023907263803491507,0.006475701802068805,London
2025-07-07 12:00:00,66.66999816894531,66.66999816894531,66.66999816894531,66.66999816894531,0,39.59267809537536,-0.22283436840693582,-0.013404770590929801,-0.209429597816006,0.4626675032180586,67.54689219774868,67.42650072900035,66.89089356046381,69.24515831514731,66.42384116605388,-0.018114923848194575,0.0063882172283901105,London
2025-07-07 20:00:00,67.25,67.25,67.0,67.0,2,43.82856238031849,-0.23486533330040515,-0.057696883132824874,-0.1771684501675803,0.47104852663496066,67.49480722653452,67.40977521021603,66.89233867886827,69.1143835355077,66.36961609828137,-0.018458864588310586,0.006454722799191658,NewYork
2025-07-08 00:00:00,66.55999755859375,66.55999755859375,66.45999908447266,66.45999908447266,9,39.008263641748485,-0.28469177104190635,-0.10309586071464118,-0.1815959103272652,0.4759736972701309,67.39625407014768,67.37252908763784,66.88661232662463,69.00483852837296,66.24016116645127,-0.004642767323337016,0.006616470493599813,Tokyo
2025-07-08 04:00:00,66.86000061035156,66.86000061035156,66.36000061035156,66.36000061035156,48,38.17105358475446,-0.3284623139767717,-0.1481691513670673,-0.18029316260970443,0.47768986175083583,67.2975632644528,67.33282208852857,66.87963733700512,68.92833539107673,66.09566439530022,-0.00420166239287767,0.006594193146236279,Tokyo
2025-07-08 08:00:00,66.0,66.0199966430664,65.80000305175781,66.0199966430664,0,35.389855618591824,-0.38613513772368435,-0.1957623486383907,-0.19037278908529365,0.4835689829539011,67.17589025289219,67.28133873772614,66.86825136754898,68.88089990814198,65.89909963409436,-0.007964032823247313,0.006640391110441533,London
2025-07-08 12:00:00,65.86000061035156,65.86000061035156,65.86000061035156,65.86000061035156,0,34.12965534060653,-0.4396832143490883,-0.24454652178053024,-0.19513669256855806,0.460456629365397,67.05056742979308,67.22559998763302,66.85489705288411,68.84422819800558,65.69277131371318,-0.01214935624478608,0.006640085854242997,London
2025-07-09 00:00:00,65.8499984741211,66.12999725341797,65.8499984741211,66.12999725341797,6,38.13326571540637,-0.4550880069665624,-0.2866548188177367,-0.16843318814882569,0.44756678293193114,66.9628940796621,67.18263517452655,66.84529573103688,68.84319167232522,65.54880738162987,-0.012985115620627319,0.006437346976205107,Tokyo
2025-07-09 04:00:00,66.30000305175781,66.30000305175781,66.30000305175781,66.30000305175781,1,40.582153205301424,-0.44840938471135416,-0.3190057319964602,-0.12940365271489396,0.4277409983182106,66.89976160081409,67.14802215010425,66.83807331144378,68.79675959659886,65.45123997615505,-0.0024074034745544814,0.0064432223503056,Tokyo
2025-07-09 08:00:00,66.25,66.51000213623047,66.25,66.51000213623047,0,43.554368909889945,-0.4213147037305731,-0.3394675263432828,-0.0818471773872903,0.415759651026229,66.86264165180613,67.12300175740332,66.83372799786478,68.66102916740452,65.42197025276148,0.0022604208031835604,0.006298035558573482,London
2025-07-09 12:00:00,66.37000274658203,66.37000274658203,66.37000274658203,66.37000274658203,0,42.04441009181795,-0.4064534126351731,-0.3528647036016609,-0.053588709033512205,0.3960624894992439,66.8157236608324,67.09347238442994,66.8275859415564,68.54374701641532,65.37825234271554,0.005301516530028305,0.006292808441395245,London
2025-07-09 20:00:00,66.5,66.5,66.48999786376953,66.48999786376953,2,43.841504757552066,-0.38060574316786244,-0.35841291151490123,-0.02219283165296121,0.37705782977915275,66.78470215635022,67.06980671695307,66.82311457628771,68.41228182557273,65.36371762511087,0.009565703728811492,0.006327019486666312,NewYork
2025-07-10 00:00:00,66.13999938964844,66.13999938964844,66.13999938964844,66.13999938964844,2,39.95030942846443,-0.3839374388921186,-0.3635178169903447,-0.020419621901773932,0.37512501866072,66.7233018928548,67.03334368450975,66.81406669302096,68.34775480171619,65.2902449236256,0.00015124960904100426,0.006284545750867487,Tokyo
2025-07-10 04:00:00,66.4800033569336,66.4800033569336,66.33999633789062,66.33999633789062,22,43.060270011512834,-0.36621821387164744,-0.36405789636660524,-0.0021603175050421974,0.37261637213389404,66.68679660190584,67.00615359248546,66.80778761546956,68.2332358014831,65.26776364920049,0.0006032169576462021,0.006291448734505845,Tokyo
2025-07-10 08:00:00,66.19999694824219,66.5999984741211,66.1500015258789,66.58999633789062,0,46.771274675552505,-0.3282191832844177,-0.35689015375016775,0.028670970465750067,0.37814355614162926,66.6775775291425,66.98983370014841,66.8049029627864,68.02613867803514,65.32786065057813,0.0012027394240088363,0.006226779265729705,London
2025-07-10 12:00:00,66.19999694824219,66.3499984741211,66.11000061035156,66.3499984741211,0,43.818784418544894,-0.31385260220443456,-0.34828264344102117,0.034430041236586606,0.38541871124144594,66.64637952390237,66.96474212265714,66.79887773777098,67.73955967235445,65.43143947315336,-0.00030140532820710497,0.006213069902486592,London
2025-07-11 00:00:00,66.56999969482422,66.56999969482422,66.56999969482422,66.56999969482422,1,47.11448967342381,-0.2814701110776383,-0.3349201369683446,0.0534500258907063,0.37360317620299444,66.63910525446636,66.94926202744801,66.79584624051341,67.49342935575335,65.544569606649,0.0012032160268466985,0.006261459173330393,Tokyo
2025-07-11 04:00:00,66.52999877929688,66.52999877929688,66.52999877929688,66.52999877929688,1,46.579455935418906,-0.25608253310211637,-0.31915261619509894,0.06307008309298257,0.3497744432975908,66.62871416159308,66.93282033144209,66.7923250820867,66.96156495767151,65.90343366903748,0.005896573831984053,0.0060867722850811495,Tokyo
2025-07-11 08:00:00,66.13999938964844,66.18000030517578,66.13999938964844,66.18000030517578,4,42.07697305751604,-0.26119376728932764,-0.3075608464139447,0.04636707912461707,0.3526476537512227,66.58597950860096,66.90329797747087,66.78421482014087,66.91844946516206,65.88754952775786,-0.002411758238573536,0.0037952115041732016,London
2025-07-11 12:00:00,66.05000305175781,66.3499984741211,66.05000305175781,66.3499984741211,4,44.86469965790054,-0.2486606208558726,-0.2957808013023303,0.047120180446457716,0.34888678008065543,66.56350512436478,66.88159995773167,66.77846361025983,66.89205654848902,65.88494235287817,-0.0036041128843398162,0.003835019770098844,London
2025-07-13 20:00:00,66.0,66.58999633789062,66.0,66.58999633789062,5,48.624000078969004,-0.2168623361317259,-0.27999710826820945,0.06313477213648355,0.3661088913527961,66.56602809708153,66.87016452165948,66.77596735499667,66.89706524831725,65.88393298166322,0.003617149499455463,0.003917460641797109,NewYork
2025-07-14 04:00:00,66.30999755859375,66.56999969482422,66.30999755859375,66.56999969482422,2,48.32832587124729,-0.19107295824625226,-0.262212278263818,0.07113932001756573,0.3599581690630874,66.5664063444856,66.85839335197967,66.77323930651757,66.88233013310573,65.88866824946264,0.0,0.0038955697054251725,Tokyo
2025-07-14 08:00:00,66.56999969482422,66.56999969482422,66.56999969482422,66.56999969482422,0,48.32832587124729,-0.16869013559242774,-0.24350784972953995,0.07481771413711222,0.3342468712728669,66.56674856832737,66.84708379679711,66.7705473911309,66.77940737256928,65.9485909794815,0.0006012462988318479,0.0037133761086755486,London
2025-07-14 12:00:00,66.56999969482422,66.56999969482422,66.45999908447266,66.4800033569336,0,46.84159770966175,-0.15641053641512315,-0.2260883870666566,0.06967785065153345,0.31822928120705946,66.55848711962321,66.83268848542991,66.7666991257773,66.78147579584457,65.94852298345229,0.004533137660537978,0.003247719807538876,London
2025-07-14 20:00:00,66.4800033569336,66.5,66.4800033569336,66.5,2,47.230046229503195,-0.14341213776759787,-0.20955313720684487,0.066140999439247,0.29692694991129853,66.55291691775433,66.81964187815815,66.76316668702528,66.79280560806045,65.95119311020126,0.0022607615573255746,0.0032282596155038252,NewYork
2025-07-15 00:00:00,66.45999908447266,66.45999908447266,66.45999908447266,66.45999908447266,1,46.498074943527484,-0.13478483707139333,-0.19459947717975457,0.05981464010836124,0.2785750903124446,66.54406760029893,66.80553823919008,66.75915122209081,66.78205209646919,66.00594686593317,-0.0019522039430417415,0.002991239519988547,Tokyo
2025-07-15 04:00:00,66.5,66.55000305175781,66.5,66.55000305175781,11,48.43454563362669,-0.11930974270178751,-0.17954153028416117,0.06023178758237366,0.265105724381924,66.54463288139026,66.79551725144765,66.75638104764931,66.72960462237975,66.12739458416323,-0.0003003852059196843,0.002926484320695272,Tokyo
2025-07-15 08:00:00,66.55000305175781,67.55000305175781,66.55000305175781,67.22000122070312,145,60.03174975558644,-0.052378578448454505,-0.15410893991701985,0.10173036146856534,0.317598172640358,66.60895367561054,66.81216368161452,66.76252171219308,66.92036531892055,66.04563428435094,0.009764180995323724,0.0035422059158861227,London
2025-07-15 12:00:00,67.12999725341797,67.12999725341797,67.11000061035156,67.11000061035156,1,57.73588428340446,-0.008117702683179573,-0.1249106924702518,0.11679298978707223,0.30276977533401545,66.65667243130017,66.82384356117284,66.7671240817051,67.03349621846789,66.01350314066298,0.009476492503098788,0.003557632572486114,London
2025-07-15 20:00:00,67.69999694824219,67.69999694824219,67.23999786376953,67.23999786376953,8,59.697531244270145,0.03702228233645144,-0.09252409750891115,0.1295463798453626,0.3232859583737732,66.71222723439249,66.84016333774527,66.77338731060662,67.16210122464742,65.95789770723735,0.011127787425105673,0.003521642660933166,NewYork
2025-07-16 00:00:00,67.26000213623047,67.26000213623047,67.26000213623047,67.26000213623047,9,60.00515955409457,0.07356224353290486,-0.059306829300547946,0.1328690728334528,0.30162298080857064,66.76439627266276,66.85662760435254,66.77983254008508,67.27513166605078,65.93386720479882,0.012037361763140852,0.0034669247552188364,Tokyo
2025-07-16 08:00:00,67.11000061035156,67.16000366210938,66.75,66.77999877929688,0,50.119463379282806,0.06306123601368085,-0.03483321623770219,0.09789445225138305,0.3165072061958491,66.76588222567554,66.85362255238958,66.77983474192895,67.29174490576985,65.9462540566325,0.0034559837264047655,0.003868426324651893,London
2025-07-16 12:00:00,67.37999725341797,67.37999725341797,66.91999816894531,66.94999694824219,50,53.068420687269445,0.0676764118502291,-0.014331290620115933,0.08200770247034503,0.3367565824762237,66.78341696115808,66.85740194046224,66.78208854598608,67.30791424630277,66.01108447195895,-0.004016725194253334,0.0036740687201285804,London
2025-07-17 00:00:00,67.36000061035156,67.36000061035156,67.33000183105469,67.36000061035156,2,59.3157183120447,0.1032278940346032,0.009180546310827892,0.0940473477237753,0.3419885167357345,66.8383296896527,66.87711169222261,66.78974301041477,67.41143102065841,66.0095681248494,0.003725227204981474,0.003841624205331514,Tokyo
2025-07-17 12:00:00,67.12999725341797,67.37000274658203,67.12999725341797,67.26000213623047,0,57.31188299952526,0.12192814688124542,0.0317300664249114,0.09019808045633403,0.3347040150520436,66.87848897027915,66.89212700375234,66.79597160810769,67.48365624075699,66.00434348458482,0.0002975055487282052,0.003805066833984014,London
2025-07-18 04:00:00,67.37999725341797,67.44999694824219,67.37999725341797,67.44000244140625,2,59.93559113836375,0.14954884628357945,0.055293822396645015,0.09425502388693444,0.32436764340630614,66.93196644371983,66.91361231503288,66.80450181782027,67.57560155299075,66.02139856907957,0.0026761864326321216,0.0037058563597854003,Tokyo
2025-07-18 08:00:00,67.30999755859375,67.30999755859375,66.83000183105469,66.83000183105469,0,48.95455454282366,0.12082371768148903,0.06839980145361382,0.052423916227875206,0.34476999818811016,66.92225552822791,66.91033347252393,66.80483956633992,67.58117020656957,66.04183012912378,0.0007487728761881307,0.004261528144531276,London
2025-07-18 12:00:00,66.98999786376953,67.2300033569336,66.98999786376953,67.16999816894531,29,54.01200539072028,0.12406358156934516,0.0795325574767601,0.04453102409258507,0.3487151073088813,66.94585006543909,66.92051640179537,66.80967610412277,67.61709865614743,66.06990161851077,0.003286052736838796,0.004392690501257193,London
2025-07-21 08:00:00,67.0199966430664,67.0199966430664,66.48999786376953,66.5,21,44.628394406029486,0.07174095909758194,0.07797423780092447,-0.006233278703342532,0.3723783357279456,66.90338815444488,66.90402556250928,66.8055744338695,67.58719294352052,66.13180730062011,-0.012767229847967076,0.004827072218812735,London
2025-07-21 12:00:00,66.5,66.5199966430664,66.5,66.5199966430664,0,44.93587421564376,0.031525064481456866,0.06868440313703095,-0.03715933865557408,0.3472082148235499,66.86687467717074,66.88896560488406,66.80179194657408,67.57429141447118,66.16170864656398,-0.011002162796028947,0.004796143424030479,London
2025-07-22 00:00:00,66.54000091552734,66.69999694824219,66.54000091552734,66.69999694824219,4,47.74860524626318,0.014016623648288373,0.057750847239282435,-0.04373422359099406,0.33526479270585213,66.85098156012992,66.88155506932948,66.80044366845048,67.57235019801577,66.17464992405455,-0.0109727975441134,0.004765632779656302,Tokyo
2025-07-22 04:00:00,66.51000213623047,66.69999694824219,66.51000213623047,66.69999694824219,1,47.74860524626318,0.00013945064625886516,0.04622856792067772,-0.046089117274418855,0.324888365513414,66.83660207328347,66.87443514301233,66.79911324831527,67.56931775351866,66.19068209389344,-0.0019453071861519344,0.0047648359618308106,Tokyo
2025-07-22 08:00:00,66.5999984741211,66.66000366210938,66.25,66.66000366210938,30,47.12827322614841,-0.013924915136826144,0.03419787130917695,-0.048122786446003096,0.3338246928511835,66.81978317698118,66.86602606532988,66.7972707372397,67.56643217029286,66.20256807384776,-0.007592593728426245,0.004767368973990166,London
2025-07-22 12:00:00,66.5999984741211,66.5999984741211,66.54000091552734,66.54000091552734,0,45.22949590685014,-0.0343581853194479,0.020486659983451984,-0.05484484530289988,0.3185516966891012,66.7931372473189,66.85324076533762,66.79386318993225,67.56243170762795,66.21256829237205,0.0006015175267268802,0.004775460498484631,London
2025-07-23 04:00:00,66.5999984741211,66.68000030517578,66.5999984741211,66.68000030517578,1,47.86833982291598,-0.03880756893423154,0.00862781419991528,-0.047435383134146816,0.30579796047191093,66.78236230044813,66.84644702180186,66.79235507225336,67.55425708370412,66.23874294681347,0.002405346815754106,0.004797465369216288,Tokyo
2025-07-23 08:00:00,66.62999725341797,67.0,66.62999725341797,67.0,4,53.395509927508584,-0.01632426056741565,0.0036373992464490946,-0.019961659813864743,0.3103840166226338,66.80308970040545,66.8524687072214,66.79510533619703,67.54937374090859,66.29762638116172,0.004497797083718114,0.004904066434891243,London
2025-07-23 12:00:00,66.97000122070312,66.97000122070312,66.61000061035156,66.61000061035156,0,46.87289026477424,-0.02963416389223994,-0.0030169133812887124,-0.026617250510951228,0.3160708289816198,66.78470026325746,66.84296015440297,66.79265361797391,67.54537187611125,66.30762800181843,-0.0013492704948766532,0.005090913865173653,London
2025-07-24 00:00:00,66.80000305175781,66.80000305175781,66.80000305175781,66.80000305175781,1,50.07277740931251,-0.024567549645453823,-0.007327040634121735,-0.01724050901133209,0.3070659441548077,66.78615767168607,66.84127556214239,66.79275096146773,67.5107925289773,66.30020753205784,0.002100200749433956,0.004578411349728087,Tokyo
2025-07-24 04:00:00,66.88999938964844,66.88999938964844,66.88999938964844,66.88999938964844,1,51.560986992790134,-0.013138812957748769,-0.008489395098847143,-0.004649417858901626,0.29156097227879463,66.79604735911106,66.84318630047596,66.79403902011913,67.49209163558804,66.29690830337681,0.005259970984452078,0.004581602965968737,Tokyo
2025-07-24 08:00:00,67.18000030517578,67.5,67.18000030517578,67.5,21,60.216941632131196,0.04462607288496656,0.0021336984979155992,0.04249237438705096,0.31430666071256375,66.86309046776715,66.8689437004573,66.80338949667384,67.54660825157083,66.26839190101705,0.012297535858897923,0.00501205077595686,London
2025-07-24 12:00:00,67.38999938964844,67.4000015258789,67.30999755859375,67.4000015258789,2,58.37533504503896,0.08139781658815082,0.017986522115962644,0.06341129447218817,0.30542778790496994,66.91422485425399,66.88976949753264,66.81129164275603,67.57264760045757,66.25635249109516,0.005970172028043397,0.005025882706696824,London
2025-07-24 20:00:00,67.69999694824219,67.69999694824219,67.6500015258789,67.66000366210938,27,61.65865868645931,0.1300208880026048,0.04039339529329108,0.08962749270931372,0.3050397617948493,66.98525140738307,66.91997475888859,66.82253286155542,67.69212375411774,66.22487682571625,0.0157634445599244,0.004785421883987078,NewYork
2025-07-25 00:00:00,67.12000274658203,67.12000274658203,67.11000061035156,67.11000061035156,2,52.26661353922036,0.12275928013293935,0.05686657226122073,0.06589270787171862,0.3225371396493467,66.99713228385626,66.9274267530636,66.82634038140702,67.70321666789646,66.22978427814847,0.0046406818028670305,0.005148051951562024,Tokyo
2025-07-25 04:00:00,67.36000061035156,67.36000061035156,67.36000061035156,67.36000061035156,5,55.57880851919454,0.1356140400056205,0.07261606581010069,0.0629979741955198,0.3173559153886791,67.0316911720939,66.94439043374156,66.83340872881026,67.70321666789646,66.22978427814847,0.007026479667988417,0.005028244999384976,Tokyo
2025-07-25 12:00:00,67.16000366210938,67.16000366210938,67.16000366210938,67.16000366210938,3,52.443683395230046,0.12818580141355085,0.08373001293079073,0.04445578848276012,0.30897313202107257,67.04391140923823,66.95284585446187,66.83773448951621,67.6911531478562,66.23184795077663,-0.005036982783564792,0.005062272996234328,London
2025-07-27 20:00:00,67.25,67.25,67.18000030517578,67.18000030517578,0,52.730789484855045,0.12250032331492378,0.09148407500761734,0.03101624830730644,0.2933319324403263,67.05687225647038,66.96175387213692,66.84226781157793,67.65101687740164,66.24598400760812,-0.00326411299291518,0.0050221402508848914,NewYork
2025-07-28 08:00:00,67.26000213623047,67.26000213623047,67.26000213623047,67.26000213623047,3,53.92915119473831,0.12303178627547595,0.09779361726118906,0.025238169014286896,0.2780940680556378,67.07621795930467,66.97344988249354,66.8478007165402,67.68348128660372,66.25651962892363,-0.0059119347358669305,0.004569705483911763,London
2025-07-28 12:00:00,67.37000274658203,67.4000015258789,67.37000274658203,67.4000015258789,0,56.02991755156242,0.13321414547549182,0.10487772290404962,0.0283364225714422,0.2682301624551235,67.1070544894546,66.99017739792042,66.85511463454469,67.71566932832586,66.24733192289484,0.004321277199967888,0.004453304732707988,London
2025-07-28 20:00:00,67.2300033569336,67.2300033569336,67.2300033569336,67.2300033569336,1,52.87694164128217,0.1261125599131958,0.10912469030587887,0.016987869607316936,0.261213591490137,67.11876390540498,66.99958233748957,66.86008004808626,67.72339848034655,66.31260310656752,-0.0019298879489320075,0.0038203969541206403,NewYork
2025-07-29 04:00:00,67.41999816894531,67.41999816894531,67.01000213623047,67.01000213623047,2,49.031539785319715,0.10156150450301027,0.10761205314530516,-0.006050548642294887,0.27184090872047323,67.10840564167407,66.99999095704804,66.86206577110804,67.70797811659011,66.37702401964034,-0.0022334949032103424,0.003915104945440128,Tokyo
2025-07-29 08:00:00,66.87999725341797,66.91999816894531,66.87999725341797,66.91999816894531,0,47.50932644772142,0.07398914740957707,0.10088747199815953,-0.026898324588582462,0.26170976401276086,67.09046207284275,66.99685398496558,66.86283308763568,67.70220208953879,66.404800168762,-0.0038702312451528442,0.0038925569170457225,London
2025-07-29 12:00:00,67.0199966430664,67.0199966430664,66.12999725341797,66.2699966430664,9,38.269048044750804,-0.0003082814079249374,0.08064832131694265,-0.08095660272486759,0.30658759441530925,67.01232250810214,66.96834977547934,66.85498094929702,67.75435552562467,66.30964670215852,-0.014719082095163705,0.00448158698849872,London
2025-07-29 20:00:00,66.11000061035156,66.11000061035156,65.95999908447266,65.95999908447266,14,34.79343025561707,-0.08324415445581224,0.047869826162391674,-0.1311139806182039,0.3068311632851979,66.91210122966123,66.92880661112613,66.84312688486226,67.8510730418559,66.14292872816364,-0.021365020902163412,0.0045868923675693694,NewYork
2025-07-30 00:00:00,66.06999969482422,66.2699966430664,66.06999969482422,66.2699966430664,4,40.60287298474916,-0.12254460126412425,0.01378694067708849,-0.13633154194121275,0.30705733437866595,66.8509484118903,66.90297092610417,66.83553575583186,67.87567454086609,66.09132680190736,-0.014279438731698013,0.004719698344903902,Tokyo
2025-07-30 04:00:00,66.1500015258789,66.26000213623047,66.12999725341797,66.25,0,40.353123968367164,-0.1535342037515619,-0.019677288208641588,-0.1338569155429203,0.2951246240407925,66.79371522980551,66.8773642231197,66.82778031535727,67.90428715441708,66.01971415783878,-0.011341622325058198,0.004688412076052501,Tokyo
2025-07-30 08:00:00,65.87000274658203,65.9000015258789,65.7300033569336,65.77999877929688,0,34.916770734025945,-0.21355710417527973,-0.05845325140196922,-0.1551038527733105,0.3111869111140506,66.69717080594755,66.83433028414625,66.81390241421741,67.98084537934334,65.8211558108422,-0.01703525733474187,0.004760688855959558,London
2025-07-30 12:00:00,65.91999816894531,65.91999816894531,65.87999725341797,65.87999725341797,0,36.86560801580534,-0.2501728076637022,-0.09679716265431582,-0.15337564500938639,0.298959231009364,66.61934475332569,66.7969054594118,66.80153280943861,68.03158669460126,65.69741415989094,-0.005885006932307424,0.004643382149287973,London
2025-07-30 20:00:00,65.5,65.79000091552734,65.5,65.79000091552734,8,35.82588057192082,-0.2831885475200977,-0.1340754396274722,-0.1491131078926255,0.3047476611814072,66.54035962591632,66.75741900671045,66.78813503600932,68.0763551176593,65.55164552320984,-0.002577291863324671,0.004576142167256619,NewYork
2025-07-31 04:00:00,66.04000091552734,66.04000091552734,65.87999725341797,65.88999938964844,2,37.92094051786275,-0.29785127400168676,-0.16683060650231513,-0.13102066749937163,0.3008371139541639,66.47842055579557,66.72340255113939,66.77623919963368,68.09123052879569,65.43677011207346,-0.005734076847244363,0.004580484232753465,Tokyo
2025-07-31 08:00:00,66.27999877929688,66.30000305175781,66.04000091552734,66.08000183105469,26,41.80824435855678,-0.2907879586941533,-0.19162207694068278,-0.09916588175347052,0.30863472453667895,66.44047591534405,66.69817115035175,66.76701751263263,68.00630510574739,65.37969571822721,-0.002566010097287741,0.004060443533381062,London
2025-07-31 12:00:00,65.95999908447266,65.95999908447266,65.58000183105469,65.58000183105469,0,35.507166058527815,-0.32182623919457853,-0.21766290939146193,-0.1041633298031166,0.322303672784059,66.3585260025546,66.65432137312442,66.75129545062498,67.96047860910254,65.24352224538966,-0.0030403914860687165,0.004315719749442332,London
2025-07-31 20:00:00,65.33999633789062,65.33999633789062,65.33999633789062,65.33999633789062,1,32.94077617519258,-0.3616221821844334,-0.24645476395005625,-0.11516741823437718,0.3164252313826307,66.26152317734851,66.60277921487996,66.73260274714507,67.86020688585813,65.11179323621218,-0.008196735550096368,0.004161863907787276,NewYork
2025-08-01 04:00:00,65.4800033569336,65.4800033569336,65.22000122070312,65.26000213623047,9,32.10778765624332,-0.395061593124467,-0.2761761297849384,-0.1188854633395286,0.3123950103003334,66.16614022105155,66.55012129022704,66.71309810329188,67.83810391808072,64.94889635657748,-0.00805591688587115,0.0038782743700989976,Tokyo
2025-08-01 08:00:00,65.26000213623047,65.26000213623047,64.91999816894531,64.91999816894531,22,28.776904334756537,-0.44388125899340025,-0.30971715562663077,-0.13416410336676948,0.31436707865639213,66.04746002561286,66.48619489331404,66.68934843528729,67.78300569097941,64.75999433953818,-0.01472152420228301,0.0037713995029548045,London
2025-08-01 12:00:00,64.94000244140625,65.0,64.38999938964844,64.38999938964844,119,24.508702684835868,-0.5193509139743071,-0.35164390729616607,-0.16770700667814104,0.33548375949176146,65.88960663171149,66.40399114807225,66.65889348104041,67.80121942474976,64.46478017852174,-0.025575096770230732,0.004025986053825264,London
2025-08-03 20:00:00,64.43000030517578,64.43000030517578,64.43000030517578,64.43000030517578,0,25.407937714065184,-0.5693700758805136,-0.3951891410130356,-0.174180934867478,0.3143778420657316,65.75059650537476,66.32657974246847,66.62937171712167,67.75138713811914,64.23961246515235,-0.017535856873586386,0.004036780959972608,NewYork
2025-08-04 00:00:00,64.55999755859375,64.55999755859375,64.55999755859375,64.55999755859375,1,28.393180387982795,-0.591700178800707,-0.4344913485705699,-0.1572088302301371,0.30120780001946285,65.63720612949085,66.2573020097675,66.60196278786965,67.62220424405079,64.09879490145703,-0.011937539378840678,0.004076109790789482,Tokyo
2025-08-04 04:00:00,64.56999969482422,64.61000061035156,64.47000122070312,64.54000091552734,16,28.206181542627306,-0.6040474255064225,-0.4684025639577405,-0.13564486154868205,0.2896929135643896,65.53271039482766,66.1899568688169,66.5746520345936,67.41621646810655,64.0187826163661,-0.011032810253363445,0.0039827097239682726,Tokyo
2025-08-04 08:00:00,64.9000015258789,65.18000030517578,64.68000030517578,64.69999694824219,247,32.06164602375098,-0.5940742466632116,-0.4935369004988347,-0.10053734616437693,0.3147148047132502,65.4534043522957,66.13152706801006,66.5498221659002,67.18931302344866,63.99268542015484,-0.00338880509716899,0.004113938781113674,London
2025-08-04 12:00:00,64.69999694824219,64.70999908447266,64.4000015258789,64.61000061035156,41,31.05152616047448,-0.5866696207156394,-0.5121634445421956,-0.0745061761734438,0.3143778585618573,65.37308018639627,66.07185936378816,66.52412916516445,66.97853613493554,63.9634621560801,0.00341669859898297,0.00410272768691177,London
2025-08-04 20:00:00,64.30000305175781,64.55999755859375,64.30000305175781,64.55999755859375,7,30.476992392206128,-0.57817142935032,-0.5253650415038206,-0.05280638784649938,0.31406497999270677,65.29564374565317,66.01257066554524,66.49811417699796,66.7482555529358,63.957742677044685,0.0020176509824962885,0.004108208360949297,NewYork
2025-08-05 08:00:00,65.1500015258789,65.44000244140625,65.1500015258789,65.44000244140625,47,48.527244796355085,-0.4947246343029832,-0.519236960063653,0.024512325760669862,0.35448925876554915,65.30939219286775,65.99011700969665,66.48409945202324,66.63967647774098,63.98332233207347,0.013630807250477606,0.0049481887668694205,London
2025-08-05 12:00:00,65.5,65.76000213623047,65.4800033569336,65.72000122070312,13,52.73232877181031,-0.4013721186461652,-0.4956639917801555,0.09429187313399034,0.35202571848402553,65.34849781456636,65.97952423365768,66.47397894564816,66.60718529807146,63.99181372536604,0.018283239672094442,0.00496688879016571,London
2025-08-05 20:00:00,66.0,66.25,65.93000030517578,65.93000030517578,29,55.65820830958718,-0.3069065783457603,-0.4579125090932765,0.15100593074751623,0.36473807997065766,65.40387900414821,65.97758211881526,66.46677393054256,66.54512742620904,64.01987196343941,0.01901087194667972,0.0049003996162138635,NewYork
2025-08-06 04:00:00,65.98999786376953,65.98999786376953,65.8499984741211,65.8499984741211,8,54.27973870890485,-0.23577951673190967,-0.41348591062100315,0.17770639388909348,0.34868531637621336,65.44636657271705,65.97257883863118,66.45860471919924,66.47216113762927,64.05283809943127,0.01919204228533733,0.00490508129348997,Tokyo
2025-08-06 08:00:00,65.5,65.5,65.04000091552734,65.33999633789062,96,46.39176245264819,-0.21805017144335181,-0.3743987627854729,0.1563485913421211,0.38163619082032313,65.43623607416215,65.9477716817394,66.44378871414881,66.42630190823749,64.05469708468243,0.012081765935461286,0.004954957084675744,London
2025-08-06 12:00:00,65.5199966430664,65.94999694824219,65.5199966430664,65.69999694824219,25,51.7247249359689,-0.17295675910725095,-0.3341103620498285,0.16115360294257758,0.39794793507255455,65.46135615740788,65.93805502552382,66.43393716758051,66.39946356504781,64.06353539735453,0.003973021044257008,0.005110570407828527,London
2025-08-07 04:00:00,66.11000061035156,66.11000061035156,66.11000061035156,66.11000061035156,0,56.97440747251036,-0.10294930050918083,-0.287878149741699,0.18492884923251818,0.3988090584323274,65.52313181959299,65.94479798963472,66.42964661715364,66.45575056149369,64.03924837039108,0.00593425718813867,0.005292854240857037,Tokyo
2025-08-07 08:00:00,66.25,66.25,65.5,65.66000366210938,29,50.48536918401604,-0.08282413308546666,-0.24686734641045255,0.1640432133249859,0.42389412568716117,65.53616723316598,65.93362958463374,66.41945267072921,66.42268852985771,64.04931082927314,-0.004095201604984777,0.005511617456059949,London
2025-08-07 12:00:00,65.5,65.5,64.87999725341797,65.18000030517578,59,44.64437639648862,-0.10440355308627147,-0.21837458774561636,0.11397103465934488,0.4493307173303216,65.50224657335738,65.90407549524323,66.40303608310599,66.30921158685322,64.07278761968973,-0.01017461176113199,0.005684389494075581,London
2025-08-07 20:00:00,65.19000244140625,65.19999694824219,65.11000061035156,65.11000061035156,3,43.84765935984794,-0.12570474323713654,-0.1998406188439204,0.07413587560678386,0.42366397594177185,65.46488981497588,65.87293530367886,66.3859097854536,66.27094712879435,64.06405195567831,-0.0035199837837408543,0.005449359226701888,NewYork
2025-08-08 08:00:00,64.69999694824219,65.38999938964844,64.69999694824219,65.08000183105469,5,43.48946926638657,-0.14335424220821835,-0.18854334351678,0.04518910130856166,0.44268815204637746,65.42823381650719,65.84183987337988,66.3686129913556,66.25551414206595,64.05348549172311,-0.009436760212879869,0.005393837683675636,London
2025-08-08 12:00:00,65.31999969482422,65.41000366210938,65.30000305175781,65.41000366210938,19,48.4757453719495,-0.12922359827283003,-0.17667939446799003,0.047455796195159994,0.4346391291183996,65.42649761132644,65.82490511999673,66.35591617904771,66.26807222714663,64.05592755923033,-0.010588366991068798,0.00551261291504947,London
2025-08-10 20:00:00,65.4000015258789,65.4000015258789,65.4000015258789,65.4000015258789,0,48.336531178182184,-0.11747783855527416,-0.16483908328544689,0.047361244730172725,0.4043079153406902,65.42397417461716,65.8082422339529,66.34325505781369,66.29079257017975,64.08120755189057,-0.00395982518624971,0.005368899970494121,NewYork
2025-08-11 00:00:00,65.58999633789062,65.58999633789062,65.58999633789062,65.58999633789062,2,51.20324053060525,-0.09178026017099228,-0.15022731866255598,0.0584470584915637,0.38899983653147796,65.43978580921464,65.79968357136222,66.33327812112597,66.2978441142736,64.19415570262092,0.006290212193851286,0.004997686866954885,Tokyo
2025-08-11 04:00:00,65.44000244140625,65.44000244140625,65.44000244140625,65.44000244140625,0,48.896522032689944,-0.08256622599778041,-0.13669510012960087,0.054128874131820465,0.37192798367097063,65.43980644085194,65.78557842901101,66.32144665516942,66.27802015986963,64.31497987064795,0.005068373951177874,0.005049060292556847,Tokyo
2025-08-11 08:00:00,65.88999938964844,65.88999938964844,65.88999938964844,65.88999938964844,7,55.389643268219444,-0.03850913525018029,-0.11705790715371675,0.07854877190353646,0.3775043382832004,65.48268195978494,65.78967336864385,66.31573212185127,66.31416824381179,64.41183196981126,0.012446182172773712,0.00522430150462769,London
2025-08-11 12:00:00,65.25,65.2699966430664,65.25,65.2699966430664,0,46.603635568759344,-0.05301152957413535,-0.10424863163780047,0.05123710206366512,0.39625398480928875,65.46242621533555,65.76929388920944,66.30188132080777,66.27032541868465,64.5286743676923,-0.002140452701488993,0.0057231083227405515,London
2025-08-12 00:00:00,65.5199966430664,65.5199966430664,65.5199966430664,65.5199966430664,0,50.04457292512158,-0.04382666439120442,-0.09216423818848127,0.04833757379727685,0.38580727160862527,65.46790911321469,65.7595175266156,66.29152523236087,66.24753425756407,64.6334654982953,0.001834787681771255,0.005754650938948475,Tokyo
2025-08-12 08:00:00,66.25,66.25,65.63999938964844,65.6500015258789,41,51.784596847068485,-0.02576033589654969,-0.07888345773009496,0.05312312183354527,0.41039270627469443,65.48525124775414,65.75522278148867,66.28302822962601,66.20239660097853,64.78260324643357,0.0009148527418596508,0.005741708445253542,London
2025-08-12 12:00:00,65.9000015258789,67.33000183105469,65.9000015258789,67.33000183105469,29,67.52598211279312,0.12270487841836086,-0.0385657905004038,0.16127066891876465,0.5010789633390578,65.66094177949705,65.81697882264812,66.29689542964493,66.60616377315304,64.65583650150515,0.02888140768852665,0.007909915521225903,London
2025-08-13 00:00:00,66.87999725341797,66.87999725341797,66.87999725341797,66.87999725341797,2,61.713892034182585,0.201727631264788,0.009492893852634559,0.19223473741215344,0.49743079293174786,65.77704230082286,65.85866581993322,66.30461863260882,66.82096974638982,64.58503000946955,0.01502500945424301,0.007660558577497034,Tokyo
2025-08-13 04:00:00,66.9000015258789,66.9000015258789,66.2699966430664,66.2699966430664,47,54.82515908553389,0.2126801367287925,0.050130342427866154,0.16254979430092634,0.5069003707803731,65.82399033341748,65.87479644044825,66.30416006321092,66.87692572167678,64.58407357641893,0.015320975201953413,0.007950305741059838,Tokyo
2025-08-13 08:00:00,66.31999969482422,66.66999816894531,66.05999755859375,66.5999984741211,61,57.583583875253176,0.245162386658194,0.08913675127393172,0.15602563538426228,0.5142646736068867,65.89789587062735,65.9032357358864,66.3080784527594,66.97244992079904,64.55554919419119,0.01648354527455509,0.007992750887970917,London
2025-08-14 04:00:00,66.25,66.25,66.23999786376953,66.25,2,53.82937576530675,0.23989746332077289,0.11928889368329997,0.12060856963747292,0.5032458119457921,65.93142959723427,65.91683433447909,66.30730920172948,67.01153236574613,64.556466901832,0.00913935202095284,0.008089512897879347,Tokyo
2025-08-14 12:00:00,66.45999908447266,66.45999908447266,66.19000244140625,66.27999877929688,23,54.105561870232414,0.2354317141732878,0.14251745778129754,0.09291425639199025,0.48658515702583593,65.96462666219261,65.93107607741312,66.30694747428005,67.05893511196749,64.60306439975128,-0.015594876328571816,0.007863138647207394,London
2025-08-15 08:00:00,66.01000213623047,66.01000213623047,65.6500015258789,65.9000015258789,6,50.023568400632655,0.19893675415062262,0.15380131705516256,0.04513543709546006,0.4968288781967026,65.95847188730559,65.92985746754904,66.30155746171845,67.06770024850533,64.6142997209771,-0.014653046767118094,0.007905224044873586,London
2025-08-15 12:00:00,66.05999755859375,66.05999755859375,66.05999755859375,66.05999755859375,7,51.67667420344423,0.18083996752152132,0.1592090471484343,0.021630920373087004,0.4727693892337127,65.96814099885685,65.93496100053119,66.29835799280289,67.06309367561242,64.61390598869421,-0.003168841030786851,0.007796657879036072,London
2025-08-17 20:00:00,65.93000030517578,65.93000030517578,65.8499984741211,65.8499984741211,0,49.36845112185628,0.14784865538953795,0.15693696879665503,-0.009088313407117077,0.4540000817507801,65.9568893298344,65.9316291367504,66.29241945613163,67.06970755073499,64.62629159477282,-0.011261261519269095,0.0076710966412748905,NewYork
2025-08-18 08:00:00,66.1500015258789,66.1500015258789,66.1500015258789,66.1500015258789,0,52.62407258612882,0.14424774368401927,0.1543991237741279,-0.01015138009010863,0.44300029389413953,65.97528096755292,65.94019275985349,66.29053312592961,67.08306001983601,64.70993924774211,-0.0015094109301296843,0.007519802183517652,London
2025-08-18 12:00:00,66.16999816894531,66.66999816894531,66.16000366210938,66.62000274658203,0,57.26066044293314,0.17727564250434114,0.15897442752017055,0.01830121498417059,0.44850003312073,66.03668304174617,65.96685197501931,66.29489696196475,67.1398603197909,64.80413916141026,0.005129812515798582,0.007636482876576377,London
2025-08-18 20:00:00,66.44000244140625,66.44000244140625,66.44000244140625,66.44000244140625,0,55.039036583170336,0.18677296746345462,0.16453413550882737,0.022238831954627253,0.42932148112466223,66.07509441314237,65.98540689526978,66.29681888884478,67.14590766233802,64.9340918798983,0.008194247390347797,0.007677731361913378,NewYork
2025-08-19 12:00:00,66.08999633789062,66.08999633789062,66.08999633789062,66.08999633789062,0,50.90335014504776,0.16416470990068888,0.1644602503871997,-0.00029554048651081466,0.423656097009731,66.07651364407077,65.98950844203922,66.29407951730897,67.13942625889709,65.00857255091736,0.00045411414480089896,0.0077403906033015266,London
2025-08-19 20:00:00,66.3499984741211,66.3499984741211,66.3499984741211,66.3499984741211,2,53.68730879616009,0.1653217758411074,0.16463255547798125,0.0006892203631261584,0.41196652838264086,66.10255981836129,66.00364530604243,66.29482016574357,67.14425774579631,65.09874075884237,0.007593014602673032,0.0077754715433044005,NewYork
2025-08-20 04:00:00,66.29000091552734,66.29000091552734,66.12999725341797,66.12999725341797,9,51.04954643229852,0.14679434521593748,0.1610649134255725,-0.014270568209635015,0.3982547206912469,66.1051729074143,66.00860028437089,66.29263708081211,67.1402189915617,65.1567796046297,-0.0003024077399773617,0.00780807387148958,Tokyo
2025-08-20 08:00:00,66.16999816894531,66.91999816894531,66.16999816894531,66.91999816894531,0,58.8651290670198,0.19362569801360507,0.16757707034317904,0.02604862767042604,0.4262365917509681,66.18277531327439,66.04434137788361,66.30094649919798,67.21248963291725,65.23250853602806,0.004503083308243783,0.008183717057793418,London
2025-08-20 12:00:00,66.52999877929688,66.66000366210938,66.52999877929688,66.66000366210938,73,55.71246103233989,0.20737006563724947,0.1755356694019931,0.03183439623525636,0.42364822017221593,66.22822563221106,66.06848499687285,66.30570222321006,67.25641986385092,65.26557873234047,0.003311276529484486,0.008140024405507235,London
2025-08-21 08:00:00,66.29000091552734,66.29000091552734,65.68000030517578,65.75,51,46.35459927711235,0.14318236847169885,0.16906500921593426,-0.025882640744235408,0.4633878727980286,66.18268033390525,66.05599538915236,66.29834192886291,67.19968766098405,65.3703112709007,-0.00514444479845888,0.008468394432872834,London
2025-08-21 12:00:00,65.66000366210938,65.91999816894531,65.58000183105469,65.91999816894531,28,48.10811441901408,0.10482226173679976,0.1562164597201074,-0.05139419798330763,0.45457419173321406,66.15766298486145,66.05066216483051,66.29333075323486,67.16512259511849,65.44487648935417,-0.006480788471208476,0.008446255609878281,London
2025-08-21 20:00:00,65.83999633789062,65.83999633789062,65.80000305175781,65.80000305175781,2,46.94173413465065,0.06400123130862312,0.13777341403781054,-0.07377218272918742,0.4306756864085202,66.12360013408967,66.04083239569042,66.28679661149344,67.1509166037247,65.47408263333584,-0.004990083401872569,0.008449315108673245,NewYork
2025-08-22 08:00:00,66.12000274658203,66.33000183105469,66.12000274658203,66.33000183105469,4,52.427913623131246,0.0735686886514344,0.12493246896053532,-0.05136378030910092,0.4377701930434027,66.14325743856253,66.05217237354785,66.28736886605716,66.95135450661756,65.57364473044298,-0.008816442827764726,0.006371666648615859,London
2025-08-24 20:00:00,66.73999786376953,66.73999786376953,66.73999786376953,66.73999786376953,0,56.20079104730896,0.11293240640266333,0.12253245644896094,-0.009600050046297604,0.4357863244485056,66.20008986001082,66.079145922184,66.29336395211958,66.9203615300202,65.5906377680755,0.0012000329622787742,0.006388072386671393,NewYork
2025-08-25 04:00:00,66.37999725341797,66.43000030517578,66.37999725341797,66.43000030517578,3,52.79162001957096,0.11775679704470576,0.1215773245681099,-0.0038205275234041436,0.4303730591558668,66.22198609288367,66.09290491759545,66.29517370514019,66.93293109606195,65.59406856824468,0.010342209964650628,0.006125835876615179,Tokyo
2025-08-25 08:00:00,66.12999725341797,66.18000030517578,66.0,66.18000030517578,63,50.14957602664127,0.10025161253865633,0.1173121821622192,-0.017060569623562866,0.430346433871575,66.2179874464353,66.09632042299076,66.29364822964398,66.89358443484768,65.59141541256442,0.00394420727324829,0.00607333879590289,London
2025-08-25 12:00:00,65.98999786376953,65.98999786376953,65.98999786376953,65.98999786376953,0,48.176192995467495,0.07023736596119079,0.10789721892201352,-0.037659852960822734,0.4131790058383375,66.19627415284809,66.09215091086443,66.28962637049332,66.89026467301781,65.56873496077125,0.0028874590151959367,0.005993656288213989,London
2025-08-26 08:00:00,65.5,65.5,65.30999755859375,65.45999908447266,18,43.08341635855097,0.0036423998843844174,0.08704625511448771,-0.0834038552301033,0.43223767007672637,66.12615271776471,66.0673606431628,66.27863792961888,66.9325795793911,65.44442008491555,-0.013116278042596297,0.006242472305199489,London
2025-08-26 12:00:00,65.5,65.5,65.30999755859375,65.30999755859375,0,41.738592390807156,-0.06054058585712596,0.05752888692016497,-0.11806947277729093,0.4149351537431209,66.04842365498652,66.03766013004244,66.26580825583048,66.99263333115077,65.32536593642736,-0.02142643618441098,0.006140072812134841,London
2025-08-27 08:00:00,64.80000305175781,65.16999816894531,64.80000305175781,65.05999755859375,176,39.52423462085994,-0.1300794996334247,0.02000720960944704,-0.15008670924287174,0.42172510753546494,65.95428783628245,65.99932042135818,66.24983725321808,67.07679621658411,65.14120305099402,-0.020623253654799223,0.006145382489224246,London
2025-08-27 12:00:00,65.12999725341797,65.41000366210938,65.12999725341797,65.41000366210938,0,44.003350769895775,-0.15515845231580272,-0.015025922775602912,-0.1401325295401998,0.4166023215340478,65.90245124826596,65.97620996021116,66.2387136294948,67.0985986869607,65.07540109941625,-0.011634884247744393,0.006264284445966089,London
2025-08-28 00:00:00,65.4000015258789,65.73999786376953,65.38999938964844,65.73999786376953,5,47.919854246801755,-0.14671469314744456,-0.04136367684997125,-0.10535101629747332,0.411844903861694,65.88697949736154,65.96694674074287,66.232108122664,67.0892785481891,65.04372087197692,-0.003788452918518037,0.0062851585026405575,Tokyo
2025-08-28 04:00:00,66.0,66.0,66.0,66.0,0,50.8374566581722,-0.11768633885017721,-0.05662820925001244,-0.06105812960016477,0.400998991888035,65.89774335475568,65.96824294698825,66.22903384289363,67.02467254471829,65.04632660078953,0.008249326658720246,0.006128352016609167,Tokyo
2025-08-28 08:00:00,65.81999969482422,65.81999969482422,65.81999969482422,65.81999969482422,8,48.79925063886025,-0.10796117006890427,-0.06689480141379081,-0.041066368655113455,0.3852133714085883,65.89033919666697,65.96242948611908,66.22361617205829,66.9790489947014,65.02994987614821,0.00780894434688828,0.006128843821273239,London
2025-08-28 12:00:00,66.02999877929688,66.08999633789062,65.98999786376953,66.05999755859375,0,51.58634063757375,-0.07996628038037557,-0.06950909720710777,-0.010457183173267798,0.3769836050984325,65.90649713589809,65.96625568503966,66.22144903810512,66.97708722962804,65.02891176329189,0.015370427874661141,0.006084600183164354,London
2025-08-29 04:00:00,65.68000030517578,65.68000030517578,65.68000030517578,65.68000030517578,2,47.20487608510238,-0.08743483681865882,-0.07309424512941798,-0.014340591689240845,0.37719886569268507,65.88492600916264,65.95502998386853,66.2142775317087,66.9394152806396,64.9995838953858,0.004127757650972397,0.006139385094402033,Tokyo
2025-08-29 08:00:00,65.94999694824219,65.94999694824219,65.0,65.0,53,40.565139001662054,-0.14653490011829717,-0.08778237612719382,-0.05875252399110335,0.41811301444622095,65.80064734162335,65.9175778276384,66.19819438559337,66.97118321378228,64.8548162369013,-0.011256432732215771,0.006503948820205604,London
2025-08-29 12:00:00,65.01000213623047,65.20999908447266,64.94999694824219,64.94999694824219,69,40.118271959313596,-0.19515730255746178,-0.1092573614132474,-0.08589994114421437,0.40681938028795295,65.71963301844418,65.87963347942679,66.18166196920461,66.84438025473213,64.78461907388115,-0.015909137147845698,0.005774282627008392,London
2025-09-02 00:00:00,66.83999633789062,66.8499984741211,66.41000366210938,66.41000366210938,1948,55.52431292677754,-0.11455999051261756,-0.11031788723312144,-0.004242103279496118,0.513475247830164,65.78538260355516,65.90043231012022,66.18468636248812,66.79404482946487,64.8099544991484,0.008963901094207305,0.0078016855019798804,Tokyo
2025-09-02 04:00:00,66.41000366210938,66.5199966430664,64.83000183105469,66.41000366210938,2200,55.52431292677754,-0.050108421354835286,-0.09827599405746422,0.04816757270262893,0.5975123595574179,65.84487032341747,65.92041550039431,66.18767069758245,66.86301933327051,64.8069803615537,0.005298306334407199,0.007120171230313437,Tokyo
2025-09-02 08:00:00,66.41999816894531,66.41999816894531,64.69000244140625,65.95999908447266,15436,50.848014992942545,-0.034938942636941306,-0.08560858377335964,0.050669641136418336,0.6784040286989639,65.85583496732748,65.92196779780915,66.18465517952802,66.86587095478815,64.8081288315888,0.0042630751826413515,0.007282897256873422,London
2025-09-02 12:00:00,65.95999908447266,66.22000122070312,65.80000305175781,66.05000305175781,6618,51.72376822399555,-0.015476055166999458,-0.0715820780520876,0.05610602288508815,0.6599464672879888,65.87432716584466,65.92698878816007,66.18287170763702,66.88254454712948,64.81645523924747,0.01615389310396642,0.007275085172323776,London
2025-09-02 20:00:00,66.27999877929688,66.27999877929688,65.83000183105469,65.83000183105469,1626,49.40651737741918,-0.017600943784614742,-0.06078585119859303,0.04318490741397829,0.6449500730704315,65.87010570538848,65.9231853780775,66.17819793443725,66.83247953302623,64.81652025335072,0.013548959571372476,0.007071956950594317,NewYork
2025-09-03 00:00:00,65.83999633789062,66.08000183105469,65.83000183105469,66.05999755859375,1187,51.835845590564425,-0.0007179244786641448,-0.04877226585460726,0.04805434137594312,0.6167393535654008,65.88819064378899,65.92855056162716,66.17663236654529,66.7104897667273,64.87050998913207,-0.005270382234827675,0.006966271413834321,Tokyo
2025-09-03 04:00:00,66.05999755859375,66.1500015258789,66.02999877929688,66.11000061035156,1368,52.37129911334146,0.0165065412087273,-0.035716504441940355,0.052223045650667654,0.581258167352303,65.90931540250924,65.93566624981243,66.17574982672815,66.65807058674272,64.89092919963423,-0.004517437663220325,0.00690165939464145,Tokyo
2025-09-03 08:00:00,66.0999984741211,66.43000030517578,66.05999755859375,66.25,6431,53.916061696635616,0.040981426705442914,-0.0203769182124637,0.061358344917906614,0.5661684944401407,65.94176155465121,65.94799306354527,66.17673327273175,66.66885828471966,64.88714147113971,0.004396617943489556,0.006868669528680476,London
2025-09-03 12:00:00,66.23999786376953,66.2699966430664,66.0999984741211,66.2300033569336,1313,53.6484127621043,0.058094708183844546,-0.004682592933202053,0.0627773011170466,0.537870614047653,65.96921315486858,65.95905229073698,66.17743883676091,66.6991605746198,64.88083973055599,0.0027252126700847423,0.006834954601619972,London
2025-09-03 20:00:00,66.25,66.58999633789062,66.20999908447266,66.45999908447266,1293,56.33341087165061,0.08918773936595414,0.014091473526629188,0.07509626583932495,0.5265939454312469,66.01595467197373,65.97869726304033,66.18118135659816,66.78213860039448,64.8978617047813,0.00957006282689754,0.0065845613933168375,NewYork
2025-09-04 00:00:00,66.45999908447266,66.52999877929688,66.20999908447266,66.20999908447266,912,52.75609770341465,0.09258897189477011,0.02979097320025737,0.06279799869451275,0.5118372132450306,66.03443509221172,65.98776792270435,66.18156304835809,66.8062938712067,64.96370658655697,0.002270686215903428,0.006628645809618929,Tokyo
2025-09-04 04:00:00,66.22000122070312,66.2699966430664,66.05999755859375,66.08999633789062,1080,51.07933349115158,0.08462574156300207,0.04075792687280631,0.04386781469019575,0.4902773469041467,66.03972663941924,65.99177688016263,66.18035024424594,66.77505324592099,65.09794708977236,-0.0003025907166276376,0.006571274704420992,Tokyo
2025-09-04 08:00:00,66.08000183105469,66.12000274658203,65.81999969482422,66.04000091552734,7099,50.361177240667786,0.07343410870356593,0.04729316323895824,0.026140945464607684,0.47668632582226567,66.03975276095335,65.99366801880439,66.17849131273974,66.76980490437911,65.16619515665603,-0.0031697975014740587,0.006488774235407294,London
2025-09-04 12:00:00,66.02999877929688,66.29000091552734,66.0199966430664,66.22000122070312,2523,52.927261264436396,0.07818787814449024,0.05347210622006464,0.024715771924425603,0.4619233220107422,66.05691928092952,66.00254383064356,66.17904111284523,66.7938050001095,65.190195396619,-0.00015102122487542502,0.006423689175194193,London
2025-09-04 20:00:00,66.20999908447266,66.25,66.02999877929688,66.08000183105469,735,50.73062961720645,0.06985326895224375,0.05674833876650047,0.013104930185743283,0.444643171917341,66.05911761903668,66.00558139928714,66.17772933427847,66.7987707875477,65.19322979228629,-0.005717683699257625,0.006388655529568155,NewYork
2025-09-05 00:00:00,66.0999984741211,66.16999816894531,65.87999725341797,65.91999816894531,921,48.265157982824874,0.04976343093873936,0.055351357200948255,-0.0055879262622088935,0.4335972964609126,66.0458681475994,66.0022251941757,66.17431567645949,66.8003937165584,65.20160671068768,-0.004380016908886453,0.0063819666165647595,Tokyo
2025-09-05 04:00:00,65.91999816894531,66.25,65.86000061035156,65.87999725341797,1422,47.641792794045685,0.030265468510705773,0.05033417946289976,-0.020068710952193987,0.43048316026002154,66.03007091958213,65.99743194159696,66.17041741920066,66.79264906597288,65.19135133075562,-0.003177471570720347,0.0063275707734030025,Tokyo
2025-09-05 08:00:00,65.87999725341797,66.33000183105469,65.83000183105469,66.01000213623047,6757,49.90626325065618,0.02501514137966865,0.04527037184625354,-0.020255230466584895,0.43544864881287715,66.02815960688197,65.99792489040611,66.16829271346596,66.79556257859178,65.2214380012422,-0.0004542516487128223,0.006200370663718614,London
2025-09-05 12:00:00,66.0,66.16999816894531,65.97000122070312,66.08999633789062,3656,51.3019157448116,0.026997868217065957,0.04161587112041602,-0.014618002903350066,0.41863067020068506,66.03404881935899,66.00153553540551,66.16725567537887,66.6908842127701,65.43511600085296,-0.0019632268259737184,0.005670942476753218,London
2025-09-07 20:00:00,66.08999633789062,66.30000305175781,66.05000305175781,66.20999908447266,716,53.39941861060972,0.037816487338744764,0.04085599436408177,-0.003039507025337007,0.4065856223292076,66.05080598746505,66.0097105765454,66.16782181324766,66.47425451853641,65.77774590870968,0.001967270729657855,0.005661971247107029,NewYork
2025-09-08 00:00:00,66.19000244140625,66.19999694824219,65.97000122070312,65.98999786376953,1066,49.21436380880162,0.0283117013826768,0.03834713576780078,-0.010035434385123977,0.3946864967178021,66.0450147375893,66.00893752898556,66.16546652914862,66.4310943485563,65.77890549885582,0.0010618886038924469,0.0027381397462540934,Tokyo
2025-09-08 04:00:00,65.98999786376953,66.08000183105469,65.94000244140625,66.04000091552734,1479,50.17025700722187,0.024531138721044954,0.035583936358449614,-0.01105279763740466,0.3764945604985618,66.04453723072625,66.01015570100681,66.16380473294171,66.38010029014563,65.79289928260826,0.002428713855191722,0.002747979023191303,Tokyo
2025-09-08 08:00:00,66.05000305175781,66.33000183105469,65.94000244140625,66.26000213623047,5404,54.25034527091914,0.0388395572192195,0.036235060530603595,0.002604496688615905,0.37745919115212434,66.06505769791713,66.01995360042734,66.16507887073361,66.39852253650389,65.80447734142581,0.0037873048312293545,0.0023934015485437094,London
2025-09-08 12:00:00,66.27999877929688,66.44000244140625,66.16999816894531,66.27999877929688,2405,54.61410822797004,0.05120241438154949,0.03922853130079278,0.011973883080756711,0.3697838398170396,66.08552827709615,66.0301514505791,66.16660098872784,66.41929216085691,65.80670728982668,0.002874904704712744,0.0023785908760695106,London
2025-09-08 20:00:00,66.25,66.4000015258789,66.1500015258789,66.36000061035156,670,56.117424222164324,0.06668682273381421,0.04472018958739706,0.02196663314641715,0.3612278512586796,66.11166849931095,66.04308671174664,66.1691625731202,66.43418887078741,65.84481045782587,0.0022655418811821093,0.0022385261807563814,NewYork
2025-09-09 00:00:00,66.37000274658203,66.44999694824219,66.19999694824219,66.37000274658203,928,56.31225901553537,0.07885640911669611,0.05154743349325687,0.027308975623439244,0.3532830047402025,66.13627176095581,66.05590694840686,66.17182270786805,66.46432997577065,65.84566987164146,0.005758522429368584,0.0021174311365786285,Tokyo
2025-09-09 04:00:00,66.36000061035156,66.5,66.30000305175781,66.43000030517578,2263,57.53034687371519,0.09227846683593555,0.059693640161792606,0.03258482667414294,0.34233400070463,66.16424590802437,66.07057727612329,66.17524227869332,66.50281609619539,65.83918372069915,0.005905502487004721,0.0021195933776432785,Tokyo
2025-09-09 08:00:00,66.41999816894531,66.56999969482422,66.16000366210938,66.38999938964844,6731,56.401256152704974,0.09855176133929433,0.06746526439729295,0.031086496942001385,0.34716700299107384,66.18574623960761,66.08310363351643,66.17808674373909,66.52249773782418,65.8335020180352,0.0019619264899914945,0.002079873643942178,London
2025-09-09 12:00:00,66.4000015258789,66.5199966430664,66.30999755859375,66.38999938964844,2432,56.40125615270498,0.10234363866997853,0.07444093925183007,0.027902699418148463,0.3373692945254726,66.20519892056387,66.09513876120788,66.18089353375113,66.54279349533307,65.82920586379778,0.0016596350690627482,0.002077855646480154,London
2025-09-09 20:00:00,66.45999908447266,66.56999969482422,66.43000030517578,66.55999755859375,742,60.24671805904691,0.11770928095408806,0.08309460759228167,0.03461467336180639,0.3261286524290661,66.23898926704291,66.11336851796811,66.18591477911329,66.5662840379956,65.81571516854736,0.003013817757726134,0.002009613836119997,NewYork
2025-09-10 00:00:00,66.55999755859375,66.94000244140625,66.51000213623047,66.80999755859375,2448,65.11911321587007,0.148349493217097,0.09614558471724474,0.052203908499852264,0.3335480561966886,66.29337100909537,66.140687303875,66.19418077619251,66.68751629780581,65.75448275614926,0.006629422838684063,0.001955122739230987,Tokyo
2025-09-10 04:00:00,66.81999969482422,66.9000015258789,66.75,66.88999938964844,2177,66.53273846421484,0.17704667745923075,0.11232580326564195,0.0647208741935888,0.3204375897454184,66.35019275962424,66.17007209155238,66.20339691676809,66.81010014003465,65.71189921909621,0.00692456845340117,0.0018862299347791583,Tokyo
2025-09-10 08:00:00,66.88999938964844,67.0999984741211,66.5999984741211,66.66999816894531,7953,59.40312602544694,0.17996264548504826,0.12585317170952323,0.054109473775525024,0.3332634761921742,66.3806504176548,66.18967703576388,66.20957706580354,66.86018611869027,65.72481296578239,0.004217484287859952,0.0020597811682672744,London
2025-09-10 12:00:00,66.66000366210938,66.73999786376953,66.54000091552734,66.72000122070312,3843,60.4407376106957,0.18418522689353267,0.13751958274632514,0.04666564414720753,0.3237444384814609,66.41296954175465,66.21047406262424,66.21633765063666,66.91499870085721,65.72000038361546,0.004970655732618345,0.00199265135371831,London
2025-09-10 20:00:00,66.73999786376953,66.81999969482422,66.62000274658203,66.69999694824219,416,59.782433237982964,0.18379875780765076,0.14677541775859027,0.037023340049060494,0.3149053320357985,66.44030548522966,66.22967103853082,66.22274373404865,66.95832314101962,65.73867545517179,0.0021033562918206794,0.0019128637898578088,NewYork
2025-09-11 00:00:00,66.68000030517578,66.77999877929688,66.5199966430664,66.58999633789062,1001,56.16015114243054,0.17262641843531412,0.15194561789393504,0.02068080054137908,0.3109836751925607,66.45456175691166,66.24380144242728,66.22760800694722,66.96576502880026,65.79823338428568,-0.0032929386131196337,0.0018583589600221588,Tokyo
2025-09-11 04:00:00,66.5999984741211,66.5999984741211,66.30999755859375,66.4000015258789,2301,50.471771650849035,0.14674962716048867,0.15090641974724578,-0.004156792586757108,0.3094849066450452,66.44936554443235,66.24992693589597,66.22989136481387,66.94180698311867,65.87419185721338,-0.007325427840344068,0.0019925452284955086,Tokyo
2025-09-11 08:00:00,66.41000366210938,67.0,66.30000305175781,66.9000015258789,8887,61.518333153209696,0.164689467305152,0.15366302925882702,0.011026438046324971,0.3373786239019839,66.49228325695107,66.27542005707177,66.23876699608626,66.99492556334695,65.91007321594992,0.003449877954859959,0.0025334516139942863,London
2025-09-11 12:00:00,66.91000366210938,66.97000122070312,66.69000244140625,66.73999786376953,3921,57.1273384410114,0.1641042696741124,0.1557512773418841,0.008352992332228304,0.33328006357304757,66.51587512426711,66.29363879458933,66.24540581552577,67.01369120619295,65.95630772569181,0.00029970987261007664,0.0026197142025658096,London
2025-09-11 20:00:00,66.73999786376953,66.73999786376953,66.4800033569336,66.5199966430664,527,51.66663737342189,0.1442256924464118,0.15344616036278966,-0.009220467916377845,0.3280453809489683,66.51626764986705,66.30251557296097,66.24904278012896,67.01317872665587,65.98781996108826,-0.002698655373484571,0.002730959609684674,NewYork
2025-09-12 00:00:00,66.51000213623047,66.6500015258789,66.4800033569336,66.61000061035156,517,53.6198857503208,0.13418751460191913,0.14959443121061555,-0.01540691660869642,0.3167562943772786,66.52519459848462,66.3145738097214,66.2538236785425,66.98586990883416,66.07712905356817,0.00030040957442656335,0.0026074148789012822,Tokyo
2025-09-12 04:00:00,66.61000061035156,66.6500015258789,66.37999725341797,66.38999938964844,1780,48.464273048433654,0.10724368797704642,0.14112428256390175,-0.03388059458685533,0.3134168642403971,66.51231886430975,66.31753167560089,66.25562733034523,66.94714663909015,66.15085217072429,-0.00015063457832253935,0.002738807689319749,Tokyo
2025-09-12 08:00:00,66.38999938964844,66.7699966430664,66.31999969482422,66.69000244140625,5652,54.84082195146276,0.1088435693886396,0.13466813992884932,-0.02582457054020973,0.3231725845262393,66.52924110974752,66.33213837229914,66.26138064307453,66.94888747419252,66.19211136613951,-0.003138999696306821,0.00281996495415808,London
2025-09-12 12:00:00,66.70999908447266,66.91999816894531,66.5999984741211,66.76000213623047,6586,56.202522291569935,0.11444067641345157,0.13062264722576977,-0.016181970812318203,0.32294594954752354,66.55121835036495,66.34891734343371,66.26798490126203,66.95581115008366,66.23318802594173,0.00029973438869101976,0.0028246100012753097,London
2025-09-14 20:00:00,66.80000305175781,66.91999816894531,66.63999938964844,66.87000274658203,489,58.328963835405375,0.1262966844362836,0.12975745466787256,-0.0034607702315889444,0.3198782945296201,66.58157876905229,66.36935206512581,66.27595864755766,66.98360758777275,66.25639180187568,0.005261667486149868,0.002833243351907473,NewYork
2025-09-15 00:00:00,66.83999633789062,66.91999816894531,66.7300033569336,66.87000274658203,423,58.328963835405375,0.13414630115576642,0.13063522396545135,0.0035110771903150706,0.3106009029211986,66.60904771929322,66.38898542518292,66.28382678131958,67.00497158725807,66.28502780239037,0.0039033498550975487,0.0028340934331941153,Tokyo
2025-09-15 04:00:00,66.86000061035156,66.87000274658203,66.5,66.56999969482422,1110,50.563902697487926,0.11483568561163793,0.12747531629468867,-0.01263963068305074,0.3148438917541152,66.60532885981998,66.39608402399239,66.28761715103488,66.99960020542187,66.30439912319142,0.0027112563161710845,0.003031467891655622,Tokyo
2025-09-15 08:00:00,66.58000183105469,66.93000030517578,66.45999908447266,66.9000015258789,6385,57.2980643858203,0.12472254957873474,0.12692476295149788,-0.0022022133727631343,0.32592655810761595,66.63339292325416,66.4158454946546,66.29572820235732,67.01894555701176,66.33605398522457,0.0031488840423594677,0.0032117349855317065,London
2025-09-15 12:00:00,66.88999938964844,66.9000015258789,66.7300033569336,66.81999969482422,4283,55.33031071518645,0.12466541602631764,0.12647289356646182,-0.0018074775401441812,0.31478881602459424,66.65116499673702,66.43169467897498,66.30267219563504,67.01761011202147,66.38038946073245,0.0008987051628805975,0.003230328529072904,London
2025-09-15 20:00:00,66.80000305175781,66.87999725341797,66.68000030517578,66.7699966430664,186,54.080194771222004,0.11921111733619227,0.12502053832040794,-0.005809420984215663,0.30658939689727943,66.66248229638744,66.44496142266485,66.30886192341559,67.02261600173651,66.39638347946467,-0.0014955301242415286,0.0031943516492438447,NewYork
2025-09-16 00:00:00,66.76000213623047,66.83999633789062,66.72000122070312,66.83999633789062,605,55.592797634159794,0.1191632963844711,0.12384908993322058,-0.004685793548749484,0.2932612340608666,66.67938839557821,66.46045298796781,66.31589681632255,67.02642189312643,66.39557746600444,-0.0004487274930303764,0.00308990685953487,Tokyo
2025-09-16 04:00:00,66.83999633789062,67.19999694824219,66.79000091552734,67.19000244140625,3679,62.28282889640274,0.14568855835364047,0.12821698361730455,0.017471574736335926,0.3015994339647221,66.7280183047047,66.48906277045559,66.32747437427068,67.10030219485091,66.35169746945573,0.009313545882894791,0.00329479152478412,Tokyo
2025-09-16 08:00:00,67.19000244140625,67.45999908447266,67.05000305175781,67.45999908447266,10315,66.47819237314405,0.18634838403445997,0.13984326370073563,0.04650512033372434,0.3093420481611594,66.7977307599207,66.52713870433861,66.34247470155812,67.26178065005712,66.26921910580225,0.008370665856818116,0.003289138635715389,London
2025-09-16 12:00:00,67.45999908447266,67.72000122070312,67.38999938964844,67.66999816894531,6938,69.3352176811105,0.23283280822626296,0.15844117260584112,0.07439163562042184,0.31081774693926856,66.88080384649447,66.57195672255848,66.36005779384139,67.4522133365002,66.1737861141834,0.012720719515162404,0.003337129644216614,London
2025-09-16 20:00:00,67.66000366210938,67.75,67.44999694824219,67.56999969482422,1364,66.43171150200554,0.2586217772987709,0.17847729354442707,0.08014448375434383,0.3100452687120217,66.94644154633541,66.61109566264734,66.37608351438422,67.57662496590888,66.13637475943293,0.011981475093287841,0.0033661363366840635,NewYork
2025-09-17 00:00:00,67.56999969482422,67.58999633789062,67.3499984741211,67.45999908447266,1658,63.29190114662564,0.2671045758625894,0.19620275000805953,0.07090182585452987,0.30504188264470095,66.99535178806276,66.644385992915,66.39044001200129,67.65652915531963,66.14347084468038,0.009275924305079064,0.0033653752319729377,Tokyo
2025-09-17 04:00:00,67.44999694824219,67.7300033569336,67.44000244140625,67.5199966430664,1958,64.2834645026927,0.2754928463532593,0.21206076927709952,0.0634320770761598,0.303967527850604,67.04531796472978,66.67872366546996,66.40540102698229,67.72243726094305,66.18956225077571,0.0049113586794096165,0.003262634906214152,Tokyo
2025-09-17 08:00:00,67.52999877929688,67.83999633789062,67.08999633789062,67.3499984741211,11682,59.38842987830691,0.26536422603717824,0.2227214606291153,0.042642765408062944,0.3358269901469894,67.07433515610037,66.70504816777002,66.41791225144772,67.76419406099383,66.19280514554914,-0.0016306049784231558,0.0029385762348669666,London
2025-09-17 12:00:00,67.3499984741211,67.4000015258789,67.1500015258789,67.18000030517578,2712,54.887381419368914,0.24084349606127375,0.226345867715547,0.014497628345726765,0.32969649085077585,67.08439850363136,66.72367374178593,66.42800613295405,67.7827083803632,66.21829107032039,-0.007240991237301375,0.0029452086232181476,London
2025-09-17 20:00:00,67.20999908447266,67.30999755859375,66.83999633789062,66.95999908447266,1469,49.643642996952806,0.20133748777834626,0.22134419172810685,-0.02000670394976059,0.3397182572688008,67.07255093990196,66.73294140228346,66.43505239721257,67.77186677845481,66.2731329163694,-0.009027684077350773,0.00294380697768043,NewYork
2025-09-18 00:00:00,66.94000244140625,67.01000213623047,66.80000305175781,66.80000305175781,1306,46.187721618521095,0.15532782639677123,0.20814091866183973,-0.0528130922650685,0.3304526020690762,67.04659399817395,66.73557127089029,66.43988618071648,67.76396350675095,66.3000364322139,-0.009783516775450973,0.002993997313748146,Tokyo
2025-09-18 04:00:00,66.80000305175781,66.87999725341797,66.73999786376953,66.86000061035156,2509,47.659185922407495,0.12229638324892278,0.19097201157925636,-0.06867562833033358,0.3168488011818877,67.02882319933371,66.74045085282995,66.44545061024807,67.72847995860515,66.38252010243001,-0.009774823245383257,0.002884577534718765,Tokyo
2025-09-18 08:00:00,66.8499984741211,66.9000015258789,66.55999755859375,66.62999725341797,9965,42.824723409391396,0.07667551033497944,0.168112711330401,-0.09143720099542157,0.3185027416178354,66.99083977591317,66.73611933912753,66.44789493664769,67.73283537200096,66.37216417023537,-0.010690441529553785,0.0028292644889476486,London
2025-09-18 12:00:00,66.63999938964844,67.0199966430664,66.58000183105469,66.91999816894531,7511,49.74650268319829,0.06319284236371914,0.14712873753706465,-0.08393589517334551,0.3271807466459699,66.98409295620195,66.74333027363018,66.45414795959202,67.73003049862662,66.3909686468812,-0.0038702312451528442,0.002987736352151133,London
2025-09-18 20:00:00,66.9000015258789,67.04000091552734,66.80999755859375,66.87000274658203,130,48.65296355518358,0.047921113338873056,0.12728721269742635,-0.0793660993585533,0.32023950452365735,66.97322722195243,66.74829782158908,66.45965597001573,67.73003049862662,66.3909686468812,-0.0013440313488817246,0.0029712606221860803,NewYork
2025-09-19 00:00:00,66.8499984741211,66.9000015258789,66.68000030517578,66.69000244140625,707,44.83188103018291,0.021050975218898316,0.10603996520172075,-0.08498898998282244,0.313079627107905,66.94625343332898,66.74601172824858,66.46270691665667,67.7364735433841,66.36652557160615,-0.0016467156485955314,0.0030317742629429184,Tokyo
2025-09-19 04:00:00,66.69999694824219,66.79000091552734,66.55999755859375,66.55999755859375,1668,42.25090349413337,-0.010611784332724028,0.08270961529483181,-0.09332139962755584,0.3071456078097399,66.90946715954468,66.73871705492877,66.46399553443068,67.73746661728792,66.36453228407926,-0.004487033338605229,0.0028891176350373028,Tokyo
2025-09-19 08:00:00,66.55999755859375,66.81999969482422,66.36000061035156,66.38999938964844,7719,39.08244345233732,-0.048858965158459,0.05639589920417365,-0.10525486436263265,0.31806371328566246,66.85999403860218,66.72504185236876,66.46301545304283,67.77094052865606,66.28005815908809,-0.0036019491769860856,0.0026926142807857556,London
2025-09-19 12:00:00,66.37999725341797,66.43000030517578,66.2699966430664,66.30000305175781,5874,37.48001988319393,-0.08544710284331813,0.028027298794675293,-0.11347440163799342,0.3067737096302134,66.80666156366462,66.70837366410952,66.46085634839005,67.80866894925339,66.19033007418412,-0.009264721072201332,0.002695394797939468,London
2025-09-21 20:00:00,66.3499984741211,66.43000030517578,66.19000244140625,66.30000305175781,2146,37.48001988319392,-0.1131392665241151,-0.00020601426908278472,-0.11293325225503231,0.3020040063544504,66.75840837205445,66.6923591302918,66.45872584114989,67.83875748313135,66.1132421811753,-0.00852399688069927,0.0026953598170795846,NewYork
2025-09-22 00:00:00,66.30999755859375,66.36000061035156,66.19999694824219,66.3499984741211,1231,39.08905572761104,-0.1295578309684231,-0.02607637760895085,-0.10348145335947226,0.2918611246226593,66.71951219129889,66.67893322220668,66.45728574357335,67.85727578959259,66.0457240883371,-0.005098274926348734,0.002688108151868835,Tokyo
2025-09-22 04:00:00,66.36000061035156,66.4000015258789,66.16000366210938,66.20999908447266,1628,36.27378390753619,-0.15211297857088368,-0.051283697801337416,-0.10082928076954627,0.28815660599029297,66.67098713350592,66.6605436481779,66.45401042358526,67.85858408027977,65.94641546195655,-0.0052583907295516985,0.0023663111423981985,Tokyo
2025-09-22 08:00:00,66.22000122070312,66.51000213623047,66.11000061035156,66.23999786376953,7880,37.31558982894719,-0.16565784425772279,-0.0741585270926145,-0.09149931716510828,0.2961455288394796,66.62994053638818,66.64405165663248,66.45117582014399,67.80347627982648,65.87952314033954,-0.002259399416447261,0.0021107722111566927,London
2025-09-22 12:00:00,66.2300033569336,66.3499984741211,66.19999694824219,66.25,2333,37.68140374090567,-0.1735841886235221,-0.09404365939879603,-0.07954052922472607,0.2857066714851529,66.59375572339883,66.62859865049003,66.44851123974473,67.68336542778741,65.85763417548407,-0.0007541938077857413,0.0019081573128630854,London
2025-09-22 20:00:00,66.19999694824219,66.26000213623047,66.05999755859375,66.11000061035156,801,34.63470039547589,-0.18898416257297868,-0.11303176003363255,-0.07595240253934613,0.27958509335312187,66.54768380787051,66.60826147244539,66.44402765524946,67.57394801207145,65.82105168275275,-0.002865798381003426,0.0019207729679396831,NewYork
2025-09-23 00:00:00,66.12999725341797,66.19999694824219,66.05000305175781,66.18000030517578,948,37.361776247991244,-0.19331198231864732,-0.1290878044906355,-0.06422417782801182,0.2703285792910685,66.51266633142339,66.5914669168662,66.4405306042551,67.4610832547078,65.80591656218672,-0.0025621427709846545,0.0019744816014172013,Tokyo
2025-09-23 04:00:00,66.16000366210938,66.33999633789062,66.02999877929688,66.2699966430664,2738,40.78246575844067,-0.18732054368574325,-0.14073435232965706,-0.04658619135608619,0.27316207781268864,66.48955493253224,66.57886023946229,66.43827187629233,67.29957177604918,65.84242804084535,0.0009061706603741282,0.0020002455739120085,Tokyo
2025-09-23 08:00:00,66.26000213623047,67.0199966430664,66.11000061035156,66.6500015258789,13209,52.56246708732568,-0.15017790973263345,-0.14262306381025233,-0.00755484592238112,0.31865021744855687,66.50483556047003,66.58165009383157,66.44107624251203,67.16783669774921,65.9041634243211,0.006189669011653631,0.002453338585323506,London
2025-09-23 12:00:00,66.63999938964844,66.68000030517578,66.55000305175781,66.61000061035156,2966,51.403285861361226,-0.12255708254951969,-0.1386098675581058,0.016052785008586118,0.3051750057320863,66.51485127950636,66.58276187879314,66.44331365135758,67.06395087382343,65.95104927876447,0.00543397147700464,0.0024078744359150657,London
2025-09-23 20:00:00,66.5999984741211,66.68000030517578,66.52999877929688,66.62000274658203,518,51.69017793709299,-0.09872228021332319,-0.13063235008914928,0.03191006987582609,0.2940911857425734,66.52486570494214,66.58422230498094,66.44565390427447,67.0081670290228,65.97283348977602,0.007714447610375874,0.0023142225193957485,NewYork
2025-09-24 00:00:00,66.62999725341797,66.68000030517578,66.54000091552734,66.68000030517578,788,53.46485058749292,-0.07413711951834046,-0.11933330397498752,0.04519618445664707,0.28308462887870656,66.53964042877392,66.58797830498858,66.44875783011422,66.98969377054495,65.97930647359568,0.0075551525792436625,0.002270847564866829,Tokyo
2025-09-24 04:00:00,66.66999816894531,66.69000244140625,66.44000244140625,66.45999908447266,1284,46.691591461098064,-0.07158032894996325,-0.10978270896998268,0.03820238002001944,0.2807214411016561,66.53205553884047,66.58295951202717,66.44890672090042,66.93776364869805,65.99123644285467,0.0028670959865837453,0.0023670468237833703,Tokyo
2025-09-24 08:00:00,66.45999908447266,66.51000213623047,66.11000061035156,66.12000274658203,8519,38.56116522198413,-0.0958836302001913,-0.10700289321602441,0.011119263015833103,0.289241447157174,66.49281241576824,66.56480434475482,66.44455037686973,66.92936686933973,65.94863377152942,-0.00795196949982191,0.002510345395308385,London
2025-09-24 12:00:00,66.12000274658203,66.2300033569336,66.05000305175781,66.13999938964844,3605,39.23139152494419,-0.11223681343996361,-0.10804967726081224,-0.004187136179151368,0.28143850844421736,66.4592111751854,66.54814532690752,66.44051658895951,66.85185146194657,65.94814930099288,-0.007056015859427611,0.002259995677913123,London
2025-09-24 20:00:00,66.16000366210938,66.2300033569336,66.08999633789062,66.19000244140625,639,40.96562500559956,-0.11978123705236499,-0.1103959892191228,-0.009385247833242183,0.271336259201271,66.43357224815881,66.53410050786826,66.43719852078,66.76859237224352,65.96340836017836,-0.006454522477452818,0.002279264566958501,NewYork
2025-09-25 00:00:00,66.19999694824219,66.2300033569336,66.0999984741211,66.12000274658203,616,39.27581528969741,-0.12991110315002175,-0.1142990120053026,-0.015612091144719148,0.26124116088778737,66.40370848610388,66.51786137997468,66.43299725224759,66.72389370093461,65.95110706200484,-0.008398283683725194,0.0022254467752859434,Tokyo
2025-09-25 04:00:00,66.12999725341797,66.3499984741211,66.05999755859375,66.2300033569336,1829,43.23821167739372,-0.12759216205148505,-0.11695764201453909,-0.010634520036945955,0.2632954290763271,66.38716514046861,66.5065728300515,66.4303085913825,66.69538573775085,65.94661560502257,-0.003460664019070081,0.0022419932460731058,Tokyo
2025-09-25 08:00:00,66.2300033569336,66.36000061035156,66.05999755859375,66.22000122070312,8005,42.96368779490778,-0.12511917733397127,-0.11858994907842553,-0.006529228255545735,0.26591740212500464,66.3712447671576,66.49533472772411,66.42752306329403,66.6880074219729,65.936994103906,0.0015123785536481638,0.002175140547976691,London
2025-09-25 12:00:00,66.22000122070312,66.33000183105469,66.08999633789062,66.2699966430664,3199,44.84859993032709,-0.1177675553031321,-0.11842547032336685,0.0006579150202347533,0.26406655148493735,66.36160208867273,66.48649794009047,66.42543662064202,66.68695685944733,65.93504402556242,0.001965486159927421,0.0021635914787017894,London
2025-09-25 20:00:00,66.20999908447266,66.4000015258789,66.20999908447266,66.33000183105469,809,47.10789905180315,-0.10587891842743602,-0.1159161599441807,0.010037241516744677,0.2587762579078882,66.35859254032815,66.48036083777535,66.42417258369385,66.68851142390741,65.93648933903205,0.002115113831161697,0.0021735318570457363,NewYork
2025-09-26 00:00:00,66.33000183105469,66.33000183105469,66.05999755859375,66.13999938964844,1095,41.33387746375813,-0.11051475188855875,-0.11483587833305631,0.004321126444497558,0.2595782589473917,66.33777414502532,66.46701333000567,66.420408700329,66.68526094016389,65.91873991432831,0.0003024295558946566,0.0022586568146964947,Tokyo
2025-09-26 04:00:00,66.1500015258789,66.27999877929688,66.11000061035156,66.26000213623047,915,45.84840790135535,-0.10331451909641487,-0.11253160648572802,0.00921708738931315,0.25317968109010036,66.33036728704485,66.45889524397526,66.41828411007604,66.68588187618667,65.9231192834813,0.00045294847918397885,0.0022504673966564056,Tokyo
2025-09-26 08:00:00,66.2699966430664,66.33999633789062,66.05000305175781,66.16999816894531,6777,43.16543391562998,-0.10367574128945023,-0.11076043344647248,0.007084692157022246,0.2558092243074369,66.31509403770204,66.44756594691526,66.41499555456437,66.68614058140746,65.91586060877809,-0.0007551049658117703,0.002269273997500146,London
2025-09-26 12:00:00,66.16999816894531,66.44000244140625,66.16000366210938,66.33000183105469,6775,48.89128581149869,-0.09001343530331951,-0.1066110338178419,0.016597598514522388,0.25753704966382535,66.31651382754515,66.44295558943054,66.41386980988213,66.68957176401727,65.92042960927375,0.0009054653844555727,0.0023354895058876704,London
2025-09-28 20:00:00,66.30000305175781,66.3499984741211,66.12999725341797,66.18000030517578,1085,44.37750108552861,-0.09024948897058493,-0.10333872484839052,0.013089235877805583,0.2548559190237753,66.30351253970045,66.43264361749898,66.41077220054828,66.68682270272087,65.93017864005257,-0.0022614431137958357,0.0023429984376900927,NewYork
2025-09-29 00:00:00,66.16999816894531,66.37000274658203,66.16000366210938,66.30000305175781,457,48.475775545644396,-0.07983307842448539,-0.09863759556360949,0.018804517139124094,0.25165185941298107,66.30317830275354,66.4274420266856,66.4093050595047,66.68801773275412,65.94098388467752,0.0024191663680968034,0.0023659555130205083,Tokyo
2025-09-29 04:00:00,66.29000091552734,66.45999908447266,66.27999877929688,66.43000030517578,1173,52.55405791289692,-0.06039214306954932,-0.09098850506479747,0.03059636199524815,0.2465338912531811,66.31525658869852,66.42754235133228,66.40957916871889,66.6988477507124,65.94615423293017,0.002565622750747787,0.0023865935148730533,Tokyo
2025-09-29 08:00:00,66.44000244140625,66.62000274658203,66.08999633789062,66.11000061035156,7176,43.43923791377473,-0.06999945264276164,-0.0867906945803903,0.016791241937628668,0.26678192821305435,66.29570840028452,66.41508973403892,66.40561124079349,66.64975181070551,65.94125008138434,-0.0009067184563095187,0.0022457663140127556,London
2025-09-29 12:00:00,66.11000061035156,66.12999725341797,65.4000015258789,65.4000015258789,12908,30.71182003680032,-0.1333669360823535,-0.09610594288078295,-0.03726099320157056,0.2998686281649121,66.21040298367447,66.37528235332675,66.39229190682111,66.74302072625635,65.72698125738624,-0.014020809279404634,0.0032327423954608744,London
2025-09-29 20:00:00,65.44999694824219,65.58000183105469,65.25,65.33999633789062,3097,29.914101356502286,-0.1862807123365684,-0.11414089677194005,-0.07213981556462835,0.30202099979989605,66.12750711264744,66.33468290174103,66.37835421716642,66.7860377518791,65.55596359089434,-0.01269271628001889,0.0032229996405255925,NewYork
2025-09-30 00:00:00,65.3499984741211,65.54000091552734,65.26000213623047,65.5,2541,34.778829775558194,-0.21285069262573586,-0.13388285594269922,-0.07896783668303664,0.30044798404968026,66.06774453049054,66.30195023892766,66.36672038647548,66.7474990742139,65.47650223804196,-0.012066410481659906,0.00328807636098144,Tokyo
2025-09-30 04:00:00,65.51000213623047,65.66999816894531,65.30999755859375,65.4000015258789,2537,33.22657957755895,-0.23921906608558174,-0.15495009797127574,-0.08426896811430601,0.3047017430712433,66.00414995862278,66.26657970116104,66.35391616315633,66.74693999693862,65.37106155945786,-0.015505024455293004,0.0032431701603445077,Tokyo
2025-09-30 08:00:00,65.4000015258789,65.88999938964844,65.30999755859375,65.80000305175781,10912,43.994470027414735,-0.2252429513063987,-0.16900866863830033,-0.05623428266809838,0.32436603507006073,65.98470739606421,66.24828257765503,66.34657956565437,66.73979425272232,65.34620733419173,-0.0046891174668241,0.0034218179597732793,London
2025-09-30 12:00:00,65.81999969482422,65.98999786376953,65.63999938964844,65.72000122070312,6815,42.517677450773085,-0.21810804503869008,-0.17882854391837827,-0.03927950112031181,0.32619692357370594,65.95949728412505,66.22756566169613,66.33828051472787,66.73168212055384,65.31231964946568,0.004892961580399868,0.003425940254607155,London
2025-09-30 20:00:00,65.73999786376953,65.86000061035156,65.6500015258789,65.70999908447266,673,42.326379615921795,-0.21083034820300384,-0.18522890477530338,-0.02560144342770046,0.317897077923631,65.93573555082483,66.20726893317757,66.32995890638013,66.71617469635571,65.27982673797045,0.005662729833479707,0.003416959956530893,NewYork
2025-10-01 00:00:00,65.72000122070312,65.9000015258789,65.61000061035156,65.66000366210938,961,41.32550235425658,-0.20671406274303195,-0.1895259363688491,-0.01718812637418285,0.3159044948953248,65.90947537094716,66.18580754999843,66.32108532698582,66.706071126319,65.24393039955991,0.0024428040016697405,0.0034144287781139255,Tokyo
2025-10-01 04:00:00,65.66000366210938,65.69999694824219,65.43000030517578,65.5,1539,38.211306304324886,-0.21389716185015573,-0.19440018146511043,-0.0194969803850453,0.3126253626218306,65.87047771657124,66.158913136273,66.31021002464165,66.68861042126903,65.18839076891652,0.001529028620611328,0.0034104529017669927,Tokyo
2025-10-01 08:00:00,65.4800033569336,65.48999786376953,64.69999694824219,65.27999877929688,21081,34.37549988627019,-0.23463732648474434,-0.2024476104690372,-0.03218971601570714,0.3474380547029722,65.81424162730703,66.12444590658767,66.2965648425841,66.68394630427689,65.09905464176803,-0.007902800126801002,0.003465707438141527,London
2025-10-01 12:00:00,65.2699966430664,65.81999969482422,65.19999694824219,65.61000061035156,4650,43.53224745643498,-0.22188788118288016,-0.2063356646118058,-0.015552216571074362,0.3669069612657621,65.7947901018827,66.10427158124507,66.28747127659427,66.63946666731478,65.07753467545866,-0.0016737767545401683,0.0036869538346702567,London
2025-10-01 20:00:00,65.62999725341797,65.8499984741211,65.58000183105469,65.69000244140625,462,45.51699180038248,-0.20298845026469792,-0.20566622174238425,0.0026777714776863304,0.3599847956800938,65.78481032469446,66.08802573262395,66.27955778208847,66.5780129753316,65.07498842847698,-0.00030431659328888916,0.0036939050571778483,NewYork
2025-10-02 00:00:00,65.68000030517578,65.8499984741211,65.54000091552734,65.75,1258,47.02091903892914,-0.18108181509609267,-0.20074934041312595,0.01966752531703328,0.3564142787453549,65.78149505567595,66.07476982154066,66.27254377172969,66.54436827845942,65.06963318638432,0.0013706416824730283,0.003662108022240478,Tokyo
2025-10-02 04:00:00,65.73999786376953,65.93000030517578,65.38999938964844,65.41000366210938,2488,40.24186373502989,-0.18897710150403668,-0.1983948926313081,0.009417791127271424,0.36952760994406836,65.74611492295533,66.0487005603865,66.26111939941684,66.48981718933062,65.03918442810102,-0.0013739898914598703,0.003782342195666574,Tokyo
2025-10-02 08:00:00,65.4000015258789,65.83000183105469,65.05000305175781,65.08999633789062,9503,35.11098820656041,-0.21853693180116807,-0.2024233004652801,-0.016113631335887973,0.3988469791835546,65.68362743866345,66.01110431636705,66.24560783568802,66.46876830931329,64.95223312501288,-0.0029105766691054358,0.0038988227147825033,London
2025-10-02 12:00:00,65.08999633789062,65.26000213623047,65.02999877929688,65.11000061035156,3827,35.663218529377886,-0.23761011121882802,-0.2094606626159897,-0.02814944860283833,0.38678672045141455,65.62899631215755,65.97576691613115,66.23056668038555,66.39409590053111,64.90490541172474,-0.007620789442899567,0.0038346488507270495,London
2025-10-02 20:00:00,65.0999984741211,65.19999694824219,64.9000015258789,65.06999969482422,834,35.02139681362824,-0.2530366340955936,-0.2181758569119105,-0.034860777183683134,0.3805873420165479,65.57575853907818,65.94024663294265,66.21519493223242,66.33757538937417,64.85042586184653,-0.009438312125731096,0.0038221246490499753,NewYork
2025-10-03 00:00:00,65.05000305175781,65.08000183105469,64.8499984741211,65.01000213623047,1179,34.032090390091355,-0.26702546285727635,-0.22794577810098365,-0.0390796847562927,0.3698313430820512,65.5218769769022,65.90376645660099,66.19923211374233,66.23819856776672,64.82080259190124,-0.01125472036151376,0.003770624688438348,Tokyo
2025-10-03 04:00:00,65.01000213623047,65.19000244140625,64.97000122070312,65.06999969482422,1626,35.979690619942616,-0.2701562161832385,-0.23638786571743464,-0.03376835046580384,0.35912919148355643,65.47884104527573,65.87106972084504,66.18427539296195,66.05859213286757,64.86440896576525,-0.005198042321500673,0.003735030182734999,Tokyo
2025-10-03 08:00:00,65.06999969482422,65.62999725341797,64.81999969482422,65.52999877929688,9811,48.527093875119554,-0.2328352986181983,-0.2356773522975874,0.0028420536793891116,0.3913340748485703,65.4837132104206,65.85769438980394,66.17560947754917,65.94769725779007,64.91730365773726,0.0067599088364076465,0.0040319580310207975,London
2025-10-03 12:00:00,65.52999877929688,65.73999786376953,65.20999908447266,65.30000305175781,10232,43.894794761654154,-0.2192891072969445,-0.23239970329745885,0.01311059600051434,0.40123869659487776,65.46621700483368,65.83582414125311,66.16401204144597,65.94595596794018,64.90904510017505,0.0029181760040721816,0.003311964352861002,London
2025-10-05 20:00:00,65.36000061035156,65.4000015258789,65.13999938964844,65.27999877929688,443,43.50579698795529,-0.2077727556911526,-0.22747431377619762,0.019701558085045007,0.39115037085456283,65.44848193573493,65.81402706823522,66.15230325651684,65.94577459630062,64.90322671595524,0.0032272796289771755,0.0033066058709062267,NewYork
2025-10-06 00:00:00,65.2699966430664,65.55999755859375,65.2300033569336,65.3499984741211,1127,45.33149669586757,-0.1907981711628537,-0.22013908525352885,0.029340914090675158,0.38678207305496237,65.43910255843838,65.79582986846604,66.14167670310763,65.93801707106715,64.89598408860081,0.005229908117494686,0.003266136179375621,Tokyo
2025-10-06 04:00:00,65.37000274658203,65.54000091552734,65.36000061035156,65.45999908447266,831,48.16628992445578,-0.16654967965351375,-0.20942120413352583,0.04287152448001208,0.37272638508005435,65.44109270377498,65.78266003379963,66.13264786047671,65.94129566514103,64.89870525038633,0.005993536060819427,0.003271892052264561,Tokyo
2025-10-06 08:00:00,65.44999694824219,65.52999877929688,64.98999786376953,65.30000305175781,7576,44.547939486301416,-0.15841678800774162,-0.199220320908369,0.04080353290062738,0.3846745658262893,65.42765559405906,65.76373230901368,66.12161945241421,65.88667936429779,64.90332155122955,-0.00350977768691374,0.0029854122374195664,London
2025-10-06 12:00:00,65.30999755859375,65.3499984741211,65.08999633789062,65.19000244140625,6127,42.20069873372829,-0.15901452229613255,-0.1911791611859217,0.032164638889789154,0.3757693922837307,65.40502196047308,65.74123309851927,66.10928015425517,65.84326527037625,64.8937357672214,-0.0016845421931201976,0.0029941557202467516,London
2025-10-07 00:00:00,65.01000213623047,65.05000305175781,64.95999908447266,64.9800033569336,269,38.07603350267593,-0.17442276504644383,-0.18782788195802616,0.013405116911582332,0.36535753261586373,65.36454399823123,65.71138095179043,66.09432284568138,65.80846170794337,64.85553975690038,-0.004595518198116544,0.003058722317858123,Tokyo
2025-10-07 04:00:00,64.97000122070312,65.06999969482422,64.83000183105469,64.91999816894531,1871,36.96428275456823,-0.1892937649319748,-0.1881210585528159,-0.0011727063791588943,0.35640327055541143,65.322206300204,65.68034633285534,66.07876887645308,65.77908425316492,64.81091666236243,-0.006579958916847817,0.0030595058429595235,Tokyo
2025-10-07 08:00:00,64.91999816894531,65.05999755859375,64.5,64.5999984741211,13801,31.65596686025434,-0.2243146804985514,-0.19535978294196302,-0.028954897556588394,0.37094571970100704,65.25342460248181,65.63797975015987,66.0591825135083,65.8144944040438,64.68550635889567,-0.013137803580500762,0.003188521937595079,London
2025-10-07 12:00:00,64.58999633789062,64.63999938964844,64.4000015258789,64.44000244140625,5455,29.383865331114734,-0.26195964338981526,-0.20867975503153346,-0.05327988835828179,0.36159230142018733,65.17595582523653,65.5910002478558,66.03773641983808,65.87819632527427,64.53780480387613,-0.013169993417456838,0.0031554586625249306,London
2025-10-07 20:00:00,64.4000015258789,64.44999694824219,64.25,64.41999816894531,1701,29.10260900057969,-0.29006404752212234,-0.22495661352965127,-0.06510743399247107,0.35004977619318733,65.1039598579707,65.54507859770244,66.01630942313751,65.87717041286069,64.41983047214907,-0.011811692646476413,0.0028606803561517786,NewYork
2025-10-08 00:00:00,64.41000366210938,64.52999877929688,64.33999633789062,64.52999877929688,1215,32.90569426217688,-0.30000261691373,-0.23996581420646704,-0.06003680270726294,0.3386178237084061,65.049296898097,65.50527154600027,65.99662318944426,65.82234711062601,64.35865340817283,-0.006925277845321931,0.0028818170284196356,Tokyo
2025-10-08 04:00:00,64.5,64.5,64.16999816894531,64.25,2518,28.687350449139117,-0.3267064970714273,-0.25731395077945907,-0.06939254629196823,0.34014516561148866,64.97317338399252,65.45604521086301,65.97348910746487,65.76986997094149,64.26113054785735,-0.010320366417782889,0.002947883253201635,Tokyo
2025-10-08 08:00:00,64.23999786376953,64.80000305175781,64.16000366210938,64.55999755859375,9621,38.14215433656064,-0.3191760395627483,-0.26968636853611694,-0.04948967102663138,0.3615633244712707,64.93382330538311,65.4209060872446,65.95476736509572,65.7295606137638,64.21643929468348,-0.0006192092333154875,0.003073435479203725,London
2025-10-08 12:00:00,64.58000183105469,64.94999694824219,64.55999755859375,64.94000244140625,2927,47.356171286686404,-0.2793249948565233,-0.27161409380019824,-0.007710901056325048,0.36359447198392547,64.93441179452817,65.40204712074114,65.94132677007997,65.72014899937405,64.21085151942479,0.007759155509881266,0.003229413322800438,London
2025-10-08 20:00:00,64.91999816894531,65.1500015258789,64.77999877929688,64.87000274658203,1577,45.99699639748381,-0.2505034967979469,-0.267391974399748,0.016888477601801066,0.36405220588379017,64.92827759948568,65.38118263548,65.92713704791444,65.70610418291223,64.20089654950964,0.006985479516105508,0.0032347300896240386,NewYork
2025-10-09 00:00:00,64.88999938964844,65.13999938964844,64.87999725341797,65.05000305175781,695,49.9731546000978,-0.2107088116178346,-0.2560553418433653,0.0453465302255307,0.35733395139683416,64.93987049970208,65.36819520082423,65.91551937909118,65.70450558440491,64.20049548371033,0.008058333833841136,0.0032989925186504747,Tokyo
2025-10-09 04:00:00,65.05000305175781,65.1500015258789,64.86000061035156,65.0,1732,48.896123795464376,-0.1811182468834005,-0.24106792285137235,0.05994967596797185,0.3525244488347277,64.94559711877807,65.35375617334093,65.90339329459991,65.70385775451224,64.20014309997994,0.011673151750972721,0.003296949147572988,Tokyo
2025-10-09 08:00:00,65.0,65.27999877929688,64.68000030517578,64.87999725341797,11223,46.31621822831861,-0.1654435990623,-0.22594305809355789,0.06049945903125789,0.37020116492661104,64.93934951255329,65.33517739216748,65.88983838014718,65.69287991804319,64.19212069230838,0.004956624952375366,0.003313965771700323,London
2025-10-09 12:00:00,64.87999725341797,64.9000015258789,64.41000366210938,64.45999908447266,3006,38.633213418976716,-0.18478162237687457,-0.21771077095022123,0.03292914857334667,0.3787580719868196,64.89369709083132,65.30085667421866,65.8709001113303,65.61520000730094,64.16280063356821,-0.007391489665660056,0.0031463883872185844,London
2025-10-09 20:00:00,64.45999908447266,64.68000030517578,64.36000061035156,64.44999694824219,908,38.469552419631675,-0.19862461307901924,-0.21389353937598085,0.01526892629696161,0.37456104504663384,64.85143993439426,65.26748962614116,65.85208020188543,65.57091101034571,64.12208902017186,-0.006474576546275479,0.0030841339379839524,NewYork
2025-10-10 00:00:00,64.44000244140625,64.54000091552734,64.26000213623047,64.3499984741211,864,36.79145703124429,-0.21518381896552796,-0.21415159529389027,-0.0010322236716376887,0.36780659749307965,64.80368360484444,65.2315095809639,65.83218507966339,65.5266377074707,64.0733622925293,-0.010761022979195789,0.0030893045900534074,Tokyo
2025-10-10 04:00:00,64.3499984741211,64.41999816894531,63.2599983215332,63.59000015258789,8513,27.111769841384685,-0.286331965250028,-0.22858766928511784,-0.05774429596491018,0.4243918296301532,64.68809470462952,65.16713666220406,65.80248726605974,65.57219991440631,63.851800253440366,-0.02169230534480171,0.003936074126052285,Tokyo
2025-10-10 08:00:00,63.58000183105469,64.79000091552734,63.52000045776367,63.869998931884766,18876,34.00113193010624,-0.31647568760594424,-0.24616527294928314,-0.0703104146566611,0.4847924459254046,64.61018082151098,65.11626851591703,65.77689139408392,65.49551696527601,63.76948318731189,-0.015567175775119124,0.0040902382943215475,London
2025-10-10 12:00:00,63.869998931884766,64.06999969482422,63.720001220703125,63.77000045776367,6634,32.80843781553234,-0.34446308980777474,-0.2658248363209815,-0.07863825348679326,0.4751643050822395,64.53016364401124,65.06347369010709,65.75031005717902,65.440853926639,63.671145966549496,-0.010704291599581972,0.0040811714648181325,London
2025-10-12 20:00:00,64.0,64.13999938964844,63.75,63.810001373291016,1550,33.80866370477946,-0.359274080153952,-0.2845146850875756,-0.07475939506637641,0.4690810968369679,64.46157676108551,65.01431791297705,65.72461060441229,65.378884444255,63.59511534212197,-0.009930110244460222,0.004098976227279395,NewYork
2025-10-13 00:00:00,63.810001373291016,64.29000091552734,63.79999923706055,64.27999877929688,1393,44.30036495241151,-0.32929117034316846,-0.2934699821386942,-0.035821188204474275,0.4705754240962414,64.44428361996279,64.98552108420529,65.70547667295382,65.31695752449102,63.587041804122265,-0.0010877963711587446,0.004470364363331881,Tokyo
2025-10-13 04:00:00,64.2699966430664,64.41999816894531,64.05000305175781,64.08000183105469,2913,41.30042940017809,-0.3180018531678144,-0.29837635634451826,-0.019625496823296118,0.4633911164599028,64.40959011625725,64.95001052525821,65.6839472048492,65.26073359507589,63.55926609974833,0.007705640466913133,0.004506961126883886,Tokyo
2025-10-13 08:00:00,64.06999969482422,64.20999908447266,63.59000015258789,63.88999938964844,9023,38.62442315175971,-0.3206898837190266,-0.30283906181941994,-0.017850821899606684,0.47457738899025015,64.36010528515165,64.90844146111665,65.66018630663463,65.25072368491516,63.498276101461784,0.0003131432299694481,0.0044290666898589865,London
2025-10-13 12:00:00,63.869998931884766,63.900001525878906,63.5,63.540000915527344,2283,34.22525195621678,-0.3470614111894008,-0.3116835316934161,-0.0353778794959847,0.46925054162515417,64.28200010709219,64.8547771259955,65.6321043809246,65.28078664122725,63.3782129925618,-0.0036067044156391503,0.004547744322700922,London
2025-10-13 20:00:00,63.58000183105469,63.70000076293945,63.40999984741211,63.5099983215332,929,33.86913690978318,-0.3661611178601305,-0.32257904892675904,-0.043582068933371465,0.45644699690388196,64.20847612751514,64.8020407022911,65.60399701589955,65.30178733396411,63.26621231508374,-0.004701505176324727,0.004547152687616474,NewYork
2025-10-14 00:00:00,63.5099983215332,63.5099983215332,63.31999969482422,63.380001068115234,1981,32.3008770061121,-0.387322650506043,-0.33552776924261585,-0.05179488126342713,0.4374149704613893,64.12957374090563,64.74627444212734,65.5745401159289,65.31336484097694,63.139635036952754,-0.01400120921395398,0.004519522583160978,Tokyo
2025-10-14 04:00:00,63.380001068115234,63.52000045776367,62.709999084472656,63.119998931884766,6934,29.371547899412633,-0.42022917668853665,-0.3524680507318,-0.06776112595673667,0.4640282849492197,64.03342375909412,64.68249893192176,65.54202963667004,65.36393234000276,62.976067431115396,-0.0149813182231322,0.004510274438672935,Tokyo
2025-10-14 08:00:00,63.130001068115234,63.5,63.08000183105469,63.2599983215332,9588,32.90020112504405,-0.4300536641052801,-0.36798517340649606,-0.06206849069878406,0.4608832766632263,63.95976419361213,64.62671459425947,65.5118040563371,65.34999069629208,62.860009151120046,-0.009860714887051758,0.004372781728078615,London
2025-10-14 12:00:00,63.2599983215332,63.650001525878906,63.220001220703125,63.43000030517578,4961,37.01526987370032,-0.4192886038237731,-0.3782458594899515,-0.0410427443338216,0.4586773501284088,63.90931048995153,64.57978462213855,65.48423049671908,65.24405189556344,62.81494773822561,-0.001731202530163678,0.004161707826673933,London
2025-10-14 20:00:00,63.45000076293945,63.54999923706055,63.36000061035156,63.4900016784668,637,38.45001808300598,-0.4012897877415469,-0.3828546451402706,-0.018435142601276266,0.43948601274130705,63.86937631742918,64.53704803611221,65.45781686998725,65.1299614021296,62.79103812484795,-0.00031485818918097763,0.004188733270032836,NewYork
2025-10-15 00:00:00,63.470001220703125,63.900001525878906,63.470001220703125,63.779998779296875,1281,44.97417140362942,-0.35948137635460853,-0.3781799913831382,0.018698615028529653,0.43880846220091235,63.86086417094039,64.5073598299626,65.43559411381918,64.94943633508986,62.844562764641594,0.006311102941632285,0.004292807046729487,Tokyo
2025-10-15 04:00:00,63.779998779296875,63.81999969482422,63.25,63.439998626708984,2153,39.66557053838858,-0.349751363920511,-0.3724942658906128,0.022742901970101814,0.4481792645311485,63.82078173815644,64.46550252787422,65.40916238551308,64.75165497401136,62.88634398839099,0.005069703742700327,0.004401224170999085,Tokyo
2025-10-15 08:00:00,63.459999084472656,64.12000274658203,63.2599983215332,64.04000091552734,9809,50.72020265661574,-0.2902789338294198,-0.3560511994783742,0.06577226564895439,0.4775953474252685,63.84165975504891,64.44881619013513,65.39102779650665,64.57431297434357,62.97968635426971,0.012330107725099904,0.0049960874564742635,London
2025-10-15 12:00:00,64.05000305175781,64.18000030517578,63.70000076293945,63.83000183105469,5759,47.44372619223027,-0.25712776674927085,-0.33626651293255355,0.0791387461832827,0.47776707562605847,63.84054947657327,64.42454896036728,65.37035195590464,64.4761940119932,63.01480559127829,0.006306188301346438,0.004847867493254525,London
2025-10-15 20:00:00,63.83000183105469,63.90999984741211,63.61000061035156,63.790000915527344,481,46.82325039685519,-0.23141535541231661,-0.3152962814285062,0.08388092601618957,0.46506937287137906,63.835735327902235,64.39966472331473,65.34942015404533,64.364618171304,63.060381828695995,0.00472514142588687,0.004847294716820211,NewYork
2025-10-16 00:00:00,63.779998779296875,63.90999984741211,63.599998474121094,63.72999954223633,621,45.85451733405647,-0.21341952610416115,-0.2949209303636372,0.08150140425947605,0.4539930871870674,63.82566525307691,64.37340334366459,65.32797087441872,64.26091137264247,63.10208873416906,-0.0007839328632407438,0.004842326973973912,Tokyo
2025-10-16 04:00:00,63.72999954223633,63.7400016784668,63.369998931884766,63.45000076293945,1790,41.53589012388279,-0.21922418324419368,-0.27978158093974853,0.06055739769555485,0.4479937771438505,63.789887682587626,64.3371914777538,65.30309709810774,64.2618935615254,63.087106606321285,0.00015766293264474207,0.0041561348999848485,Tokyo
2025-10-16 08:00:00,63.45000076293945,63.95000076293945,63.29999923706055,63.779998779296875,8734,47.77832811224005,-0.19494908216876183,-0.2628150811855512,0.06786599901678936,0.4624229020534974,63.78894588227422,64.31534078369667,65.28292361044137,64.25244553559968,63.08755461698822,-0.004059995823132878,0.004204919444470209,London
2025-10-16 12:00:00,63.79999923706055,63.95000076293945,63.66999816894531,63.779998779296875,3420,47.77832811224005,-0.1737084863726963,-0.24499376222298022,0.07128527585028391,0.44939288004925765,63.78809377722876,64.29434697960257,65.26301732128715,64.25332388508416,63.08767609965707,-0.0007833785104716107,0.004190143014179862,London
2025-10-16 20:00:00,63.720001220703125,63.84000015258789,63.720001220703125,63.790000915527344,531,47.97359988741743,-0.15428951884032216,-0.22685291354644863,0.07256339470612647,0.42586474089465104,63.78827540944768,64.27456870258001,65.24350717021748,64.25138390827189,63.08761603069295,0.0,0.004187804075942066,NewYork
2025-10-17 00:00:00,63.810001373291016,63.869998931884766,63.459999084472656,63.56999969482422,1305,44.07013652825233,-0.1548668978514982,-0.21245571040745856,0.05758881255596035,0.4247315342173266,63.7674872461502,64.24693854541312,65.22134150829174,64.14085490665437,63.12714512386321,-0.0025105891818824055,0.003873893545033919,Tokyo
2025-10-17 04:00:00,63.58000183105469,64.25,63.4900016784668,64.2300033569336,2514,55.71236729039017,-0.10090453060821147,-0.19014547444760915,0.08924094383939768,0.44867916188274637,63.81153639955814,64.2462744203747,65.20821120165124,64.17961791765076,63.10338226545471,0.012293184942713697,0.004518977312197877,Tokyo
2025-10-17 08:00:00,64.23999786376953,64.5,64.04000091552734,64.25,9105,56.01113293338235,-0.05588123966748526,-0.16329262749158438,0.10741138782409912,0.44948772778202567,63.853294837695465,64.24642052153648,65.19551966255652,64.25377127949271,63.06522896464792,0.007369100496999126,0.004460208622732222,London
2025-10-17 12:00:00,64.25,64.37999725341797,64.20999908447266,64.29000091552734,6107,56.64125174164976,-0.01677880205456006,-0.1339898624041795,0.11721106034961945,0.4295241878651176,63.894885892727075,64.24812955659495,65.18352603676806,64.35115730272663,63.042842941413994,0.00799627071168918,0.004248105220096297,London
2025-10-19 20:00:00,64.16999816894531,64.75,64.16999816894531,64.69000244140625,1541,62.43592283178509,0.045957175940834816,-0.09800045473517664,0.14395763067601147,0.4402725909500869,63.970611278315566,64.26545790501892,65.17698930040565,64.53925818402959,62.97274247209834,0.01410881819974752,0.004419275516932443,NewYork
2025-10-20 00:00:00,64.69999694824219,64.77999877929688,64.62999725341797,64.66000366210938,1598,61.769191917873734,0.09219250193700645,-0.05996186340074003,0.15215436533774648,0.4195389434450026,64.03626769581973,64.28093028764992,65.1701418085077,64.67937812486417,62.960622790663166,0.0171465152197241,0.0043772317931690605,Tokyo
2025-10-20 04:00:00,64.69000244140625,64.76000213623047,64.19999694824219,64.20999908447266,2360,52.68116758852556,0.09146833232838958,-0.02967582425491411,0.12114415658330369,0.4295722466266654,64.05281354235811,64.27814867183905,65.15742468633505,64.68375082101434,63.065250109771796,-0.0003114474764973618,0.00459548776165112,Tokyo
2025-10-20 08:00:00,64.22000122070312,64.4800033569336,64.05000305175781,64.41000366210938,6946,55.79420576432863,0.10581336994131618,-0.00257798541566805,0.10839135535698423,0.42960282223731655,64.08683164900108,64.28331945577122,65.14752507012015,64.72056829860416,63.143433166239596,0.0024903293713520736,0.004613731004082353,London
2025-10-20 12:00:00,64.4000015258789,64.43000030517578,64.12999725341797,64.19000244140625,4091,51.76037495611775,0.09829655422650774,0.01759692251276711,0.08069963171374063,0.4203456957744948,64.09665743875395,64.27965996501182,65.13484265119679,64.7294209256143,63.210580752852486,-0.0015554281023029137,0.004690882294380068,London
2025-10-20 20:00:00,64.16999816894531,64.37000274658203,64.05000305175781,64.30000305175781,949,53.56796918267068,0.10006209995690085,0.03408995800159386,0.06597214195530698,0.4131781242780465,64.11602368761146,64.2804577331195,65.12378517305852,64.74822311717556,63.27277869862034,-0.006028742849433111,0.004697021766009908,NewYork
2025-10-21 00:00:00,64.29000091552734,64.41999816894531,64.1500015258789,64.29000091552734,539,53.37213255052015,0.09950716224059875,0.04717339884939484,0.05233376339120391,0.40295087562007215,64.13259294741297,64.28083197556687,65.11274167295876,64.77543119216391,63.29657083725503,-0.005722281559332076,0.004607193115692176,Tokyo
2025-10-21 04:00:00,64.27999877929688,64.31999969482422,64.05999755859375,64.0999984741211,1251,49.65822537970304,0.08278150731091216,0.054295020541698304,0.028486486769213858,0.39274025137795765,64.12948871186137,64.27374046570625,65.0993278557556,64.75328973164602,63.38471228251413,-0.0017131383261171917,0.004479804837611208,Tokyo
2025-10-21 08:00:00,64.0999984741211,64.73999786376953,63.81999969482422,64.5,10444,56.51804506316423,0.10064293634140142,0.06356460370163894,0.037078332639762485,0.43040153120419733,64.16477550120791,64.28261338861974,65.09138973846083,64.80260214442454,63.38139977818288,0.0013972416204590665,0.004193900411225403,London
2025-10-21 12:00:00,64.5,64.62000274658203,64.25,64.41000366210938,3476,54.71165351591554,0.10631081035018042,0.07211384503134724,0.03419696531883318,0.42608733230261403,64.18813056415091,64.28760908561934,65.08236475731711,64.83391852267472,63.40808358303817,0.003427344015198397,0.004128326631468243,London
2025-10-21 20:00:00,64.30999755859375,64.5,64.30999755859375,64.43000030517578,365,55.05538504151336,0.11113510697944662,0.07991809742096712,0.031217009558479503,0.4092241258100166,64.21116577758185,64.29319305501372,65.07372416854703,64.86079719434437,63.44520485033337,0.0020217301282758893,0.004120744423332497,NewYork
2025-10-22 00:00:00,64.4800033569336,64.5,64.30000305175781,64.3499984741211,621,53.31203079808678,0.10726641716634333,0.08538776137004236,0.021878655796300966,0.39427932741231453,64.22438793915703,64.29542071850813,65.06413839775993,64.86768927284675,63.50031266501946,0.0009332331270703875,0.004126835362605884,Tokyo
2025-10-22 04:00:00,64.36000061035156,64.48999786376953,64.27999877929688,64.30999755859375,1647,52.41826613873531,0.09982202684716412,0.08827461446546672,0.011547412381697403,0.38111645291662466,64.23254123624623,64.2959923592958,65.05414977737364,64.81824039397536,63.63576122345627,0.0032761168404307206,0.003974969343910793,Tokyo
2025-10-22 08:00:00,64.30000305175781,64.33999633789062,63.869998931884766,63.939998626708984,8202,44.917157742536986,0.06333637004391335,0.08328696558115606,-0.01995059553724271,0.3874650924229986,64.20468003533793,64.28203182076298,65.03939280849066,64.80471164458666,63.6652899575862,-0.008682191833969233,0.00407391591026379,London
2025-10-22 12:00:00,63.95000076293945,63.970001220703125,63.650001525878906,63.650001525878906,4937,40.07643965143007,0.010895287638462037,0.06880862999261725,-0.05791334235415521,0.38264613545165715,64.15185351062755,64.25724631900283,65.02099027494614,64.8225170577386,63.63448481909246,-0.011799442524757286,0.0042059407319525325,London
2025-10-22 20:00:00,63.66999816894531,63.93000030517578,63.66999816894531,63.869998931884766,725,44.92549061342656,-0.0127655426860116,0.05249379545689148,-0.06525933814290308,0.3753141814406013,64.12501021741394,64.24206014695899,65.005745356495,64.81505120246062,63.64995047600617,-0.008691624563689881,0.004280427284893554,NewYork
2025-10-23 00:00:00,63.849998474121094,64.08000183105469,63.79999923706055,64.06999969482422,913,48.968426675313886,-0.015203277176553343,0.03895438093020252,-0.054157658106755865,0.3685062109087113,64.11977112002444,64.23531267824782,64.9933513742212,64.75739182790731,63.7576098505595,-0.004351185484634867,0.004248639817616018,Tokyo
2025-10-23 04:00:00,64.06999969482422,64.19999694824219,63.88999938964844,63.939998626708984,1315,46.57511047087889,-0.02731038197262592,0.025701428349636835,-0.05301181032226275,0.3643270214576426,64.10264993018487,64.22373173505022,64.97939968220118,64.76268242013194,63.72331878531239,-0.005753365665231991,0.003572221193887463,Tokyo
2025-10-23 08:00:00,63.93000030517578,64.05999755859375,63.68000030517578,64.02999877929688,6760,48.45341012496931,-0.029305276612404896,0.01470008735722849,-0.044005363969633386,0.36544632374052305,64.09573077295744,64.21613436423637,64.9668248358051,64.76030057949643,63.7037005038776,0.001407572013151448,0.003589251310086799,London
2025-10-23 12:00:00,64.04000091552734,64.19000244140625,63.970001220703125,64.0199966430664,3434,48.25038199955094,-0.031332156196299366,0.005493638646522919,-0.036825794842822286,0.3550573878092803,64.08851799868211,64.20844268889637,64.95428406504035,64.75430585279281,63.68269480333513,0.005812963210017674,0.003584406545485798,London
2025-10-23 20:00:00,64.11000061035156,64.11000061035156,63.95000076293945,64.01000213623047,195,48.033795169029034,-0.03336038825382559,-0.002277166733546783,-0.031083221520278807,0.3411247063523395,64.08104029749623,64.20066070643888,64.94177701962565,64.67903957609172,63.689961049518615,0.0021920026097856926,0.0032522570353101755,NewYork
2025-10-24 00:00:00,64.01000213623047,64.08999633789062,63.880001068115234,63.88999938964844,509,45.398740702945496,-0.04414215226266549,-0.010650163839370525,-0.03349198842329497,0.33175831802541456,64.06284592532025,64.188477909702,64.92784619008953,64.60315035053628,63.68884984782799,-0.00280943196555572,0.0032660928431698707,Tokyo
2025-10-24 04:00:00,63.880001068115234,64.0,63.810001373291016,63.93000030517578,693,46.45322339488771,-0.04889540257211422,-0.018299211585919267,-0.030596190986194954,0.32163262578852664,64.05019396149697,64.17834153305391,64.9146296883026,64.59796271768296,63.66603760275162,-0.00015637037453775093,0.002906599534513898,Tokyo
2025-10-24 08:00:00,63.91999816894531,64.37000274658203,63.84000015258789,64.23999786376953,10816,53.88587526716766,-0.02733309654414029,-0.020105988577563474,-0.007227107966576815,0.3365161949460705,64.06827052361817,64.18075942837609,64.90569416744786,64.57405688390027,63.67294285670031,0.0032796983988161443,0.0030335931432218096,London
2025-10-24 12:00:00,64.25,64.33999633789062,64.05999755859375,64.18000030517578,4393,52.370713718092965,-0.014914193685896748,-0.01906762959923013,0.004153435913333382,0.3324792366854137,64.07891145519508,64.18072965883883,64.89608232821247,64.57326808394612,63.6727314430314,0.0024992763276987517,0.00294122817016421,London
2025-10-26 20:00:00,64.5,65.0,64.41999816894531,64.9800033569336,2498,66.07028461404357,0.05880358554482257,-0.0034933865704195894,0.062296972115242155,0.3673021265524712,64.16472973155113,64.21207372543078,64.89719386501672,64.74513284394584,63.568866713549276,0.01515390077067491,0.004035127875479289,NewYork
2025-10-27 00:00:00,64.9800033569336,65.12999725341797,64.91000366210938,64.94000244140625,1956,65.06259394863818,0.11269859782829883,0.019745010309324098,0.09295358751897473,0.3567800883207657,64.23856522772782,64.24061994958669,64.8977608660285,64.87272843734549,63.50627127273753,0.01643454471417538,0.004040527660995762,Tokyo
2025-10-27 04:00:00,64.94999694824219,65.3499984741211,64.93000030517578,64.94999694824219,4548,65.20538769271974,0.154437002893971,0.04668340882625348,0.10775359406771752,0.36129566550823333,64.30632062968157,64.26843865541632,64.89845273466709,64.99309685613626,63.470902701358874,0.015954898141676166,0.0039592519709019235,Tokyo
2025-10-27 08:00:00,64.95999908447266,65.19000244140625,64.33999633789062,64.33999633789062,10584,51.397829391465656,0.13671704930889916,0.06469013692278261,0.07202691238611655,0.39620355393733275,64.3095278399872,64.27124483904277,64.89105596119985,64.97655114244755,63.47144804883662,0.0015566388145460408,0.004331945751800471,London
2025-10-27 12:00:00,64.33999633789062,64.73999786376953,64.33999633789062,64.6500015258789,2026,56.445487559676245,0.14600562432468678,0.08095323440316345,0.06505238992152333,0.3964748376474451,64.34195390531022,64.2860980424481,64.8878631872221,65.00843049456425,63.46356848309689,0.007323172615585349,0.004456341580381904,London
2025-10-27 20:00:00,64.55999755859375,64.79000091552734,64.55999755859375,64.76000213623047,282,58.10804152680584,0.16039409361781054,0.09684140624609287,0.06355268737171767,0.3845840175964557,64.38176802254073,64.30468251671408,64.8861696633679,65.0558587483712,63.4491404123954,-0.003385675736190197,0.004469198714450957,NewYork
2025-10-28 00:00:00,64.77999877929688,64.9000015258789,64.6500015258789,64.9000015258789,690,60.190813061336925,0.18100730043062185,0.11367458508299869,0.06733271534762317,0.37497087348242314,64.43112359428721,64.32802836021074,64.88635286684486,65.13350160212053,63.42649786382185,-0.0006159672624501678,0.004473924681116319,Tokyo
2025-10-28 04:00:00,64.88999938964844,64.94000244140625,64.76000213623047,64.88999938964844,1699,59.9614442518242,0.19429659632049834,0.12979898733049863,0.0644976089899997,0.361044404317663,64.47482605098828,64.35006643979654,64.88640116516014,65.20514248803113,63.41285716101671,-0.0009237499832611684,0.004469382287195839,Tokyo
2025-10-28 08:00:00,64.87999725341797,65.0199966430664,64.37999725341797,64.5999984741211,9878,53.585523434420885,0.17936025543636447,0.1397112409516718,0.03964901448469266,0.38096976041271835,64.48674723414379,64.35986769604456,64.8826077520338,65.22949526252836,63.454504371260704,0.0040410654496314535,0.004383340743772212,London
2025-10-28 12:00:00,64.5999984741211,65.12000274658203,64.56999969482422,65.05000305175781,6070,60.5886830294398,0.20151180360998922,0.15207135348333528,0.049440450126653934,0.39304356693736797,64.54039064534513,64.38693182764116,64.88482490832155,65.29048369716506,63.53351608921189,0.006187185095715586,0.004437816119219753,London
2025-10-28 20:00:00,65.0,65.08999633789062,64.95999908447266,65.02999877929688,800,60.154175945755995,0.2149747919416285,0.16465204117499393,0.05032275076663456,0.3742545445431252,64.58701999143577,64.4121501394708,64.8867477410497,65.3509817683599,63.58901800275826,0.004169188297715509,0.004412001662705423,NewYork
2025-10-29 00:00:00,65.0199966430664,65.1500015258789,64.91999816894531,65.12999725341797,680,61.63530333346687,0.23104994834854153,0.17793162260970347,0.05311832573883807,0.36395088828530153,64.63873211162455,64.44030100668441,64.88996958889565,65.42981951015021,63.61618001682733,0.0035438477986375894,0.004384006997745832,Tokyo
2025-10-29 04:00:00,65.12000274658203,65.63999938964844,64.9000015258789,65.63999938964844,5094,68.13989586416967,0.28169532735981306,0.1986843635597254,0.08301096380008766,0.3908113865341751,64.73409090000777,64.48734800209476,64.89990375844205,65.59947159024051,63.616528013030965,0.011558021375473126,0.004593596060844808,Tokyo
2025-10-29 08:00:00,65.63999938964844,66.0999984741211,65.62999725341797,65.91000366210938,21651,70.9482032901065,0.33970335456086787,0.2268881617599539,0.11281519280091395,0.3964678032605286,64.84608259163649,64.54313842013455,64.91328256511315,65.81211956650984,63.59188052504291,0.02027871855930563,0.00463595232229582,London
2025-10-29 12:00:00,65.88999938964844,66.0199966430664,65.62999725341797,65.94999694824219,6581,71.35102025705098,0.38447032343198373,0.2584045940943599,0.12606572933762383,0.39600577371680784,64.9512172922656,64.59830934280545,64.92701388144599,65.99144934590998,63.60555077616033,0.013835416668132705,0.004625194098551097,London
2025-10-29 20:00:00,65.94999694824219,66.04000091552734,65.7699966430664,65.83000183105469,1712,68.29143766458581,0.4055904711943157,0.2878417695143511,0.1177487016799646,0.38700566648424567,65.03491105786455,64.64661100901131,64.93897398673882,66.10661526862438,63.672384822928365,0.012302061614254622,0.004671046796163835,NewYork
2025-10-30 00:00:00,65.7699966430664,65.83000183105469,64.54000091552734,64.69999694824219,5341,47.59403168387169,0.3273726422231391,0.2957479440561087,0.031624698167030396,0.45150532713018127,65.00301447599576,64.64870457525566,64.93580872795079,66.05769996054377,63.80229988686833,-0.006602185218934853,0.006250021691528361,Tokyo
2025-10-30 04:00:00,64.72000122070312,65.4000015258789,64.69999694824219,65.13999938964844,4988,53.50327022156788,0.2974600348824197,0.2960903622213709,0.0013696726610487597,0.46925527359493396,65.01606065824839,64.66797103856518,64.93851324002625,66.01765800869242,63.963341747166965,-0.007617306591243711,0.006399403380147921,Tokyo
2025-10-30 08:00:00,65.12000274658203,65.76000213623047,64.87999725341797,65.19000244140625,14804,54.136187616117255,0.27462322089664326,0.29179693395642536,-0.017173713059782103,0.4985945313961887,65.03262654235866,64.68844285828445,64.94184422282599,66.00513676359635,64.07086345002669,-0.010924005169143158,0.0063332341473166,London
2025-10-30 12:00:00,65.19000244140625,65.29000091552734,65.04000091552734,65.08999633789062,2846,52.59421286880163,0.2456238259447474,0.2825623123540898,-0.036938486409342386,0.48083777915360376,65.03809033240933,64.70419005356312,64.94380650249573,65.96226262065261,64.20473719624192,-0.01304019181420879,0.006342982615018184,London
2025-10-30 20:00:00,65.08000183105469,65.16999816894531,64.9000015258789,64.94000244140625,1252,50.28095079079909,0.20813904526922045,0.2676776589371159,-0.05953861366789548,0.46577769800451824,65.02874862850427,64.71343759818443,64.94375611758065,65.96143568915056,64.20156403619123,-0.013519662234440122,0.005740845725718542,NewYork
2025-10-31 00:00:00,64.94999694824219,64.97000122070312,64.69999694824219,64.83999633789062,915,48.741645823697894,0.16842097756185126,0.247826322662063,-0.07940534510021174,0.45179388189426245,65.0107722198744,64.71840068601604,64.9423818158629,65.96094596777867,64.19205314721155,0.0021638237442334063,0.005749531271964913,Tokyo
2025-10-31 04:00:00,64.83000183105469,64.97000122070312,64.69999694824219,64.94000244140625,1654,50.377645596004754,0.1433612008343914,0.2269332982965287,-0.08357209746213728,0.43880890979188214,65.00403224097268,64.7270909509333,64.94235030096944,65.96075843237873,64.1912412319279,-0.003070263280873897,0.005760821239302621,Tokyo
2025-10-31 08:00:00,64.93000030517578,65.43000030517578,64.83000183105469,65.27999877929688,13629,55.569603755746996,0.1492159417390866,0.2113898269850403,-0.062173885245953714,0.45032245010111155,65.03031476843212,64.74877361086914,64.94682246624531,65.94044445168888,64.30555545675838,0.001380523615895246,0.005420537799683572,London
2025-10-31 12:00:00,65.30000305175781,65.5999984741211,65.2699966430664,65.55999755859375,16707,59.34239036243194,0.17443860784206322,0.2039995831564449,-0.029560975314381677,0.4417281201692241,65.08076074844752,64.78058631470148,64.95494399064728,65.97633746879599,64.36066204292275,0.007220790400160437,0.005400910965791857,London
2025-11-02 20:00:00,65.8499984741211,66.04000091552734,65.73999786376953,65.75,3467,61.7179450067494,0.20736894147833596,0.20467345482082314,0.002695486657512819,0.4444620656523933,65.14449782002394,64.81860253765437,64.96547453381753,66.04161502297227,64.39438427512344,0.012473013984324766,0.005419126553312844,NewYork
2025-11-03 00:00:00,65.76000213623047,65.87000274658203,65.55000305175781,65.81999969482422,1342,62.585280902642765,0.2363899028433991,0.21101674442533835,0.02537315841806076,0.43557189630752374,65.20883133190969,64.85787301440614,64.9767927478706,66.11513963094639,64.41285948404384,0.015114179708256792,0.005409749966439925,Tokyo
2025-11-03 04:00:00,65.81999969482422,65.9000015258789,65.22000122070312,65.27999877929688,6916,52.671279439718376,0.21335622514897068,0.21148464057006483,0.0018715845789058494,0.45303106836954216,65.21560918404181,64.87442696597049,64.98080872179679,66.1162327742602,64.45076627969488,0.00523554550521288,0.0057674023709520985,Tokyo
2025-11-03 08:00:00,65.2699966430664,65.56999969482422,65.0199966430664,65.52999877929688,12255,56.135608063242486,0.2128215064408039,0.21175201374421265,0.0010694926965912344,0.4599576386115614,65.24555105025658,64.90013566453231,64.98808276229349,66.10380834551142,64.55619073896122,0.0038296569343576614,0.00570375333074298,London
2025-11-03 12:00:00,65.52999877929688,65.80999755859375,65.44999694824219,65.69000244140625,8858,58.24232055931552,0.2227410758668924,0.2139498261687486,0.008791249698143794,0.45281785087870435,65.28787975417559,64.93111083225286,64.99737971168571,66.13997656400059,64.58402245943691,0.001982990964822795,0.005531268955898331,London
2025-11-03 20:00:00,65.68000030517578,65.75,65.55000305175781,65.6500015258789,529,57.49882763506623,0.22478350223138932,0.21611656138127677,0.008666940850112548,0.434759214976096,65.32236754195685,64.95930262415976,65.00602370922469,66.16465950040855,64.62133979768716,-0.0015208893402447465,0.005533966430546296,NewYork
2025-11-04 00:00:00,65.63999938964844,65.63999938964844,65.36000061035156,65.44000244140625,1052,53.62834837484785,0.20706999475582677,0.21430724805618678,-0.007237253300360014,0.42441933644404223,65.33357086571394,64.97815359738512,65.0117717719026,66.17030714211329,64.64669267478125,-0.005773279477056081,0.005587342151631213,Tokyo
2025-11-04 04:00:00,65.44000244140625,65.4800033569336,65.11000061035156,65.12999725341797,3479,48.444131373568695,0.16610236000234124,0.2046662704454177,-0.03856391044307644,0.4205324371681843,65.31418290263812,64.98410825056287,65.01333767232003,66.14632084896111,64.61967875431039,-0.002297817534985591,0.0053946497688363276,Tokyo
2025-11-04 08:00:00,65.13999938964844,65.48999786376953,65.0999984741211,65.41999816894531,11388,53.01945569655914,0.15524628204663316,0.1947822727656608,-0.039535990719027636,0.4183515052024881,65.32426054704833,65.00120197285239,65.01872390406342,66.08096036433392,64.63603868962116,-0.001678629824518052,0.005409970273969697,London
2025-11-04 12:00:00,65.43000030517578,65.43000030517578,65.1500015258789,65.1500015258789,5204,48.68730834062534,0.12343342571652727,0.1805125033558341,-0.057079077639306836,0.40846916763780144,65.30766444979409,65.00703724944167,65.02046268051132,65.98984772830374,64.64715178341501,-0.008220442920656157,0.005468379514179353,London
2025-11-04 20:00:00,65.37999725341797,65.37999725341797,64.80999755859375,64.87000274658203,1381,44.61593944424377,0.07476608949443175,0.15936322058355362,-0.08459713108912187,0.4200070624368312,65.26598238282152,65.00166334736873,65.01846983370432,65.9249258270145,64.61607377625697,-0.011881169248555201,0.00552530678460061,NewYork
2025-11-05 00:00:00,64.88999938964844,65.19999694824219,64.81999969482422,65.08999633789062,5127,48.27574103316951,0.05333372122544233,0.13815732071193135,-0.08482359948648902,0.4171492189354839,65.24922180711381,65.00512738621273,65.0194172046207,65.89416109085937,64.68583845137695,-0.005348503827288464,0.0039782614677969395,Tokyo
2025-11-05 04:00:00,65.0999984741211,65.19000244140625,64.91000366210938,65.0999984741211,2831,48.44255467241556,0.03673207921853816,0.11787227241325271,-0.08114019319471455,0.4073527589612975,65.23501006111451,65.00884782103267,65.02048450620349,65.89451212831241,64.68148732237117,-0.0004605985039450866,0.003674800021247921,Tokyo
2025-11-05 08:00:00,65.0999984741211,65.44000244140625,65.02999877929688,65.44000244140625,12713,53.88680847726418,0.05042931914793769,0.10438368176018971,-0.05395436261225202,0.4075421091861602,65.25453314495182,65.02575584536105,65.02604103514658,65.90881032970853,64.69218912097506,0.0003057822228804685,0.0038553605503143917,London
2025-11-05 12:00:00,65.44000244140625,65.44000244140625,65.05000305175781,65.06999969482422,4764,47.952575922737836,0.03107019322114013,0.0897209840523798,-0.05865079083123967,0.4062890577906086,65.23695853065395,65.02749089828117,65.0266232690496,65.90933112156364,64.68966866481333,-0.001227963609838234,0.004058346718180599,London
2025-11-05 20:00:00,65.1500015258789,65.30000305175781,65.0,65.2300033569336,1500,50.491621294587844,0.028312535489831703,0.07743929433987018,-0.04912675885003848,0.3986972002168374,65.23629613315677,65.03543256332637,65.02931704504806,65.90121162461786,64.72678825331182,0.005549569833655177,0.004056537624523898,NewYork
2025-11-06 00:00:00,65.25,65.26000213623047,64.93000030517578,64.97000122070312,1431,46.52021254370791,0.0050884163088369405,0.06296911873366354,-0.0578807024248266,0.3937903881338267,65.21093471292309,65.03286662832153,65.02853140499052,65.88817208032707,64.75282828588387,-0.0018435262550114961,0.004148700044353964,Tokyo
2025-11-06 04:00:00,64.97000122070312,65.08999633789062,64.93000030517578,65.0,2291,47.037822303224466,-0.010772041297130386,0.048220886727504755,-0.05899292802463514,0.37709079131818507,65.1908456926447,65.03157774093637,65.02815350558667,65.88328496696968,64.76371515510064,-0.0015360749072957924,0.004135968055887093,Tokyo
2025-11-06 08:00:00,65.01000213623047,65.26000213623047,64.61000061035156,64.69000244140625,19855,42.46405922143856,-0.047804717414152265,0.029015765899173353,-0.07682048331332561,0.39658441521537946,65.1431463353839,65.01818263115088,65.02367468354456,65.92152302761615,64.66647746066509,-0.011460879768021681,0.0040815738341003814,London
2025-11-06 12:00:00,64.69000244140625,64.86000061035156,64.45999908447266,64.4800033569336,6690,39.65132937829215,-0.09302620296332975,0.004607372126672733,-0.09763357509000248,0.3968284945484885,65.07998986124578,64.99707756157373,65.01647373882123,65.95141054911888,64.52859051899635,-0.009067102207740652,0.003967667335007548,London
2025-11-06 20:00:00,64.48999786376953,64.73999786376953,64.45999908447266,64.61000061035156,1529,42.20349891507482,-0.11702586284498295,-0.019719274867658405,-0.09730658797732455,0.388483514887659,65.03522898020823,64.98189807329051,65.01108998877528,65.90495923279781,64.46104189635258,-0.009504870683348376,0.003928884126559716,NewYork
2025-11-07 00:00:00,64.61000061035156,64.7300033569336,64.41999816894531,64.5199966430664,875,40.913409979700354,-0.14167519076539747,-0.04411045804720622,-0.09756473271819124,0.382877920109132,64.98615923381378,64.9637842917131,65.00458544115,65.83252954287633,64.40347128109829,-0.006926343992330497,0.003903413484776124,Tokyo
2025-11-07 04:00:00,64.52999877929688,64.69000244140625,64.12000274658203,64.13999938964844,3277,35.92087024563179,-0.18968598139433368,-0.07322556271663172,-0.11646041867770196,0.39624376116020965,64.90557258198851,64.93147900143606,64.99313397026918,65.8932939159217,64.22870696908805,-0.013230778620793249,0.003705628053338824,Tokyo
2025-11-07 08:00:00,64.12999725341797,64.30000305175781,63.56999969482422,63.70000076293945,21394,31.17687750734558,-0.260239215141425,-0.11062829320159037,-0.14961092193983463,0.42008373228687995,64.79075621826955,64.8831857371813,64.97600637811912,65.97005828865761,63.96894279471642,-0.015303781745309109,0.0037632824596874107,London
2025-11-07 12:00:00,63.689998626708984,63.939998626708984,63.52000045776367,63.54999923706055,17223,29.735108350743133,-0.32451620985507645,-0.1534058765322876,-0.17111033332278885,0.42007762061962517,64.67258888672583,64.83090391364715,64.95711886631703,65.98847881956057,63.73652194337889,-0.014423140065997542,0.0036559937978206626,London
2025-11-09 20:00:00,63.7599983215332,64.04000091552734,63.720001220703125,63.91999816894531,890,37.42237060717873,-0.3416619039122395,-0.19105708200827798,-0.15060482190396152,0.4250721961801374,64.60091358027054,64.79518211973728,64.9433821683386,65.9130033976101,63.63899702963601,-0.010679499069617737,0.004016262895128337,NewYork
2025-11-10 00:00:00,63.90999984741211,64.11000061035156,63.900001525878906,63.970001220703125,1118,38.40315269315437,-0.3472127096126769,-0.2222882075291578,-0.12492450208351913,0.4097098310581745,64.54082668888317,64.76282208448103,64.93048970545603,65.8487872830113,63.55621302216448,-0.008524418025095848,0.004017550688050269,Tokyo
2025-11-10 04:00:00,64.0,64.41000366210938,63.9900016784668,64.12000274658203,7310,41.37170386897159,-0.33563885777381586,-0.24495833757808944,-0.09068052019572642,0.4118735889401799,64.50074821818782,64.73761348299479,64.91975477884843,65.80793908816852,63.49606176632366,-0.0003117655637151495,0.003994776640062654,Tokyo
2025-11-10 08:00:00,64.11000061035156,64.38999938964844,63.790000915527344,63.970001220703125,22091,39.330438231484884,-0.3347120145767377,-0.2629090729778191,-0.07180294159891859,0.42531108073881657,64.45020088509405,64.70751104133629,64.90717526152201,65.71431799812757,63.444683161540404,0.004238625659809481,0.0038116734256011934,London
2025-11-10 12:00:00,63.97999954223633,64.3499984741211,63.91999816894531,64.33999633789062,7460,46.36059583916317,-0.3006561934406875,-0.2704584970703928,-0.03019769637029468,0.42564602534145696,64.43970521393182,64.6930987000247,64.89966295789776,65.6455535991328,63.432447041736346,0.0124311110985722,0.004036009442902089,London
2025-11-10 20:00:00,64.30999755859375,64.41000366210938,64.19999694824219,64.26000213623047,986,45.1426486990441,-0.2769293047236232,-0.2717526586010389,-0.005176646122584283,0.41024321737900915,64.42259063510312,64.67611452105238,64.89119062913396,65.61025564501195,63.40674493482204,0.005319211154958037,0.00394607282801713,NewYork
2025-11-11 00:00:00,64.26000213623047,64.5,64.22000122070312,64.48999786376953,1612,49.26928643619618,-0.23683673495956725,-0.26476947387274463,0.02793273891317738,0.40094004323028526,64.42901037116658,64.66881582860992,64.88587681767218,65.5457213391662,63.41127939325566,0.00812875774806332,0.0039559147231406746,Tokyo
2025-11-11 04:00:00,64.48999786376953,64.58999633789062,64.33999633789062,64.41999816894531,6806,48.08373402405608,-0.20831020456107296,-0.2534776200104103,0.045167415449337334,0.39015861157097914,64.42815206619312,64.65905827332895,64.87970623954335,65.47089982817403,63.418100873730275,0.004678655794026376,0.003955455463097687,Tokyo
2025-11-11 08:00:00,64.44000244140625,64.54000091552734,64.06999969482422,64.20999908447266,16290,44.61529404313255,-0.20033851706078565,-0.24284979942048537,0.042511282359699726,0.39586165508041815,64.40737559174356,64.64144810906008,64.87083594609871,65.29979396482813,63.466206401382806,0.0037517251710144084,0.003757821742539431,London
2025-11-11 12:00:00,64.22000122070312,64.23999786376953,63.83000183105469,63.93000030517578,9389,40.42792822523003,-0.2141459178855456,-0.23710902311349744,0.022963105227951836,0.3968712534828771,64.36191127873711,64.61354819518226,64.8583745468812,65.20387889021353,63.44812153703256,-0.006372335344280944,0.0036823460517721794,London
2025-11-11 20:00:00,63.880001068115234,63.9900016784668,63.79999923706055,63.869998931884766,714,39.57084652809713,-0.22730970708046527,-0.235149159906891,0.00783945282642573,0.382094909763118,64.3150624837988,64.58438940054315,64.8452834791329,65.04725973820612,63.46874024653508,-0.0060691439679522174,0.0035975660401468645,NewYork
2025-11-12 00:00:00,63.88999938964844,65.29000091552734,63.65999984741211,65.19000244140625,1178,59.774836110011016,-0.12973336786016887,-0.2140660014975466,0.08433263363737772,0.47123106393112635,64.39839009880903,64.60813893155739,64.84984929320275,65.10480219372727,63.433197913084264,0.010854467372063414,0.00593847592234335,Tokyo
2025-11-12 04:00:00,65.16999816894531,65.16999816894531,63.0099983215332,64.73999786376953,6159,53.239725237619396,-0.08770402716731951,-0.1887936066315012,0.10108957946418168,0.5932862822126922,64.43092417166241,64.61330987007551,64.84839430738245,65.05102166020609,63.46097823298239,0.004967396832036508,0.0061455225378434074,Tokyo
2025-11-12 08:00:00,63.060001373291016,64.86000061035156,62.86000061035156,64.68000030517578,25146,52.41690069932354,-0.05856171047621217,-0.1627472274004434,0.10418551692423123,0.6937658334832142,64.4546457081875,64.61592518125592,64.84616392324726,65.0493838139026,63.46161586566283,0.00731975124442541,0.006054093989069686,London
2025-11-12 12:00:00,64.69000244140625,64.91999816894531,63.04999923706055,63.310001373291016,4400,37.98183643043033,-0.14434970523636537,-0.1590677229676278,0.01471801773126244,0.7777824833690394,64.34563196200688,64.56471248290435,64.82581739940679,65.08774941535064,63.30625006585053,-0.009698090550995464,0.0077029902624546715,London
2025-11-12 20:00:00,63.29999923706055,64.9800033569336,63.18000030517578,63.310001373291016,987,37.98183643043033,-0.209917510758018,-0.16923768052570584,-0.04067983023231217,0.8507982382539517,64.24700047736727,64.51550812566461,64.80574036594831,65.0835096762481,63.180489881247006,-0.008767771535286406,0.007675791635954747,NewYork
2025-11-13 00:00:00,64.91999816894531,65.06999969482422,63.189998626708984,65.01000213623047,1631,55.58455238570946,-0.12328347974124654,-0.160046840368814,0.036763360627567465,0.9243127261011862,64.3196673020209,64.53490004764758,64.80844581985933,65.17308400885912,63.1399160979524,-0.002761164264989402,0.009833947503646478,Tokyo
2025-11-13 04:00:00,65.01000213623047,65.05000305175781,63.209999084472656,64.91000366210938,3128,54.60279407636888,-0.06197996072931744,-0.1404334644409147,0.07845350371159726,0.9897192433286126,64.37588981250552,64.54960999331276,64.80979095684278,65.26582916832065,63.12417136573696,0.0026259778181887405,0.009735022178517922,Tokyo
2025-11-13 08:00:00,64.9000015258789,65.12000274658203,62.9900016784668,64.69000244140625,18740,52.40959682664704,-0.030793768730703164,-0.1185055252988724,0.08771175656816924,1.0711679450990856,64.40580530097226,64.5551155795125,64.80820435398931,65.31050139002245,63.17849931188186,0.00015464032441681042,0.009624566801044418,London
2025-11-13 12:00:00,64.69000244140625,64.7699966430664,62.880001068115234,64.58000183105469,15840,51.300075841027606,-0.014784193845528648,-0.09776125900820365,0.082977065162675,1.1296556329456633,64.4223954466944,64.55609151094554,64.80518180401667,65.31939891635437,63.27260204494934,0.020060028908788663,0.009614459610425273,London
2025-11-13 20:00:00,62.90999984741211,64.58999633789062,62.880001068115234,62.91999816894531,943,38.168239413185546,-0.13449454333346011,-0.10510791587325495,-0.029386627460205164,1.171108464147787,64.27930999167067,64.49193098772984,64.78021248434685,65.43160628403773,63.06039467726599,-0.0061602147510020355,0.011241911267100212,NewYork
2025-11-14 00:00:00,64.55000305175781,64.75,62.849998474121094,64.66999816894531,2226,52.09132028641683,-0.0871508622389996,-0.10151650514640388,0.014365642907404289,1.2231722542714383,64.31651838950636,64.49891401444418,64.77875269208988,65.47360817261163,63.08839248351631,-0.005230025474736499,0.012895770567755056,Tokyo
2025-11-14 04:00:00,64.66999816894531,64.69000244140625,62.61000061035156,62.97999954223633,5038,42.20710337523667,-0.1838797676461752,-0.11798915764635814,-0.06589060999981705,1.2843743668988132,64.18923088024255,64.43934874102426,64.7549281470587,65.5504668988239,62.89753343686947,-0.029733538915199142,0.014226111721298555,Tokyo
2025-11-14 08:00:00,64.58999633789062,65.0999984741211,62.970001220703125,64.98999786376953,28875,53.50666569997382,-0.09722728022013882,-0.11383678216111429,0.016609501940975463,1.3447760016501815,64.26549440248321,64.46094282426917,64.75804165324031,65.63827074132801,62.91172925867199,0.004637430994611558,0.015944527977157973,London
2025-11-14 12:00:00,64.9800033569336,64.9800033569336,62.130001068115234,62.5,17183,42.437297327550624,-0.22686145977142758,-0.13644171768317695,-0.09041974208825063,1.4530060583647613,64.0973520784372,64.38404310567037,64.72813381677356,65.75947392583195,62.60652644037898,-0.03220814140724404,0.018200211444128152,London
2025-11-16 20:00:00,62.5,64.33999633789062,62.45000076293945,62.58000183105469,922,42.84641109495988,-0.3194594719309407,-0.17304526853272972,-0.14641420339821098,1.4842195952637907,63.95284253106743,64.31329638901877,64.69968173749253,65.82968815436821,62.36831218132515,-0.005403629176493396,0.018210462342091328,NewYork
2025-11-17 00:00:00,64.23999786376953,64.29000091552734,62.459999084472656,64.18000030517578,1968,50.433807915127694,-0.2607320023604345,-0.1905826152982707,-0.07014938706216378,1.508918326391712,63.97447660479204,64.30806909161318,64.6927985397135,65.80497219417684,62.36202838565716,-0.007576896206018868,0.019138438546913154,Tokyo
2025-11-17 04:00:00,64.16999816894531,64.16999816894531,62.209999084472656,63.939998626708984,3197,49.37495556899883,-0.2308945802970186,-0.1986450082980203,-0.032249571998998305,1.5418528188425273,63.97119298783175,64.29363495573457,64.6828276799386,65.7745914187613,62.344409206849036,0.015242919838842628,0.01915386157337342,Tokyo
2025-11-17 08:00:00,63.95000076293945,64.5199966430664,62.130001068115234,64.29000091552734,16355,50.99091886424352,-0.17696599489661224,-0.19430920561773868,0.017343210721126434,1.6024344442788592,64.00155564761228,64.2934924443539,64.67762467643647,65.78044161146524,62.34655919725059,-0.010770841225591465,0.019183869798364856,London
2025-11-17 12:00:00,64.30000305175781,64.33999633789062,62.31999969482422,64.20999908447266,18788,50.593385537927304,-0.13907946015254424,-0.1832632565246998,0.044183796372155554,1.6322603156208269,64.02140740350374,64.29021819494679,64.67143095998661,65.79442436071537,62.36057632593013,0.027359985351562477,0.019158577372498663,London
2025-11-17 20:00:00,64.0999984741211,64.12000274658203,61.97999954223633,63.81999969482422,1306,48.60407725612517,-0.13892238896998776,-0.17439508301375742,0.035472694043769654,1.6749559746647913,64.00222571696284,64.27177825376552,64.66015372468644,65.79334157295376,62.35665918998568,0.01981460254854439,0.0192095504287046,NewYork
2025-11-18 00:00:00,62.099998474121094,64.2300033569336,62.029998779296875,64.2300033569336,1146,50.79451231124983,-0.10450932153369052,-0.16041793071774404,0.05590860918405352,1.7124594463056433,64.02391882553148,64.27014002251721,64.65445636882217,65.6660004147736,62.38800043971858,0.0007791064431295069,0.018669848302301603,Tokyo
2025-11-18 04:00:00,64.22000122070312,64.36000061035156,62.2599983215332,64.1500015258789,2859,50.34365066405857,-0.08273843959185001,-0.14488203249256523,0.06214359290071522,1.7401410779136945,64.03592670175505,64.26542870892355,64.64777484772358,65.60337034994913,62.391630870754,0.0032843744710717715,0.018613926411875724,Tokyo
2025-11-18 08:00:00,62.31999969482422,64.87000274658203,62.2599983215332,64.66000366210938,15655,53.195774096802594,-0.02405466150972302,-0.12071655829599678,0.09666189678627377,1.8022741741376327,64.09536260274118,64.28090223649947,64.64793681877505,65.60060526124386,62.39239629515262,0.005755214517233931,0.01870704801463112,London
2025-11-18 12:00:00,62.79999923706055,64.72000122070312,62.529998779296875,64.44000244140625,6428,51.81325175940289,0.004646829769299643,-0.09564388068293751,0.10029071045223716,1.8299690503711052,64.1281854445188,64.2871414602213,64.64518272106156,65.63474106818798,62.47126059502004,0.0035820489053584037,0.018044911218050234,London
2025-11-18 20:00:00,62.5,64.58999633789062,62.5,64.4000015258789,1181,51.550913932157094,0.023889841586637317,-0.07173713622902256,0.09562697781565987,1.848542428051071,64.15407269036263,64.29156734514906,64.64193528801279,65.65621790464272,62.558783773824075,0.00908808890360624,0.018047047294837856,NewYork
2025-11-19 00:00:00,64.4000015258789,64.5,62.61000061035156,64.37000274658203,760,51.34097041137191,0.03630096142455841,-0.05012951669830636,0.08643047812286478,1.8515036395937399,64.17463745762161,64.29464324324448,64.63833353249716,65.5712429179891,62.579758821512875,0.0021796572058456753,0.01700770852378997,Tokyo
2025-11-19 04:00:00,64.37999725341797,64.5999984741211,62.61000061035156,64.5199966430664,2241,52.38512180467189,0.05757641216898435,-0.028588330924848228,0.08616474309383257,1.861396084177725,64.20752880861636,64.3034806314728,64.63676615647822,65.51566786474606,62.59633317285159,0.005767655625670498,0.017017183678435178,Tokyo
2025-11-19 08:00:00,64.51000213623047,64.69000244140625,62.619998931884766,64.2300033569336,12991,50.144728073256026,0.05045570360579177,-0.01277952401872023,0.063235227624512,1.8762966145594222,64.20966924178943,64.30059916972617,64.63137856972928,65.46483598630277,62.60116514284761,-0.006650174463688763,0.017029606102139293,London
2025-11-19 12:00:00,64.23999786376953,64.23999786376953,62.27000045776367,63.939998626708984,5695,47.93678867311463,0.02116752663830823,-0.00599011388731454,0.02715764052562277,1.8829895282341678,64.18398632606748,64.28645797196079,64.6222212194906,65.40978367749442,62.5922171312214,-0.00775921470753993,0.01705303011501936,London
2025-11-19 20:00:00,62.43000030517578,64.18000030517578,62.43000030517578,64.16000366210938,927,49.744614956990375,0.015529983101544076,-0.0016860944895428168,0.01721607759108689,1.8734902762174415,64.18170226283338,64.28149897941759,64.61609913263787,65.37745629957848,62.748545058453736,-0.003726674814954589,0.015968563080212172,NewYork
2025-11-20 00:00:00,64.16999816894531,64.20999908447266,62.31999969482422,63.849998474121094,1321,47.25466043526412,-0.013793634188161263,-0.004107602429266506,-0.009686031758894757,1.8746694986053698,64.15011142581317,64.2645773909746,64.60595210404824,65.30757437404573,62.73642701450409,-0.008078363372270414,0.01473748878463653,Tokyo
2025-11-20 04:00:00,63.81999969482422,64.4000015258789,62.380001068115234,64.30000305175781,2589,51.082406169178,-0.000712984741113587,-0.0034286788916359223,0.0027156941505223353,1.8850502814023913,64.16438681876028,64.26596663257394,64.6018997987199,65.28049687709073,62.895504862411215,-0.003409696260922468,0.013497430011921151,Tokyo
2025-11-20 08:00:00,64.30000305175781,64.33000183105469,62.18000030517578,63.720001220703125,9087,46.40777987676337,-0.0367244398198352,-0.010087831077275778,-0.02663660874255942,1.903975370293571,64.12206438085008,64.24455622426528,64.59021902285212,65.14802018427706,62.90098189091826,-0.007940247696957559,0.011604445761817019,London
2025-11-20 12:00:00,62.290000915527344,63.880001068115234,61.2400016784668,63.779998779296875,3972,46.94861042295883,-0.059733900636771864,-0.020017044989174997,-0.03971685564759687,1.9565485145332042,64.08948670451167,64.22633828524691,64.57948762889775,64.96505651339427,63.21194543973072,-0.0025023436166492496,0.007370612230702453,London
2025-11-20 20:00:00,62.66999816894531,63.83000183105469,61.939998626708984,63.63999938964844,896,45.78747361444194,-0.08824857024436028,-0.03366335004021205,-0.05458522020414823,1.9517952780912398,64.04667838881042,64.20334460306658,64.56704407606001,64.70701224927147,63.57598945971292,-0.008104804282734746,0.007404937441419369,NewYork
2025-11-21 00:00:00,63.63999938964844,63.810001373291016,61.060001373291016,63.52000045776367,1331,44.765499245748366,-0.11915600601041376,-0.05076188123425239,-0.06839412477616137,2.0088099010847227,63.996518585853586,64.17654679344686,64.55317594866537,64.73796436789397,63.47903735634921,-0.0051683324078883874,0.004683680762978406,Tokyo
2025-11-21 04:00:00,63.529998779296875,63.63999938964844,60.790000915527344,63.529998779296875,4817,44.875899288563005,-0.1412157433571224,-0.0688526536588264,-0.072363089698296,2.068894799158749,63.95208812808628,64.15119196936256,64.53962393317705,64.76544686479741,63.41055487470453,-0.011975182518127236,0.0046229529853285024,Tokyo
2025-11-21 08:00:00,63.54999923706055,63.869998931884766,61.68000030517578,63.810001373291016,9819,48.009900068534414,-0.13455332787302154,-0.08199278850166543,-0.052560539371356116,2.0775450725551945,63.938556056201016,64.13781194598721,64.52996005821169,64.7453141501341,63.3826876351442,0.0014124317461350344,0.004558754276383727,London
2025-11-21 12:00:00,63.79999923706055,63.959999084472656,63.70000076293945,63.93000030517578,5690,49.33921984303989,-0.11822755105708183,-0.08923974101274872,-0.02898781004433311,1.9477203046250522,63.937741222770036,64.12966246987696,64.52201357141651,64.73018862980092,63.36981327754771,0.0023518583999659892,0.004580825141439217,London
2025-11-23 20:00:00,63.95000076293945,64.23999786376953,61.33000183105469,63.91999816894531,721,49.226238811489765,-0.10488726896546297,-0.09236924660329157,-0.012518022362171394,2.0164542852028946,63.93605140812006,64.12144034042866,64.51403985747649,64.72951633158391,63.38048542317682,0.004399729446610046,0.00436755725647468,NewYork
2025-11-24 00:00:00,63.90999984741211,64.44000244140625,61.27000045776367,64.33000183105469,5667,53.88757935357017,-0.06053333964887031,-0.08600206521240733,0.02546872556353702,2.0988505493771576,63.97357049601859,64.12961922241401,64.51160226772257,64.74142537500846,63.37857622716441,0.012751910696688462,0.004366796533875683,Tokyo
2025-11-24 04:00:00,64.30999755859375,64.37000274658203,64.08999633789062,64.29000091552734,1763,53.37275627604473,-0.02828422772326178,-0.07445849771457823,0.04617426999131645,1.968933110756747,64.003706726448,64.13590870057531,64.50866715047495,64.75516114324255,63.37884039789516,0.01196288605121354,0.004359057503795216,Tokyo
2025-11-24 08:00:00,64.27999877929688,64.37000274658203,61.34000015258789,64.0999984741211,7138,50.885954386728194,-0.017852392022234653,-0.06313727657610951,0.04528488455387486,2.0447237881308467,64.01287736908354,64.13450045640064,64.50325432032457,64.66865178415993,63.40934923817893,0.0045446966711939485,0.003996939074367867,London
2025-11-24 12:00:00,64.11000061035156,64.43000030517578,63.970001220703125,64.08000183105469,3498,50.61864471837105,-0.011071029116223485,-0.05272402708413231,0.04165299796790883,1.931529166440976,64.01927017498555,64.13236325540669,64.49764832708921,64.62233005745458,63.41967090384912,0.0023463401401979667,0.003935199675306643,London
2025-11-24 20:00:00,64.01000213623047,64.30000305175781,63.93000030517578,64.27999877929688,541,53.26305029869715,0.010322342582924193,-0.040114753150721015,0.05043709573364521,1.81999156502248,64.04410147063425,64.13815288379455,64.49476555162177,64.60264600780232,63.42735467884319,0.005632049760077473,0.004006248692591546,NewYork
2025-11-25 00:00:00,64.26000213623047,64.55000305175781,64.25,64.48999786376953,1195,55.93157545045316,0.04371796142100948,-0.023348210236374917,0.06706617165738439,1.7114209569321466,64.08656779378998,64.15195072614651,64.4947024034383,64.62609796423173,63.41590223413253,0.00248711375968913,0.004074129638590705,Tokyo
2025-11-25 04:00:00,64.4800033569336,64.66999816894531,64.31999969482422,64.38999938964844,3606,54.34048417367747,0.06140732341360433,-0.006397103506379067,0.0678044269199834,1.6141764938742142,64.1154660410146,64.16128596785246,64.49331560855367,64.59948772825828,63.42951274476417,0.0015554281023029137,0.004054452613798459,Tokyo
2025-11-25 08:00:00,64.38999938964844,64.47000122070312,63.959999084472656,64.06999969482422,9707,49.488867985982345,0.04903967041995827,0.004690251278888401,0.044349419141069865,1.5353068968996608,64.11113591280599,64.15770611400822,64.48770877525924,64.58339879896721,63.4296013078443,-0.00046799968815891546,0.004083045544810097,London
2025-11-25 12:00:00,64.06999969482422,64.30000305175781,62.970001220703125,64.2300033569336,3566,51.805848153537156,0.051554882055654616,0.014063177434241646,0.03749170462141297,1.5206422493393055,64.12245662177052,64.16054130000529,64.48429545846022,64.6053909167109,63.43660966312309,0.0023408477152415674,0.003985392068059783,London
2025-11-25 20:00:00,64.2300033569336,64.5,64.2300033569336,64.30000305175781,523,52.82536560704424,0.058521990678656266,0.02295494008312457,0.035567050595531696,1.4313104203198126,64.13936580557885,64.16601038830932,64.48185449943105,64.62266505386337,63.43333546493547,0.000311205240211887,0.003919975400544316,NewYork
2025-11-26 00:00:00,64.31999969482422,64.3499984741211,64.01000213623047,64.08999633789062,611,49.44586871943052,0.04656096196164583,0.027676144458828822,0.01888481750281701,1.3533594144320134,64.1346639515133,64.16302944515564,64.47666432510601,64.62920183620392,63.45079846897187,-0.00620253588353159,0.0038301750497325856,Tokyo
2025-11-26 04:00:00,64.11000061035156,64.41000366210938,64.0199966430664,64.3499984741211,1199,53.419116767496995,0.05740008751557468,0.033620933070177994,0.02377915444539669,1.2845485290470815,64.15517200128548,64.1703615639386,64.4749866317155,64.63674884169981,63.44825100571231,-0.0006212286986567728,0.0036017194003696235,Tokyo
2025-11-26 08:00:00,64.3499984741211,64.83000183105469,64.29000091552734,64.80000305175781,10252,59.37094568756832,0.10113594891470257,0.04712393623908291,0.054012012675619656,1.2313665566528145,64.21658448228284,64.19505338699034,64.4792914849611,64.7596442507984,63.43335577971917,0.011393840493377771,0.0032350052616451656,London
2025-11-26 12:00:00,64.80000305175781,64.80999755859375,64.4800033569336,64.61000061035156,3499,56.110948229815236,0.11909250085125223,0.06151764916151678,0.057574851689735446,1.1669828170104817,64.25405268495605,64.21132582712215,64.48102273165502,64.82132417929712,63.454676034325914,0.005916195446951544,0.0033430383826798743,London
2025-11-28 08:00:00,64.58999633789062,64.94999694824219,64.55000305175781,64.72000122070312,6718,57.56373230938258,0.14057882241533548,0.07732988381228052,0.06324893860305496,1.1121978941157598,64.29842873597958,64.2312738817724,64.48418800965565,64.88029731561946,63.50370308110905,0.006531853017288869,0.0032815798015146465,London
2025-11-28 12:00:00,64.72000122070312,64.83000183105469,64.5,64.56999969482422,2235,54.895246609446765,0.14384486348612313,0.09063287974704905,0.053211983739074084,1.0563267467542545,64.32429263682194,64.24455724699011,64.48532458826716,64.87470504348832,63.61429527694625,0.007489520742097744,0.003301896684948712,London
2025-11-30 20:00:00,64.69999694824219,64.81999969482422,64.51000213623047,64.58999633789062,497,55.19344383697888,0.1463596436752539,0.10177823253269003,0.044581411142563865,1.0030175190285042,64.34959775120943,64.25810387800583,64.48671096905687,64.84794044937894,63.74705962691502,0.003729570620985223,0.0033004644408736548,NewYork
2025-12-01 00:00:00,64.58999633789062,64.66999816894531,64.30999755859375,64.56999969482422,1336,54.803257243162626,0.14506682308110896,0.11043595064237383,0.03463087243873514,0.9570877398372941,64.37058841250608,64.27033508650851,64.48781413098756,64.84785228205709,63.82314762639018,-0.0035494343534194783,0.0031987301645173766,Tokyo
2025-12-01 04:00:00,64.56999969482422,64.62999725341797,64.2699966430664,64.51000213623047,1593,53.57936390403552,0.1376146162539129,0.11587168376468164,0.021742932489231273,0.9144386591597419,64.38386591000364,64.27973379434074,64.48810801185171,64.84487254425916,63.884127547293566,-0.001547724395239758,0.003200910354873293,Tokyo
2025-12-01 08:00:00,64.5,64.68000030517578,64.30000305175781,64.45999908447266,8959,52.52652129045826,0.12621888750258847,0.117941124512263,0.008277762990325468,0.8762642730353295,64.39111668852449,64.28680302140474,64.48773570817781,64.82510368219023,63.95789650091522,-0.00401733824670103,0.003210077618109174,London
2025-12-01 12:00:00,64.45999908447266,64.73999786376953,64.45999908447266,64.63999938964844,3386,55.88694795117362,0.13021121681398995,0.12039514297260841,0.009816073841381542,0.8336738806254399,64.41481980291725,64.30065385937507,64.48975244568074,64.85332349891824,63.960676440046605,0.0010840900597035574,0.0029474807687182476,London
2025-12-01 20:00:00,64.62999725341797,64.75,64.5199966430664,64.73999786376953,844,57.67921173191224,0.13983230789310142,0.12428257595670703,0.01554973193639439,0.7905545575045937,64.44578914204604,64.31788303601799,64.4930669545296,64.89590741990875,63.96309221388031,0.0023223646753933735,0.00295395149115872,NewYork
2025-12-02 00:00:00,64.7300033569336,64.80000305175781,64.62999725341797,64.6500015258789,724,55.493983171628315,0.13859747414451817,0.12714555559426927,0.011451918550248907,0.746229646135683,64.46523794050631,64.33090729052233,64.49514555812362,64.90614440730738,64.00785553165747,0.0012389938273624779,0.002881414272473238,Tokyo
2025-12-02 04:00:00,64.63999938964844,64.8499984741211,64.58999633789062,64.83000183105469,2462,58.85183202027526,0.15040955211455298,0.13179835489832603,0.01861119721622695,0.711499109713882,64.49997735865378,64.35047962544517,64.49958074054656,64.93629028435478,64.05270965461006,0.0049604663498297175,0.002922339278684748,Tokyo
2025-12-02 08:00:00,64.83000183105469,64.8499984741211,64.27999877929688,64.5,7125,51.221820152393036,0.13162502779481144,0.13176368947762312,-0.00013866168281168045,0.7013920086503346,64.49997951497247,64.35634316954537,64.49958629365192,64.93560361752289,64.07539644351228,0.000620554081530944,0.003118537446746004,London
2025-12-02 12:00:00,64.48999786376953,64.63999938964844,64.43000030517578,64.61000061035156,2620,53.391013743138075,0.12418278503338342,0.1302475085887752,-0.006064723555391782,0.6662925140662147,64.51045771453238,64.36629052016522,64.50104873493271,64.94403449260273,64.07896584309063,-0.0004640900306333018,0.003056111505107969,London
2025-12-02 20:00:00,64.56999969482422,64.79000091552734,64.56999969482422,64.69999694824219,870,55.14839167679759,0.12411597466703483,0.12902120180442714,-0.004905227137392304,0.6344145645402798,64.52850907012379,64.37937704675647,64.50368381060568,64.9634020569005,64.09059803465222,-0.0006178702015331439,0.0030435902826208183,NewYork
2025-12-03 00:00:00,64.69000244140625,64.76000213623047,64.56999969482422,64.70999908447266,533,55.34988963957492,0.12344709451043911,0.12790638034562954,-0.004459285835190424,0.6026708414592776,64.54579383339511,64.39234261686299,64.50641646323967,64.9452863187323,64.17271371178528,0.0009280364605983582,0.002785504068354652,Tokyo
2025-12-03 04:00:00,64.69999694824219,64.83999633789062,64.5,64.58000183105469,2329,52.07534518522571,0.11114608734004605,0.12455432174451285,-0.013408234404466798,0.5839083769186595,64.54905173793412,64.39970180173326,64.50739110387299,64.93038323601613,64.22261664191356,-0.0038562392864263106,0.0027976258004006323,Tokyo
2025-12-03 08:00:00,64.58000183105469,64.7699966430664,64.37000274658203,64.37000274658203,6256,47.215863231770776,0.08348986031312222,0.11634142945823472,-0.0328515691451125,0.5707716283162106,64.53199945304344,64.3985371329038,64.50557139053139,64.9236043954126,64.23639545199951,-0.002015461293301879,0.0028977935937620288,London
2025-12-03 12:00:00,64.37000274658203,64.5199966430664,64.26000213623047,64.44999694824219,2837,49.16199441411619,0.06725172861176532,0.10652348928894086,-0.03927176067717554,0.5485732624961911,64.52418969068141,64.40055516487786,64.50483530520306,64.86202602717225,64.33397388127503,-0.0024764534994252685,0.0027992274493008704,London
2025-12-03 20:00:00,64.41000366210938,64.44999694824219,64.36000061035156,64.41000366210938,445,48.20507640395339,0.0505727965774696,0.0953333507466466,-0.044760554169177,0.5158177678815078,64.51331483081741,64.40092569418105,64.50357925695016,64.85430645007486,64.34769397717125,-0.004482122099090602,0.0026596113312223097,NewYork
2025-12-04 00:00:00,64.41000366210938,64.66999816894531,64.41000366210938,64.52999877929688,680,51.26988819932749,0.04650118912877588,0.08556691842307246,-0.03906572929429658,0.49754467780682415,64.51490377829164,64.40598738379344,64.50392918439846,64.8243980209217,64.3506019790783,-0.00278164592369734,0.0021578470202932025,Tokyo
2025-12-04 04:00:00,64.54000091552734,64.6500015258789,64.43000030517578,64.56999969482422,2118,52.28351046005503,0.0459722114360801,0.077647977025674,-0.031675765589593896,0.4777201451565599,64.5201510084376,64.41241923912798,64.5048042904968,64.82227351829604,64.34872639015123,-0.00015487977619810245,0.0020658071277649243,Tokyo
2025-12-04 08:00:00,64.55999755859375,64.69000244140625,64.16000366210938,64.19000244140625,7238,43.10971429593835,0.014720699165593487,0.0650625214536579,-0.050341822288064414,0.48145433330943954,64.48870828776793,64.40369701176635,64.5006347295817,64.84575167003835,64.27224836047922,-0.00279633831746795,0.002402488147437528,London
2025-12-04 12:00:00,64.19999694824219,64.2300033569336,64.02999877929688,64.04000091552734,3206,40.11733703223311,-0.02189779483911991,0.04767045819510234,-0.06956825303422226,0.4613507793328166,64.44597425231645,64.38943441975698,64.49453361946178,64.90121621785694,64.16378393473094,-0.006361459303777739,0.00240329411751909,London
2025-12-04 20:00:00,64.02999877929688,64.12999725341797,63.91999816894531,64.05999755859375,850,40.708193488580896,-0.048742776793773146,0.02838781119732725,-0.0771305879911004,0.44339708684280515,64.4092145672,64.37651532716235,64.48877817494697,64.9294391755851,64.08256109907309,-0.00543403328078873,0.0024033346836858887,NewYork
2025-12-05 00:00:00,64.06999969482422,64.25,63.959999084472656,63.9900016784668,1051,39.248362786907016,-0.07480341375648436,0.0077495662065649295,-0.08255297996304929,0.43244021746312933,64.3692895301778,64.36135792917429,64.48217186373532,64.95757369265361,63.99642678036884,-0.008368156067644739,0.002407961704699407,Tokyo
2025-12-05 04:00:00,64.01000213623047,64.37000274658203,63.97999954223633,64.22000122070312,2078,46.08956846487479,-0.07602128933226027,-0.00900460490120011,-0.06701668443106015,0.42940900224045603,64.3550715959421,64.35581452884209,64.47869940488721,64.95620175502074,63.96879862644897,-0.005420450298517676,0.0025673212345645336,Tokyo
2025-12-05 08:00:00,64.2300033569336,64.41999816894531,63.81999969482422,63.95000076293945,7471,40.34581991547968,-0.09764762392880755,-0.0267332087067216,-0.07091441522208594,0.44159396451764443,64.31649342137042,64.33990026351258,64.47169677386803,64.98133286606223,63.89266768325417,-0.003738926146417798,0.0027168221004263693,London
2025-12-05 12:00:00,63.939998626708984,64.01000213623047,63.86000061035156,63.95000076293945,7698,40.34581991547968,-0.11347853993547119,-0.04408227495247152,-0.06939626498299967,0.420765933186306,64.28158935866271,64.32461008701952,64.46478689292859,64.97916413048979,63.825836556155714,-0.0014053740053284747,0.0026143483308722136,London
2025-12-07 20:00:00,63.90999984741211,64.08999633789062,63.849998474121094,64.01000213623047,727,42.20221342334687,-0.11980204218602353,-0.05922622839918192,-0.060575813786841605,0.4078539282279649,64.25572390890726,64.31227252032191,64.45876325376702,64.94512438052827,63.78687673336334,-0.000780446835289883,0.0025923015159311485,NewYork
2025-12-08 00:00:00,63.970001220703125,64.22000122070312,63.95000076293945,64.05999755859375,902,43.77233380953492,-0.11940284880705576,-0.07126155248075669,-0.04814129632629907,0.3980072517662297,64.23708330411549,64.30237938456787,64.45348158893029,64.91481951377797,63.758181203385114,0.0010938565133762346,0.0026014364144002554,Tokyo
2025-12-08 04:00:00,64.08000183105469,64.27999877929688,64.05000305175781,64.11000061035156,1274,45.37077884374726,-0.11374052680233149,-0.07975734734507166,-0.03398317945725983,0.3860064286071463,64.2249801904237,64.29483511891233,64.44893217199548,64.8376448551242,63.76335573996858,-0.0017128715082630475,0.0025071125959869643,Tokyo
2025-12-08 08:00:00,64.12000274658203,64.52999877929688,64.12000274658203,64.30999755859375,5944,51.330379388313496,-0.09205387378440832,-0.08221665263293901,-0.009837221151469316,0.38843441005987245,64.23307708263036,64.29542972439003,64.4470919784405,64.81994656218217,63.762053788769975,0.005629347792954542,0.002393918989191941,London
2025-12-09 00:00:00,63.72999954223633,63.7400016784668,63.70000076293945,63.720001220703125,141,38.11908793291224,-0.12107909425697017,-0.08998914095774525,-0.031089953299224912,0.4042602947451885,64.18421271482777,64.27286390071603,64.43746163727842,64.81100257898153,63.68199783300578,-0.003596552611295989,0.0030928063824413577,Tokyo
2025-12-09 04:00:00,63.720001220703125,63.9900016784668,63.630001068115234,63.86000061035156,1863,41.937873287995956,-0.13127179039022963,-0.09824567084424213,-0.0330261195459875,0.40109888871707233,64.15333537154432,64.25667318344684,64.42981314685555,64.75166376566013,63.65733701253812,-0.0023434076061997766,0.003126322690211901,Tokyo
2025-12-09 08:00:00,63.86000061035156,64.05999755859375,63.709999084472656,63.86000061035156,7357,41.937873287995956,-0.13776154615970881,-0.10614884590733548,-0.03161270025237334,0.3974488591030738,64.1253987276212,64.24111739626663,64.4222659609416,64.67480865962074,63.6491922711654,-0.0031220255364395877,0.003124410534229806,London
2025-12-09 12:00:00,63.869998931884766,63.95000076293945,63.689998626708984,63.869998931884766,3449,42.23314212344394,-0.14047859359286008,-0.1130147954444404,-0.027463798148419677,0.3876312360407449,64.10107493755106,64.22656373099676,64.41495116585476,64.61520488243141,63.63779575843774,-0.0037435918917780864,0.0031126954311482585,London
2025-12-09 20:00:00,63.810001373291016,64.1500015258789,63.810001373291016,64.02999877929688,776,46.887882288381725,-0.12824291821451084,-0.1160604199984545,-0.01218249821605634,0.38422901579411245,64.09430577962209,64.21885530151833,64.40985245874803,64.58604286624413,63.6329573778965,-0.004353891928572495,0.0031157341692178682,NewYork
2025-12-10 00:00:00,64.0199966430664,64.12000274658203,63.959999084472656,64.08000183105469,703,48.29021496984379,-0.11320625767001502,-0.11548958753276661,0.002283329862751593,0.3682129191023455,64.09294349880615,64.21341006738251,64.40548357626203,64.53980671985066,63.6421940125712,0.005649726984540582,0.003105683740757932,Tokyo
2025-12-10 04:00:00,64.06999969482422,64.16999816894531,63.970001220703125,64.02999877929688,1688,46.95508139194265,-0.10412414590021513,-0.11321649920625632,0.00909235330604119,0.3561974926123342,64.08694876361479,64.20621746784974,64.40051026769295,64.49539910892591,63.648601135214705,0.0026620445869172116,0.0031067913549459518,Tokyo
2025-12-10 08:00:00,64.02999877929688,64.2300033569336,63.90999984741211,64.0,6748,46.13103710369535,-0.09821499632761288,-0.11021619863052765,0.012001202302914765,0.3536122081058449,64.0786679289848,64.19813050832623,64.39520549593543,64.4105216380159,63.680478728195055,0.0021922860681236056,0.003065050595841,London
2025-12-10 12:00:00,63.9900016784668,64.1500015258789,63.93000030517578,64.12000274658203,1986,49.91743950360322,-0.08289319284592978,-0.10475159747360807,0.021858404627678296,0.3440685661485078,64.08260457827977,64.19506667453234,64.39156042640757,64.29569417928802,63.75030649209869,0.003914260511635348,0.0030998866023113298,London
2025-12-10 20:00:00,64.0999984741211,64.3499984741211,64.0999984741211,64.13999938964844,1315,50.54129142415016,-0.06834910528266391,-0.09747109903541926,0.029121993752755343,0.3373493828521858,64.08807075079108,64.19290717316434,64.38822849214586,64.28760680035317,63.75339356585777,0.0017179542784424573,0.002812100888416869,NewYork
2025-12-11 00:00:00,64.13999938964844,64.25,63.91999816894531,63.970001220703125,1315,45.367470531462956,-0.06973636519559534,-0.09192415226745447,0.02218778707185913,0.33682455772379305,64.07682603363985,64.1841657632639,64.38268905808701,64.28486430665255,63.749136090075964,-0.0017166137204798204,0.0028264790607915122,Tokyo
2025-12-11 04:00:00,63.97999954223633,64.12999725341797,63.93000030517578,64.08999633789062,1010,49.31182320946577,-0.060456273269736016,-0.08563057646791078,0.025174303198174763,0.3270511570465355,64.0780803483304,64.18047284462182,64.3788123333162,64.2877105908992,63.74928968375901,0.0009370226415363891,0.002858543199701227,Tokyo
2025-12-11 08:00:00,64.08999633789062,64.27999877929688,63.95000076293945,64.1500015258789,6713,51.20885811994158,-0.047709846955314106,-0.07804643056539144,0.030336583610077336,0.3272616469973131,64.0849299842874,64.17927789094563,64.37578172659518,64.30158986815019,63.751410391249244,0.00234377384185791,0.002852826985604158,London
2025-12-11 12:00:00,64.1500015258789,64.1500015258789,63.88999938964844,64.0,3272,46.52163936490072,-0.0491455623408541,-0.07226625692048398,0.023120694579629883,0.3224573962282528,64.07684141435527,64.17224738541834,64.37080448518333,64.27517305643863,63.75582708089048,-0.0018715337093216933,0.0027811822205834917,London
2025-12-11 20:00:00,63.86000061035156,64.0,63.86000061035156,63.900001525878906,831,43.653057936785125,-0.05768743344356153,-0.0693504922250995,0.011663058781537963,0.3094246814725517,64.05999952021466,64.16157107720112,64.36456868439784,64.27626605035931,63.749734163263724,-0.003741781510030129,0.0026379527534433904,NewYork
2025-12-12 00:00:00,63.90999984741211,64.0,63.79999923706055,63.91999816894531,1024,44.39147538406377,-0.06212720214328726,-0.06790583420873705,0.00577863206544979,0.30160868729161605,64.046666058189,64.15209762981854,64.3586803331998,64.27661285525154,63.74638709897208,-0.0007816640738413927,0.0026391244181264936,Tokyo
2025-12-12 04:00:00,63.90999984741211,64.16999816894531,63.810001373291016,64.05999755859375,2134,49.391884040828195,-0.05372960862106879,-0.0650705890912034,0.011340980470134612,0.30577926646037895,64.04793572489422,64.14848586231953,64.35472426995999,64.27999451509903,63.74800498136092,-0.00046807272602600314,0.0026776091684340155,Tokyo
2025-12-12 08:00:00,64.05000305175781,64.20999908447266,63.709999084472656,63.810001373291016,9966,42.11003529226363,-0.06648070986147303,-0.06535261324525733,-0.0011280966162156986,0.31965217599892337,64.02527531045583,64.13521196078901,64.34750939715643,64.28151964120192,63.721480236727764,-0.005300080194865275,0.0028113310688862594,London
2025-12-12 12:00:00,63.81999969482422,63.959999084472656,63.79999923706055,63.83000183105469,4604,42.836139328275976,-0.07411779585658707,-0.06710564976752328,-0.007012146089063781,0.30824843824272236,64.00667783622714,64.12324293609355,64.3406549923074,64.27263031159347,63.70236968840652,-0.002656221389770508,0.002804732992775493,London
2025-12-14 20:00:00,63.83000183105469,64.12000274658203,63.83000183105469,64.08999633789062,660,51.37440082718423,-0.05851631800422297,-0.06538778341486323,0.006871465410640265,0.3069450437630525,64.01461293162366,64.12193914792873,64.3373350101297,64.2236957686121,63.72930410931759,0.0029733146709671754,0.0028714302174509664,NewYork
2025-12-15 00:00:00,64.08000183105469,64.33000183105469,64.04000091552734,64.26000213623047,1924,56.00209010275399,-0.032064369186741715,-0.058723100569238934,0.02665873138249722,0.3057347488890733,64.0379833320624,64.12735338276408,64.33631073365422,64.25069660385111,63.756303365631304,0.005319211154958037,0.0019967813400862933,Tokyo
2025-12-15 04:00:00,64.23999786376953,64.33000183105469,64.08000183105469,64.13999938964844,1767,52.22392550986299,-0.020547370619055982,-0.05108795457920235,0.03054058396014637,0.30175369539699665,64.04769914707059,64.12784930460269,64.33371058340249,64.26217988724223,63.77281996016988,0.001248857853631824,0.002013592375038068,Tokyo
2025-12-15 08:00:00,64.12999725341797,64.38999938964844,63.900001525878906,63.95000076293945,7767,46.83623574446276,-0.0264465086796406,-0.046159665399290006,0.019713156719649405,0.31519970742360626,64.0383945390581,64.12087485198845,64.32862833412484,64.25762651068908,63.7863733519818,0.002194003865153338,0.0021360978513405974,London
2025-12-15 12:00:00,63.95000076293945,64.0199966430664,63.86000061035156,63.93000030517578,2192,46.29480922641252,-0.03236243389139304,-0.043400219097710614,0.011037785206317575,0.3041137306586946,64.02807127868836,64.11338957564286,64.32334849268182,64.25391003629542,63.79608996370459,0.0015666374941640804,0.0021376793620230014,London
2025-12-15 20:00:00,63.88999938964844,63.970001220703125,63.79999923706055,63.90999984741211,841,45.725561544711745,-0.03822409347842637,-0.042364993973853765,0.0041409004954273965,0.29453432015754344,64.01682638047157,64.1054135078691,64.31787367618819,64.2535787945446,63.784421312266936,-0.002808495877103079,0.0020587433997063713,NewYork
2025-12-16 00:00:00,63.90999984741211,63.97999954223633,63.810001373291016,63.91999816894531,693,46.0824814057273,-0.04158337270802548,-0.04220866972068811,0.0006252970126626317,0.28563888078524124,64.0076046460405,64.09814231810739,64.31260380192008,64.24772277301408,63.77427696758652,-0.005291066853131299,0.0020495003801159306,Tokyo
2025-12-16 04:00:00,63.900001525878906,63.91999816894531,63.79999923706055,63.83000183105469,2032,43.32091542757898,-0.050920597090488684,-0.043951055194648224,-0.00696954189584046,0.2738074558637787,63.990690092232335,64.08762700488964,64.30621172283577,64.2508752013616,63.75112484441476,-0.00483313940666763,0.0020648373111476913,Tokyo
2025-12-16 08:00:00,63.81999969482422,64.08000183105469,62.97999954223633,63.2599983215332,19537,30.751332209768336,-0.10312616000621944,-0.05578607615696247,-0.04734008384925697,0.3328213725033916,63.92110039978479,64.05517097809135,64.29235459169269,64.37905377695398,63.548946100975705,-0.010789717485134465,0.0028559989673648057,London
2025-12-16 12:00:00,63.25,63.33000183105469,62.970001220703125,63.130001068115234,5834,28.70567726277862,-0.15322287868856677,-0.07527343666328333,-0.07794944202528344,0.3347627466354038,63.84575760629245,64.01888980515112,64.27695918078439,64.46519187795282,63.363807832130185,-0.012513674851269752,0.0028130979957482886,London
2025-12-16 20:00:00,63.150001525878906,63.29999923706055,63.150001525878906,63.209999084472656,1058,31.716026988840312,-0.18434470679363812,-0.0970876906893543,-0.08725701610428382,0.3229938482289687,63.78520917564295,63.987168600418634,64.26282725897893,64.49084887306014,63.24515080650528,-0.010952914483034482,0.0028405262379337997,NewYork
2025-12-17 00:00:00,63.209999084472656,63.38999938964844,63.20000076293945,63.25,1279,33.23409811874383,-0.20343615484763689,-0.11835738352101083,-0.08507877132662606,0.31349418954896985,63.734236873200764,63.9582600278532,64.24941232839643,64.5107476652936,63.15325189220152,-0.010481823969619941,0.002818362561874041,Tokyo
2025-12-17 04:00:00,63.2599983215332,63.52000045776367,63.20000076293945,63.52000045776367,4816,42.522674249392416,-0.19453698327521352,-0.13359330347185136,-0.060943679803362155,0.3139588684972019,63.713833405063895,63.941073378045765,64.2397512440172,64.48449853650995,63.12250143297247,-0.004856671853332051,0.002973292777544219,Tokyo
2025-12-17 08:00:00,63.5099983215332,63.70000076293945,63.31999969482422,63.41999816894531,9350,40.28709289843108,-0.19332514273788348,-0.1455396713250578,-0.047785471412825686,0.3186761684699185,63.68584909686213,63.92063905612026,64.22889358739373,64.44805479733674,63.08594483645233,0.002529242043271651,0.0029648529186818615,London
2025-12-17 12:00:00,63.41999816894531,63.43000030517578,63.33000183105469,63.40999984741211,810,40.06032258878967,-0.1909701463966087,-0.15462576633936798,-0.03634438005724072,0.3030563331592881,63.65957773977165,63.900613989112095,64.218047312692,64.42711836809012,63.04788125044016,0.004435272842697513,0.002936356628376579,London
2025-12-18 04:00:00,63.5099983215332,63.52000045776367,63.5099983215332,63.52000045776367,1586,43.807880524898266,-0.17817378836446807,-0.159335370744388,-0.018838417620080067,0.289266638673022,63.6462846652947,63.8856879682749,64.20880165898434,64.41020313975241,63.02679637196634,0.004904309093197945,0.0029637333465488093,Tokyo
2025-12-19 00:00:00,63.720001220703125,63.720001220703125,63.720001220703125,63.720001220703125,0,49.93667283279814,-0.15016320439124797,-0.15750093747375998,0.00733773308251201,0.2828905046920528,63.65330528961931,63.87919044876228,64.20232748099387,64.39368988111768,63.02330993577685,0.0074308493391799235,0.003060471166691098,Tokyo
2025-12-19 04:00:00,63.61000061035156,63.61000061035156,63.61000061035156,63.61000061035156,0,46.9064131910347,-0.13528130604264987,-0.15305701118753795,0.017775705144888077,0.2705412265248749,63.649181034450955,63.86863398451088,64.19448209197874,64.35187215552938,63.02012796654093,0.001416878966298718,0.003027663704732575,Tokyo
2025-12-22 00:00:00,63.880001068115234,63.880001068115234,63.880001068115234,63.880001068115234,0,54.24558908009905,-0.10054153371382313,-0.142553915692795,0.04201238197897186,0.270502600184789,63.67116389479993,63.86907975249537,64.1903167804044,64.35884330395321,63.02015678759954,0.0072532783420224956,0.0030714649773290956,Tokyo
2025-12-22 04:00:00,63.939998626708984,63.939998626708984,63.939998626708984,63.939998626708984,2037,55.710658537426035,-0.06739186087648363,-0.12752150472953272,0.060129643853049086,0.25546652578542905,63.696767202600796,63.87186088481747,64.18700130817003,64.37097881852999,63.01902095258818,0.008358283875922634,0.0030774136476049833,Tokyo
2025-12-23 00:00:00,63.779998779296875,63.779998779296875,63.779998779296875,63.779998779296875,0,51.01898550343456,-0.05341541715500853,-0.11270028721462788,0.059284870059619355,0.24864747733019193,63.704694019429,63.868258449306865,64.1816105461982,64.33112120852401,63.027878806734776,0.004093172538720102,0.0029794498446489045,Tokyo
2025-12-23 04:00:00,63.77000045776367,63.779998779296875,63.77000045776367,63.779998779296875,1204,51.01898550343456,-0.04185648925750485,-0.09853152762320327,0.05667503836569843,0.23160110905897846,63.71186590132118,63.864797285777065,64.17629118504719,64.24994704350732,63.06105263605811,0.0009415812530502166,0.0029020160211388657,Tokyo
2025-12-29 00:00:00,64.43000030517578,64.43000030517578,64.43000030517578,64.43000030517578,392,64.93299500734796,0.019528621436094795,-0.07491949781134367,0.09444811924743847,0.26148685311754477,63.78025965406924,63.88696211006721,64.17965157074426,64.32524618735783,63.01475358376032,0.012891049944287802,0.0037072164901989614,Tokyo
2025-12-29 04:00:00,64.5199966430664,64.52999877929688,64.5199966430664,64.52999877929688,829,66.50920354573395,0.07537690699275146,-0.044860216850524645,0.1202371238432761,0.24995196890351254,63.851663380281394,63.912179234350724,64.18429193112244,64.45066871854642,62.94733085420748,0.010175292741284592,0.0036394870887548254,Tokyo
2025-12-30 00:00:00,64.76000213623047,64.76000213623047,64.76000213623047,64.76000213623047,0,69.86441650326172,0.1366215363211012,-0.008563866216199482,0.14518540253730067,0.24852706804851835,63.93817183322892,63.94542719128718,64.19191723185236,64.62566402765181,62.85533572820757,0.012824578153477706,0.0036991372152247195,Tokyo
2025-12-30 04:00:00,64.69000244140625,64.69000244140625,64.66999816894531,64.68000030517578,3207,67.33743748609879,0.17666636723414797,0.02848218047387001,0.14818418676027795,0.2372039894225639,64.00882216389053,63.97423398006713,64.19838190832021,64.75728892760429,62.80071087403145,0.01411103077930842,0.0037174346586531922,Tokyo
2025-12-31 00:00:00,64.30999755859375,64.30999755859375,64.30999755859375,64.30999755859375,0,57.05835100296179,0.1765113419573794,0.058088012770571885,0.11842332918680751,0.24668961493395442,64.03750553481464,63.987401179225046,64.19986026130397,64.80379718368553,62.79320255691505,0.00830979600879056,0.003978736191480068,Tokyo
2026-01-02 04:00:00,64.13999938964844,64.16000366210938,64.13999938964844,64.1500015258789,322,53.271470758116976,0.16161514185779424,0.07879343858801635,0.08282170326977789,0.24121165450619428,64.04821943872552,63.993777663407556,64.19919988070231,64.83201993833293,62.796979771750074,-0.004345782678420673,0.004010486460998024,Tokyo
2026-01-05 00:00:00,64.6500015258789,64.6500015258789,64.6500015258789,64.6500015258789,2641,61.80316378880926,0.1879886017016048,0.10063247121073406,0.08735613049087075,0.2596965363271804,64.10553201845443,64.01951193252408,64.20517076341989,64.93149170249478,62.836508328022795,0.0018596427840089635,0.0037207993744434475,Tokyo
2026-01-05 04:00:00,64.58000183105469,64.58000183105469,64.58000183105469,64.58000183105469,1570,60.147465252824524,0.20092522732886664,0.12069102243436058,0.08023420489450606,0.24614676193411175,64.15071961965445,64.04149192854489,64.21013541332233,64.98480099953575,62.92819910727578,-0.0027794981352398107,0.003683682355413719,Tokyo
2026-01-06 00:00:00,64.91999816894531,64.91999816894531,64.91999816894531,64.91999816894531,0,65.04564408376872,0.23589322903575294,0.14373146375463908,0.09216176528111386,0.2528503030738627,64.22398424339644,64.07594315365863,64.21953756902595,65.09306698918878,62.99093302607001,0.0037105420939573808,0.0037971391887270185,Tokyo
2026-01-06 04:00:00,65.2699966430664,65.29000091552734,65.26000213623047,65.27999877929688,6067,69.3423118290475,0.2893195670502706,0.1728490844137654,0.11647048263650522,0.2612183347530176,64.32455705633934,64.12316102133072,64.2335834128706,65.26241443399593,63.02458545919254,0.015083210348738385,0.0039058369426959068,Tokyo
2026-01-08 00:00:00,64.7699966430664,64.7699966430664,64.7699966430664,64.7699966430664,0,58.39177125970331,0.2871967889059306,0.19571862531219844,0.09147816359373215,0.27898860628712124,64.36697987412288,64.14852712414388,64.24068822386658,65.31789502904336,63.094104482675405,0.009664771667033945,0.004377793054885805,Tokyo
2026-01-08 04:00:00,64.76000213623047,64.76000213623047,64.76000213623047,64.76000213623047,0,58.19780868880127,0.2814634631602786,0.21286759288181448,0.06859587027846412,0.25977474204060813,64.40441056575217,64.17250653638257,64.24756655383167,65.34629466817394,63.19970524027333,0.0017014788515903323,0.004345639118640714,Tokyo
2026-01-09 00:00:00,64.54000091552734,64.55000305175781,64.54000091552734,64.55000305175781,2307,54.129263745211695,0.25701191672744983,0.22169645765094156,0.035315459076508265,0.2569337762307879,64.41827651680033,64.18731032129925,64.25157233526116,65.32882031274968,63.331179916132164,-0.00046452118993978164,0.004444486112367095,Tokyo
2026-01-09 04:00:00,64.44999694824219,64.44999694824219,64.43000030517578,64.44000244140625,1106,52.075600871647914,0.22615083403289304,0.22258733292733185,0.0035635011055611954,0.24715298839873384,64.42034565247708,64.1972198162054,64.25406809825647,65.29966333075193,63.45233709649416,-0.007393649739328989,0.004476586488292898,Tokyo
2026-01-09 12:00:00,64.5,64.51000213623047,64.4800033569336,64.48999786376953,15484,52.94934157414859,0.20338294442902338,0.21874645522767017,-0.015363510798646784,0.2344991817148399,64.42697919640969,64.20870130826674,64.25719299581294,65.28573575927338,63.54326433227935,-0.012101729937193051,0.0044402487573337295,London
2026-01-12 00:00:00,64.5999984741211,64.5999984741211,64.5999984741211,64.5999984741211,0,54.897722633427364,0.19200207739501707,0.21339757966113956,-0.021395502266122496,0.22560642661746294,64.4434572228584,64.22404629516299,64.26173346572432,65.2512243718937,63.67677550603599,-0.0026246437819371637,0.00441175535116523,Tokyo
2026-01-13 00:00:00,65.01000213623047,65.01000213623047,65.01000213623047,65.01000213623047,0,61.32612696580253,0.213604230657495,0.21343890986041067,0.00016532079708433955,0.2387776577240281,64.49741388127478,64.25486809285191,64.27164430904229,65.29331433783221,63.747685646909,0.0038604075317059117,0.004521569116634354,Tokyo
2026-01-13 04:00:00,65.19000244140625,65.19000244140625,65.19000244140625,65.19000244140625,1210,63.76770572261413,0.24245375706624372,0.2192418793015773,0.023211877764666433,0.23457927539915333,64.5633746965254,64.29154002808933,64.28380799291466,65.36031347448122,63.805686891729714,0.009914784808534804,0.004541284433621327,Tokyo
2026-01-14 00:00:00,65.04000091552734,65.04000091552734,65.04000091552734,65.04000091552734,0,60.34848928832535,0.2503277229053822,0.2254590480223383,0.024868674883043895,0.2285380075762785,64.60876766976368,64.32089143543985,64.29382379321416,65.35007623113498,63.941924348699025,0.009310962932794098,0.004533376450156533,Tokyo
2026-01-16 04:00:00,64.58000183105469,64.58000183105469,64.58000183105469,64.58000183105469,2335,51.26961806083914,0.21694896321564272,0.2237570310609992,-0.00680806784535648,0.2450709416403055,64.60602806607712,64.33105262742474,64.29761423080146,65.26220962570027,64.10979125930949,0.0013956267679724466,0.004878642550792957,Tokyo
2026-01-21 00:00:00,64.37000274658203,64.37000274658203,64.37000274658203,64.37000274658203,0,47.73874905714103,0.17157309674050225,0.21332024419689982,-0.04174714745639757,0.2425658089854734,64.58354946422044,64.33258008307797,64.29857301908994,65.26541285233922,64.10058827681117,-0.0035603054639575804,0.004399413548403529,Tokyo
2026-01-21 04:00:00,64.4000015258789,64.4000015258789,64.4000015258789,64.4000015258789,806,48.28664127742908,0.13646002025242865,0.1979481994080056,-0.061488179155576944,0.22738244972200208,64.56606870818791,64.33522406122702,64.29991644302092,65.26891828076285,64.08408312304576,-0.009383180899968036,0.004385346369082335,Tokyo
2026-01-22 00:00:00,64.3499984741211,64.3499984741211,64.3499984741211,64.3499984741211,3190,47.39472729406844,0.10340582776112228,0.17903972507862895,-0.07563389731750667,0.21471249272455997,64.54549059065775,64.33580344996797,64.3005797811812,65.26441162580043,64.04758941179723,-0.012885472247683438,0.004301313958479885,Tokyo
2026-01-23 00:00:00,63.849998474121094,63.86000061035156,63.849998474121094,63.86000061035156,694,39.66318821883591,0.0372421057334833,0.15068020120959982,-0.11343809547611652,0.23509017181566283,64.48020583062859,64.31714451508105,64.29474429547486,65.31952713829332,63.9104739298219,-0.018142685863555608,0.004601490648148763,Tokyo
2026-01-23 04:00:00,63.7599983215332,63.7599983215332,63.7599983215332,63.7599983215332,0,38.290330657642215,-0.02299737024215176,0.11594468691924951,-0.1389420571614013,0.22544103731585544,64.41161463928617,64.29529564474585,64.28766156734318,65.37964307090866,63.79535807350053,-0.012697483528518072,0.0044502809808005216,Tokyo
2026-01-26 00:00:00,63.66999816894531,63.70000076293945,63.65999984741211,63.70000076293945,3335,37.452743863448525,-0.07471759261524369,0.07781223101235088,-0.15252982362759457,0.2164808542305153,64.34384188915791,64.2719507474201,64.27987798052989,65.43153649538263,63.698464572732604,-0.010408605795471315,0.00442592342494415,Tokyo
2026-01-27 00:00:00,63.09000015258789,63.09000015258789,63.09000015258789,63.09000015258789,3491,30.21578692656479,-0.16304866917360528,0.02964005097515965,-0.19268872014876492,0.24458940823916153,64.22442839043696,64.2255997437012,64.26411800929887,65.57409436641372,63.39990656437241,-0.020341635749256848,0.004455289245944698,Tokyo
2026-01-28 00:00:00,64.1500015258789,64.16999816894531,64.1500015258789,64.16999816894531,5532,49.00401122905454,-0.1442421361788604,-0.005136386455644359,-0.13910574972321604,0.30426145167618013,64.2192445598187,64.2234192897892,64.26287138889684,65.56164348489808,63.37135707967712,-0.0027972076059670226,0.00603442536621969,Tokyo
2026-01-28 04:00:00,64.26000213623047,64.26000213623047,64.26000213623047,64.26000213623047,3622,50.20715863482894,-0.12068408432058675,-0.02824592602863284,-0.09243815829195391,0.2889573456482499,64.22312623376268,64.22485391121828,64.26283338555027,65.51073474882746,63.356266212476264,0.006263725682051913,0.005907494475106315,Tokyo
2026-01-29 00:00:00,63.97999954223633,63.97999954223633,63.97999954223633,63.97999954223633,0,46.52930475804387,-0.12318799324800978,-0.04723433947250823,-0.07595365377550155,0.28831772053009924,64.19997131076018,64.21525177910134,64.25908724193022,65.38589282591424,63.35110821168342,0.0034504583829140234,0.005788145135899819,Tokyo
2026-01-29 04:00:00,63.9900016784668,63.9900016784668,63.9900016784668,63.9900016784668,2719,46.67956286796077,-0.12294800227250846,-0.06237707203250828,-0.06057093024000018,0.2684380359372685,64.17997420292271,64.20641844182155,64.25552319473204,65.3418774825777,63.31712405855999,0.004552604584834974,0.005562798920359463,Tokyo
2026-02-03 00:00:00,62.81999969482422,62.81999969482422,62.81999969482422,62.81999969482422,0,34.4753600350606,-0.21469234989257302,-0.09284012760452123,-0.12185222228805179,0.332835460773362,64.05045282119904,64.15204907919421,64.23650963844186,65.42664319324199,63.03835810375507,-0.004279607815987574,0.006842357744188925,Tokyo
2026-02-03 04:00:00,62.849998474121094,62.849998474121094,62.849998474121094,62.849998474121094,0,34.94499993448011,-0.2817321230425165,-0.1306185266921203,-0.1511135963503962,0.31120426923932726,63.936123835763055,64.10098827115213,64.21814525215946,65.48043479154913,62.81456604768428,-0.020570355812523977,0.006843570081114727,Tokyo
2026-02-04 00:00:00,62.56999969482422,62.59000015258789,62.56999969482422,62.59000015258789,2313,32.75383937180594,-0.3517861461963534,-0.17485205059296693,-0.17693409560338647,0.30897530567200926,63.80792158022256,64.04173383513,64.19658041640355,65.54944728368886,62.56055332666269,-0.025988203052066394,0.0068722191313968185,Tokyo
2026-02-04 04:00:00,62.36000061035156,62.36000061035156,62.349998474121094,62.349998474121094,3378,30.83199088674752,-0.4218082509815062,-0.22424329067067478,-0.19756496031083143,0.3040486180144941,63.66907176059385,63.97539127195318,64.17212237743291,65.60852304436524,62.287477627021474,-0.025476728349133393,0.006870849630537308,Tokyo
2026-02-06 00:00:00,63.41999816894531,63.41999816894531,63.41999816894531,63.41999816894531,0,46.034825603520375,-0.38650584174194336,-0.2566958008849285,-0.12981004085701486,0.3587594092151888,63.645350466151136,63.953611150266596,64.16216046738673,65.53577765770741,62.24222298316172,-0.008907696430226819,0.008024755793455341,Tokyo
2026-02-06 04:00:00,63.40999984741211,63.40999984741211,63.40999984741211,63.40999984741211,0,45.93323011709133,-0.355240220930213,-0.2764046848939854,-0.07883553603622762,0.3338479029521898,63.622936121509326,63.93229305995858,64.1521980750692,65.38020189890369,62.23779851308362,0.009391915877970058,0.007845474737741482,Tokyo
2026-02-09 00:00:00,63.2400016784668,63.25,63.22999954223633,63.2400016784668,5201,44.14915895052186,-0.3402571500570559,-0.2891751779265995,-0.0510819721304564,0.32285878882530344,63.586466174552896,63.90514437833145,64.14011600359102,65.15901506989937,62.263985265794,0.00620530173133238,0.00779329934461163,Tokyo
2026-02-09 04:00:00,61.25,61.27000045776367,61.25,61.25,5552,29.637419836578005,-0.48338727514743596,-0.32801759737076686,-0.1553696777766691,0.44194042379969584,63.36394558650024,63.80102106937727,64.10183632142426,65.20963537844439,61.83436486569624,-0.021409173179758878,0.010353832400923437,Tokyo
2026-02-10 04:00:00,64.12000274658203,64.1500015258789,64.12000274658203,64.1500015258789,7685,53.582207037605976,-0.3586784220837842,-0.33414976231337035,-0.024528659770413852,0.6175162168053537,63.43880805691725,63.81470657747538,64.10247427115213,65.14170048503243,61.85929972859062,0.02886933593919694,0.015051613584556435,Tokyo
2026-02-10 08:00:00,62.209999084472656,64.0,62.189998626708984,63.97999954223633,13093,52.455272170766726,-0.27044596413834654,-0.32140900267836564,0.0509630385400191,0.7134081226885371,63.49035010313811,63.82118865452483,64.10085208931218,65.08760398060865,61.87439591257982,0.008830043983905744,0.015046049258631827,London
2026-02-11 00:00:00,64.0,64.0,64.0,64.0,0,52.58162805955579,-0.19664048662002642,-0.2964552994666978,0.09981481284667137,0.6638790037653325,63.53888818855353,63.828200864151306,64.09951630004977,65.02892747145522,61.89307226914536,0.00930452852874386,0.015045675347180097,Tokyo
2026-02-11 04:00:00,63.84000015258789,63.849998474121094,63.84000015258789,63.84000015258789,2959,51.404672581355804,-0.1493382856614005,-0.26703189670563837,0.11769361104423787,0.627887635454388,63.567565518461564,63.8286635813449,64.09607900008339,64.95849584900208,61.912504059445176,0.009487641653959544,0.015053435079268696,Tokyo
2026-02-11 08:00:00,63.84000015258789,64.06999969482422,63.84000015258789,64.05999755859375,24563,52.96365858050043,-0.09302664527839966,-0.23223084642019065,0.139204201141791,0.5994670573673837,63.614463807997964,63.837735502021324,64.09560110019612,64.98279064255843,61.908208960713054,0.04587751116071437,0.014976468040370835,London
2026-02-12 00:00:00,64.25,64.2699966430664,64.25,64.26000213623047,3794,54.39603564671462,-0.031892924878775375,-0.19216326211190762,0.16027033723313225,0.5716479164463318,63.67594364878202,63.85429497787267,64.09777859736214,65.04513474760313,61.89586523713808,0.001714740572643425,0.014984723203205198,Tokyo
2026-02-12 04:00:00,64.19999694824219,64.19999694824219,64.19999694824219,64.19999694824219,1171,53.86603985504353,0.011580578100542027,-0.1514144940694177,0.16299507216995973,0.5351020072707567,63.72585348682585,63.86785191788716,64.09913248280427,65.10104937499898,61.88995022827251,0.003438534035321794,0.01498468955899865,Tokyo
2026-02-12 08:00:00,64.2300033569336,64.2300033569336,64.05999755859375,64.08000183105469,14930,52.75900517490437,0.03593678244715193,-0.11394423876610378,0.1498810212132557,0.5090237066328344,63.75958190056193,63.8761715223251,64.09887909668838,65.15893311938002,61.931066651738135,0.0012500286102294922,0.0148113117684739,London
2026-02-12 12:00:00,64.29000091552734,64.29000091552734,64.29000091552734,64.29000091552734,0,54.5205741858722,0.07136180646642032,-0.07688302971959897,0.1482448361860193,0.4876648050499645,63.810097997225306,63.89240012598009,64.10141051150744,65.17557387423695,61.92642617153941,0.007048884114409182,0.014331921910666269,London
2026-02-13 00:00:00,64.0999984741211,64.11000061035156,64.0999984741211,64.11000061035156,3306,52.70637770389193,0.08394421625135351,-0.044717580525408474,0.12866179677676198,0.46640320764684207,63.83866015085638,63.90093347830839,64.10152428765107,65.15562920744163,61.93137068574685,0.0007805659329298553,0.014342563944434084,Tokyo
2026-02-13 04:00:00,64.0,64.0,64.0,64.0,1210,51.57687961549737,0.08407062290664413,-0.018959939838997953,0.10303056274564208,0.44094587926860784,63.85402585077482,63.904818439943355,64.1001795950994,65.1577936896534,61.93120624931144,-0.004046095978634812,0.01431344871892317,Tokyo
2026-02-13 08:00:00,64.0199966430664,64.19000244140625,64.0199966430664,64.19000244140625,9304,53.433177644543335,0.09836847959597605,0.004505744047996849,0.0938627355479792,0.4230213479927251,63.886023621311146,63.91600212627523,64.10136930167302,65.1818391748218,61.92716084043699,-0.00015567768397239945,0.014328665805792203,London
2026-02-17 00:00:00,63.849998474121094,63.849998474121094,63.849998474121094,63.849998474121094,0,49.75729860334504,0.08132667215208755,0.01986992966881499,0.06145674248327256,0.4170915350850416,63.88259265491209,63.913413747759385,64.09803988673855,65.20032471005287,62.01167518313561,-0.0035893157047652835,0.013718685960871184,Tokyo
2026-02-17 04:00:00,64.0199966430664,64.0199966430664,64.0199966430664,64.0199966430664,4408,51.55191554283101,0.08060913652471413,0.03201777103999482,0.04859136548471931,0.3994420089322038,63.895678749022025,63.91759346914397,64.0970062013919,65.22758046020176,62.10141924988125,-0.004199786414931017,0.013724547253533292,Tokyo
2026-02-17 08:00:00,63.810001373291016,63.810001373291016,63.61000061035156,63.619998931884766,10528,47.27321523710054,0.047219692773396105,0.035058155386675074,0.01216153738672103,0.4001958677738209,63.86942352834228,63.90592309513381,64.09068822431234,65.19566444263486,62.236335145377836,-0.007643139507125141,0.013773904849384847,London
2026-02-17 12:00:00,63.61000061035156,63.61000061035156,63.61000061035156,63.61000061035156,0,47.16783303692939,0.01972416911061714,0.03199135813146349,-0.01226718902084635,0.37232461447091963,63.84471658377174,63.894318291809014,64.08432150094863,65.11400090186191,62.44399889977383,-0.006093740463256836,0.01373290358335449,London
2026-02-18 00:00:00,63.869998931884766,63.869998931884766,63.869998931884766,63.869998931884766,1947,50.272243342119296,0.018697922156846403,0.029332670936540076,-0.010634748779693674,0.3643013078325113,63.84712442644917,63.893364591419825,64.0814827914246,65.12615321964513,62.47684665828456,-0.004985254671295403,0.013234490306901955,Tokyo
2026-02-18 04:00:00,63.939998626708984,63.959999084472656,63.939998626708984,63.959999084472656,1402,51.338168056214705,0.024860300138456637,0.028438196776923393,-0.0035778966384667557,0.34470836817218126,63.85787439387998,63.89597770879445,64.07987373570339,65.14221850137095,62.51578130026479,0.0017227973841871247,0.01323593834809852,Tokyo
2026-02-18 08:00:00,63.93000030517578,63.97999954223633,63.90999984741211,63.97999954223633,16029,51.586524423638025,0.031000543904184497,0.028950666202375616,0.0020498777018088804,0.32508632007589816,63.86950536039011,63.89927268265492,64.07855089870382,65.15073460873535,62.58126497927735,-0.0006247594958974645,0.01321574939910297,London
2026-02-18 12:00:00,63.810001373291016,63.810001373291016,63.810001373291016,63.810001373291016,0,49.28411376490339,0.02189688615343499,0.027539910192587492,-0.005643024039152501,0.314008594995142,63.863838313999715,63.89577184699359,64.07499395134737,64.3701527946595,63.61784693068228,0.0029865206632535557,0.010824427258791097,London
2026-02-19 08:00:00,64.04000091552734,64.05000305175781,64.04000091552734,64.05000305175781,18079,52.50690177235352,0.03366028664062526,0.028763985482195047,0.004896301158430212,0.3087223866716888,63.881568289024294,63.90182012953336,64.0746629460548,64.35903044629326,63.61896943163643,0.006917189705774707,0.003111820391351782,London
2026-02-20 00:00:00,64.27999877929688,64.27999877929688,64.27999877929688,64.27999877929688,0,55.42985546653149,0.06084027056799357,0.03517924249935475,0.02566102806863882,0.30309905387650116,63.91951405000263,63.91665066481821,64.0773826259653,64.39615496641566,63.61184483522008,0.00641928689946214,0.0031524370443858497,Tokyo
2026-02-20 04:00:00,64.3499984741211,64.3499984741211,64.3499984741211,64.3499984741211,0,56.31115404146135,0.0870258145931615,0.0455485569181161,0.0414772576750454,0.286449099658481,63.960512566585344,63.933644696555575,64.08099343190113,64.44303976966951,63.599959879378346,0.006097551520183098,0.0031582239798478872,Tokyo
2026-02-20 08:00:00,64.95999908447266,65.06999969482422,64.93000030517578,65.05999755859375,23436,64.07125539503193,0.16318791064382765,0.06907642766325842,0.09411148298056923,0.31741710830452696,64.0652254229671,63.97781539702766,64.09396037397653,64.70067551288216,63.46432387676629,0.01688024420263501,0.0038880639877312884,London
2026-02-20 12:00:00,65.62999725341797,65.62999725341797,65.62000274658203,65.62000274658203,24686,68.78135239507361,0.2656721557578692,0.10839557328218058,0.1572765824756886,0.33545872162736207,64.21329945378757,64.04221490093175,64.11417285573289,65.08466670305903,63.23633320538825,0.028365480870348847,0.004216618902118033,London
2026-02-23 00:00:00,65.41000366210938,65.44999694824219,65.38999938964844,65.43000030517578,0,65.63729615958952,0.3277815871651484,0.15227277605877415,0.17550881110637423,0.32792619557780717,64.32917572534835,64.09663785796093,64.1316010338712,65.30384140088626,63.13415832445555,0.021545623538890668,0.004286916108203917,Tokyo
2026-02-23 04:00:00,65.48999786376953,65.48999786376953,65.48999786376953,65.48999786376953,0,66.16327347778306,0.37749354992573103,0.19731693083216553,0.1801766190935655,0.3087884357932316,64.43973021472179,64.15127942681617,64.14959304486324,65.50799165816603,63.0590081587285,0.01882388157204451,0.00426510890015718,Tokyo
2026-02-23 08:00:00,65.27999877929688,65.41000366210938,65.27999877929688,65.4000015258789,15139,64.56678857591811,0.40496055305541745,0.23884565527681592,0.16611489777860153,0.30173205355604765,64.53118462530819,64.20024892089707,64.16615474659855,65.66660194725078,63.03239783912617,0.016317064128293257,0.004248990704554082,London
2026-02-23 12:00:00,65.06999969482422,65.08000183105469,65.06999969482422,65.08000183105469,11367,59.1056149782889,0.396338308592064,0.27034418593986553,0.12599412265219845,0.3037513233773791,64.58345293061737,64.2347490350209,64.17825868149201,65.74538736455561,63.032612513374076,0.0003074742270459119,0.004411158721032287,London
2026-02-24 00:00:00,65.61000061035156,65.61000061035156,65.58000183105469,65.5999984741211,1,64.37824996332704,0.4265475266663401,0.30158485408516045,0.12496267258117966,0.3199118559430574,64.68026679190343,64.2882882287111,64.19708967212287,65.91566044923105,63.01133921507559,-0.00030485022285342556,0.00462400786296274,Tokyo
2026-02-24 04:00:00,65.54000091552734,65.54000091552734,65.54000091552734,65.54000091552734,4037,63.36312769728541,0.4405686469601733,0.329381612660163,0.11118703430001026,0.3013465489895354,64.76214623224857,64.33737500074311,64.21487657600902,66.05131018833426,63.029689567525125,0.0016811953207780395,0.004601260098622357,Tokyo
2026-02-24 08:00:00,65.7699966430664,65.77999877929688,65.66999816894531,65.7300033569336,17123,65.23277424065327,0.46169001975886204,0.3558432940799029,0.10584672567895914,0.2969645000452494,64.85432310126619,64.39198787745646,64.23494448039213,66.20797101937012,63.02702882804198,0.003664765628230926,0.00459987358994804,London
2026-02-24 12:00:00,65.66999816894531,65.68000030517578,65.66000366210938,65.68000030517578,8071,64.30275335410312,0.46898783170013303,0.37847220160394895,0.09051563009618407,0.2807527282437472,64.93295902544806,64.44249816873958,64.25408429264093,66.32393004174376,63.094069988773825,0.004281326800674057,0.004368362804265387,London
2026-02-25 00:00:00,66.11000061035156,66.11000061035156,66.11000061035156,66.11000061035156,0,68.46626008515531,0.5036629186003267,0.4035103450032246,0.10015257359710217,0.2914132694531782,65.04505822401029,64.50789042135182,64.27866596572319,66.50917063815456,63.11782978909152,0.01582665565945618,0.004509688366233432,Tokyo
2026-02-25 04:00:00,66.30999755859375,66.30999755859375,66.30999755859375,66.30999755859375,1254,70.20678865697462,0.5410444336257711,0.4310171627277339,0.11002727089803727,0.28488353222382173,65.16552863682776,64.57856128947896,64.3055710199334,66.67157786582712,63.22442242408989,0.01082315702724812,0.004117345427746039,Tokyo
2026-02-25 08:00:00,66.2699966430664,66.27999877929688,66.0,66.0,10838,64.28397602305876,0.5394370468932124,0.45270113956082964,0.08673590733238273,0.2866773912502452,65.24500209998702,64.6343039840092,64.3280137878813,66.73083708037649,63.40416314850535,0.00701860051948322,0.004363489935586056,London
2026-02-25 12:00:00,66.0999984741211,66.0999984741211,66.06999969482422,66.08000183105469,9954,65.10220197029588,0.5384121800285584,0.4698433476543754,0.06856883237418299,0.27334318288387727,65.32452588389822,64.69099801722666,64.35121892752599,66.79948248247943,63.55651803631939,0.005324790145232461,0.004333198339489448,London
2026-02-26 00:00:00,66.08999633789062,66.08999633789062,66.08999633789062,66.08999633789062,0,65.20943233482726,0.5322707529160482,0.48232882870671,0.049941924209338184,0.2545325631661673,65.39742783189749,64.74586069646838,64.37424909190169,66.84790311883985,63.72109712530077,0.0062423269002716,0.004346759816750155,Tokyo
2026-02-26 04:00:00,66.16999816894531,66.16999816894531,66.16999816894531,66.16999816894531,2326,66.10717278956186,0.5277752423802298,0.491418111441414,0.03635713093881576,0.2420660823010616,65.47100595923538,64.80170922480082,64.39803384788902,66.87742906456415,63.910571042247376,0.0009075413407930721,0.004336981372026078,Tokyo
2026-02-26 08:00:00,65.9000015258789,65.9000015258789,65.47000122070312,65.48999786376953,9483,53.47603803197636,0.46399354747484267,0.48593319864809975,-0.02193965117325708,0.2747754298682849,65.47281471204816,64.82870093613293,64.41249694743712,66.76040814681765,64.19559160904173,-0.012366154803423735,0.0050255891745454246,London
2026-02-26 12:00:00,65.4000015258789,65.4000015258789,65.38999938964844,65.4000015258789,8357,52.05833753131256,0.40155526328732094,0.469057611575944,-0.06750234828862306,0.2622913616006284,65.46588012288919,64.85110488082886,64.4255764782774,66.63974273741535,64.45125686585614,-0.009090885971531737,0.0050246031701073985,London
2026-02-27 00:00:00,65.55000305175781,65.55000305175781,65.55000305175781,65.55000305175781,0,54.23606798160867,0.36002618499641414,0.44725132626003805,-0.0872251412636239,0.2542706590490768,65.47389183040049,64.87851265223784,64.44046954547582,66.52727964369552,64.69072038682205,-0.008020562418444066,0.004998424552944346,Tokyo
2026-02-27 04:00:00,65.4000015258789,65.4000015258789,65.4000015258789,65.4000015258789,3809,51.70664157738523,0.3114203616499793,0.42008513333802633,-0.108664771688047,0.24682286382263605,65.4668546585413,64.8989631963022,64.45317857832885,66.37362791785102,64.94937241784234,-0.010440230749659385,0.005051343329431378,Tokyo
2026-02-27 08:00:00,65.23999786376953,65.55000305175781,65.20999908447266,65.55000305175781,8609,54.016171844508754,0.28175585982019413,0.3924192786344599,-0.11066341881426578,0.25347865692710175,65.47477355313335,64.92449417102596,64.46770605479811,66.34254147859615,65.02945940641361,-0.009369731514946245,0.0044717300718128405,London
2026-02-27 12:00:00,65.72000122070312,65.7300033569336,65.72000122070312,65.7300033569336,6509,56.69262913149041,0.2696625467217615,0.3678679322519202,-0.09820538553015873,0.24823020323057884,65.49908115349527,64.95608276655175,64.48442522436282,66.34755642077117,65.03544452527375,0.003664765628230926,0.0040824979070407785,London
2026-03-02 00:00:00,65.0999984741211,65.12000274658203,65.0999984741211,65.12000274658203,0,46.759864414637455,0.2084536339616534,0.3359850725938669,-0.1275314386322135,0.2754998232007161,65.46297844807495,64.96251100106274,64.49284346969023,66.37153024113154,64.98047094905401,-0.004281326800674168,0.004554958291956637,Tokyo
2026-03-02 04:00:00,65.25,65.25,65.25,65.25,1646,48.817887981686134,0.16849254436286287,0.3024865669476661,-0.13399402258480325,0.2651067825019484,65.44269478635353,64.97378507945244,64.50287203300559,66.38099246030858,64.94700894350002,-0.004576705382010937,0.004575656977353497,Tokyo
2026-03-02 08:00:00,64.75,64.94000244140625,64.73999786376953,64.91999816894531,11995,44.152057132010235,0.10893892303337793,0.2637770381648085,-0.1548381151314306,0.2825993077682713,65.39291415612418,64.97167578884432,64.50839688248824,66.42327176565354,64.8567293024617,-0.007339500699302781,0.00469923832346429,London
2026-03-02 12:00:00,64.58999633789062,64.5999984741211,64.58999633789062,64.58999633789062,10620,40.031666792605606,0.03471370130326079,0.217964370792499,-0.1832506694892382,0.2859852022887296,65.31644579248288,64.9567079672383,64.50947766997702,66.49701756986674,64.73398294893208,-0.01464541066625391,0.004709137340872527,London
2026-03-03 00:00:00,64.69000244140625,64.69000244140625,64.69000244140625,64.69000244140625,0,41.80411888480885,-0.0158578653137198,0.17119992357125524,-0.18705778888497504,0.27270098094779355,65.25678452095177,64.94624892700959,64.51186872655224,66.54397732098072,64.59602359454662,-0.01582231648277621,0.004313387469817487,Tokyo
2026-03-03 04:00:00,64.5999984741211,64.5999984741211,64.58999633789062,64.58999633789062,1540,40.51453939678414,-0.06327644154406187,0.12430465054819181,-0.18758109209225368,0.2603656325597815,65.19328088446976,64.93227823724023,64.51290352935142,66.5907382848903,64.45426217287337,-0.008138918709109322,0.004317371807495475,Tokyo
2026-03-03 08:00:00,64.27999877929688,64.29000091552734,63.849998474121094,63.86000061035156,19367,32.60733678903428,-0.15793992606903373,0.06785573522474671,-0.22579566129378043,0.2946250776461922,65.06630181074422,64.89022813422498,64.50425580856997,66.72404176983339,64.13395841327208,-0.02130267263829022,0.004833959161120909,London
2026-03-03 12:00:00,64.11000061035156,64.12000274658203,64.0999984741211,64.0999984741211,11649,36.96323403389319,-0.211161459842657,0.012052296211265967,-0.22321375605392296,0.29215201040221195,64.97427292154202,64.85923873578955,64.49890140678919,66.76754460862804,63.93245539137195,-0.012630926031302114,0.004970826196917094,London
2026-03-04 00:00:00,64.36000061035156,64.36000061035156,64.36000061035156,64.36000061035156,0,41.38341209889188,-0.22971193315866856,-0.03630054966272094,-0.1934113834959476,0.28985559081851603,64.91577079666673,64.8396607700861,64.497061661141,66.69844298902073,63.82655701097927,-0.0035608567979455996,0.004795483671014594,Tokyo
2026-03-04 04:00:00,64.63999938964844,64.63999938964844,64.62999725341797,64.63999938964844,5814,45.791752415871,-0.21929189500755797,-0.07289881873168835,-0.14639307627586962,0.2891515328526845,64.88950685314119,64.83183091202972,64.49895487608812,66.55128128508447,63.806718898021,-0.000772964134652887,0.004867250557955565,Tokyo
2026-03-04 08:00:00,64.45999908447266,64.48999786376953,64.2300033569336,64.2300033569336,12645,40.936883018538,-0.24133523074668517,-0.10658610113468772,-0.13474912961199745,0.2977832828428388,64.82669699635952,64.80822983143771,64.49539260431123,66.46813354640013,63.71286697239872,-0.005573509852420444,0.004942955928705952,London
2026-03-04 12:00:00,64.19000244140625,64.19000244140625,64.18000030517578,64.18000030517578,8616,40.37467010862194,-0.25984423887912556,-0.1372377286835753,-0.12260651019555024,0.28008469490819404,64.7651068352944,64.78359337942744,64.49121522286573,66.34763654459654,63.643363821614386,0.005010956651515297,0.004908393159634026,London
2026-03-05 08:00:00,64.08000183105469,64.08999633789062,63.720001220703125,63.72999954223633,9643,35.63195424560652,-0.30728190737831085,-0.17124656442252242,-0.13603534295578842,0.2929357227342271,64.6665251883365,64.7422759740474,64.48113289596998,66.23934014460873,63.51566054203678,-0.005772214363377048,0.005045518173727561,London
2026-03-05 12:00:00,63.970001220703125,63.97999954223633,63.959999084472656,63.97999954223633,9595,39.8586658841918,-0.32100336381067507,-0.20119792430015299,-0.11980543951052208,0.289868885396068,64.60114179346981,64.71238278064304,64.47449536810596,66.04158124613002,63.494419577844575,-0.0059043049178298945,0.005165797263071617,London
2026-03-06 00:00:00,64.5,64.51000213623047,64.5,64.5,0,47.570480391132065,-0.2866141166490479,-0.21828116276993198,-0.06833295387911592,0.30702129315307314,64.59150924171078,64.70405404414723,64.47483317779992,65.95019407109405,63.486806966503615,-0.0021658321622889387,0.005185414383216722,Tokyo
2026-03-06 08:00:00,64.18000030517578,64.2300033569336,64.18000030517578,64.22000122070312,10420,44.27810294405987,-0.27874080150454006,-0.23037309051685362,-0.04836771098768644,0.3079483218438692,64.55612752542434,64.68507158048276,64.47145792009003,65.8665426188544,63.4524583882257,-0.0001557237382486809,0.005246267364235186,London
2026-03-06 12:00:00,64.30999755859375,64.30999755859375,64.30000305175781,64.30000305175781,9105,45.440019028239035,-0.26301380395385365,-0.23690123320425363,-0.026112570749600023,0.29238032299006605,64.53173471840849,64.66997085386609,64.46918699468166,65.73751140504386,63.45648960203623,0.001869784138538666,0.005217809909651788,London
2026-03-09 00:00:00,64.56999969482422,64.56999969482422,64.55000305175781,64.55999755859375,0,49.1509322105351,-0.22695447137931524,-0.23491188083926595,0.007957409459950715,0.29078148870980464,64.53442641747375,64.66565817562011,64.47038978360766,65.63104692380371,63.47895368654785,0.013023662675650138,0.005323728755608733,Tokyo
2026-03-09 04:00:00,64.70999908447266,64.72000122070312,64.70999908447266,64.72000122070312,1344,51.344199877947524,-0.18335265689903224,-0.22460003605121923,0.041247379152186986,0.2814402153812025,64.5521002082575,64.66778927542728,64.47369589535727,65.48711661170097,63.53988381554513,0.01156614072774853,0.005329238272946485,Tokyo
2026-03-09 08:00:00,64.5,64.5,64.43000030517578,64.44000244140625,8600,47.48435309792271,-0.16943828712878428,-0.21356768626673225,0.04412939913794797,0.2820516939630697,64.54142423046214,64.65885645840685,64.47324962444401,65.23639816620158,63.661602169491765,-0.0009301947068798277,0.005328024142280105,London
2026-03-09 12:00:00,64.72000122070312,64.7300033569336,64.70999908447266,64.70999908447266,8806,51.28719867310014,-0.13506760097152437,-0.19786766920769067,0.0628000682361663,0.282619495503375,64.55747897846314,64.6608620515859,64.47638537888147,65.16183410989214,63.69516585959028,0.007629988390775111,0.005065714272776429,London
2026-03-10 00:00:00,65.16999816894531,65.16999816894531,65.16999816894531,65.16999816894531,0,57.00026232496242,-0.06990468512434234,-0.17227507239102102,0.10237038726667869,0.295289466144038,64.61581413946145,64.68082817383528,64.48557230325318,65.13961302052692,63.70938676585004,0.013530250013941814,0.005309800297578477,Tokyo
2026-03-10 04:00:00,65.01000213623047,65.02999877929688,65.01000213623047,65.02999877929688,6992,54.89029663350803,-0.02922252646816048,-0.1436645632064489,0.11444203673828843,0.2856256494705241,64.65526029563625,64.69452113875535,64.49278324995575,65.1626364863413,63.6973633610708,0.00728006874963949,0.005203915859286378,Tokyo
2026-03-10 08:00:00,65.1500015258789,65.2300033569336,65.1500015258789,65.2300033569336,16996,57.32089032911032,0.01893876102514014,-0.11114389836013111,0.13008265938527125,0.2795098586252523,64.70999773004553,64.715520441429,64.50254775468393,65.27550714361313,63.64849340570329,0.007880131746155206,0.005095279465126163,London
2026-03-10 12:00:00,65.37999725341797,65.37999725341797,65.29000091552734,65.29000091552734,12110,58.05108961945893,0.061242267170968034,-0.07666666525391129,0.13790893242487934,0.27025871847233246,64.76523612866285,64.73804908747208,64.51297759787391,65.3816031775238,63.60239721920471,0.01319054068773462,0.005090375258710891,London
2026-03-11 00:00:00,65.37000274658203,65.37000274658203,65.3499984741211,65.3499984741211,1829,58.810020654894196,0.09847425224802464,-0.0416384817535241,0.14011273400154875,0.25666894079964353,64.82092778061126,64.76204710263478,64.52406396709574,65.49864521572712,63.56135539462442,0.00989027041729651,0.00506897819211894,Tokyo
2026-03-11 04:00:00,65.3499984741211,65.3499984741211,65.3499984741211,65.3499984741211,855,58.81002065489419,0.1265223972257843,-0.00800630595766242,0.1345287031834467,0.23833544502824042,64.87131546570744,64.78510401916365,64.53500349699013,65.5852935718831,63.62370682484543,0.00276201181883029,0.0042255272213489355,Tokyo
2026-03-12 00:00:00,65.19999694824219,65.19999694824219,65.19999694824219,65.19999694824219,0,55.87872527241374,0.13508965521830874,0.020612886277531814,0.11447676894077692,0.23202587937471655,64.90261846404408,64.80137433010792,64.54381135727161,65.64453379550004,63.67446644864058,0.0026141499636538335,0.004246227366299097,Tokyo
2026-03-12 08:00:00,65.55000305175781,65.55000305175781,65.4000015258789,65.41000366210938,14934,58.96268947447158,0.15701508346715798,0.04789332571545705,0.10912175775170094,0.24045303824192432,64.95094086385983,64.82524214704915,64.55528410303106,65.740777181594,63.68322336772242,0.0027594710395895117,0.004217226014991069,London
2026-03-13 00:00:00,65.91999816894531,65.94000244140625,65.91999816894531,65.94000244140625,0,65.51402901890073,0.21468288476310704,0.08125123752498706,0.13343164723811998,0.2611348768887065,65.04513720457854,64.86895823702395,64.57362474327444,65.94189201357524,63.612108840916946,0.009955606015688012,0.004457200659414463,Tokyo
2026-03-13 04:00:00,65.87999725341797,65.87999725341797,65.87999725341797,65.87999725341797,0,64.2631597911365,0.252630943320554,0.11552717868410045,0.13710376463645357,0.24676847053867612,65.12464768542038,64.90860682590214,64.59092769042866,66.09297114647511,63.62602909766552,0.008110157485416991,0.004138803075501348,Tokyo
2026-03-13 08:00:00,66.05999755859375,66.06999969482422,65.69999694824219,65.70999908447266,24532,60.725709668194106,0.2659222356269453,0.14560619007266942,0.12031604555427586,0.2555709188274872,65.18039543771107,64.94003397329706,64.60574982809813,66.18174860530583,63.69025151676449,0.005508808244182761,0.004204938564584186,London
2026-03-16 04:00:00,67.11000061035156,67.11000061035156,67.11000061035156,67.11000061035156,0,73.60952328457364,0.3849862218558826,0.19348219642931208,0.19150402542657052,0.3373159621883029,65.36416735891493,65.02513070416194,64.63891871263128,66.56117358552225,63.64882664335957,0.029294536066092114,0.00573591019762799,Tokyo
2026-03-16 08:00:00,67.44999694824219,68.02999877929688,67.43000030517578,68.0199966430664,37869,78.53790071543031,0.5464749404927858,0.2640807452420068,0.28239419525077897,0.3789361198138036,65.61710348121507,65.14257642725623,64.68370120177612,67.17008147125286,63.44391846771199,0.039902046091291554,0.006229197968972955,London
2026-03-17 00:00:00,68.12000274658203,68.12000274658203,68.12000274658203,68.12000274658203,0,79.00199524085473,0.6747475010671877,0.34621409640704304,0.3285334046601447,0.35901254722107656,65.85547483982145,65.25933824370038,64.72921512952189,67.69297581593169,63.28302439769137,0.03306036130515633,0.0061227084442597186,Tokyo
2026-03-17 04:00:00,68.41999816894531,68.41999816894531,68.41000366210938,68.41999816894531,10828,80.37306494931856,0.7914877745140956,0.43526883202845357,0.356218942485642,0.3547970383026626,66.09971515688088,65.38328569174921,64.77809967309041,68.17742699595462,63.21857291249265,0.03855496389529023,0.005898577633505208,Tokyo
2026-03-17 08:00:00,68.5,68.94000244140625,68.5,68.91999816894531,34743,82.43200526942361,0.9138171879039589,0.5309785032035547,0.3828386847004043,0.3665975550282537,66.36831353898225,65.52198029869808,64.83295925581696,68.70333934985088,63.154660070315124,0.04885099877031007,0.0059492402369118345,London
2026-03-18 04:00:00,68.33000183105469,68.33999633789062,68.33000183105469,68.33999633789062,6099,72.88098920681337,0.952977497479651,0.615378302058774,0.337599195420877,0.3825546109469945,66.556092853164,65.6324907316076,64.87941007809609,69.0120909211939,63.22390837690179,0.018328054184957532,0.006514997847288861,Tokyo
2026-03-18 08:00:00,68.66000366210938,68.70999908447266,68.58999633789062,68.70999908447266,19431,74.88050518214096,1.0023143979004203,0.6927655212271033,0.309548876673317,0.38165804920664,66.76122677995531,65.75317733368075,64.93014635632625,69.35248632637905,63.282512758093624,0.010144111665089106,0.006539033154539472,London
2026-03-19 00:00:00,67.95999908447266,67.95999908447266,67.95999908447266,67.95999908447266,0,64.49931524218186,0.9697172184819323,0.7481558606780692,0.2215613578038631,0.40796818854902284,66.87539557086171,65.83971936312358,64.9702768560368,69.47788781633159,63.50911093244769,-0.002348849906900541,0.007077020247218698,Tokyo
2026-03-19 04:00:00,67.95999908447266,67.97000122070312,67.95999908447266,67.97000122070312,4479,64.56986043420989,0.9339251005344664,0.7853097086493486,0.14861539188511785,0.37954204195484037,66.97964372798947,65.9232598281267,65.01000830457544,69.58634704290863,63.726651919493705,-0.006576979834624352,0.007088837570065446,Tokyo
2026-03-19 08:00:00,68.33999633789062,68.33999633789062,68.16000366210938,68.18000030517578,30153,66.09330101501891,0.9119918855132312,0.8106461440221252,0.10134574149110598,0.37886011875717324,67.09396340200722,66.01175945467766,65.05199495359001,69.72454704243437,63.889452133591035,-0.010737055766536052,0.007007422507179068,London
2026-03-20 04:00:00,67.38999938964844,67.41000366210938,67.38999938964844,67.41000366210938,0,56.50020494301305,0.8229904391350118,0.8131150030447025,0.009875436090309275,0.40822731852647115,67.1240624743979,66.06659256085146,65.08322685701411,69.73032190367455,64.1216777606321,-0.013608322001996132,0.007590455972925839,Tokyo
2026-03-20 08:00:00,67.70999908447266,67.70999908447266,67.22000122070312,67.25,12707,54.72276411784301,0.7311173278825436,0.7967154680122708,-0.0655981401297272,0.4140680717581183,67.13605652445524,66.11300069572003,65.11192583904042,69.71731792279564,64.33668140581764,-0.02124871349041524,0.007639919463523897,London
2026-03-23 04:00:00,67.62999725341797,67.62999725341797,67.62999725341797,67.62999725341797,0,58.0944843731038,0.6811183198761341,0.7735960383850435,-0.0924777185089094,0.411634441876679,67.18309849864217,66.17249075680623,65.14527777830371,69.71723299374821,64.57076596865414,-0.004855824536496911,0.007692821823165842,Tokyo
2026-03-23 08:00:00,67.48999786376953,67.5,67.12000274658203,67.12000274658203,15031,52.44926574554534,0.5934999532873206,0.7375768213654991,-0.14407686807817843,0.4186601608023403,67.17708937939835,66.20964808973861,65.1714330758968,69.66377665393732,64.80122273571111,-0.012505494466023226,0.007970838638605295,London
2026-03-24 00:00:00,67.0,67.0,67.0,67.0,0,51.18879961311963,0.5085166839728714,0.6917647938869737,-0.18324810991410223,0.39732748835803255,67.16022372421756,66.24064228229788,65.19565250535513,69.58386832090318,65.04613122133316,-0.017307132588648577,0.007996629493139526,Tokyo
2026-03-24 04:00:00,66.97000122070312,66.97000122070312,66.97000122070312,66.97000122070312,649,50.85974873154264,0.43374622352365577,0.64016107981431,-0.20641485629065426,0.3710897234250927,67.14210729531142,66.2692445936079,65.21915381284319,69.45242898146915,65.35457098801328,-0.006527257343164505,0.007964099788148842,Tokyo
2026-03-24 08:00:00,66.94999694824219,67.31999969482422,66.94999694824219,67.31999969482422,18178,54.53206905775946,0.39814250773379456,0.591757365398207,-0.19361485766441244,0.3710120822220169,67.15904942859835,66.31045067600854,65.24697958611446,69.32233179284344,65.67566777991047,0.001040887655378686,0.00800129185949769,London
2026-03-25 04:00:00,67.93000030517578,67.93000030517578,67.91999816894531,67.93000030517578,0,60.12514936227711,0.41437163940528876,0.5562802201996233,-0.14190858079433455,0.3880826913741273,67.23247332160572,66.37396242617196,65.28251628438018,69.27488974083664,65.92210961829423,0.004435946531738955,0.008045443363599683,Tokyo
2026-03-25 08:00:00,67.73999786376953,67.88999938964844,67.73999786376953,67.87999725341797,11534,59.47925380217415,0.4183757396982486,0.5286993240993484,-0.1103235844010998,0.3739341020907075,67.2941422674926,66.43302261547572,65.3169200058244,69.16925584552916,66.2277435136017,0.011322921271403441,0.008042807902324759,London
2026-03-26 00:00:00,68.33000183105469,68.33000183105469,68.31999969482422,68.33000183105469,0,63.30023195522831,0.452642841680003,0.5134880276154794,-0.06084518593547639,0.3793677074868511,67.39279555926042,66.50741395726314,65.3568283743705,68.98810852925668,66.67089110453237,0.01985077359783105,0.008060038478085637,Tokyo
2026-03-26 04:00:00,68.18000030517578,68.18000030517578,68.16999816894531,68.16999816894531,1138,61.09428345020833,0.4615681383728827,0.5031040497669601,-0.04153591139407742,0.36369884710274564,67.46681485542089,66.57261333811343,65.39408890145096,68.99872995620814,66.7662694334403,0.01791842506150676,0.006725909150108827,Tokyo
2026-03-26 08:00:00,68.0999984741211,68.62999725341797,68.05999755859375,68.62999725341797,15653,64.88321331405062,0.49999594008879455,0.502482427831327,-0.0024864877425324616,0.3784346219399937,67.57759413142061,66.65329506028223,65.43694861472206,69.07734726209539,66.7486521885882,0.019459262693586554,0.006205416073098106,London
2026-03-27 00:00:00,69.37000274658203,69.37000274658203,69.36000061035156,69.36000061035156,4640,69.89402832533054,0.58263911873739,0.5185137660125396,0.06412535272485043,0.40426111274171295,67.74734712941404,66.75944037597122,65.48890956830655,69.30590205953101,66.64409717752955,0.021051086394104246,0.006605986583460507,Tokyo
2026-03-27 04:00:00,69.06999969482422,69.08999633789062,69.04000091552734,69.05999755859375,1693,65.7423443676221,0.6168164184644525,0.5381742965029223,0.0786421219615302,0.3982424400333205,67.87236145600258,66.84965830470152,65.53620874698586,69.41168333736702,66.60231583865836,0.017383623348870447,0.006651311388287124,Tokyo
2026-03-27 08:00:00,69.20999908447266,69.62000274658203,69.19000244140625,69.62000274658203,20655,69.39664531984566,0.6812370367401002,0.5667868445503579,0.11445019218974228,0.40979692203010337,68.03880348367682,66.95829926320664,65.59029873373548,69.57178208760185,66.51221754618722,0.018878982598549587,0.006696412303491395,London
2026-03-30 00:00:00,70.51000213623047,70.58999633789062,70.5,70.58999633789062,0,74.47549635542839,0.8013240522258087,0.6136942860854481,0.18762976614036064,0.44981096983570984,68.28177423169718,67.1007187563315,65.65651989405542,70.06107955279477,66.24792008099429,0.035499460671068794,0.006976137393765018,Tokyo
2026-03-30 04:00:00,70.6500015258789,70.6500015258789,70.6500015258789,70.6500015258789,0,74.75461131905293,0.8910641613806263,0.6691682611444838,0.22189590023614247,0.42196769970375064,68.50731968828592,67.2399063159216,65.722658723616,70.45184626309423,66.05115361483546,0.029433255912892253,0.006920350116154673,Tokyo
2026-03-30 08:00:00,70.01000213623047,70.12999725341797,70.01000213623047,70.11000061035156,23558,67.59140190749397,0.9081417902617801,0.716962966967943,0.19117882329383706,0.43754139184265683,68.65995596657788,67.35245903335023,65.78076921218202,70.70466411887999,66.01333591163758,0.010813148693774144,0.006643563430153465,London
2026-03-31 00:00:00,70.16999816894531,70.16999816894531,70.16999816894531,70.16999816894531,0,67.9587709800284,0.9159586347686002,0.7567621005280745,0.1591965342405257,0.4105739751820206,68.8037695096605,67.46295076415788,65.83890469505306,70.94080126566286,65.99719845967894,0.016072989423577377,0.006637536259816384,Tokyo
2026-03-31 04:00:00,70.70999908447266,70.72000122070312,70.70999908447266,70.70999908447266,5396,71.13070487647141,0.9547216642132526,0.7963540132651101,0.15836765094814242,0.4205331949374343,68.98531518345213,67.59028599240553,65.90342250153545,71.25672517874571,65.93427442452577,0.015656367349743183,0.006769481115832291,Tokyo
2026-03-31 08:00:00,71.25,71.25,70.91000366210938,70.91999816894531,22977,72.27995988431344,0.9909636038305081,0.8352759313781898,0.1556876724523183,0.4290666035509993,69.16957070588005,67.72086294050513,65.96986721236206,71.56279053494573,65.97920851900933,0.004674909309742459,0.006017689556274303,London
2026-04-01 04:00:00,69.25,69.25,69.25,69.25,0,53.90291255554088,0.874846026192202,0.8431899503409923,0.031656075851209664,0.5177045725077359,69.17723063865338,67.78082909970101,66.013312679748,71.57530263965619,66.1666964142989,-0.019816015508026363,0.008385794225420793,Tokyo
2026-04-01 08:00:00,68.69999694824219,69.73999786376953,68.69000244140625,69.7300033569336,21282,57.266044365781525,0.8121918268726489,0.8369903256473237,-0.02479849877467477,0.5557253474974178,69.22987565944197,67.857267305867,66.06254037083654,71.64019764565877,66.31180201864787,-0.005420014978032461,0.008423848269188223,London
2026-04-02 00:00:00,70.52999877929688,70.52999877929688,70.52999877929688,70.52999877929688,0,62.2140346205539,0.8176653303079888,0.8331253265794568,-0.01545999627146799,0.5731732099878366,69.35369690895196,67.96208030482504,66.12171200538569,71.74625858411221,66.54674068346591,0.00513040643787388,0.008413833042699383,Tokyo
2026-04-02 04:00:00,70.16000366210938,70.16000366210938,70.16000366210938,70.16000366210938,0,58.821790082030894,0.7831202842744744,0.8231243181184604,-0.04000403384398599,0.5586604890735268,69.43048802830029,68.04827337765971,66.17519931209726,71.73346948927207,66.875530144517,-0.00777818454934831,0.008541282841021205,Tokyo
2026-04-02 08:00:00,70.26000213623047,71.1500015258789,70.26000213623047,71.1500015258789,28027,64.41308137713602,0.8261048181469448,0.8237204181241574,0.002384400022787392,0.5894703015518129,69.59425121854586,68.1699097756291,66.24109073214736,71.81255536656629,67.21444429774034,0.00324313822436495,0.008900495127466539,London
2026-04-13 00:00:00,75.12000274658203,75.12000274658203,75.12000274658203,75.12000274658203,0,77.56734228254818,1.1670631136512952,0.8923889572295851,0.2746741564217101,0.8309367957769067,70.12051326883503,68.44246244115666,66.35869221578226,73.10502256201123,66.7019774074712,0.0847653826221233,0.014524853329036929,Tokyo
2026-04-13 04:00:00,75.58999633789062,75.58999633789062,75.58999633789062,75.58999633789062,0,78.57692932057165,1.4583881830693173,1.0055888023975315,0.4527993806717858,0.8051551383148844,70.64141641826889,68.7227578880874,66.4809611445519,74.23868932446788,66.33431024828602,0.0840383292534912,0.014502478018771891,Tokyo
2026-04-13 08:00:00,75.51000213623047,75.5199966430664,75.51000213623047,75.5199966430664,12167,78.01378040298766,1.6644304904841505,1.1373571400148554,0.527073350469295,0.7533579285538323,71.10604310634484,68.9893162706356,66.60068346903553,75.09030733011708,66.24669218160166,0.07075000638216755,0.014506733500416223,London
2026-04-13 12:00:00,75.83000183105469,75.83000183105469,75.83000183105469,75.83000183105469,21553,78.7404544922124,1.8316215384636791,1.2762100197046202,0.5554115187590589,0.721689875656293,71.55594393726959,69.25757844947556,66.72292609634704,75.88267860509663,66.20432090662212,0.08081524904491211,0.014505986375081072,London
2026-04-14 00:00:00,76.77999877929688,76.79000091552734,76.77999877929688,76.79000091552734,4431,80.85111833006906,2.0183196193917468,1.4246319396420457,0.593687679749701,0.7387119620003189,72.05442555424652,69.55296756579132,66.85626483567394,76.75173777780216,66.1972620085748,0.07926913940538771,0.01448092777834905,Tokyo
2026-04-14 04:00:00,76.95999908447266,76.95999908447266,76.93000030517578,76.94000244140625,7371,81.1657646295823,2.153558184925245,1.5704171886986855,0.5831409962265597,0.6980895482106755,72.51971859111887,69.8426552079723,66.98982427416047,77.52095972411833,66.25904058105745,0.024227897075083993,0.01450685729256687,Tokyo
2026-04-14 08:00:00,76.77999877929688,76.79000091552734,76.77999877929688,76.77999877929688,7050,79.66210370727883,2.2222085274977417,1.700775456458497,0.5214330710392447,0.6596548420605826,72.92545956142153,70.11470789704386,67.11949545965896,78.16140098052918,66.36059914154114,0.015742856185452014,0.01455953795937742,London
2026-04-14 12:00:00,76.76000213623047,76.76000213623047,76.73999786376953,76.73999786376953,33206,79.26674369768195,2.247479138502527,1.810116192867303,0.43736294563522393,0.6153938473082083,73.28874892354992,70.37452318985662,67.24691933256109,78.66664273315693,66.62335741943095,0.016154677899010927,0.014454318094357956,London
2026-04-15 04:00:00,76.91999816894531,76.91999816894531,76.91000366210938,76.91000366210938,0,79.72724641279298,2.255227468490631,1.8991384479919686,0.3560890204986622,0.5842943085844636,73.63363032722225,70.63081654170966,67.37490720447565,79.14169810421176,66.87730213992886,0.014242408083556146,0.014453916803841331,Tokyo
2026-04-15 08:00:00,77.33000183105469,77.33000183105469,77.22000122070312,77.25,8049,80.65275204289594,2.262719714455585,1.971854701284692,0.29086501317089297,0.57255887003881,73.97804648653442,70.89039236360341,67.50570313554219,79.64251460176685,67.0424860085847,0.005990351334657085,0.014302791965741999,London
2026-04-15 12:00:00,77.5199966430664,77.52999877929688,77.51000213623047,77.51000213623047,24919,81.35379423423407,2.263544639233345,2.030192688874423,0.2333519503589221,0.5516617207001003,74.31442321507691,71.14998490370644,67.6382104070745,80.11395512372792,67.2570455476588,0.007408365957075391,0.014279995391862654,London
2026-04-16 00:00:00,78.30000305175781,78.33000183105469,78.30000305175781,78.33000183105469,5364,83.39708746595383,2.3038086483844324,2.0849158807764248,0.2188927676080077,0.5708287188518231,74.69685927374147,71.43155419497499,67.77982353851795,80.61291968987835,67.58008110357868,0.02018758890858119,0.014032192495566332,Tokyo
2026-04-16 04:00:00,78.19000244140625,78.19000244140625,78.19000244140625,78.19000244140625,0,81.74996855607206,2.297932252409666,2.127519155103073,0.17041309730659293,0.5400551953372955,75.02953957542383,71.69659138110956,67.91770670279462,80.98353398965966,68.01146723104347,0.01889503020590122,0.014091021831908884,Tokyo
2026-04-16 08:00:00,77.87999725341797,77.87999725341797,77.87999725341797,77.87999725341797,0,78.07289873213324,2.2424112177476445,2.1504975676319873,0.09191365011565722,0.5236230519552231,75.30101173523279,71.93907788590596,68.0496575710148,81.25257295266077,68.45942808493687,0.01261206013680738,0.014232609346371869,London
2026-04-16 12:00:00,78.31999969482422,78.31999969482422,78.30999755859375,78.30999755859375,30022,79.45340573121337,2.207659306470944,2.161929915399779,0.04572939107116536,0.517650151201725,75.58758181364813,72.1889178730702,68.18555611389665,81.51766832300719,68.93333265355533,0.013721651243931987,0.014226436931101837,London
2026-04-17 00:00:00,78.30000305175781,78.30999755859375,78.30000305175781,78.30999755859375,3387,79.45340573121337,2.1552735149410864,2.1605986353080406,-0.005325120366954206,0.48138903374702585,75.84685950364296,72.42896021367896,68.31965467607807,81.44158387181953,69.91541686060235,0.010321189527994434,0.012592829970178342,Tokyo
2026-04-17 04:00:00,78.58000183105469,78.58999633789062,78.58000183105469,78.58999633789062,3015,80.38597449976959,2.1120050792995926,2.150879924106351,-0.038874844806758624,0.4670040155720151,76.10811063071417,72.67056947345198,68.45568569146631,81.29083455316037,70.95216547735721,0.003319219976487542,0.012604346996276135,Tokyo
2026-04-17 08:00:00,78.97000122070312,78.97000122070312,78.95999908447266,78.97000122070312,5177,81.60617393538101,2.084350653658973,2.1375740700168757,-0.05322341635790284,0.4607897918034783,76.38067163928454,72.91760601255987,68.5949481488072,81.13679006979702,71.9502102048612,0.009975684293927367,0.012540971684928442,London
2026-04-17 12:00:00,78.80000305175781,78.80000305175781,78.80000305175781,78.80000305175781,27042,79.23151206839539,2.025369689567029,2.1151331939269062,-0.08976350435987746,0.4400189615993236,76.61108415475819,73.14828824939116,68.73011443891251,80.55401148795576,73.39698872566728,0.01181312058019457,0.012417407430250955,London
2026-04-20 08:00:00,79.29000091552734,79.6500015258789,79.29000091552734,79.63999938964844,9912,82.01620846987309,2.023086651325954,2.096723885406716,-0.07363723408076162,0.46930321249373574,76.89955227236679,73.40286515685223,68.87461622633948,79.92925627196676,74.87074372803325,0.01698380631489038,0.012321889116163255,London
2026-04-21 08:00:00,79.88999938964844,80.5999984741211,79.88999938964844,80.55000305175781,16695,84.4488877785444,2.070835712344362,2.091546250794245,-0.02071053844988313,0.5043529176350872,77.24721425135641,73.68314507429952,69.02925711144437,80.33257572607761,75.01042430443997,0.028604336138409847,0.004907260660566511,London
2026-04-22 00:00:00,80.81999969482422,80.81999969482422,80.81999969482422,80.81999969482422,0,85.09318800457982,2.1061848717077396,2.094473974976944,0.011710896730795728,0.4876131837373242,77.58747953168668,73.96302172608479,69.18542588738318,80.75580336719557,75.11019699901536,0.028375155374049,0.004864461829692725,Tokyo
2026-04-22 04:00:00,80.83999633789062,80.83999633789062,80.83999633789062,80.83999633789062,8196,85.14228582816895,2.111473149040961,2.097873809789747,0.013599339251213927,0.45421200226083003,77.89724303703944,74.23270700497915,69.33979105891308,81.0666768489016,75.33132348679176,0.02367981623757731,0.004817061374437503,Tokyo
2026-04-22 08:00:00,81.05999755859375,81.08000183105469,79.75,79.75,20567,71.34766256670224,2.004602739381511,2.0792195957081,-0.07461685632658899,0.5167684186032485,78.07369608113092,74.44907143615643,69.47767462104669,81.11285849892444,75.67714165366344,0.012055798368665105,0.006126146032904778,London
2026-04-23 00:00:00,78.19999694824219,78.19999694824219,78.19999694824219,78.19999694824219,0,57.16423664367967,1.7743809186889479,2.01825186030427,-0.24387094161532197,0.5905708924000032,78.08572473514151,74.59616655427745,69.59320206908902,81.07921604257166,75.85178371328772,-0.018081396941766137,0.007435652323333642,Tokyo
2026-04-23 04:00:00,78.0199966430664,78.0199966430664,77.93000030517578,78.0199966430664,15508,55.77752548597932,1.5594278334748708,1.9264870549383901,-0.3670592214635193,0.5676727317333177,78.07946491684865,74.73043440089663,69.70481524225428,81.04360210611078,75.9953970699146,-0.031409141065652624,0.007465111277105037,Tokyo
2026-04-23 08:00:00,78.62000274658203,79.66000366210938,78.61000061035156,79.66000366210938,18271,64.2797606122042,1.504072810014577,1.8420042059536277,-0.33793139593905064,0.6442680379697213,78.2299924163973,74.92375084251282,69.83667204251726,81.09672854280589,76.23027112150075,-0.014352833916047802,0.008672871723660434,London
2026-04-24 00:00:00,78.80999755859375,78.83999633789062,78.80999755859375,78.83000183105469,0,58.18293563657336,1.3773520864784814,1.7490737820585986,-0.37172169558011725,0.658963614080143,78.28713617017418,75.07693715578898,69.95578899335882,81.02665899763345,76.50934106340172,-0.024863861923430486,0.009091015306677507,Tokyo
2026-04-24 08:00:00,78.9800033569336,79.33999633789062,78.97000122070312,79.33000183105469,11639,60.60689496355292,1.3022591881356362,1.6597108632740063,-0.35745167513837006,0.6483229635626998,78.38645670930566,75.24372400579941,70.07995075279851,80.98175398079756,76.79624589713212,-0.005266434720317403,0.009157903525448432,London
2026-04-27 00:00:00,80.20999908447266,80.23999786376953,80.20999908447266,80.23999786376953,0,64.62584028299469,1.301177436338449,1.588004177886895,-0.286826741548446,0.6670138970735673,78.56298443830222,75.4396563139551,70.21452091320872,81.06438821478893,77.0126114495177,0.026086969247294922,0.009403231077640191,Tokyo
2026-04-27 04:00:00,79.7300033569336,79.7300033569336,79.7300033569336,79.7300033569336,0,60.87733442218302,1.2448183546262328,1.5193670132347625,-0.2745486586085297,0.655798226342308,78.6741290972195,75.60790521760131,70.34055379325805,81.06291592944736,77.2360838569296,0.021917544058484006,0.009574069467744776,Tokyo
2026-04-27 08:00:00,80.44000244140625,80.44000244140625,79.8499984741211,79.8499984741211,15300,61.4439998584654,1.196048674831033,1.4547033455540166,-0.25865467072298354,0.6596697162087615,78.78611665692442,75.77426181589621,70.46650670293836,81.12253986338565,77.32845958729793,0.0023850715952462576,0.009331637699391717,London
2026-04-28 00:00:00,79.08999633789062,79.0999984741211,79.08999633789062,79.0999984741211,1,55.98569563547154,1.084379567585998,1.380638589960413,-0.29625902237441504,0.6668363176388834,78.81601016332411,75.90468286131679,70.58085758732489,81.10610786483502,77.43589118912004,0.0034250493060377085,0.009603017388051773,Tokyo
2026-04-28 08:00:00,79.87000274658203,79.88999938964844,79.52999877929688,79.55999755859375,10816,58.42513216476058,1.0212270080489816,1.3087562735781268,-0.28752926552914526,0.6756337889166305,78.88686610573075,76.04802853571981,70.69978659356686,81.0720177588219,77.63798132565076,0.002899227558684103,0.009607842750493875,London
2026-04-29 00:00:00,79.69000244140625,79.69000244140625,79.69000244140625,79.69000244140625,0,59.11481439172906,0.9704813522480578,1.2411012893121132,-0.2706199370640554,0.6366602956234784,78.96335528055698,76.19085104182517,70.81886230016076,81.07379703160483,77.77420254114908,-0.00685437982310344,0.00955253357243187,Tokyo
2026-04-29 04:00:00,79.52999877929688,79.52999877929688,79.52999877929688,79.52999877929688,0,57.84299950328207,0.9068999183640045,1.1742610151224915,-0.26736109675848696,0.6026133932296137,79.01732132805601,76.3217980119221,70.93424159127514,81.04937372171015,77.92062597311407,-0.002508523381610117,0.009572756093985389,Tokyo
2026-04-29 08:00:00,79.08999633789062,79.08999633789062,78.77999877929688,78.77999877929688,12256,52.17645661029967,0.7869213030034103,1.0967930726986752,-0.30987176969526486,0.613141007998927,78.99471918055514,76.41819804201523,71.03815890502378,81.03815945374193,77.95084048522291,-0.01340012166901916,0.009813558750885309,London
2026-04-30 00:00:00,80.18000030517578,80.20999908447266,80.18000030517578,80.20999908447266,5188,60.1853087736347,0.7980272976152065,1.0370399176819816,-0.23901262006677504,0.6714881006544167,79.11046012378539,76.5668961221116,71.1596402319039,81.11102887760947,78.00197084773234,0.014032877771985364,0.010558871306533258,Tokyo
2026-04-30 04:00:00,80.7300033569336,80.7300033569336,80.66999816894531,80.66999816894531,3390,62.368470536187964,0.8343293309286395,0.9964978003313132,-0.1621684694026737,0.6606678272120253,79.25898755665777,76.72780208473253,71.28560523769252,81.23754384207318,78.06245539498737,0.013951742639686238,0.010590453710988384,Tokyo
2026-04-30 08:00:00,81.69999694824219,82.16999816894531,81.62999725341797,82.16000366210938,25397,68.41071095185609,0.9721239054188686,0.9916230213488243,-0.01949911592995568,0.7206201252683093,79.53527480479603,76.94082959757084,71.42963700490334,81.72016293775616,77.83183672655048,0.030995120404460286,0.01107986138741245,London
2026-05-01 04:00:00,82.33000183105469,82.33000183105469,82.30999755859375,82.30999755859375,0,68.95116875267985,1.080969607597524,1.0094923385985641,0.07147726899895979,0.6812899855309524,79.79953411468153,77.15138520388547,71.57374774071381,82.09399095804882,77.63400815694142,0.034955347943756765,0.01083829959072395,Tokyo
2026-05-01 08:00:00,82.58999633789062,83.04000091552734,82.48999786376953,83.01000213623047,23110,71.40957955866854,1.2097696584310427,1.04954780256506,0.1602218558659827,0.6847695120597125,80.10529297387667,77.38113488750685,71.72522130886635,82.5837903772,77.36320898193087,0.05369387436504036,0.010954549662449208,London
2026-05-04 00:00:00,83.70999908447266,83.70999908447266,83.63999938964844,83.63999938964844,0,73.44728145965249,1.3471510215113653,1.1090684463543212,0.23808257515704412,0.6858571860727464,80.44193168014066,77.6265805542575,71.88303293907539,83.17995968230814,77.04703998199851,0.04276275207986857,0.011038013547979056,Tokyo
2026-05-04 04:00:00,83.20999908447266,83.23999786376953,83.19999694824219,83.19999694824219,2018,69.71032261664082,1.40433393433662,1.168121543950781,0.23621239038583886,0.6682961328822824,80.704604562817,77.84514590304121,72.03292650211073,83.64094244109485,76.93105691803602,0.03136232597896371,0.010579887140060248,Tokyo
2026-05-04 08:00:00,83.2300033569336,83.27999877929688,83.18000030517578,83.2300033569336,12060,69.82308417206615,1.435525229872141,1.221602281135053,0.21392294873708795,0.627703442970769,80.94511873368525,78.05631678358601,72.181232155817,83.98683239814075,77.08816760185924,0.013023364741129972,0.009282205109453151,London
2026-05-05 00:00:00,83.87999725341797,83.87999725341797,83.87999725341797,83.87999725341797,0,72.23439651567418,1.4954549576622753,1.2763728164404975,0.21908214122177783,0.6292956182217407,81.2246309736598,78.28469640985392,72.33618268691106,84.37369159939466,77.2873084616405,0.01907422842172468,0.009246022338088977,Tokyo
2026-05-05 04:00:00,83.58999633789062,83.58999633789062,83.58999633789062,83.58999633789062,4875,69.56363174504723,1.502232250188996,1.3215447031901972,0.18068754699879874,0.6050602823149981,81.44990386549131,78.49274738742399,72.48523982136112,84.72920375449627,77.32479557411702,0.00698703995583938,0.008428766755779032,Tokyo
2026-05-05 08:00:00,83.62999725341797,84.63999938964844,83.5999984741211,84.63999938964844,13012,73.3986786147812,1.5741835661243613,1.37207247577703,0.20211109034733132,0.6368419087037706,81.75372248683959,78.73381609339359,72.64623001431858,85.2011809428011,77.43381814167157,0.011956002000207633,0.008140406543721229,London
2026-05-06 00:00:00,84.0199966430664,84.05000305175781,84.0199966430664,84.05000305175781,7498,68.1987464734083,1.5655510309584884,1.4107681868133217,0.15478284414516663,0.6356391114093606,81.97241587397465,78.94229401332943,72.79727336580784,85.50176153938068,77.6052376671623,0.010216419888144923,0.008441287039311327,Tokyo
2026-05-06 04:00:00,83.41000366210938,83.45999908447266,83.41000366210938,83.41999816894531,2661,63.061252670473586,1.4906898115476679,1.4267525117601911,0.06393729978747675,0.6359505598550089,82.11028085444805,79.11789025472613,72.93797170757125,85.69402480845572,77.73097442860482,0.002282768284856518,0.008497233420817908,Tokyo
2026-05-06 08:00:00,82.80000305175781,83.69000244140625,82.80000305175781,83.69000244140625,19871,64.30240553691827,1.436588743299069,1.4287197580679667,0.007868985231102243,0.6540969048402537,82.26073052939645,79.29718877185086,73.0803827106684,85.8707155378999,77.95028360760791,-0.002265078901203421,0.008270707388219771,London
2026-05-07 00:00:00,82.98999786376953,83.0,82.95999908447266,82.9800033569336,0,58.715542499493274,1.321192381171457,1.4072142826886647,-0.08602190151720768,0.6595187942754922,82.32923270344762,79.44161287322665,73.2115035139302,85.93056925648142,78.20343037730765,-0.007297439977043352,0.008625478931050872,Tokyo
2026-05-07 04:00:00,83.30000305175781,83.30000305175781,83.30000305175781,83.30000305175781,0,60.38611268121475,1.2412528436936725,1.3740219948896661,-0.13276915119599364,0.6352674300289726,82.4216870223343,79.59292229199258,73.345126024365,85.91131747117016,78.64268262038256,-0.015831714881303638,0.008205986934981542,Tokyo
2026-05-07 08:00:00,82.66000366210938,82.66000366210938,82.36000061035156,82.37999725341797,21109,53.662884650030804,1.0910860444495682,1.3174348048016467,-0.2263487603520784,0.657034216555921,82.41771656815179,79.70221934930339,73.46479319296174,85.81986131519716,79.01613874583799,-0.019869193785887918,0.008712704147702586,London
2026-05-08 00:00:00,82.54000091552734,82.54000091552734,82.54000091552734,82.54000091552734,0,54.6094065586427,0.9737637896607794,1.2487006017734734,-0.27493681211269405,0.6215320340954533,82.42936269647326,79.81350490092001,73.58499461975069,85.71066869675754,79.41033121168972,-0.01054899631663575,0.008712773459764232,Tokyo
2026-05-08 04:00:00,83.26000213623047,83.26000213623047,83.26000213623047,83.26000213623047,5869,58.69788713954065,0.9281836157409202,1.1845972045669628,-0.2564135888260426,0.6285655474245727,82.50847121454538,79.94866165524591,73.71314041467096,85.56598256016429,79.92801768397635,-0.005138012816726101,0.008797216168414076,Tokyo
2026-05-08 08:00:00,83.12000274658203,84.31999969482422,83.08999633789062,84.2699966430664,13591,63.644788155847614,0.9624644245741933,1.1401706485684089,-0.17770622399421554,0.6715253909609313,82.6762355410712,80.11812577241535,73.85296632498084,85.21344984934805,80.82955018116954,0.01554583313987079,0.008596696792751973,London
2026-05-11 00:00:00,84.6500015258789,84.6500015258789,84.6500015258789,84.6500015258789,0,65.32746750183608,1.0086681324078342,1.113870145336294,-0.10520201292845988,0.6507024975217577,82.86421325391002,80.29584639019825,73.99597341373446,85.11201251827609,81.37498775638213,0.016206463681427197,0.007889286237158155,Tokyo
2026-05-11 08:00:00,84.37999725341797,86.0,84.37999725341797,85.9800033569336,19548,70.47775840095929,1.1394698372344578,1.1189900837159268,0.02047975351853104,0.7199382295974914,83.1609551684837,80.51875450654082,74.15470228715432,85.34659537496145,81.67140541849557,0.04370000271353813,0.008381860784433402,London
2026-05-12 00:00:00,87.3499984741211,87.36000061035156,87.3499984741211,87.3499984741211,8915,74.65417729735115,1.3382517539285743,1.1628424177584562,0.1754093361701181,0.7670853027275255,83.5599116737825,80.78664642683809,74.32947442208103,86.1801499079747,81.3568503666835,0.05827474564140567,0.008160831762054803,Tokyo
2026-05-12 04:00:00,86.73999786376953,86.81999969482422,86.7300033569336,86.80999755859375,2869,70.4251300245673,1.43566484350238,1.217406902907241,0.21825794059513903,0.7565788609032379,83.86944366281215,81.02285627514223,74.4947793642865,86.6585659988078,81.32843427585041,0.04263746494450915,0.008418183054819903,Tokyo
2026-05-12 08:00:00,86.66999816894531,87.77999877929688,86.66999816894531,87.77999877929688,23215,73.34600644254445,1.5730038020165438,1.2885262827291015,0.28447751928744225,0.7818232715781183,84.24187748342975,81.28784225569731,74.67074253534624,87.3429279565122,81.12107198245263,0.04165186040172064,0.00853410620116883,London
2026-05-13 04:00:00,87.08999633789062,87.08999633789062,87.05999755859375,87.05999755859375,0,67.97924477452482,1.6052435860724898,1.3518697433977793,0.2533738426747105,0.777407410801333,84.5102698715406,81.51420128718345,74.83483862836938,87.74435739502611,81.06164236083326,0.02847012391344217,0.008796656082722792,Tokyo
2026-05-13 08:00:00,86.80999755859375,88.37000274658203,86.80000305175781,88.31999969482422,20251,71.85973624100455,1.7127222928689463,1.424040253292013,0.2886820395769334,0.8340211453743963,84.8731012832819,81.78109534238506,75.0134500332231,88.37573692257504,80.94226310794252,0.02721558788706324,0.009034654237822886,London
2026-05-14 00:00:00,86.25,86.25,86.25,86.25,0,59.172698770524335,1.6122828733318357,1.4616887772999776,0.15059409603185814,0.922305327477955,85.0042344943979,81.95634650542878,75.16227850960425,88.52767777002136,81.09232192480287,-0.012592999351304979,0.010828858611561857,Tokyo
2026-05-14 04:00:00,84.58999633789062,84.58999633789062,84.58000183105469,84.58000183105469,11381,51.30316255369364,1.3819981992677128,1.4457506616935247,-0.0637524624258119,0.9757119590113377,84.9638313836033,82.05923494957098,75.28701656684201,88.53891704853139,81.1510831040565,-0.02568823626603478,0.01172010353597306,Tokyo
2026-05-14 08:00:00,83.73999786376953,83.73999786376953,83.30999755859375,83.30999755859375,25254,46.26414185265362,1.0845155844711059,1.373503646249041,-0.28898806177793523,0.996732838543452,84.80632340026906,82.1082844636503,75.39328121573939,88.54700069592609,81.11499957873211,-0.05092277606362172,0.012203638573990483,London
2026-05-15 00:00:00,81.88999938964844,81.88999938964844,81.86000061035156,81.88999938964844,0,41.37122665888306,0.7258098006037983,1.2439648771199925,-0.5181550765161942,1.0291088463790758,84.52857825640042,82.09972426466985,75.47933046307594,88.63587491808825,80.75112535656994,-0.05938431327735527,0.012387146745171817,Tokyo
2026-05-15 04:00:00,82.3499984741211,82.38999938964844,82.3499984741211,82.36000061035156,2541,43.50112494050485,0.47399414366296355,1.0899707304285866,-0.6159765867656231,0.9913153573519989,84.32204705201482,82.10993118018678,75.57046516701337,88.67980340066477,80.5381966298528,-0.06748187392511873,0.012424782294547227,Tokyo
2026-05-15 08:00:00,81.01000213623047,81.01000213623047,80.01000213623047,80.01000213623047,34818,36.38390150014459,0.08383676614508317,0.888743937571886,-0.8049071714268028,1.0883641514069344,83.9113761076544,82.02758102160026,75.62926698117519,88.97768616930232,79.89931425794377,-0.07234780131906704,0.013856508858748331,London
2026-05-15 12:00:00,80.33000183105469,80.33000183105469,80.33000183105469,80.33000183105469,0,37.8744530650816,-0.19727045444442126,0.6715410591686245,-0.8688115136130458,1.0334809759367405,83.57029284321634,81.96100928863768,75.69152836991533,89.16141599995349,79.37958436625745,-0.050248284558910394,0.013872895115136551,London
2026-05-18 04:00:00,81.70999908447266,81.70999908447266,81.70999908447266,81.70999908447266,0,43.97128188580041,-0.3051778070046254,0.47619728593397453,-0.7813750929385999,1.0582321386139713,83.39312200905027,81.95116575121945,75.77124321381675,89.20036739207379,79.21363254689106,-0.01920535975284099,0.014411779532705504,Tokyo
2026-05-18 08:00:00,81.20999908447266,82.8499984741211,81.20999908447266,82.83999633789062,21083,48.43382612348521,-0.2961005637862115,0.32173771598993733,-0.6178382797761488,1.0997869422592903,83.34044337370175,81.98602185265753,75.86486908300978,89.19914798636034,79.16885128121777,0.011600890894160498,0.014744266088248324,London
2026-05-19 00:00:00,83.79000091552734,83.79000091552734,83.79000091552734,83.79000091552734,0,51.902230892293,-0.20983055719349863,0.21542406135325015,-0.4252546185467488,1.0890882019291066,83.38325837768514,82.05676612963282,75.96983771655306,89.20205724992022,79.30694238386886,0.017362801051218568,0.014733217613049663,Tokyo
2026-05-19 04:00:00,83.08999633789062,83.12000274658203,83.08999633789062,83.12000274658203,1264,49.37964793987641,-0.1932960121470586,0.1336800466531884,-0.326976058800247,1.0612965144796505,83.35818641281817,82.09846168323868,76.06454188913622,89.19541450226853,79.371585314626,0.03887014782297182,0.01486239335304164,Tokyo
2026-05-19 08:00:00,82.54000091552734,82.5999984741211,81.7699966430664,81.7699966430664,11591,44.668687841926385,-0.28583158753760074,0.04977771981503056,-0.3356093073526313,1.0819186279822202,83.20693024427038,82.08558070127114,76.14011082627438,89.2302585197152,79.18774074786292,0.01792599003097539,0.015175774337478843,London
2026-05-20 04:00:00,81.23999786376953,81.23999786376953,81.23999786376953,81.23999786376953,0,42.9368185221303,-0.39735273483833566,-0.03964837111564269,-0.357704363722693,1.0424957816475526,83.01960335088934,82.05242058999657,76.20765899895643,89.25089935294699,78.86410003670144,-0.005752064936596524,0.014906615892398153,Tokyo
2026-05-20 08:00:00,81.5199966430664,81.5199966430664,81.5199966430664,81.5199966430664,14884,44.16838557402208,-0.4578625318413003,-0.12329120326077422,-0.3345713285805261,0.9880317100510757,82.87678366443001,82.03154121952873,76.27802108695789,89.20665019865248,78.59534870271472,-0.01593432826143737,0.014884819492014445,London
2026-05-21 00:00:00,80.26000213623047,80.26000213623047,80.26000213623047,80.26000213623047,0,39.9861467185307,-0.6005650681371861,-0.21874597623605663,-0.3818190919011295,1.0074576241071374,82.62756637603006,81.96206909861509,76.3307625578092,89.06353082550429,78.16646795379258,-0.04212911732577296,0.014587685799136026,Tokyo
2026-05-21 08:00:00,79.66999816894531,79.66999816894531,78.73999786376953,78.73999786376953,26269,35.6060657664365,-0.8267789052817136,-0.34035256204518805,-0.48642634323652556,1.0440680989895517,82.25732175581477,81.83571336391526,76.36267295921265,88.74979911511831,77.6191996031434,-0.05269495594419493,0.014248602087809757,London
2026-05-22 00:00:00,78.79000091552734,78.79000091552734,78.77999877929688,78.77999877929688,0,35.80535378896495,-0.9913990305205971,-0.4705618557402699,-0.5208371747803272,0.9730634527587131,81.92614813900354,81.71588141942043,76.39469051974356,88.40534226709846,77.16065657323358,-0.03656595311873556,0.01430238168862082,Tokyo
2026-05-22 04:00:00,78.37999725341797,78.4000015258789,78.37999725341797,78.4000015258789,1807,34.70649421980592,-1.13939008868104,-0.6043275023284239,-0.535062586352616,0.932130457981584,81.59032465203929,81.58584691379134,76.42125093042085,87.7428205246281,76.88517859036214,-0.0349581045367946,0.013801235037506734,Tokyo
2026-05-22 08:00:00,78.30999755859375,78.30999755859375,77.7699966430664,77.7699966430664,16718,32.90353885060617,-1.292609796254112,-0.7419839611135616,-0.5506258351405505,0.9105500597552209,81.22648388927996,81.43620572670409,76.4391151120453,87.15690686375244,76.54209215968505,-0.046000983248555505,0.013799630186161321,London
2026-05-22 12:00:00,77.33999633789062,77.33999633789062,77.33999633789062,77.33999633789062,0,31.6933533272872,-1.43222514936663,-0.8800321987641753,-0.5521929506024548,0.8762250772852609,80.85634221771906,81.27557006439768,76.45104731371212,86.02982428449054,76.57117440325361,-0.03638183055843347,0.01297345789079517,London
2026-05-26 00:00:00,78.5199966430664,78.5199966430664,78.5199966430664,78.5199966430664,4942,38.3900167761276,-1.4311576649323285,-0.9902572919978059,-0.44090037293452267,0.8979233078488695,80.63383311537119,81.16750836160038,76.47845061608767,85.18105619957491,76.64694215247586,-0.0027940211667741854,0.013189070766617392,Tokyo
2026-05-26 08:00:00,77.47000122070312,77.66999816894531,77.45999908447266,77.66999816894531,14005,35.67669771084854,-1.4818179737534791,-1.0885694283489404,-0.3932485454045387,0.9095000400449325,80.35156312047349,81.03035109914332,76.4942327028805,84.70265693142255,76.4343410544173,-0.014089878491382546,0.012812188388540277,London
2026-05-27 00:00:00,76.69999694824219,76.69999694824219,76.6500015258789,76.6500015258789,0,32.69080965728362,-1.5859895379605007,-1.1880534502712525,-0.39793608768924815,0.9173926545464663,79.99903344479782,80.8585726845055,76.49629586609902,84.51038360321812,75.96061477935024,-0.02232142813699234,0.012733801467514776,Tokyo
2026-05-27 04:00:00,76.41999816894531,76.41999816894531,76.4000015258789,76.4000015258789,3121,31.984246566837456,-1.6694745009379517,-1.2843376604045924,-0.3851368405333593,0.8697217506502901,79.65626850013886,80.68372675671623,76.49502044437425,84.48627782051231,75.43572077567909,-0.017615985294113345,0.012359287459645063,Tokyo
2026-05-27 08:00:00,75.97000122070312,76.45999908447266,75.97000122070312,76.45999908447266,20032,32.36207427481699,-1.7110714672468532,-1.3696844217730446,-0.3413870454738086,0.842598615873093,79.35186188912304,80.51809037741256,76.4945565853027,84.30070778358531,75.0312906600182,-0.011378294480043016,0.012214454235943625,London
2026-05-28 00:00:00,76.0,76.0,76.0,76.0,0,30.942844863819715,-1.760857376737448,-1.4479190127659254,-0.31293836397152264,0.8152700779159189,79.03263694730181,80.34091036261208,76.48800616695432,84.37627551051855,74.55472271946192,-0.032093692699984744,0.010704523715002447,Tokyo
2026-05-28 08:00:00,75.73999786376953,75.73999786376953,75.7300033569336,75.73999786376953,8610,30.138319181154486,-1.8005375916018806,-1.5184427285331166,-0.2820948630687641,0.776321975426668,78.71905227267969,80.160482421481,76.47809877221015,84.39919418676334,74.07280364648861,-0.024848723454038324,0.010593109189282105,London
2026-05-29 04:00:00,76.58999633789062,76.5999984741211,76.58999633789062,76.58999633789062,3926,35.99707512478318,-1.7433009860347113,-1.5634143800334357,-0.1798866060012756,0.7822990207784463,78.51628504079501,80.02046335937943,76.4795808591728,84.13441869251338,73.82557886608038,-0.0007828465335127932,0.010079165870376586,Tokyo
2026-05-29 08:00:00,76.19000244140625,76.19999694824219,76.06999969482422,76.08000183105469,14972,34.146751044798066,-1.7192741362235893,-1.5945863312714665,-0.12468780495212273,0.7635631366561577,78.28425806843879,79.86593545630788,76.47428842171428,83.61399932725858,73.66999878065157,-0.004188477597292017,0.009271488303674138,London
2026-06-01 00:00:00,77.23999786376953,77.23999786376953,77.23999786376953,77.23999786376953,0,41.51103026676792,-1.5883215175370538,-1.593333368524584,0.00501185098753032,0.791879772088921,78.18480471561314,79.76295751150246,76.48443026862891,82.68527009866479,73.94372770406959,0.01020139666016906,0.009633427752423504,Tokyo
2026-06-01 04:00:00,77.12999725341797,77.12999725341797,77.12999725341797,77.12999725341797,0,41.04231599805819,-1.4763977593629676,-1.569946246692261,0.09354848732929333,0.7431741176791097,78.08434686207075,79.65970416804818,76.49298082471884,81.77793316851391,74.25206408490406,0.014868384913394372,0.009603727862661867,Tokyo
2026-06-01 08:00:00,76.80000305175781,76.81999969482422,76.55000305175781,76.58999633789062,20454,38.73035640054314,-1.4149601556576954,-1.5389490284853478,0.12398887282765236,0.7315184093920415,77.94202776452978,79.53932346882632,76.49426579840323,81.12294206369062,74.38905515920978,0.011222583814300524,0.009174268448705713,London
2026-06-02 00:00:00,77.1500015258789,77.1500015258789,77.1500015258789,77.1500015258789,0,42.35678250404127,-1.3060276003720617,-1.4923647428626907,0.18633714249062905,0.7192674650060586,77.86659669418209,79.4456245691029,76.50295103982675,80.49804153855924,74.6049560505521,0.0073117275723282305,0.009433123888100458,Tokyo
2026-06-02 04:00:00,77.20999908447266,77.2300033569336,77.20999908447266,77.20999908447266,6083,42.747760368332074,-1.2010119458260249,-1.4340941834553576,0.23308223762933267,0.6736056340095321,77.80406358849548,79.35795298147035,76.51231591459027,79.61537487491118,75.05662295834078,0.01485275008177922,0.009362149377765142,Tokyo
2026-06-02 08:00:00,78.06999969482422,78.06999969482422,78.0199966430664,78.0199966430664,12022,47.886848959138426,-1.04043278792264,-1.355361904348814,0.31492911642617405,0.6869195608911057,77.82462864131176,79.30548410545451,76.53228519576214,79.07906634890576,75.36893093502978,0.01009837908945288,0.009288042932760728,London
2026-06-03 00:00:00,76.62000274658203,76.62000274658203,76.62000274658203,76.62000274658203,0,41.03138412763577,-1.0144465472572222,-1.2871788329304956,0.27273228567327346,0.7378534420049108,77.70990236562322,79.20017111098892,76.53344701762731,78.84627154817274,75.38972622404405,-0.0066121421625402466,0.00918862871084245,Tokyo
2026-06-03 04:00:00,76.54000091552734,76.54000091552734,76.5,76.5,3698,40.496222594982875,-0.9920991812523283,-1.2281629025948622,0.23606372134253384,0.693721249474705,77.5946735688972,79.09428204781288,76.53300401077132,78.56319304600761,75.4448048482795,-0.0011750403733352677,0.00917808152401967,Tokyo
2026-06-03 08:00:00,76.2300033569336,76.2300033569336,76.2300033569336,76.2300033569336,3545,39.255648413644955,-0.9848227813363764,-1.179494878343165,0.19467209700678856,0.6634552061598266,77.46470497728161,78.9819573932686,76.52899075707812,78.34372561310032,75.44727246429225,-0.01192479780621536,0.009157568297336703,London
2026-06-04 00:00:00,76.66999816894531,76.66999816894531,76.66999816894531,76.66999816894531,0,42.35481645119884,-0.9327995453290896,-1.1301558117403498,0.19735626641126025,0.6474937494349617,77.38901861458292,78.89129232564808,76.53085840491742,78.23130090959455,75.44969732038592,-0.006993924646165994,0.009149731660213038,Tokyo
2026-06-04 04:00:00,76.31999969482422,76.31999969482422,76.31999969482422,76.31999969482422,0,40.581169952073374,-0.9093305116882533,-1.0859907517299305,0.17666024004167724,0.6262440869125426,77.28720728889162,78.79045732051773,76.52806557432017,78.17798336833745,75.40101519733638,-0.02178924662121562,0.009125329796252642,Tokyo
2026-06-04 08:00:00,76.12999725341797,76.12999725341797,74.27999877929688,74.30000305175781,16327,32.200234794772854,-1.041719684645173,-1.077136538312979,0.03541685366780589,0.7272267175278856,77.00271164725983,78.61436107468401,76.49855481243192,78.13244340363593,75.02455580290703,-0.030279295375354343,0.010075071207002571,London
2026-06-05 04:00:00,73.58000183105469,73.58000183105469,73.58000183105469,73.58000183105469,5036,29.83506575836674,-1.1910079410675536,-1.099910818863894,-0.09109712220365962,0.7267106106118312,76.67673928381171,78.41693522199266,76.45989848155274,78.34394435459029,74.40405521816362,-0.03816991070516751,0.010029582785550382,Tokyo
2026-06-05 08:00:00,74.61000061035156,74.66999816894531,74.56999969482422,74.66999816894531,15045,37.33881387345867,-1.2074476598451866,-1.1214181870601525,-0.08602947278503414,0.752659591131745,76.48562108239587,78.26999651403003,76.43619119264405,78.38086418637718,74.16913505068337,-0.020464451256598126,0.010424706971826729,London
2026-06-05 12:00:00,77.27999877929688,77.27999877929688,77.27999877929688,77.27999877929688,0,50.88391178975518,-0.9983625172087898,-1.09680705308988,0.09844453588109014,0.8853268067903034,76.56127610114835,78.23117307345225,76.44736745206991,78.47210443984926,74.16589452255309,0.007956183969215713,0.013103276260972243,London
2026-06-08 00:00:00,77.91000366210938,77.91000366210938,77.91000366210938,77.91000366210938,6204,53.49699104351829,-0.7729152208766266,-1.0320286866472292,0.2591134657706027,0.8670895265061747,76.6897263450494,78.21857819457607,76.46674011710356,78.65919630752892,74.1238031126371,0.02083338539888624,0.013211711592553898,Tokyo
2026-06-08 08:00:00,77.88999938964844,77.88999938964844,77.79000091552734,77.79000091552734,20659,52.9194589005233,-0.5970474417582352,-0.9450324376694306,0.34798499591119536,0.8137261850830215,76.79451439938063,78.20177124245652,76.48426675019526,78.82369077533949,74.13830873637926,0.046971705523866314,0.013124804874398713,London
2026-06-09 00:00:00,73.58999633789062,73.58999633789062,73.58999633789062,73.58999633789062,0,37.61416957695097,-0.787498436485393,-0.9135256374326232,0.1260272009472302,1.0556032131225714,76.48932220304826,78.0209173246304,76.44593204274751,79.03498511328922,73.71201424584163,0.0001358318372821632,0.018249023627140402,Tokyo
2026-06-09 04:00:00,73.43000030517578,73.43000030517578,73.4000015258789,73.41999816894531,7285,37.14587843258235,-0.9412989451306828,-0.9190802989722352,-0.022218646158447597,0.9937740416146533,76.1970056283718,77.84048912244668,76.40585344839252,79.18220662150806,73.24779292072826,-0.01674032450317997,0.018006487017149995,Tokyo
2026-06-09 08:00:00,77.19999694824219,77.19999694824219,76.55000305175781,76.55000305175781,20718,49.590054558457275,-0.8013838664360406,-0.8955410124649963,0.09415714602895564,1.1927900943062406,76.23062443059904,77.78988182555693,76.40776271466225,79.2086481906169,73.26835147368975,-0.009446114635998537,0.02045035446813717,London
2026-06-10 00:00:00,75.87999725341797,75.87999725341797,75.87000274658203,75.87000274658203,0,47.3946696984415,-0.7368762494507024,-0.8638080598621376,0.1269318104114352,1.1561622522254937,76.19627950831169,77.71459244991085,76.40064006607841,79.1058908136229,73.23410933896498,-0.026184069049395742,0.020238895488291164,Tokyo
2026-06-10 04:00:00,75.55999755859375,75.56999969482422,75.55999755859375,75.56999969482422,2047,46.41831703020681,-0.7018705109334746,-0.8314205500764051,0.1295500391429305,1.0957224619228356,76.13663381178908,77.6304907732408,76.3896382068565,79.00328982979364,73.18071056693488,-0.028538387897871886,0.020250340649236667,Tokyo
2026-06-10 08:00:00,75.97000122070312,75.97000122070312,75.31999969482422,75.36000061035156,20008,45.708493267414916,-0.6831979019000443,-0.801776020441133,0.1185781185410888,1.063885252205412,76.0626687449855,77.54145194332357,76.37600062279684,78.94945168466272,73.11154913931189,0.02405224025741104,0.020206305674109255,London
2026-06-11 00:00:00,76.1500015258789,76.16000366210938,76.1500015258789,76.16000366210938,4613,48.91348106315591,-0.5969647265695102,-0.7608137616668085,0.1638490350972983,1.045036523602012,76.07193873709254,77.48727750092301,76.37313973590032,78.85321943317508,73.10878160442256,0.03731960721190819,0.02028844987887097,Tokyo
2026-06-11 04:00:00,76.4800033569336,76.54000091552734,76.4800033569336,76.5199966430664,3834,50.334298035503885,-0.4938827163445296,-0.7074275526023528,0.21354483625782317,0.9975337185888661,76.11461091861385,77.44934491826197,76.37508486049855,78.77277081499572,73.1202299784613,-0.00039198442188326243,0.02032207354730137,Tokyo
2026-06-11 08:00:00,76.08000183105469,76.12000274658203,75.8499984741211,75.8499984741211,25229,47.67662473317382,-0.46093931193775006,-0.6581299044694323,0.19719059253168225,0.9741383221857551,76.08940973342406,77.3866254498643,76.36813007392402,78.49036993946211,73.18563103710039,-0.0002636651079050978,0.020234702577736362,London
2026-06-12 00:00:00,76.51000213623047,76.5199966430664,76.51000213623047,76.51000213623047,0,50.45199640234173,-0.3772262179244308,-0.601949167160432,0.22472294923600122,0.9524140255257234,76.12946615273896,77.35224806501591,76.37000917408703,78.47849072219827,73.18651019332907,0.012438830821784874,0.019955607095422864,Tokyo
2026-06-12 08:00:00,76.58999633789062,76.58999633789062,76.2699966430664,76.27999877929688,17728,49.46726939369589,-0.3256880078639739,-0.5466969353011404,0.2210089274371665,0.9072415733327587,76.14380259336352,77.3101990734191,76.36881698342756,78.45761737199332,73.1853834214637,0.01220804354424243,0.019963908064837672,London
2026-06-15 08:00:00,76.5199966430664,76.76000213623047,76.5199966430664,76.76000213623047,17798,51.59080776539381,-0.24330665802857254,-0.48601887984662684,0.2427122218180543,0.8767245578756754,76.20248826411274,77.28862272294111,76.3739982437296,78.51191716981585,73.18408350157087,0.00787813084651412,0.019996655640427612,London
2026-06-16 00:00:00,76.8499984741211,76.8499984741211,76.8499984741211,76.8499984741211,0,51.99810454797374,-0.16881094492946147,-0.4225772928631938,0.2537663479337323,0.8205296850196003,76.26415590316115,77.271421772007,76.38030288254274,78.53379541405808,73.18020528784622,0.004312622131885435,0.01995762989187044,Tokyo
2026-06-16 08:00:00,77.72000122070312,77.83000183105469,77.72000122070312,77.83000183105469,7799,56.30895525153715,-0.03034468032515747,-0.34413077035558653,0.31378609003042907,0.8319206615848855,76.41328408677006,77.29332687236182,76.39950419311904,78.74597226778073,73.1190286477466,0.026104197716090072,0.02011617385521458,London
2026-06-17 04:00:00,78.4800033569336,78.52999877929688,78.4800033569336,78.5199966430664,4495,59.09437453916073,0.13352841432957518,-0.24859893341855419,0.3821273477481294,0.8224975392032642,76.6139233778459,77.3414315692522,76.42759018583358,79.07208462224641,73.21491565241179,0.026271003146190353,0.019075377830094477,Tokyo
2026-06-17 08:00:00,79.1500015258789,79.62999725341797,79.13999938964844,79.56999969482422,21678,62.96386053271647,0.3441582514291497,-0.13004749644901342,0.4742057478781631,0.8430334728567142,76.89545445565335,77.428826397706,76.46921150383346,79.49049272161919,73.39550733941597,0.04313058427080474,0.018975734239216505,London
2026-06-18 00:00:00,79.2699966430664,79.2699966430664,79.23999786376953,79.23999786376953,4909,61.01048741055125,0.47893466432697096,-0.008251064293816557,0.4871857286207875,0.8063883555851408,77.11874430404536,77.49985272970851,76.5059106609187,79.84207764828768,73.50092238222989,0.032308437448160365,0.018879604502111916,Tokyo
2026-06-18 08:00:00,79.66999816894531,79.68000030517578,79.2300033569336,79.26000213623047,16546,61.08929246656906,0.5806665575420595,0.10953246007335866,0.4711340974687009,0.7809318264892154,77.32267362139632,77.56887819663093,76.5423886937043,80.13857706131652,73.40242330489441,0.03135984007756276,0.017375812696192774,London
2026-06-22 00:00:00,80.27999877929688,80.29000091552734,80.2699966430664,80.29000091552734,0,65.01068525123554,0.7359188943634223,0.2348097469313714,0.5011091474320508,0.798722323118334,77.60527622083737,77.67558889148962,76.59202594167547,80.57985509085083,73.19914500070192,0.03160733684437744,0.017507850053830765,Tokyo
2026-06-22 04:00:00,80.12999725341797,80.12999725341797,80.12999725341797,80.12999725341797,0,63.93279924490196,0.8364049755866603,0.35512879266242925,0.481276182924231,0.7530995616176941,77.8457258429879,77.77184019980054,76.63888648885087,80.95631832344519,73.0566814018966,0.020504338756791363,0.017512294183724998,Tokyo
2026-06-22 08:00:00,80.11000061035156,80.11000061035156,79.4800033569336,79.48999786376953,20750,59.67106650932168,0.8545476238028726,0.45501255889051795,0.3995350649123547,0.7457348712510284,78.00232317830044,77.8392189317209,76.67664955341932,81.05326662409789,73.54973325383179,-0.0010054270624798578,0.01160102039674581,London
2026-06-23 08:00:00,78.36000061035156,78.58000183105469,78.36000061035156,78.58000183105469,8485,54.14443003087351,0.7864312387550996,0.5212962948634343,0.26513494389166525,0.7731821842629527,78.05734019284847,77.8682692414987,76.70185951736153,80.87126725064984,74.2477329934908,-0.008329076861530393,0.012032939424102555,London
2026-06-24 00:00:00,78.22000122070312,78.22000122070312,78.22000122070312,78.22000122070312,0,52.08905079827349,0.6953835238462602,0.5561137406599995,0.1392697831862607,0.7436692146978534,78.07283171931083,77.88206265244789,76.72196735449188,80.9317300641908,74.35426999684437,-0.01312138389473938,0.008067548463038782,Tokyo
2026-06-24 08:00:00,77.79000091552734,77.79000091552734,76.8499984741211,76.87999725341797,18810,45.20956420063041,0.5092303421388493,0.5467370609557695,-0.03750671881692014,0.7884073241181518,77.95922843684484,77.84276597013299,76.72406046573595,80.89752483254526,74.4894746791735,-0.042471087597782176,0.008796336840893038,London
2026-06-25 00:00:00,76.62000274658203,76.62999725341797,76.62000274658203,76.62999725341797,0,44.04091405550007,0.3376376175288982,0.5049171722703952,-0.16727955474149703,0.7506635514551365,77.83263499080418,77.79520641261475,76.72281459537412,80.83563320706858,74.65736606050953,-0.04367902308708371,0.00877823139173361,Tokyo
2026-06-25 04:00:00,76.93000030517578,76.93000030517578,76.93000030517578,76.93000030517578,924,45.84985410892918,0.22328301841598375,0.44859034149951293,-0.2253073230835292,0.7184735157624704,77.7466697826491,77.76127676134264,76.7255587769609,80.73328517687244,74.9167140601881,-0.032205278995995124,0.008766132447641423,Tokyo
2026-06-25 08:00:00,77.04000091552734,77.04000091552734,76.55999755859375,76.56999969482422,10938,44.011285403039984,0.10242642605257402,0.37935755841012514,-0.2769311323575511,0.7014399329889792,77.63460596476101,77.71456001363605,76.72349839176704,80.70981716416736,74.98118167616468,-0.0255790543318124,0.008554361872176616,London
2026-06-26 08:00:00,75.76000213623047,76.5,75.76000213623047,76.48999786376953,20108,43.59293576594273,0.00018904749508408258,0.303523856227117,-0.3033348087320329,0.7091940491036057,77.52559566942848,77.66653796854325,76.7204056695419,80.71126972232676,74.97672924007557,-0.02211714817099364,0.008493508131767462,London
2026-06-29 04:00:00,77.1500015258789,77.1500015258789,77.1500015258789,77.1500015258789,0,47.98561893789281,-0.027263752374508954,0.2373663345067918,-0.26463008688130074,0.7056804500325892,77.48982479861425,77.64628163745839,76.72609568088411,80.64172436883733,75.1762748987408,0.0035120223999349776,0.008437685023826011,Tokyo
2026-06-29 08:00:00,76.91000366210938,76.94999694824219,76.62999725341797,76.63999938964844,8582,45.06518191662829,-0.08914558932350758,0.17206394974073194,-0.2612095390642395,0.6924178659203283,77.40888904537941,77.60681958852466,76.72495533265584,80.63479890025366,75.19620009266626,0.0001305250761969301,0.00838519991697196,London
2026-06-30 04:00:00,76.97000122070312,76.97000122070312,76.97000122070312,76.97000122070312,0,47.30016893591065,-0.1102876734663738,0.11559362509931079,-0.2258812985656846,0.6665310062870683,77.36709020493404,77.58184631919832,76.72820097355714,80.5985184956092,75.30148074145134,0.0005199651029332841,0.00840239996195948,Tokyo
2026-06-30 08:00:00,76.79000091552734,76.80000305175781,76.73999786376953,76.73999786376953,11254,45.89855365653732,-0.1439429909580099,0.06368630188784666,-0.20762929284585654,0.6353504599046772,77.30736712482314,77.54883265427954,76.72835722375862,80.59942492707907,75.29857388273538,0.002220166770574128,0.00831948817304782,London
2026-07-01 00:00:00,77.45999908447266,77.45999908447266,77.45999908447266,77.45999908447266,0,50.81223472852729,-0.1112347464186314,0.028702092226551047,-0.13993683864518244,0.6413969428188521,77.32190350193261,77.54534898487535,76.73804784443033,80.59041988659217,75.36857898425743,0.012681412574108375,0.008577137054136486,Tokyo
2026-07-01 04:00:00,77.26000213623047,77.26000213623047,77.25,77.25,4410,49.402883497564964,-0.10109306018283348,0.00274306174467414,-0.10383612192750763,0.6105828100798381,77.3150555493676,77.53376667174298,76.74482866768291,80.58122073372579,75.31977795401835,0.0012961564762581368,0.008094534297041139,Tokyo
2026-07-01 08:00:00,77.55000305175781,77.9800033569336,77.55000305175781,77.9800033569336,18886,54.16242101032994,-0.033761350924365274,-0.004557820789133743,-0.029203530135231533,0.6191128491408205,77.37838391199293,77.5512661495936,76.76118859734187,80.54066025718444,75.3063391019464,0.017484394284404736,0.008130138836622731,London
